"Source","SourceRevision","SourcePath","DestinationPath","SHA256","Bytes","Status"
"openpreserve-format-corpus","366f068cec399d0cdfd61fa473de3ab6dc858098","sources/openpreserve-format-corpus/extracted/format-corpus-366f068cec399d0cdfd61fa473de3ab6dc858098/desktop-publishing/InDesign/Neddy_Flyer_HeatherRyan.pdf","corpus/conformance/preservation/openpreserve-format-corpus/desktop-publishing/InDesign/Neddy_Flyer_HeatherRyan.pdf","6A3C9444D4905C8896A717BE7C30EE7D20B3C319EB2D3D469393A0F0E3529243","59106","added"
"openpreserve-format-corpus","366f068cec399d0cdfd61fa473de3ab6dc858098","sources/openpreserve-format-corpus/extracted/format-corpus-366f068cec399d0cdfd61fa473de3ab6dc858098/ebooks/calibre 0.8.57/Lorem Ipsum - Andrew Jackson.pdf","corpus/conformance/preservation/openpreserve-format-corpus/ebooks/calibre 0.8.57/Lorem Ipsum - Andrew Jackson.pdf","DE27B8FEDA2AB31DF801C4894732389A5255F39A1C6A979C418F0D134161B151","41814","added"
"openpreserve-format-corpus","366f068cec399d0cdfd61fa473de3ab6dc858098","sources/openpreserve-format-corpus/extracted/format-corpus-366f068cec399d0cdfd61fa473de3ab6dc858098/ebooks/calibre 0.9.0/lorem-ipsum.pdf","corpus/conformance/preservation/openpreserve-format-corpus/ebooks/calibre 0.9.0/lorem-ipsum.pdf","ED5F14EFAADA2CB0EB76CC3529E08859667B2319ADB38C0BE601AE044B7DCCB0","43433","added"
"openpreserve-format-corpus","366f068cec399d0cdfd61fa473de3ab6dc858098","sources/openpreserve-format-corpus/extracted/format-corpus-366f068cec399d0cdfd61fa473de3ab6dc858098/ebooks/iBooks Author 1.1 (190)/lorem-ipsum-openprintcopypw.pdf","corpus/conformance/preservation/openpreserve-format-corpus/ebooks/iBooks Author 1.1 (190)/lorem-ipsum-openprintcopypw.pdf","964EF0FED1D9757E6B06F6197503B3E06223435D1A943E8A44AB5A1FD921716A","32582","added"
"openpreserve-format-corpus","366f068cec399d0cdfd61fa473de3ab6dc858098","sources/openpreserve-format-corpus/extracted/format-corpus-366f068cec399d0cdfd61fa473de3ab6dc858098/ebooks/iBooks Author 1.1 (190)/lorem-ipsum-plus-image-openprintcopypw.pdf","corpus/conformance/preservation/openpreserve-format-corpus/ebooks/iBooks Author 1.1 (190)/lorem-ipsum-plus-image-openprintcopypw.pdf","5133A751297B9BFF66CFF73CAA9BF26B29859BC6E13F6DD06CAD8657443092EA","66644","added"
"openpreserve-format-corpus","366f068cec399d0cdfd61fa473de3ab6dc858098","sources/openpreserve-format-corpus/extracted/format-corpus-366f068cec399d0cdfd61fa473de3ab6dc858098/ebooks/iBooks Author 1.1 (190)/lorem-ipsum-plus-image.pdf","corpus/conformance/preservation/openpreserve-format-corpus/ebooks/iBooks Author 1.1 (190)/lorem-ipsum-plus-image.pdf","90A0FFCFEFF4FA3F94A265FD5E9FDC02441A7B35995B5CE0D2FFFE735634089B","66370","added"
"openpreserve-format-corpus","366f068cec399d0cdfd61fa473de3ab6dc858098","sources/openpreserve-format-corpus/extracted/format-corpus-366f068cec399d0cdfd61fa473de3ab6dc858098/ebooks/iBooks Author 1.1 (190)/lorem-ipsum.pdf","corpus/conformance/preservation/openpreserve-format-corpus/ebooks/iBooks Author 1.1 (190)/lorem-ipsum.pdf","DE13A09C609012FF67EDAF241C977D282552DC5C50FD46EDAFA608CB16545B87","32474","added"
"openpreserve-format-corpus","366f068cec399d0cdfd61fa473de3ab6dc858098","sources/openpreserve-format-corpus/extracted/format-corpus-366f068cec399d0cdfd61fa473de3ab6dc858098/ebooks/iBooks Author 2.0 (327)/lorem-ipsum-plus-image-updated-opencopyprintpw.pdf","corpus/conformance/preservation/openpreserve-format-corpus/ebooks/iBooks Author 2.0 (327)/lorem-ipsum-plus-image-updated-opencopyprintpw.pdf","2EB1873D43589E63A5212B275BEC83A1E8D3E7A8B55DFC03AA9683E8983B1D68","58296","added"
"openpreserve-format-corpus","366f068cec399d0cdfd61fa473de3ab6dc858098","sources/openpreserve-format-corpus/extracted/format-corpus-366f068cec399d0cdfd61fa473de3ab6dc858098/ebooks/iBooks Author 2.0 (327)/lorem-ipsum-plus-image-updated.pdf","corpus/conformance/preservation/openpreserve-format-corpus/ebooks/iBooks Author 2.0 (327)/lorem-ipsum-plus-image-updated.pdf","31047B45155C889BB65D618E919B5071859F5EBA90FC7E4CDFB8C364AFAF4B91","58049","added"
"openpreserve-format-corpus","366f068cec399d0cdfd61fa473de3ab6dc858098","sources/openpreserve-format-corpus/extracted/format-corpus-366f068cec399d0cdfd61fa473de3ab6dc858098/fully-featured-pdf/PDF-Sample-Document-Fully-Featured-Layout_Redacted.pdf","corpus/conformance/preservation/openpreserve-format-corpus/fully-featured-pdf/PDF-Sample-Document-Fully-Featured-Layout_Redacted.pdf","0C5A2726B6821FE94A3AB7DA92AB2655E41BF90FFF9AF91F55A48CE6308C061F","22724407","added"
"openpreserve-format-corpus","366f068cec399d0cdfd61fa473de3ab6dc858098","sources/openpreserve-format-corpus/extracted/format-corpus-366f068cec399d0cdfd61fa473de3ab6dc858098/govdocs1-error-pdfs/error_set_1/008677.pdf","corpus/conformance/preservation/openpreserve-format-corpus/govdocs1-error-pdfs/error_set_1/008677.pdf","4C8252454A8843BA39908ECC88646179214D567F2F1FA03696754E8392C218B4","2204415","excluded-license"
"openpreserve-format-corpus","366f068cec399d0cdfd61fa473de3ab6dc858098","sources/openpreserve-format-corpus/extracted/format-corpus-366f068cec399d0cdfd61fa473de3ab6dc858098/govdocs1-error-pdfs/error_set_1/032270.pdf","corpus/conformance/preservation/openpreserve-format-corpus/govdocs1-error-pdfs/error_set_1/032270.pdf","7F310F196E2878F49C738BA8435D1F98A4BC4499EA133A50CB82F423C86E11F0","21492","excluded-license"
"openpreserve-format-corpus","366f068cec399d0cdfd61fa473de3ab6dc858098","sources/openpreserve-format-corpus/extracted/format-corpus-366f068cec399d0cdfd61fa473de3ab6dc858098/govdocs1-error-pdfs/error_set_1/125619.pdf","corpus/conformance/preservation/openpreserve-format-corpus/govdocs1-error-pdfs/error_set_1/125619.pdf","4F0207451F4930FEFB04BBA1FEBD2A22FF9FBE73002AB6DCEAC87AD2D52A964B","141832","excluded-license"
"openpreserve-format-corpus","366f068cec399d0cdfd61fa473de3ab6dc858098","sources/openpreserve-format-corpus/extracted/format-corpus-366f068cec399d0cdfd61fa473de3ab6dc858098/govdocs1-error-pdfs/error_set_1/137036.pdf","corpus/conformance/preservation/openpreserve-format-corpus/govdocs1-error-pdfs/error_set_1/137036.pdf","418DA7ABF2BEB9BA786DA8CD407E511587FA491808EE32B8DC3BD7C0F2FEABEC","258019","excluded-license"
"openpreserve-format-corpus","366f068cec399d0cdfd61fa473de3ab6dc858098","sources/openpreserve-format-corpus/extracted/format-corpus-366f068cec399d0cdfd61fa473de3ab6dc858098/govdocs1-error-pdfs/error_set_1/160721.pdf","corpus/conformance/preservation/openpreserve-format-corpus/govdocs1-error-pdfs/error_set_1/160721.pdf","3B2F07BF64165AB7D4F28270F29363485D7867BE1A7B9F3E32784B751B2653CA","37382","excluded-license"
"openpreserve-format-corpus","366f068cec399d0cdfd61fa473de3ab6dc858098","sources/openpreserve-format-corpus/extracted/format-corpus-366f068cec399d0cdfd61fa473de3ab6dc858098/govdocs1-error-pdfs/error_set_1/176446.pdf","corpus/conformance/preservation/openpreserve-format-corpus/govdocs1-error-pdfs/error_set_1/176446.pdf","47782998DBC908DAADF2FB6B1783D19BA3E2E3DD87A6BC4EE9330DED8A794BED","130843","excluded-license"
"openpreserve-format-corpus","366f068cec399d0cdfd61fa473de3ab6dc858098","sources/openpreserve-format-corpus/extracted/format-corpus-366f068cec399d0cdfd61fa473de3ab6dc858098/govdocs1-error-pdfs/error_set_1/195981.pdf","corpus/conformance/preservation/openpreserve-format-corpus/govdocs1-error-pdfs/error_set_1/195981.pdf","F00B5DAADB48CD22B6E67DBC46C3A65209BD3402466708DD4A37FC846D62E9A7","421140","excluded-license"
"openpreserve-format-corpus","366f068cec399d0cdfd61fa473de3ab6dc858098","sources/openpreserve-format-corpus/extracted/format-corpus-366f068cec399d0cdfd61fa473de3ab6dc858098/govdocs1-error-pdfs/error_set_1/225188.pdf","corpus/conformance/preservation/openpreserve-format-corpus/govdocs1-error-pdfs/error_set_1/225188.pdf","BB2255F91DAC9C829CDF495D077C1E8239C775E6FB6B93C7979F96D795809B13","55969","excluded-license"
"openpreserve-format-corpus","366f068cec399d0cdfd61fa473de3ab6dc858098","sources/openpreserve-format-corpus/extracted/format-corpus-366f068cec399d0cdfd61fa473de3ab6dc858098/govdocs1-error-pdfs/error_set_1/225189.pdf","corpus/conformance/preservation/openpreserve-format-corpus/govdocs1-error-pdfs/error_set_1/225189.pdf","F5E62554A2B8AFFC18F651F8B6FB013E645A864C22F44401F8855293AF93C877","65131","excluded-license"
"openpreserve-format-corpus","366f068cec399d0cdfd61fa473de3ab6dc858098","sources/openpreserve-format-corpus/extracted/format-corpus-366f068cec399d0cdfd61fa473de3ab6dc858098/govdocs1-error-pdfs/error_set_1/275884.pdf","corpus/conformance/preservation/openpreserve-format-corpus/govdocs1-error-pdfs/error_set_1/275884.pdf","780DB74D53D008F5534C590A7041B6B094654652DA213E55E9FD2FA1CD663780","461045","excluded-license"
"openpreserve-format-corpus","366f068cec399d0cdfd61fa473de3ab6dc858098","sources/openpreserve-format-corpus/extracted/format-corpus-366f068cec399d0cdfd61fa473de3ab6dc858098/govdocs1-error-pdfs/error_set_1/316267.pdf","corpus/conformance/preservation/openpreserve-format-corpus/govdocs1-error-pdfs/error_set_1/316267.pdf","1EA4D432DFB37B96EC7DF4798E059D05D24C5836258C1E1D8E6E64D92662DF59","2237950","excluded-license"
"openpreserve-format-corpus","366f068cec399d0cdfd61fa473de3ab6dc858098","sources/openpreserve-format-corpus/extracted/format-corpus-366f068cec399d0cdfd61fa473de3ab6dc858098/govdocs1-error-pdfs/error_set_1/421197.pdf","corpus/conformance/preservation/openpreserve-format-corpus/govdocs1-error-pdfs/error_set_1/421197.pdf","BC296BE8C9618253D363F1540B34F77FC9206AB153AEE1326367090669E128B6","190238","excluded-license"
"openpreserve-format-corpus","366f068cec399d0cdfd61fa473de3ab6dc858098","sources/openpreserve-format-corpus/extracted/format-corpus-366f068cec399d0cdfd61fa473de3ab6dc858098/govdocs1-error-pdfs/error_set_1/427330.pdf","corpus/conformance/preservation/openpreserve-format-corpus/govdocs1-error-pdfs/error_set_1/427330.pdf","5ECB9B137706E2C5706F851A08BC89CDF4F40DD2C5BA92CB9F5555916D11F795","23748","excluded-license"
"openpreserve-format-corpus","366f068cec399d0cdfd61fa473de3ab6dc858098","sources/openpreserve-format-corpus/extracted/format-corpus-366f068cec399d0cdfd61fa473de3ab6dc858098/govdocs1-error-pdfs/error_set_1/436840.pdf","corpus/conformance/preservation/openpreserve-format-corpus/govdocs1-error-pdfs/error_set_1/436840.pdf","C08BBA969F4530454B47669F36321DDC760261CE34C7CAC2D7EF52D6C5B0511C","973787","excluded-license"
"openpreserve-format-corpus","366f068cec399d0cdfd61fa473de3ab6dc858098","sources/openpreserve-format-corpus/extracted/format-corpus-366f068cec399d0cdfd61fa473de3ab6dc858098/govdocs1-error-pdfs/error_set_1/436857.pdf","corpus/conformance/preservation/openpreserve-format-corpus/govdocs1-error-pdfs/error_set_1/436857.pdf","8034684B7419E422759DD62597EDB72732E922EA5B5E3EA599AFBAE4B87DEB04","74523","excluded-license"
"openpreserve-format-corpus","366f068cec399d0cdfd61fa473de3ab6dc858098","sources/openpreserve-format-corpus/extracted/format-corpus-366f068cec399d0cdfd61fa473de3ab6dc858098/govdocs1-error-pdfs/error_set_1/447403.pdf","corpus/conformance/preservation/openpreserve-format-corpus/govdocs1-error-pdfs/error_set_1/447403.pdf","42D13EDDCE610AA04CCD67B5B8630E4815256F65C70E03509DE003D6FB279557","7231715","excluded-license"
"openpreserve-format-corpus","366f068cec399d0cdfd61fa473de3ab6dc858098","sources/openpreserve-format-corpus/extracted/format-corpus-366f068cec399d0cdfd61fa473de3ab6dc858098/govdocs1-error-pdfs/error_set_1/459011.pdf","corpus/conformance/preservation/openpreserve-format-corpus/govdocs1-error-pdfs/error_set_1/459011.pdf","E664C5B6B8BA38F8421542B6B34F6FDBE2E23153137A068533AF674EE7E77BC7","694377","excluded-license"
"openpreserve-format-corpus","366f068cec399d0cdfd61fa473de3ab6dc858098","sources/openpreserve-format-corpus/extracted/format-corpus-366f068cec399d0cdfd61fa473de3ab6dc858098/govdocs1-error-pdfs/error_set_1/486832.pdf","corpus/conformance/preservation/openpreserve-format-corpus/govdocs1-error-pdfs/error_set_1/486832.pdf","297D8456799818A02E8834D88B6811600CA8F4537AE233C2FD916D42D64F0A24","970731","excluded-license"
"openpreserve-format-corpus","366f068cec399d0cdfd61fa473de3ab6dc858098","sources/openpreserve-format-corpus/extracted/format-corpus-366f068cec399d0cdfd61fa473de3ab6dc858098/govdocs1-error-pdfs/error_set_1/495712.pdf","corpus/conformance/preservation/openpreserve-format-corpus/govdocs1-error-pdfs/error_set_1/495712.pdf","24137E453E0F606758956404CCEE8AC8D55B265DBF740396F4CD0D48DDA2E26A","426821","excluded-license"
"openpreserve-format-corpus","366f068cec399d0cdfd61fa473de3ab6dc858098","sources/openpreserve-format-corpus/extracted/format-corpus-366f068cec399d0cdfd61fa473de3ab6dc858098/govdocs1-error-pdfs/error_set_1/499039.pdf","corpus/conformance/preservation/openpreserve-format-corpus/govdocs1-error-pdfs/error_set_1/499039.pdf","5E1B42BF4F63D50388ECDC4A91C34FFD49473F0A1330ECFE158B69CE3ED346A5","5632355","excluded-license"
"openpreserve-format-corpus","366f068cec399d0cdfd61fa473de3ab6dc858098","sources/openpreserve-format-corpus/extracted/format-corpus-366f068cec399d0cdfd61fa473de3ab6dc858098/govdocs1-error-pdfs/error_set_1/503492.pdf","corpus/conformance/preservation/openpreserve-format-corpus/govdocs1-error-pdfs/error_set_1/503492.pdf","BB0C6029F12D61D75F66DC5AD8D76E9C996DC3BF6BD0372E4E60ACB71AB88FF4","36844","excluded-license"
"openpreserve-format-corpus","366f068cec399d0cdfd61fa473de3ab6dc858098","sources/openpreserve-format-corpus/extracted/format-corpus-366f068cec399d0cdfd61fa473de3ab6dc858098/govdocs1-error-pdfs/error_set_2/020747.pdf","corpus/conformance/preservation/openpreserve-format-corpus/govdocs1-error-pdfs/error_set_2/020747.pdf","43C1918B7EC768777B671FDFCC50EA42771D853BED6CEF79392CA3E0A50550EF","871599","excluded-license"
"openpreserve-format-corpus","366f068cec399d0cdfd61fa473de3ab6dc858098","sources/openpreserve-format-corpus/extracted/format-corpus-366f068cec399d0cdfd61fa473de3ab6dc858098/govdocs1-error-pdfs/error_set_2/020806.pdf","corpus/conformance/preservation/openpreserve-format-corpus/govdocs1-error-pdfs/error_set_2/020806.pdf","BDF810F5ED632BBCCCE85B3A7B07E5DB2B29D5BFA79C2D57044F8A534006CF17","479562","excluded-license"
"openpreserve-format-corpus","366f068cec399d0cdfd61fa473de3ab6dc858098","sources/openpreserve-format-corpus/extracted/format-corpus-366f068cec399d0cdfd61fa473de3ab6dc858098/govdocs1-error-pdfs/error_set_2/027613.pdf","corpus/conformance/preservation/openpreserve-format-corpus/govdocs1-error-pdfs/error_set_2/027613.pdf","68B2C6CE8B10BBDF33CCF700976D8731E2561DC588674F57A9A196A3AE683F55","1651568","excluded-license"
"openpreserve-format-corpus","366f068cec399d0cdfd61fa473de3ab6dc858098","sources/openpreserve-format-corpus/extracted/format-corpus-366f068cec399d0cdfd61fa473de3ab6dc858098/govdocs1-error-pdfs/error_set_2/029016.pdf","corpus/conformance/preservation/openpreserve-format-corpus/govdocs1-error-pdfs/error_set_2/029016.pdf","223D793444E3AA7EE2A95A93D2E9FCAE2CA153DED0F0805ABBDDDB523134CB87","4283321","excluded-license"
"openpreserve-format-corpus","366f068cec399d0cdfd61fa473de3ab6dc858098","sources/openpreserve-format-corpus/extracted/format-corpus-366f068cec399d0cdfd61fa473de3ab6dc858098/govdocs1-error-pdfs/error_set_2/033689.pdf","corpus/conformance/preservation/openpreserve-format-corpus/govdocs1-error-pdfs/error_set_2/033689.pdf","C4CDAD752B3EE8E6BC65C384793D74F4DB64EF27EB52BF9944E83D86E501306F","43028","excluded-license"
"openpreserve-format-corpus","366f068cec399d0cdfd61fa473de3ab6dc858098","sources/openpreserve-format-corpus/extracted/format-corpus-366f068cec399d0cdfd61fa473de3ab6dc858098/govdocs1-error-pdfs/error_set_2/040669.pdf","corpus/conformance/preservation/openpreserve-format-corpus/govdocs1-error-pdfs/error_set_2/040669.pdf","01057C30D1C0A752557E40399981618B0A0B61D34655649A8178F412D372B360","89762","excluded-license"
"openpreserve-format-corpus","366f068cec399d0cdfd61fa473de3ab6dc858098","sources/openpreserve-format-corpus/extracted/format-corpus-366f068cec399d0cdfd61fa473de3ab6dc858098/govdocs1-error-pdfs/error_set_2/050734.pdf","corpus/conformance/preservation/openpreserve-format-corpus/govdocs1-error-pdfs/error_set_2/050734.pdf","9FEF171CF6484F8BCE98E3A1B78FF658057C28712CE5B54F411FBEEE8669FDF8","485230","excluded-license"
"openpreserve-format-corpus","366f068cec399d0cdfd61fa473de3ab6dc858098","sources/openpreserve-format-corpus/extracted/format-corpus-366f068cec399d0cdfd61fa473de3ab6dc858098/govdocs1-error-pdfs/error_set_2/064034.pdf","corpus/conformance/preservation/openpreserve-format-corpus/govdocs1-error-pdfs/error_set_2/064034.pdf","459584BA2FBB713A4E9BE0CE2D6A50956EC67313C8E724A6600AEFBB9130D6F7","3428964","excluded-license"
"openpreserve-format-corpus","366f068cec399d0cdfd61fa473de3ab6dc858098","sources/openpreserve-format-corpus/extracted/format-corpus-366f068cec399d0cdfd61fa473de3ab6dc858098/govdocs1-error-pdfs/error_set_2/073439.pdf","corpus/conformance/preservation/openpreserve-format-corpus/govdocs1-error-pdfs/error_set_2/073439.pdf","867439F8C3CE263B0953F8680554434E3EF9249988DDF9FA127645CD2CDA5D70","59336","excluded-license"
"openpreserve-format-corpus","366f068cec399d0cdfd61fa473de3ab6dc858098","sources/openpreserve-format-corpus/extracted/format-corpus-366f068cec399d0cdfd61fa473de3ab6dc858098/govdocs1-error-pdfs/error_set_2/150277.pdf","","6AF4B6134EB2624E8A3AC72AE5E32F23C9C6797E609C0C4485F0086E354B4031","5206016","duplicate"
"openpreserve-format-corpus","366f068cec399d0cdfd61fa473de3ab6dc858098","sources/openpreserve-format-corpus/extracted/format-corpus-366f068cec399d0cdfd61fa473de3ab6dc858098/govdocs1-error-pdfs/error_set_2/178360.pdf","corpus/conformance/preservation/openpreserve-format-corpus/govdocs1-error-pdfs/error_set_2/178360.pdf","1DC4CAEA98DD644E81027DC5514B8E85671C072D4419272DD7C671E526F52C7D","2372016","excluded-license"
"openpreserve-format-corpus","366f068cec399d0cdfd61fa473de3ab6dc858098","sources/openpreserve-format-corpus/extracted/format-corpus-366f068cec399d0cdfd61fa473de3ab6dc858098/govdocs1-error-pdfs/error_set_2/189478.pdf","corpus/conformance/preservation/openpreserve-format-corpus/govdocs1-error-pdfs/error_set_2/189478.pdf","B21DDE0E782F38155329E99C6AA9B72E678A28C8353F0EFA3E646AE8A34CFB53","68331","excluded-license"
"openpreserve-format-corpus","366f068cec399d0cdfd61fa473de3ab6dc858098","sources/openpreserve-format-corpus/extracted/format-corpus-366f068cec399d0cdfd61fa473de3ab6dc858098/govdocs1-error-pdfs/error_set_2/210260.pdf","corpus/conformance/preservation/openpreserve-format-corpus/govdocs1-error-pdfs/error_set_2/210260.pdf","1434FDD883CF0F965790AAC88BD84C4822F590118AFAC11D21F13EAAE0A821A5","4445193","excluded-license"
"openpreserve-format-corpus","366f068cec399d0cdfd61fa473de3ab6dc858098","sources/openpreserve-format-corpus/extracted/format-corpus-366f068cec399d0cdfd61fa473de3ab6dc858098/govdocs1-error-pdfs/error_set_2/219789.pdf","corpus/conformance/preservation/openpreserve-format-corpus/govdocs1-error-pdfs/error_set_2/219789.pdf","D4216FEE033C42A71D9909A31D6EB5C97B8D6E4A379D9B60123ED0B094A02476","527779","excluded-license"
"openpreserve-format-corpus","366f068cec399d0cdfd61fa473de3ab6dc858098","sources/openpreserve-format-corpus/extracted/format-corpus-366f068cec399d0cdfd61fa473de3ab6dc858098/govdocs1-error-pdfs/error_set_2/226387.pdf","corpus/conformance/preservation/openpreserve-format-corpus/govdocs1-error-pdfs/error_set_2/226387.pdf","99BBD2970FD189348585BE77B7FD28D48D73FD3D6CDD314F4790B589FB6B5C98","130700","excluded-license"
"openpreserve-format-corpus","366f068cec399d0cdfd61fa473de3ab6dc858098","sources/openpreserve-format-corpus/extracted/format-corpus-366f068cec399d0cdfd61fa473de3ab6dc858098/govdocs1-error-pdfs/error_set_2/247224.pdf","corpus/conformance/preservation/openpreserve-format-corpus/govdocs1-error-pdfs/error_set_2/247224.pdf","C73BEEF26EFFF7EFDB2E5C3A705D2FFFBB38303E2B3AF154CF62C333D38CBE28","2903530","excluded-license"
"openpreserve-format-corpus","366f068cec399d0cdfd61fa473de3ab6dc858098","sources/openpreserve-format-corpus/extracted/format-corpus-366f068cec399d0cdfd61fa473de3ab6dc858098/govdocs1-error-pdfs/error_set_2/268346.pdf","corpus/conformance/preservation/openpreserve-format-corpus/govdocs1-error-pdfs/error_set_2/268346.pdf","E86D1D7F2B0DFF805B6A7C7CD38E06EDE2180E4B86FE682F2B6C6DFBD8209982","245946","excluded-license"
"openpreserve-format-corpus","366f068cec399d0cdfd61fa473de3ab6dc858098","sources/openpreserve-format-corpus/extracted/format-corpus-366f068cec399d0cdfd61fa473de3ab6dc858098/govdocs1-error-pdfs/error_set_2/303226.pdf","corpus/conformance/preservation/openpreserve-format-corpus/govdocs1-error-pdfs/error_set_2/303226.pdf","DA14D24DD22EFFEBEC987312ABF0312750BDBBAF93F54C9AEF3B9EC7041E40BA","138027","excluded-license"
"openpreserve-format-corpus","366f068cec399d0cdfd61fa473de3ab6dc858098","sources/openpreserve-format-corpus/extracted/format-corpus-366f068cec399d0cdfd61fa473de3ab6dc858098/govdocs1-error-pdfs/error_set_2/367594.pdf","corpus/conformance/preservation/openpreserve-format-corpus/govdocs1-error-pdfs/error_set_2/367594.pdf","FD11DE09D913AB2C1E95166EDBD3F91D46228D0DF9A3963DC95C499395308BBF","149389","excluded-license"
"openpreserve-format-corpus","366f068cec399d0cdfd61fa473de3ab6dc858098","sources/openpreserve-format-corpus/extracted/format-corpus-366f068cec399d0cdfd61fa473de3ab6dc858098/govdocs1-error-pdfs/error_set_2/379049.pdf","","42C03CE71ECAFD0EC78EBA3511AE7DDBF919D583E43A6627F4DE50097526392F","1636510","duplicate"
"openpreserve-format-corpus","366f068cec399d0cdfd61fa473de3ab6dc858098","sources/openpreserve-format-corpus/extracted/format-corpus-366f068cec399d0cdfd61fa473de3ab6dc858098/govdocs1-error-pdfs/error_set_2/392154.pdf","corpus/conformance/preservation/openpreserve-format-corpus/govdocs1-error-pdfs/error_set_2/392154.pdf","55DA4F4DFDBFDE4E6A31A299032DA3E08F1213DBB99882701D851AE000E80FED","194709","excluded-license"
"openpreserve-format-corpus","366f068cec399d0cdfd61fa473de3ab6dc858098","sources/openpreserve-format-corpus/extracted/format-corpus-366f068cec399d0cdfd61fa473de3ab6dc858098/govdocs1-error-pdfs/error_set_2/427669.pdf","corpus/conformance/preservation/openpreserve-format-corpus/govdocs1-error-pdfs/error_set_2/427669.pdf","32A58F34855DFAD5ED78467A47A7EAB537D5F036364AEAB8F1F617405AD14DD6","308658","excluded-license"
"openpreserve-format-corpus","366f068cec399d0cdfd61fa473de3ab6dc858098","sources/openpreserve-format-corpus/extracted/format-corpus-366f068cec399d0cdfd61fa473de3ab6dc858098/govdocs1-error-pdfs/error_set_2/435321.pdf","corpus/conformance/preservation/openpreserve-format-corpus/govdocs1-error-pdfs/error_set_2/435321.pdf","FDCA9A7BD662B1AD6FAB349B2B5012F36C5409A653CA3DAE6C818FCE92430543","95643","excluded-license"
"openpreserve-format-corpus","366f068cec399d0cdfd61fa473de3ab6dc858098","sources/openpreserve-format-corpus/extracted/format-corpus-366f068cec399d0cdfd61fa473de3ab6dc858098/govdocs1-error-pdfs/error_set_2/443752.pdf","corpus/conformance/preservation/openpreserve-format-corpus/govdocs1-error-pdfs/error_set_2/443752.pdf","027B774A7F97AFDE1D3CD22639F10A028DC6F52BDB52C6DC042100E1EEA6AD81","4266959","excluded-license"
"openpreserve-format-corpus","366f068cec399d0cdfd61fa473de3ab6dc858098","sources/openpreserve-format-corpus/extracted/format-corpus-366f068cec399d0cdfd61fa473de3ab6dc858098/govdocs1-error-pdfs/error_set_2/455746.pdf","","9E34378057ACDC97CD80C3F2E0090597E77D84F5A932F9283235D9F8457DF91D","339873","duplicate"
"openpreserve-format-corpus","366f068cec399d0cdfd61fa473de3ab6dc858098","sources/openpreserve-format-corpus/extracted/format-corpus-366f068cec399d0cdfd61fa473de3ab6dc858098/govdocs1-error-pdfs/error_set_2/475121.pdf","corpus/conformance/preservation/openpreserve-format-corpus/govdocs1-error-pdfs/error_set_2/475121.pdf","05EE27EF0E80B1F32580D826A8B3DC311820EE3059FA0CAFF65A2E68F6C42BB3","5692305","excluded-license"
"openpreserve-format-corpus","366f068cec399d0cdfd61fa473de3ab6dc858098","sources/openpreserve-format-corpus/extracted/format-corpus-366f068cec399d0cdfd61fa473de3ab6dc858098/govdocs1-error-pdfs/error_set_2/477139.pdf","corpus/conformance/preservation/openpreserve-format-corpus/govdocs1-error-pdfs/error_set_2/477139.pdf","246A2072CABD9B8851AD1AC48FB584CBCFB4C2B2B2667274F23200AEF03C1D53","108816","excluded-license"
"openpreserve-format-corpus","366f068cec399d0cdfd61fa473de3ab6dc858098","sources/openpreserve-format-corpus/extracted/format-corpus-366f068cec399d0cdfd61fa473de3ab6dc858098/govdocs1-error-pdfs/error_set_2/492484.pdf","corpus/conformance/preservation/openpreserve-format-corpus/govdocs1-error-pdfs/error_set_2/492484.pdf","BD680A5CCD0C882964444C1850D1AE53EDDA8923F8CF85E91B805B9B2100C81A","1203857","excluded-license"
"openpreserve-format-corpus","366f068cec399d0cdfd61fa473de3ab6dc858098","sources/openpreserve-format-corpus/extracted/format-corpus-366f068cec399d0cdfd61fa473de3ab6dc858098/govdocs1-error-pdfs/error_set_2/498264.pdf","corpus/conformance/preservation/openpreserve-format-corpus/govdocs1-error-pdfs/error_set_2/498264.pdf","72E804B6E4C2C196B80126DFA97E5F4AD877DA5DB97FB791D5FCAF71F83B041D","180381","excluded-license"
"openpreserve-format-corpus","366f068cec399d0cdfd61fa473de3ab6dc858098","sources/openpreserve-format-corpus/extracted/format-corpus-366f068cec399d0cdfd61fa473de3ab6dc858098/govdocs1-error-pdfs/error_set_2/504076.pdf","corpus/conformance/preservation/openpreserve-format-corpus/govdocs1-error-pdfs/error_set_2/504076.pdf","587B59C35A2BE903C87BA97AC9AC425643A1EFF40F19198E2E6EA4B0F82A7A4B","385882","excluded-license"
"openpreserve-format-corpus","366f068cec399d0cdfd61fa473de3ab6dc858098","sources/openpreserve-format-corpus/extracted/format-corpus-366f068cec399d0cdfd61fa473de3ab6dc858098/govdocs1-error-pdfs/error_set_2/507618.pdf","corpus/conformance/preservation/openpreserve-format-corpus/govdocs1-error-pdfs/error_set_2/507618.pdf","A856B85B3CDB3D9B74F86C517DD0B1B94842E2E5964B343200EBB86212F541D1","93724","excluded-license"
"openpreserve-format-corpus","366f068cec399d0cdfd61fa473de3ab6dc858098","sources/openpreserve-format-corpus/extracted/format-corpus-366f068cec399d0cdfd61fa473de3ab6dc858098/govdocs1-error-pdfs/error_set_2/507676.pdf","corpus/conformance/preservation/openpreserve-format-corpus/govdocs1-error-pdfs/error_set_2/507676.pdf","5D7E87A6511A8C6E16EE4C78691C1746B676BFA5FFFB6CC8478389BE0B2F45D7","1295096","excluded-license"
"openpreserve-format-corpus","366f068cec399d0cdfd61fa473de3ab6dc858098","sources/openpreserve-format-corpus/extracted/format-corpus-366f068cec399d0cdfd61fa473de3ab6dc858098/govdocs1-error-pdfs/error_set_2/509284.pdf","","35D80B59E402D800D6DB6033A7A5AA07C6B870ECE7B56246038ADACDC501B23E","78428","duplicate"
"openpreserve-format-corpus","366f068cec399d0cdfd61fa473de3ab6dc858098","sources/openpreserve-format-corpus/extracted/format-corpus-366f068cec399d0cdfd61fa473de3ab6dc858098/jhove-errors/PDF-HUL-1/12884_2006_Article_120.pdf","corpus/conformance/preservation/openpreserve-format-corpus/jhove-errors/PDF-HUL-1/12884_2006_Article_120.pdf","E77DC80EA5636D6D8E02A9BB388924183F9C446049A57A872DA535E98001D031","588797","added"
"openpreserve-format-corpus","366f068cec399d0cdfd61fa473de3ab6dc858098","sources/openpreserve-format-corpus/extracted/format-corpus-366f068cec399d0cdfd61fa473de3ab6dc858098/jhove-errors/PDF-HUL-1/jne5_4_l03.pdf","corpus/conformance/preservation/openpreserve-format-corpus/jhove-errors/PDF-HUL-1/jne5_4_l03.pdf","67BC5BF36F12D12661FAC3CC12EF4483901B79D436F99BB95115EE5965194479","1252982","added"
"openpreserve-format-corpus","366f068cec399d0cdfd61fa473de3ab6dc858098","sources/openpreserve-format-corpus/extracted/format-corpus-366f068cec399d0cdfd61fa473de3ab6dc858098/jhove-errors/PDF-HUL-104/AIAA-2005-6173-712.pdf","corpus/conformance/preservation/openpreserve-format-corpus/jhove-errors/PDF-HUL-104/AIAA-2005-6173-712.pdf","4BB86B4F80134C764DA1BCAC9FA43F24D01EF783D511EE90AEA494B0C4D38812","1873453","added"
"openpreserve-format-corpus","366f068cec399d0cdfd61fa473de3ab6dc858098","sources/openpreserve-format-corpus/extracted/format-corpus-366f068cec399d0cdfd61fa473de3ab6dc858098/jhove-errors/PDF-HUL-109/88702.pdf","corpus/conformance/preservation/openpreserve-format-corpus/jhove-errors/PDF-HUL-109/88702.pdf","C610A87483B54BE0FD471B7C6AE675727BF33B29A0A8A32AF2BEABD93EB50AF5","2299509","added"
"openpreserve-format-corpus","366f068cec399d0cdfd61fa473de3ab6dc858098","sources/openpreserve-format-corpus/extracted/format-corpus-366f068cec399d0cdfd61fa473de3ab6dc858098/jhove-errors/PDF-HUL-109/Godfrey Lubuulwa-Thesis-2023.pdf","corpus/conformance/preservation/openpreserve-format-corpus/jhove-errors/PDF-HUL-109/Godfrey Lubuulwa-Thesis-2023.pdf","D71099E526ABA722A9F837F5795D51484319BB4AD56053C871C73A78C34ECE67","4597067","added"
"openpreserve-format-corpus","366f068cec399d0cdfd61fa473de3ab6dc858098","sources/openpreserve-format-corpus/extracted/format-corpus-366f068cec399d0cdfd61fa473de3ab6dc858098/jhove-errors/PDF-HUL-11/Hawes et al_2024_Comparing the Carbon Footprints of Urban and Conventional Agriculture.pdf","corpus/conformance/preservation/openpreserve-format-corpus/jhove-errors/PDF-HUL-11/Hawes et al_2024_Comparing the Carbon Footprints of Urban and Conventional Agriculture.pdf","CF4ED482C514E8C7CAD07B2A85F45D8D8C71679313EDE39517C20DD50FD50B5D","5879598","added"
"openpreserve-format-corpus","366f068cec399d0cdfd61fa473de3ab6dc858098","sources/openpreserve-format-corpus/extracted/format-corpus-366f068cec399d0cdfd61fa473de3ab6dc858098/jhove-errors/PDF-HUL-11/S2053273314007578.pdf","corpus/conformance/preservation/openpreserve-format-corpus/jhove-errors/PDF-HUL-11/S2053273314007578.pdf","3F200C455962D0D3DE8D11FF863C54157886FF6E0387A129BC5B1D1C49267F33","85814","added"
"openpreserve-format-corpus","366f068cec399d0cdfd61fa473de3ab6dc858098","sources/openpreserve-format-corpus/extracted/format-corpus-366f068cec399d0cdfd61fa473de3ab6dc858098/jhove-errors/PDF-HUL-110/102924.pdf","corpus/conformance/preservation/openpreserve-format-corpus/jhove-errors/PDF-HUL-110/102924.pdf","964021C43E78B3274B32DBEE5618A2F2DE82CE2DDE134768A121FC7A8EBFEE90","1943449","added"
"openpreserve-format-corpus","366f068cec399d0cdfd61fa473de3ab6dc858098","sources/openpreserve-format-corpus/extracted/format-corpus-366f068cec399d0cdfd61fa473de3ab6dc858098/jhove-errors/PDF-HUL-110/hesr13613-sup-0001-Authormatrix.pdf","corpus/conformance/preservation/openpreserve-format-corpus/jhove-errors/PDF-HUL-110/hesr13613-sup-0001-Authormatrix.pdf","0CD88B1681BDFE4CCD14B8B924314F3E1DE489F2AC9281C10C9EADB78512FFAD","1894859","added"
"openpreserve-format-corpus","366f068cec399d0cdfd61fa473de3ab6dc858098","sources/openpreserve-format-corpus/extracted/format-corpus-366f068cec399d0cdfd61fa473de3ab6dc858098/jhove-errors/PDF-HUL-114/LLMImplicationsforScience.pdf","corpus/conformance/preservation/openpreserve-format-corpus/jhove-errors/PDF-HUL-114/LLMImplicationsforScience.pdf","194003DB8DD829DD3E20D3A1166C176A5E25E118F5A1CBE2463D46E70F608CF2","1598244","added"
"openpreserve-format-corpus","366f068cec399d0cdfd61fa473de3ab6dc858098","sources/openpreserve-format-corpus/extracted/format-corpus-366f068cec399d0cdfd61fa473de3ab6dc858098/jhove-errors/PDF-HUL-114/MOZILLA-1671648-0.pdf","","D512EF649902EADC400C667CF6AD41BBA0D905E2A54245A339BE6C25A2D80F11","572977","duplicate"
"openpreserve-format-corpus","366f068cec399d0cdfd61fa473de3ab6dc858098","sources/openpreserve-format-corpus/extracted/format-corpus-366f068cec399d0cdfd61fa473de3ab6dc858098/jhove-errors/PDF-HUL-114/response-to-fiber-concerns[1].pdf","corpus/conformance/preservation/openpreserve-format-corpus/jhove-errors/PDF-HUL-114/response-to-fiber-concerns[1].pdf","FFE956EBAE1BD1874AED39EEA746A2A3815001C74E0A318A88D3010099A795AD","3280827","added"
"openpreserve-format-corpus","366f068cec399d0cdfd61fa473de3ab6dc858098","sources/openpreserve-format-corpus/extracted/format-corpus-366f068cec399d0cdfd61fa473de3ab6dc858098/jhove-errors/PDF-HUL-117/363_Risk-Based Management of Groundwater Contamination _Paper.pdf","corpus/conformance/preservation/openpreserve-format-corpus/jhove-errors/PDF-HUL-117/363_Risk-Based Management of Groundwater Contamination _Paper.pdf","F6C5F3EE39308D1051A5360110DBE029814016551560D54432C159486ECB36D1","8972746","added"
"openpreserve-format-corpus","366f068cec399d0cdfd61fa473de3ab6dc858098","sources/openpreserve-format-corpus/extracted/format-corpus-366f068cec399d0cdfd61fa473de3ab6dc858098/jhove-errors/PDF-HUL-117/me450f12project10_report.pdf","corpus/conformance/preservation/openpreserve-format-corpus/jhove-errors/PDF-HUL-117/me450f12project10_report.pdf","0D3120F97C3B1F1D22A1BC5D251AE790051C9EAC33F5148D99C5234EA9FC977D","15002290","added"
"openpreserve-format-corpus","366f068cec399d0cdfd61fa473de3ab6dc858098","sources/openpreserve-format-corpus/extracted/format-corpus-366f068cec399d0cdfd61fa473de3ab6dc858098/jhove-errors/PDF-HUL-119/breast+cancer+immunotherapy.pdf","corpus/conformance/preservation/openpreserve-format-corpus/jhove-errors/PDF-HUL-119/breast+cancer+immunotherapy.pdf","1229E1CBCDAF4F6825BF00BA6F1A2DC0307B487DF9715FCD84E603CD0FBD2A5B","345974","added"
"openpreserve-format-corpus","366f068cec399d0cdfd61fa473de3ab6dc858098","sources/openpreserve-format-corpus/extracted/format-corpus-366f068cec399d0cdfd61fa473de3ab6dc858098/jhove-errors/PDF-HUL-119/UMTRI-2000-15.pdf","corpus/conformance/preservation/openpreserve-format-corpus/jhove-errors/PDF-HUL-119/UMTRI-2000-15.pdf","73E6AA6D30CF671AD067CDA2B8CF552778179CC9D0F59EE0695335D82F23437A","378254","added"
"openpreserve-format-corpus","366f068cec399d0cdfd61fa473de3ab6dc858098","sources/openpreserve-format-corpus/extracted/format-corpus-366f068cec399d0cdfd61fa473de3ab6dc858098/jhove-errors/PDF-HUL-12/hae14831.pdf","corpus/conformance/preservation/openpreserve-format-corpus/jhove-errors/PDF-HUL-12/hae14831.pdf","61A74DCC070C3F8B70DBCAA5EF161E57A10071C26E73DBCB2A62A992A46DE464","2631018","added"
"openpreserve-format-corpus","366f068cec399d0cdfd61fa473de3ab6dc858098","sources/openpreserve-format-corpus/extracted/format-corpus-366f068cec399d0cdfd61fa473de3ab6dc858098/jhove-errors/PDF-HUL-121/102952.pdf","corpus/conformance/preservation/openpreserve-format-corpus/jhove-errors/PDF-HUL-121/102952.pdf","E5A1E335B1A84B5DC3601AD7820E7A780979F14838457B8D75AEBBD9BF07CE1C","5218823","added"
"openpreserve-format-corpus","366f068cec399d0cdfd61fa473de3ab6dc858098","sources/openpreserve-format-corpus/extracted/format-corpus-366f068cec399d0cdfd61fa473de3ab6dc858098/jhove-errors/PDF-HUL-121/1742-6596_375_00_001001.pdf","corpus/conformance/preservation/openpreserve-format-corpus/jhove-errors/PDF-HUL-121/1742-6596_375_00_001001.pdf","AA8C79B4CF36FA86B9B0541C65B302255DE42E432E208A05EB70DEEDEAB27D5B","2561742","added"
"openpreserve-format-corpus","366f068cec399d0cdfd61fa473de3ab6dc858098","sources/openpreserve-format-corpus/extracted/format-corpus-366f068cec399d0cdfd61fa473de3ab6dc858098/jhove-errors/PDF-HUL-122/dweigel_1.pdf","corpus/conformance/preservation/openpreserve-format-corpus/jhove-errors/PDF-HUL-122/dweigel_1.pdf","63E8AA134F6705B311BAB3D7971064A4B2C46170B2B373DB46544B707AC667C9","1344717","added"
"openpreserve-format-corpus","366f068cec399d0cdfd61fa473de3ab6dc858098","sources/openpreserve-format-corpus/extracted/format-corpus-366f068cec399d0cdfd61fa473de3ab6dc858098/jhove-errors/PDF-HUL-122/selederm.pdf","corpus/conformance/preservation/openpreserve-format-corpus/jhove-errors/PDF-HUL-122/selederm.pdf","C8B705EEE0703B12E3FF1D25C4CBB07F6D5B0F5EF1D8903917016F06B0709E4E","3291597","added"
"openpreserve-format-corpus","366f068cec399d0cdfd61fa473de3ab6dc858098","sources/openpreserve-format-corpus/extracted/format-corpus-366f068cec399d0cdfd61fa473de3ab6dc858098/jhove-errors/PDF-HUL-123/hisn13025_am.pdf","corpus/conformance/preservation/openpreserve-format-corpus/jhove-errors/PDF-HUL-123/hisn13025_am.pdf","F3E797191706C17CE139B128B72CECD28370B1F838CEF83FF95B46326559CB6C","87600","added"
"openpreserve-format-corpus","366f068cec399d0cdfd61fa473de3ab6dc858098","sources/openpreserve-format-corpus/extracted/format-corpus-366f068cec399d0cdfd61fa473de3ab6dc858098/jhove-errors/PDF-HUL-123/hisn13056.pdf","corpus/conformance/preservation/openpreserve-format-corpus/jhove-errors/PDF-HUL-123/hisn13056.pdf","5042F03661034A54AC374A545CE0B6EE57E19FB7159549D38C372155EF290E55","446426","added"
"openpreserve-format-corpus","366f068cec399d0cdfd61fa473de3ab6dc858098","sources/openpreserve-format-corpus/extracted/format-corpus-366f068cec399d0cdfd61fa473de3ab6dc858098/jhove-errors/PDF-HUL-124/jper10458-sup-0001-figureS1A.pdf","corpus/conformance/preservation/openpreserve-format-corpus/jhove-errors/PDF-HUL-124/jper10458-sup-0001-figureS1A.pdf","E71B2A5B1AAC53B07988EF1DACDCDB4C184CF33E88C3EA360A036C59E6BA038F","15034","added"
"openpreserve-format-corpus","366f068cec399d0cdfd61fa473de3ab6dc858098","sources/openpreserve-format-corpus/extracted/format-corpus-366f068cec399d0cdfd61fa473de3ab6dc858098/jhove-errors/PDF-HUL-124/jper10458-sup-0002-figureS1B.pdf","corpus/conformance/preservation/openpreserve-format-corpus/jhove-errors/PDF-HUL-124/jper10458-sup-0002-figureS1B.pdf","60EBBC1ADFA51EFA28E9DFD74A9D42D60193F5D04785F4FF15652EAD2A37E454","11990","added"
"openpreserve-format-corpus","366f068cec399d0cdfd61fa473de3ab6dc858098","sources/openpreserve-format-corpus/extracted/format-corpus-366f068cec399d0cdfd61fa473de3ab6dc858098/jhove-errors/PDF-HUL-126/drafts_David-Cyberstructure_Washington(Brussels-5)+2figs.pdf","corpus/conformance/preservation/openpreserve-format-corpus/jhove-errors/PDF-HUL-126/drafts_David-Cyberstructure_Washington(Brussels-5)+2figs.pdf","96A460625799EC57F647869D493654EEF94F7533D53178D44CA3335B2A04895C","414362","added"
"openpreserve-format-corpus","366f068cec399d0cdfd61fa473de3ab6dc858098","sources/openpreserve-format-corpus/extracted/format-corpus-366f068cec399d0cdfd61fa473de3ab6dc858098/jhove-errors/PDF-HUL-126/wp592.pdf","corpus/conformance/preservation/openpreserve-format-corpus/jhove-errors/PDF-HUL-126/wp592.pdf","04A97DFEB702DCC28C011E69892054B428C7878A4514BA1EE538987DD7E3C25D","490943","added"
"openpreserve-format-corpus","366f068cec399d0cdfd61fa473de3ab6dc858098","sources/openpreserve-format-corpus/extracted/format-corpus-366f068cec399d0cdfd61fa473de3ab6dc858098/jhove-errors/PDF-HUL-128/0004-637X_751_2_90.pdf","corpus/conformance/preservation/openpreserve-format-corpus/jhove-errors/PDF-HUL-128/0004-637X_751_2_90.pdf","9A0115AA9EE9AAE06BAD9611727FBB9794F0CBCF78AC1D57CC409B1A18083AB2","2091167","added"
"openpreserve-format-corpus","366f068cec399d0cdfd61fa473de3ab6dc858098","sources/openpreserve-format-corpus/extracted/format-corpus-366f068cec399d0cdfd61fa473de3ab6dc858098/jhove-errors/PDF-HUL-128/Deficient inflammasome activation permits an exaggerated asthma phenotype in rhinovirus C-infected immature mice.pdf","corpus/conformance/preservation/openpreserve-format-corpus/jhove-errors/PDF-HUL-128/Deficient inflammasome activation permits an exaggerated asthma phenotype in rhinovirus C-infected immature mice.pdf","E150CE87EA9371C237DA754C41454304ED281B1C67B8E310945245EEAB0AA775","2437052","added"
"openpreserve-format-corpus","366f068cec399d0cdfd61fa473de3ab6dc858098","sources/openpreserve-format-corpus/extracted/format-corpus-366f068cec399d0cdfd61fa473de3ab6dc858098/jhove-errors/PDF-HUL-129/0004-637X_752_1_11.pdf","corpus/conformance/preservation/openpreserve-format-corpus/jhove-errors/PDF-HUL-129/0004-637X_752_1_11.pdf","6183D5C5A3A76421ADCD6E14D5F068FD9B28A54F2848C913E545115B6EE6DC7E","2882736","added"
"openpreserve-format-corpus","366f068cec399d0cdfd61fa473de3ab6dc858098","sources/openpreserve-format-corpus/extracted/format-corpus-366f068cec399d0cdfd61fa473de3ab6dc858098/jhove-errors/PDF-HUL-129/12864_2012_Article_5257.pdf","corpus/conformance/preservation/openpreserve-format-corpus/jhove-errors/PDF-HUL-129/12864_2012_Article_5257.pdf","1B973A09F6D5E1F3E6B555A27295D00E754AF8B96F5527B63F5AFBE8F635229C","2585487","added"
"openpreserve-format-corpus","366f068cec399d0cdfd61fa473de3ab6dc858098","sources/openpreserve-format-corpus/extracted/format-corpus-366f068cec399d0cdfd61fa473de3ab6dc858098/jhove-errors/PDF-HUL-131/20789_ftp.pdf","corpus/conformance/preservation/openpreserve-format-corpus/jhove-errors/PDF-HUL-131/20789_ftp.pdf","9FEC095B20683E4E096047BC4733EC0CD7777BF659D9A63E87A3D954F5055988","151891","added"
"openpreserve-format-corpus","366f068cec399d0cdfd61fa473de3ab6dc858098","sources/openpreserve-format-corpus/extracted/format-corpus-366f068cec399d0cdfd61fa473de3ab6dc858098/jhove-errors/PDF-HUL-133/1987_Kaplan_Kaplan_and_Dale_Patterns_as_hypotheses.pdf","corpus/conformance/preservation/openpreserve-format-corpus/jhove-errors/PDF-HUL-133/1987_Kaplan_Kaplan_and_Dale_Patterns_as_hypotheses.pdf","22965A8F138636B20ACEA3946BA7058C4F168225D1A49EE8B32F6C04F0B6B2EC","431134","added"
"openpreserve-format-corpus","366f068cec399d0cdfd61fa473de3ab6dc858098","sources/openpreserve-format-corpus/extracted/format-corpus-366f068cec399d0cdfd61fa473de3ab6dc858098/jhove-errors/PDF-HUL-133/wp315.pdf","corpus/conformance/preservation/openpreserve-format-corpus/jhove-errors/PDF-HUL-133/wp315.pdf","24FD55FE298B4CB58DEC5FA439BAB57ADB0CC96120F6607EFCCAAAE14BE2AE18","259980","added"
"openpreserve-format-corpus","366f068cec399d0cdfd61fa473de3ab6dc858098","sources/openpreserve-format-corpus/extracted/format-corpus-366f068cec399d0cdfd61fa473de3ab6dc858098/jhove-errors/PDF-HUL-136/103199.pdf","corpus/conformance/preservation/openpreserve-format-corpus/jhove-errors/PDF-HUL-136/103199.pdf","EC9B91A41A81428238430AA5A1B8DD307E8D6B3164ABF59C540EF55C53C56F27","4750902","added"
"openpreserve-format-corpus","366f068cec399d0cdfd61fa473de3ab6dc858098","sources/openpreserve-format-corpus/extracted/format-corpus-366f068cec399d0cdfd61fa473de3ab6dc858098/jhove-errors/PDF-HUL-136/42828.0001.001.pdf","corpus/conformance/preservation/openpreserve-format-corpus/jhove-errors/PDF-HUL-136/42828.0001.001.pdf","A083A5FE70524C0649C14CCB764D68D964891CFB1E715B80C48773FB9472D7B3","13992194","added"
"openpreserve-format-corpus","366f068cec399d0cdfd61fa473de3ab6dc858098","sources/openpreserve-format-corpus/extracted/format-corpus-366f068cec399d0cdfd61fa473de3ab6dc858098/jhove-errors/PDF-HUL-137/124307818233765780864869607481066113457.pdf","corpus/conformance/preservation/openpreserve-format-corpus/jhove-errors/PDF-HUL-137/124307818233765780864869607481066113457.pdf","C3B127986E528641F9A3F820DD3C907690DCAD8BFBC4102D4AA64268D9FAD1A5","213","added"
"openpreserve-format-corpus","366f068cec399d0cdfd61fa473de3ab6dc858098","sources/openpreserve-format-corpus/extracted/format-corpus-366f068cec399d0cdfd61fa473de3ab6dc858098/jhove-errors/PDF-HUL-137/reserve3.pdf","corpus/conformance/preservation/openpreserve-format-corpus/jhove-errors/PDF-HUL-137/reserve3.pdf","D682898D2076BC2C49B2C8F102D88781CF2FFC88834E0996C685507F5FF33A41","157312","added"
"openpreserve-format-corpus","366f068cec399d0cdfd61fa473de3ab6dc858098","sources/openpreserve-format-corpus/extracted/format-corpus-366f068cec399d0cdfd61fa473de3ab6dc858098/jhove-errors/PDF-HUL-138/6.2017-0960.pdf","corpus/conformance/preservation/openpreserve-format-corpus/jhove-errors/PDF-HUL-138/6.2017-0960.pdf","A29941595338EFF03FC2B7F7D64FB688FD0F2C06C1BBB54EC4FABB75C05CE322","20491233","added"
"openpreserve-format-corpus","366f068cec399d0cdfd61fa473de3ab6dc858098","sources/openpreserve-format-corpus/extracted/format-corpus-366f068cec399d0cdfd61fa473de3ab6dc858098/jhove-errors/PDF-HUL-138/mattgib_1.pdf","corpus/conformance/preservation/openpreserve-format-corpus/jhove-errors/PDF-HUL-138/mattgib_1.pdf","FCFFB3BD009E1674CA0EFF603018A6C73AEFFC4CC1CE79EC7C5ADF195D810C18","12763136","added"
"openpreserve-format-corpus","366f068cec399d0cdfd61fa473de3ab6dc858098","sources/openpreserve-format-corpus/extracted/format-corpus-366f068cec399d0cdfd61fa473de3ab6dc858098/jhove-errors/PDF-HUL-140/67282617093022525134485263930000992465.pdf","corpus/conformance/preservation/openpreserve-format-corpus/jhove-errors/PDF-HUL-140/67282617093022525134485263930000992465.pdf","4FFCBF3FA0591A7F27533CA72E1A5C8F85EE0604ADBAD34B13CA07DD30F4B281","503575","added"
"openpreserve-format-corpus","366f068cec399d0cdfd61fa473de3ab6dc858098","sources/openpreserve-format-corpus/extracted/format-corpus-366f068cec399d0cdfd61fa473de3ab6dc858098/jhove-errors/PDF-HUL-142/140611493383864950079938377607360675655.pdf","corpus/conformance/preservation/openpreserve-format-corpus/jhove-errors/PDF-HUL-142/140611493383864950079938377607360675655.pdf","E31DC368100ACCDD26431734B5DD1D7891166CD03E6D9494B79EBE9A8A6D804B","17021792","added"
"openpreserve-format-corpus","366f068cec399d0cdfd61fa473de3ab6dc858098","sources/openpreserve-format-corpus/extracted/format-corpus-366f068cec399d0cdfd61fa473de3ab6dc858098/jhove-errors/PDF-HUL-142/joie12092-sup-0001-si.pdf","corpus/conformance/preservation/openpreserve-format-corpus/jhove-errors/PDF-HUL-142/joie12092-sup-0001-si.pdf","06F808A25ECB251644CF9F283FBD0F528B0CECB0F338AB1B392EE99FF6E4DB8B","220489","added"
"openpreserve-format-corpus","366f068cec399d0cdfd61fa473de3ab6dc858098","sources/openpreserve-format-corpus/extracted/format-corpus-366f068cec399d0cdfd61fa473de3ab6dc858098/jhove-errors/PDF-HUL-147/98.I.Z.L.C.Demography.pdf","corpus/conformance/preservation/openpreserve-format-corpus/jhove-errors/PDF-HUL-147/98.I.Z.L.C.Demography.pdf","0D64ADBD75774C314B8057DFBB5014AE0A5763EE58646EB711E71DD76160894A","1380596","added"
"openpreserve-format-corpus","366f068cec399d0cdfd61fa473de3ab6dc858098","sources/openpreserve-format-corpus/extracted/format-corpus-366f068cec399d0cdfd61fa473de3ab6dc858098/jhove-errors/PDF-HUL-147/tjp14887-sup-0001-SuppMat.pdf","corpus/conformance/preservation/openpreserve-format-corpus/jhove-errors/PDF-HUL-147/tjp14887-sup-0001-SuppMat.pdf","3D76BB73E45D2A87C0D35C7ECFCB58A4EF45CDD65F01DDE29D56639AE446538D","974845","added"
"openpreserve-format-corpus","366f068cec399d0cdfd61fa473de3ab6dc858098","sources/openpreserve-format-corpus/extracted/format-corpus-366f068cec399d0cdfd61fa473de3ab6dc858098/jhove-errors/PDF-HUL-149/Berhe et al-2019-PlosOne.pdf","corpus/conformance/preservation/openpreserve-format-corpus/jhove-errors/PDF-HUL-149/Berhe et al-2019-PlosOne.pdf","37DE0E5B8AAEC4C42B7AEAA1F7E5332310EC9403042E09F3C116FC1C0D0CF54D","792254","added"
"openpreserve-format-corpus","366f068cec399d0cdfd61fa473de3ab6dc858098","sources/openpreserve-format-corpus/extracted/format-corpus-366f068cec399d0cdfd61fa473de3ab6dc858098/jhove-errors/PDF-HUL-149/iep-as-published.pdf","corpus/conformance/preservation/openpreserve-format-corpus/jhove-errors/PDF-HUL-149/iep-as-published.pdf","35C23C57A0611DF3F6BCFEB1D57E5929201FCE5F59485348B1868E555F099B13","476112","added"
"openpreserve-format-corpus","366f068cec399d0cdfd61fa473de3ab6dc858098","sources/openpreserve-format-corpus/extracted/format-corpus-366f068cec399d0cdfd61fa473de3ab6dc858098/jhove-errors/PDF-HUL-15/arsimon_1.pdf","corpus/conformance/preservation/openpreserve-format-corpus/jhove-errors/PDF-HUL-15/arsimon_1.pdf","086C0682526E8638D0619B0ED7FC9C9239C0760DFDB890EDA83DDF7F5F6B07BB","5528509","added"
"openpreserve-format-corpus","366f068cec399d0cdfd61fa473de3ab6dc858098","sources/openpreserve-format-corpus/extracted/format-corpus-366f068cec399d0cdfd61fa473de3ab6dc858098/jhove-errors/PDF-HUL-15/meeram_1.pdf","corpus/conformance/preservation/openpreserve-format-corpus/jhove-errors/PDF-HUL-15/meeram_1.pdf","DF35B57DE303BB3D68EA0150CB963CB3A95327F48C56FA0968C397D0A179ECBD","4519197","added"
"openpreserve-format-corpus","366f068cec399d0cdfd61fa473de3ab6dc858098","sources/openpreserve-format-corpus/extracted/format-corpus-366f068cec399d0cdfd61fa473de3ab6dc858098/jhove-errors/PDF-HUL-154/Montenegro2021.pdf","corpus/conformance/preservation/openpreserve-format-corpus/jhove-errors/PDF-HUL-154/Montenegro2021.pdf","7B318789BFC2FF8C6B2F998CF32289054ACA947990C4A81B3DA34C8A50CAD289","2034405","added"
"openpreserve-format-corpus","366f068cec399d0cdfd61fa473de3ab6dc858098","sources/openpreserve-format-corpus/extracted/format-corpus-366f068cec399d0cdfd61fa473de3ab6dc858098/jhove-errors/PDF-HUL-154/Orellana2022.pdf","corpus/conformance/preservation/openpreserve-format-corpus/jhove-errors/PDF-HUL-154/Orellana2022.pdf","F71806FA0BE371B508846A7E78744866BA6E849C251EC1729181D933F0946135","393150","added"
"openpreserve-format-corpus","366f068cec399d0cdfd61fa473de3ab6dc858098","sources/openpreserve-format-corpus/extracted/format-corpus-366f068cec399d0cdfd61fa473de3ab6dc858098/jhove-errors/PDF-HUL-157/JA1-1996-PDF.pdf","corpus/conformance/preservation/openpreserve-format-corpus/jhove-errors/PDF-HUL-157/JA1-1996-PDF.pdf","728737BF8942F0FB2CF34BC0D1981F128C799CCAE222ED8B937771B009698E34","576697","added"
"openpreserve-format-corpus","366f068cec399d0cdfd61fa473de3ab6dc858098","sources/openpreserve-format-corpus/extracted/format-corpus-366f068cec399d0cdfd61fa473de3ab6dc858098/jhove-errors/PDF-HUL-157/JA3-1998-PDF.pdf","corpus/conformance/preservation/openpreserve-format-corpus/jhove-errors/PDF-HUL-157/JA3-1998-PDF.pdf","51B1E3D01ACEE11D0ABC7C604BF3B3D229AA8B3683958A7B0B9D61C529AE792D","297729","added"
"openpreserve-format-corpus","366f068cec399d0cdfd61fa473de3ab6dc858098","sources/openpreserve-format-corpus/extracted/format-corpus-366f068cec399d0cdfd61fa473de3ab6dc858098/jhove-errors/PDF-HUL-16/2018-Lee-Fatherinclusiveperinatal.pdf","corpus/conformance/preservation/openpreserve-format-corpus/jhove-errors/PDF-HUL-16/2018-Lee-Fatherinclusiveperinatal.pdf","29414218F431453CA04C2FE83D254DC1ABBDF56835157FE8FAC5F3A00D495A14","1247977","added"
"openpreserve-format-corpus","366f068cec399d0cdfd61fa473de3ab6dc858098","sources/openpreserve-format-corpus/extracted/format-corpus-366f068cec399d0cdfd61fa473de3ab6dc858098/jhove-errors/PDF-HUL-164/0000490.pdf","corpus/conformance/preservation/openpreserve-format-corpus/jhove-errors/PDF-HUL-164/0000490.pdf","1BA2D18C9C089BB4011222514241613FE44637EFC3FB04CD79C1DCA82A96927C","1967440","added"
"openpreserve-format-corpus","366f068cec399d0cdfd61fa473de3ab6dc858098","sources/openpreserve-format-corpus/extracted/format-corpus-366f068cec399d0cdfd61fa473de3ab6dc858098/jhove-errors/PDF-HUL-164/AIAA-2002-4016-606.pdf","corpus/conformance/preservation/openpreserve-format-corpus/jhove-errors/PDF-HUL-164/AIAA-2002-4016-606.pdf","1FE2281AFC33D04971EB5816928052FC98E5E31B35ED95E72E5186752D6E612A","397452","added"
"openpreserve-format-corpus","366f068cec399d0cdfd61fa473de3ab6dc858098","sources/openpreserve-format-corpus/extracted/format-corpus-366f068cec399d0cdfd61fa473de3ab6dc858098/jhove-errors/PDF-HUL-165/coleprintingislam.pdf","corpus/conformance/preservation/openpreserve-format-corpus/jhove-errors/PDF-HUL-165/coleprintingislam.pdf","87D5FFECE70EF7751F78327FED1CC3590E018168B42EFE52941FE1E319FE1735","20221137","added"
"openpreserve-format-corpus","366f068cec399d0cdfd61fa473de3ab6dc858098","sources/openpreserve-format-corpus/extracted/format-corpus-366f068cec399d0cdfd61fa473de3ab6dc858098/jhove-errors/PDF-HUL-165/UMURF-Issue04_2007.pdf","corpus/conformance/preservation/openpreserve-format-corpus/jhove-errors/PDF-HUL-165/UMURF-Issue04_2007.pdf","253969888A61777BA7AD8033F99436735DE6F58CFED2886B38FF3794615204B7","2600425","added"
"openpreserve-format-corpus","366f068cec399d0cdfd61fa473de3ab6dc858098","sources/openpreserve-format-corpus/extracted/format-corpus-366f068cec399d0cdfd61fa473de3ab6dc858098/jhove-errors/PDF-HUL-18/ajpa23833_am.pdf","corpus/conformance/preservation/openpreserve-format-corpus/jhove-errors/PDF-HUL-18/ajpa23833_am.pdf","4EF7804F8FE93E743289F277263AD7AFCF43575C9F235F93E6B05C4DF625CADD","600335","added"
"openpreserve-format-corpus","366f068cec399d0cdfd61fa473de3ab6dc858098","sources/openpreserve-format-corpus/extracted/format-corpus-366f068cec399d0cdfd61fa473de3ab6dc858098/jhove-errors/PDF-HUL-18/E3_Mayhew_et_al_2009.pdf","corpus/conformance/preservation/openpreserve-format-corpus/jhove-errors/PDF-HUL-18/E3_Mayhew_et_al_2009.pdf","CBE4C63004332D101683C77C9FEF9BFE0D1ED80D03AB130C59E5186DC74CE91E","562767","added"
"openpreserve-format-corpus","366f068cec399d0cdfd61fa473de3ab6dc858098","sources/openpreserve-format-corpus/extracted/format-corpus-366f068cec399d0cdfd61fa473de3ab6dc858098/jhove-errors/PDF-HUL-19/wp375.pdf","corpus/conformance/preservation/openpreserve-format-corpus/jhove-errors/PDF-HUL-19/wp375.pdf","A1D11445B664851FBE98A8AA5C205DACEE4C44F7A561EAF92DCC59006AAC829F","238902","added"
"openpreserve-format-corpus","366f068cec399d0cdfd61fa473de3ab6dc858098","sources/openpreserve-format-corpus/extracted/format-corpus-366f068cec399d0cdfd61fa473de3ab6dc858098/jhove-errors/PDF-HUL-19/wp376.pdf","corpus/conformance/preservation/openpreserve-format-corpus/jhove-errors/PDF-HUL-19/wp376.pdf","0C1B83DD23873561ABB0CA0B0515E59C29EA34AFA8DC416B7A78628A69A6E438","382614","added"
"openpreserve-format-corpus","366f068cec399d0cdfd61fa473de3ab6dc858098","sources/openpreserve-format-corpus/extracted/format-corpus-366f068cec399d0cdfd61fa473de3ab6dc858098/jhove-errors/PDF-HUL-2/sakula.pdf","corpus/conformance/preservation/openpreserve-format-corpus/jhove-errors/PDF-HUL-2/sakula.pdf","8F10B4F0A75FA587422B5853F8B373D3B79AA85E548247BA186D88A730B44C93","1309929","added"
"openpreserve-format-corpus","366f068cec399d0cdfd61fa473de3ab6dc858098","sources/openpreserve-format-corpus/extracted/format-corpus-366f068cec399d0cdfd61fa473de3ab6dc858098/jhove-errors/PDF-HUL-2/UMTRI-2008-80.pdf","corpus/conformance/preservation/openpreserve-format-corpus/jhove-errors/PDF-HUL-2/UMTRI-2008-80.pdf","4D9EA8D9ACA477AFEF1E69E3ED3A2C62973DF3BC4280C4397359F8B057040DA2","1639238","added"
"openpreserve-format-corpus","366f068cec399d0cdfd61fa473de3ab6dc858098","sources/openpreserve-format-corpus/extracted/format-corpus-366f068cec399d0cdfd61fa473de3ab6dc858098/jhove-errors/PDF-HUL-27/10.1177_002188637401000301.pdf","corpus/conformance/preservation/openpreserve-format-corpus/jhove-errors/PDF-HUL-27/10.1177_002188637401000301.pdf","375E3D71CF7AE6DBCE4BD51AB2BEE0E2AFABE5730284BD027A853E175DC3A9BB","629889","added"
"openpreserve-format-corpus","366f068cec399d0cdfd61fa473de3ab6dc858098","sources/openpreserve-format-corpus/extracted/format-corpus-366f068cec399d0cdfd61fa473de3ab6dc858098/jhove-errors/PDF-HUL-27/10.1177_019394598600800118.pdf","corpus/conformance/preservation/openpreserve-format-corpus/jhove-errors/PDF-HUL-27/10.1177_019394598600800118.pdf","A1E5EF37E5208CAEDE95A2395F08AA2A8AE9AAF7DE48D690CF4F8C85AB771E1D","298431","added"
"openpreserve-format-corpus","366f068cec399d0cdfd61fa473de3ab6dc858098","sources/openpreserve-format-corpus/extracted/format-corpus-366f068cec399d0cdfd61fa473de3ab6dc858098/jhove-errors/PDF-HUL-28/585_1.pdf","corpus/conformance/preservation/openpreserve-format-corpus/jhove-errors/PDF-HUL-28/585_1.pdf","824A6477A73CCA142CFE22152F182B3B5AEDD1BB124D90C06D804E57DE110D0D","720317","added"
"openpreserve-format-corpus","366f068cec399d0cdfd61fa473de3ab6dc858098","sources/openpreserve-format-corpus/extracted/format-corpus-366f068cec399d0cdfd61fa473de3ab6dc858098/jhove-errors/PDF-HUL-29/108560872853724641186820772746051340254.pdf","corpus/conformance/preservation/openpreserve-format-corpus/jhove-errors/PDF-HUL-29/108560872853724641186820772746051340254.pdf","4AF3F54E06AEBF44672CF77BD402F8B3671977D52C14D734A65A6B5059F9C60B","746935","added"
"openpreserve-format-corpus","366f068cec399d0cdfd61fa473de3ab6dc858098","sources/openpreserve-format-corpus/extracted/format-corpus-366f068cec399d0cdfd61fa473de3ab6dc858098/jhove-errors/PDF-HUL-29/66307685772445958696367606316017333077.pdf","corpus/conformance/preservation/openpreserve-format-corpus/jhove-errors/PDF-HUL-29/66307685772445958696367606316017333077.pdf","332F44A1EF5397906CD530548982656C74EC75EFC016AE12DE6D2E45B2A4580A","2152543","added"
"openpreserve-format-corpus","366f068cec399d0cdfd61fa473de3ab6dc858098","sources/openpreserve-format-corpus/extracted/format-corpus-366f068cec399d0cdfd61fa473de3ab6dc858098/jhove-errors/PDF-HUL-33/0b1b4c74-8635-4572-9440-f71915654c33.pdf","corpus/conformance/preservation/openpreserve-format-corpus/jhove-errors/PDF-HUL-33/0b1b4c74-8635-4572-9440-f71915654c33.pdf","856B585858F70D7CBA08345AB3C87B1F99A5DCAA24A3DC0B888472A1078ED3E5","943751","added"
"openpreserve-format-corpus","366f068cec399d0cdfd61fa473de3ab6dc858098","sources/openpreserve-format-corpus/extracted/format-corpus-366f068cec399d0cdfd61fa473de3ab6dc858098/jhove-errors/PDF-HUL-34/emi15514-sup-0002-SupinfoS2.pdf","corpus/conformance/preservation/openpreserve-format-corpus/jhove-errors/PDF-HUL-34/emi15514-sup-0002-SupinfoS2.pdf","07A9A019C64D94D0B030109B71686745C334B118765B63660E87873D23C18590","292087","added"
"openpreserve-format-corpus","366f068cec399d0cdfd61fa473de3ab6dc858098","sources/openpreserve-format-corpus/extracted/format-corpus-366f068cec399d0cdfd61fa473de3ab6dc858098/jhove-errors/PDF-HUL-34/jcpe13896_am.pdf","corpus/conformance/preservation/openpreserve-format-corpus/jhove-errors/PDF-HUL-34/jcpe13896_am.pdf","5D226C251819392D1A51D31276B5DF106E6A1649C3F3F0C67100A272BBA3B78F","509072","added"
"openpreserve-format-corpus","366f068cec399d0cdfd61fa473de3ab6dc858098","sources/openpreserve-format-corpus/extracted/format-corpus-366f068cec399d0cdfd61fa473de3ab6dc858098/jhove-errors/PDF-HUL-35/143424271191706722106594310729442158189.pdf","corpus/conformance/preservation/openpreserve-format-corpus/jhove-errors/PDF-HUL-35/143424271191706722106594310729442158189.pdf","58252DABFF3985C901601150B8A849B3ED13ABFC1C4F850148C5B3029C0DE9EC","23240404","added"
"openpreserve-format-corpus","366f068cec399d0cdfd61fa473de3ab6dc858098","sources/openpreserve-format-corpus/extracted/format-corpus-366f068cec399d0cdfd61fa473de3ab6dc858098/jhove-errors/PDF-HUL-35/A Defence of the New Tenseless Theory of Time.pdf","corpus/conformance/preservation/openpreserve-format-corpus/jhove-errors/PDF-HUL-35/A Defence of the New Tenseless Theory of Time.pdf","7A622A6771205E83FF1B323D0C8CD5591E88113CABD3E5A4C25FB2E7C1CB4A6C","909222","added"
"openpreserve-format-corpus","366f068cec399d0cdfd61fa473de3ab6dc858098","sources/openpreserve-format-corpus/extracted/format-corpus-366f068cec399d0cdfd61fa473de3ab6dc858098/jhove-errors/PDF-HUL-42/3253-Article Text-6302-1-10-20190531.pdf","corpus/conformance/preservation/openpreserve-format-corpus/jhove-errors/PDF-HUL-42/3253-Article Text-6302-1-10-20190531.pdf","0C7D883939DB4733CF8A1DE707FD30ACA003294AF85FD149A3029F1DA355CD5E","482561","added"
"openpreserve-format-corpus","366f068cec399d0cdfd61fa473de3ab6dc858098","sources/openpreserve-format-corpus/extracted/format-corpus-366f068cec399d0cdfd61fa473de3ab6dc858098/jhove-errors/PDF-HUL-45/10531_2004_Article_5096977.pdf","corpus/conformance/preservation/openpreserve-format-corpus/jhove-errors/PDF-HUL-45/10531_2004_Article_5096977.pdf","8E60411E80D29000D62441CE149B8E7A54C168EDC1B8AA5EC7E8B17D212C4C67","416096","added"
"openpreserve-format-corpus","366f068cec399d0cdfd61fa473de3ab6dc858098","sources/openpreserve-format-corpus/extracted/format-corpus-366f068cec399d0cdfd61fa473de3ab6dc858098/jhove-errors/PDF-HUL-45/It's all about connecting Reasons for drug use among Latino gay men living in the San Francisco Bay Area.pdf","corpus/conformance/preservation/openpreserve-format-corpus/jhove-errors/PDF-HUL-45/It's all about connecting Reasons for drug use among Latino gay men living in the San Francisco Bay Area.pdf","D0D4818D21D06501703ACAB8776832D1A4362CF0326251E24DA59A55B0FBC80A","662841","added"
"openpreserve-format-corpus","366f068cec399d0cdfd61fa473de3ab6dc858098","sources/openpreserve-format-corpus/extracted/format-corpus-366f068cec399d0cdfd61fa473de3ab6dc858098/jhove-errors/PDF-HUL-66/s41589-021-00892-6.pdf","corpus/conformance/preservation/openpreserve-format-corpus/jhove-errors/PDF-HUL-66/s41589-021-00892-6.pdf","B9250EE8190496986B714490D1755E89B2AC2D22508FD228F0800EF37D6B2BE6","8397839","added"
"openpreserve-format-corpus","366f068cec399d0cdfd61fa473de3ab6dc858098","sources/openpreserve-format-corpus/extracted/format-corpus-366f068cec399d0cdfd61fa473de3ab6dc858098/jhove-errors/PDF-HUL-66/Wiki SI 563 2021.pdf","corpus/conformance/preservation/openpreserve-format-corpus/jhove-errors/PDF-HUL-66/Wiki SI 563 2021.pdf","CEDB21319375AD5D013E40CED4C431367467483522FB538F247F3B6596C5245A","1964815","added"
"openpreserve-format-corpus","366f068cec399d0cdfd61fa473de3ab6dc858098","sources/openpreserve-format-corpus/extracted/format-corpus-366f068cec399d0cdfd61fa473de3ab6dc858098/jhove-errors/PDF-HUL-68/carp2010-2.pdf","corpus/conformance/preservation/openpreserve-format-corpus/jhove-errors/PDF-HUL-68/carp2010-2.pdf","4033196EC2448F54917A95D2A0033A4A9134C98FE05CC6751589A2F239A06AB4","1565967","added"
"openpreserve-format-corpus","366f068cec399d0cdfd61fa473de3ab6dc858098","sources/openpreserve-format-corpus/extracted/format-corpus-366f068cec399d0cdfd61fa473de3ab6dc858098/jhove-errors/PDF-HUL-71/MICOM MI Lighthouse Poster.pdf","corpus/conformance/preservation/openpreserve-format-corpus/jhove-errors/PDF-HUL-71/MICOM MI Lighthouse Poster.pdf","6AA88D9F5CD431B76C5CA3A00505937E28B4E03B031BE8EE012CBC835F58EE5B","3603526","added"
"openpreserve-format-corpus","366f068cec399d0cdfd61fa473de3ab6dc858098","sources/openpreserve-format-corpus/extracted/format-corpus-366f068cec399d0cdfd61fa473de3ab6dc858098/jhove-errors/PDF-HUL-71/mipeng_poster_w24.pdf","corpus/conformance/preservation/openpreserve-format-corpus/jhove-errors/PDF-HUL-71/mipeng_poster_w24.pdf","203FDE362B43B0A353838541136B1C31115E5D2ED7C2331CC7F2F0852B8D5C7A","3491264","added"
"openpreserve-format-corpus","366f068cec399d0cdfd61fa473de3ab6dc858098","sources/openpreserve-format-corpus/extracted/format-corpus-366f068cec399d0cdfd61fa473de3ab6dc858098/jhove-errors/PDF-HUL-78/CLLASS Report for ER&L 2020.pdf","corpus/conformance/preservation/openpreserve-format-corpus/jhove-errors/PDF-HUL-78/CLLASS Report for ER&L 2020.pdf","DD50F8F8A64B0664A49459D1FC6C0B6CF74C7B42A1361EF0AB1713B807F72C63","693775","added"
"openpreserve-format-corpus","366f068cec399d0cdfd61fa473de3ab6dc858098","sources/openpreserve-format-corpus/extracted/format-corpus-366f068cec399d0cdfd61fa473de3ab6dc858098/jhove-errors/PDF-HUL-78/ModRob_An_Inexpensive_and_Modular_Robotic_Arm_for_Hobbyists_Poster_-_Albert_Anwar.pdf","corpus/conformance/preservation/openpreserve-format-corpus/jhove-errors/PDF-HUL-78/ModRob_An_Inexpensive_and_Modular_Robotic_Arm_for_Hobbyists_Poster_-_Albert_Anwar.pdf","5592054DF14D3A1A5CFF3EC75C51687244CFC99B3EEE9B918F333CD6531BBB81","821329","added"
"openpreserve-format-corpus","366f068cec399d0cdfd61fa473de3ab6dc858098","sources/openpreserve-format-corpus/extracted/format-corpus-366f068cec399d0cdfd61fa473de3ab6dc858098/jhove-errors/PDF-HUL-79/ET paper.pdf","corpus/conformance/preservation/openpreserve-format-corpus/jhove-errors/PDF-HUL-79/ET paper.pdf","693C4893F1EE7AEFA6A619EC3674AAAB0B73D83E178D77FC5146F3A72A8FF90F","3012994","added"
"openpreserve-format-corpus","366f068cec399d0cdfd61fa473de3ab6dc858098","sources/openpreserve-format-corpus/extracted/format-corpus-366f068cec399d0cdfd61fa473de3ab6dc858098/jhove-errors/PDF-HUL-79/Lewis and Theriot_LIP final report.pdf","corpus/conformance/preservation/openpreserve-format-corpus/jhove-errors/PDF-HUL-79/Lewis and Theriot_LIP final report.pdf","E5C7F849A99BFABF0F6144421A95540FDB8D9CBAC0CA8D94989D079060FA28E0","748440","added"
"openpreserve-format-corpus","366f068cec399d0cdfd61fa473de3ab6dc858098","sources/openpreserve-format-corpus/extracted/format-corpus-366f068cec399d0cdfd61fa473de3ab6dc858098/jhove-errors/PDF-HUL-80/bessar.pdf","corpus/conformance/preservation/openpreserve-format-corpus/jhove-errors/PDF-HUL-80/bessar.pdf","94FC559790D05F7FE0AB6C0B9C9B24B8C994307D7EE07EF36AB831AEC02F9577","727283","added"
"openpreserve-format-corpus","366f068cec399d0cdfd61fa473de3ab6dc858098","sources/openpreserve-format-corpus/extracted/format-corpus-366f068cec399d0cdfd61fa473de3ab6dc858098/jhove-errors/PDF-HUL-80/Rosen--Caring-Work.pdf","corpus/conformance/preservation/openpreserve-format-corpus/jhove-errors/PDF-HUL-80/Rosen--Caring-Work.pdf","31AE2532B74EEA66C42A1F054CB68984D233BB26D34C2CC5EE7891547586951B","167873","added"
"openpreserve-format-corpus","366f068cec399d0cdfd61fa473de3ab6dc858098","sources/openpreserve-format-corpus/extracted/format-corpus-366f068cec399d0cdfd61fa473de3ab6dc858098/jhove-errors/PDF-HUL-81/facct2025-final168.pdf","corpus/conformance/preservation/openpreserve-format-corpus/jhove-errors/PDF-HUL-81/facct2025-final168.pdf","E78D12A3651B94F6D4D18C9FFEED799EFF4603CB3E93974A2EC683B5874EAEE4","1960388","added"
"openpreserve-format-corpus","366f068cec399d0cdfd61fa473de3ab6dc858098","sources/openpreserve-format-corpus/extracted/format-corpus-366f068cec399d0cdfd61fa473de3ab6dc858098/jhove-errors/PDF-HUL-81/Gasp_and_Wheeze_Puppetry.pdf","corpus/conformance/preservation/openpreserve-format-corpus/jhove-errors/PDF-HUL-81/Gasp_and_Wheeze_Puppetry.pdf","3DD80F945BD61027E42DDEEA81DC20EF371770EEAFDD59374513EDAAF60AA010","9895556","added"
"openpreserve-format-corpus","366f068cec399d0cdfd61fa473de3ab6dc858098","sources/openpreserve-format-corpus/extracted/format-corpus-366f068cec399d0cdfd61fa473de3ab6dc858098/jhove-errors/PDF-HUL-85/All Quiet on the Third Coast.pdf","corpus/conformance/preservation/openpreserve-format-corpus/jhove-errors/PDF-HUL-85/All Quiet on the Third Coast.pdf","2833F92C629DF573CB91D0689CE11F5454DB1DB0E2FBA24CF9EE3049CED3ADE9","2075013","added"
"openpreserve-format-corpus","366f068cec399d0cdfd61fa473de3ab6dc858098","sources/openpreserve-format-corpus/extracted/format-corpus-366f068cec399d0cdfd61fa473de3ab6dc858098/jhove-errors/PDF-HUL-85/ESUjulyaugust2002.pdf","corpus/conformance/preservation/openpreserve-format-corpus/jhove-errors/PDF-HUL-85/ESUjulyaugust2002.pdf","674CB9DF7B8D1AD07323E3CCA12EEE05A2B960947A770C68726E1EEC154C2AC6","1668736","added"
"openpreserve-format-corpus","366f068cec399d0cdfd61fa473de3ab6dc858098","sources/openpreserve-format-corpus/extracted/format-corpus-366f068cec399d0cdfd61fa473de3ab6dc858098/jhove-errors/PDF-HUL-86/117202521857413588359819480739728143692.pdf","corpus/conformance/preservation/openpreserve-format-corpus/jhove-errors/PDF-HUL-86/117202521857413588359819480739728143692.pdf","10B6BB3D91AD76A09815661C66C60AAFA096F9D5E92D3C935396312E40BE0A8D","13327023","added"
"openpreserve-format-corpus","366f068cec399d0cdfd61fa473de3ab6dc858098","sources/openpreserve-format-corpus/extracted/format-corpus-366f068cec399d0cdfd61fa473de3ab6dc858098/jhove-errors/PDF-HUL-86/NeilJairath_3.pdf","corpus/conformance/preservation/openpreserve-format-corpus/jhove-errors/PDF-HUL-86/NeilJairath_3.pdf","BB96CDC1CA23D7560FEC90B52E11B414FBDE99CE4796DED706DE203494CCB969","1312914","added"
"openpreserve-format-corpus","366f068cec399d0cdfd61fa473de3ab6dc858098","sources/openpreserve-format-corpus/extracted/format-corpus-366f068cec399d0cdfd61fa473de3ab6dc858098/jhove-errors/PDF-HUL-87/EngHonorsCapstoneReport-Final.pdf","corpus/conformance/preservation/openpreserve-format-corpus/jhove-errors/PDF-HUL-87/EngHonorsCapstoneReport-Final.pdf","57B482018E9B9D136D0E5C3F9F3C43A8938670938CFB879EC2805E307DFBAF96","660479","added"
"openpreserve-format-corpus","366f068cec399d0cdfd61fa473de3ab6dc858098","sources/openpreserve-format-corpus/extracted/format-corpus-366f068cec399d0cdfd61fa473de3ab6dc858098/jhove-errors/PDF-HUL-87/kateking_presentation_WN23.pdf","corpus/conformance/preservation/openpreserve-format-corpus/jhove-errors/PDF-HUL-87/kateking_presentation_WN23.pdf","4239C8474D64D0610ADC28B8449C40B86793F0958F07A0F61A0B9F0794013A64","4069879","added"
"openpreserve-format-corpus","366f068cec399d0cdfd61fa473de3ab6dc858098","sources/openpreserve-format-corpus/extracted/format-corpus-366f068cec399d0cdfd61fa473de3ab6dc858098/jhove-errors/PDF-HUL-90/Arakawa-2025-Lab_Animal.pdf","corpus/conformance/preservation/openpreserve-format-corpus/jhove-errors/PDF-HUL-90/Arakawa-2025-Lab_Animal.pdf","D6610E888620529C0C8DFA36E7EC36A15C9CC6F65CD74CDD86DA71C3B205A2D1","872857","added"
"openpreserve-format-corpus","366f068cec399d0cdfd61fa473de3ab6dc858098","sources/openpreserve-format-corpus/extracted/format-corpus-366f068cec399d0cdfd61fa473de3ab6dc858098/jhove-errors/PDF-HUL-94/14504801192_ftp.pdf","corpus/conformance/preservation/openpreserve-format-corpus/jhove-errors/PDF-HUL-94/14504801192_ftp.pdf","87AA46A1225B15A2990486F3F8E3C9E74100EA6DA49FC816F8DFCE54B74E1358","256281","added"
"openpreserve-format-corpus","366f068cec399d0cdfd61fa473de3ab6dc858098","sources/openpreserve-format-corpus/extracted/format-corpus-366f068cec399d0cdfd61fa473de3ab6dc858098/jhove-errors/PDF-HUL-94/241573_ftp.pdf","corpus/conformance/preservation/openpreserve-format-corpus/jhove-errors/PDF-HUL-94/241573_ftp.pdf","F169AE2B3B78C17DEBF8FE31BD4FB53A3154F54B16F38AE373E381159F312417","1041523","added"
"openpreserve-format-corpus","366f068cec399d0cdfd61fa473de3ab6dc858098","sources/openpreserve-format-corpus/extracted/format-corpus-366f068cec399d0cdfd61fa473de3ab6dc858098/office-examples/LibreOffice 3.5.0rc3 OSX/simple.pdf","corpus/conformance/preservation/openpreserve-format-corpus/office-examples/LibreOffice 3.5.0rc3 OSX/simple.pdf","77C969F113BA68B596796062E26748AF4A548D561669DF23C9269AF36536887E","18847","added"
"openpreserve-format-corpus","366f068cec399d0cdfd61fa473de3ab6dc858098","sources/openpreserve-format-corpus/extracted/format-corpus-366f068cec399d0cdfd61fa473de3ab6dc858098/office-examples/OpenOffice.org 3.2.0 OSX/embeds/embedded-lucinda-sans-PDFA-1a.pdf","corpus/conformance/preservation/openpreserve-format-corpus/office-examples/OpenOffice.org 3.2.0 OSX/embeds/embedded-lucinda-sans-PDFA-1a.pdf","A94F1599AA7987531BD99F431BB1BA7508012EB7DB9FFCB8A79F9515556B93AC","32628","added"
"openpreserve-format-corpus","366f068cec399d0cdfd61fa473de3ab6dc858098","sources/openpreserve-format-corpus/extracted/format-corpus-366f068cec399d0cdfd61fa473de3ab6dc858098/office-examples/OpenOffice.org 3.2.0 OSX/embeds/embedded-lucinda-sans.pdf","corpus/conformance/preservation/openpreserve-format-corpus/office-examples/OpenOffice.org 3.2.0 OSX/embeds/embedded-lucinda-sans.pdf","A1557F0CB31AB2824C9CE491FC70465375E80395C1CAC73E3886B7362F43C09B","25608","added"
"openpreserve-format-corpus","366f068cec399d0cdfd61fa473de3ab6dc858098","sources/openpreserve-format-corpus/extracted/format-corpus-366f068cec399d0cdfd61fa473de3ab6dc858098/office-examples/OpenOffice.org 3.2.0 OSX/embeds/embedded-png.pdf","corpus/conformance/preservation/openpreserve-format-corpus/office-examples/OpenOffice.org 3.2.0 OSX/embeds/embedded-png.pdf","DA257315373C0754F11B8E2783DF2753A4559CE9CCD5EDD1BC2F224BD245C474","27779","added"
"openpreserve-format-corpus","366f068cec399d0cdfd61fa473de3ab6dc858098","sources/openpreserve-format-corpus/extracted/format-corpus-366f068cec399d0cdfd61fa473de3ab6dc858098/office-examples/OpenOffice.org 3.2.0 OSX/embeds/embedded-tiff.pdf","corpus/conformance/preservation/openpreserve-format-corpus/office-examples/OpenOffice.org 3.2.0 OSX/embeds/embedded-tiff.pdf","B62C9751AB92483697D3D4D0EA1574F31615ED4F0E4B558AFF144C645C539B65","20781","added"
"openpreserve-format-corpus","366f068cec399d0cdfd61fa473de3ab6dc858098","sources/openpreserve-format-corpus/extracted/format-corpus-366f068cec399d0cdfd61fa473de3ab6dc858098/office-examples/OpenOffice.org 3.2.0 OSX/pdf-features/simple-annotated-in-adobe-x.pdf","corpus/conformance/preservation/openpreserve-format-corpus/office-examples/OpenOffice.org 3.2.0 OSX/pdf-features/simple-annotated-in-adobe-x.pdf","7C785A1C3C5E0C870C8D8933ED52E306A7DE23A29A2136895052471F2860E091","24341","added"
"openpreserve-format-corpus","366f068cec399d0cdfd61fa473de3ab6dc858098","sources/openpreserve-format-corpus/extracted/format-corpus-366f068cec399d0cdfd61fa473de3ab6dc858098/office-examples/OpenOffice.org 3.2.0 OSX/pdf-features/simple-open-nocopy-password.pdf","corpus/conformance/preservation/openpreserve-format-corpus/office-examples/OpenOffice.org 3.2.0 OSX/pdf-features/simple-open-nocopy-password.pdf","04A27D6152195E818C9F28B2B6FDBD7B05F12F823930260FDD19E230A7A30B88","19050","added"
"openpreserve-format-corpus","366f068cec399d0cdfd61fa473de3ab6dc858098","sources/openpreserve-format-corpus/extracted/format-corpus-366f068cec399d0cdfd61fa473de3ab6dc858098/office-examples/OpenOffice.org 3.2.0 OSX/pdf-features/simple-open-password.pdf","corpus/conformance/preservation/openpreserve-format-corpus/office-examples/OpenOffice.org 3.2.0 OSX/pdf-features/simple-open-password.pdf","8423D1FB356EB051CD8D0C0A4D29941722D921B1571E7F2E11D82A32AD10ED90","19051","added"
"openpreserve-format-corpus","366f068cec399d0cdfd61fa473de3ab6dc858098","sources/openpreserve-format-corpus/extracted/format-corpus-366f068cec399d0cdfd61fa473de3ab6dc858098/office-examples/OpenOffice.org 3.2.0 OSX/pdf-features/simple-password-copy.pdf","corpus/conformance/preservation/openpreserve-format-corpus/office-examples/OpenOffice.org 3.2.0 OSX/pdf-features/simple-password-copy.pdf","A1F97F3D276843ED9BDD71F175FA72411D54594A3A813FBF8ECDA4E366647777","19053","added"
"openpreserve-format-corpus","366f068cec399d0cdfd61fa473de3ab6dc858098","sources/openpreserve-format-corpus/extracted/format-corpus-366f068cec399d0cdfd61fa473de3ab6dc858098/office-examples/OpenOffice.org 3.2.0 OSX/pdf-features/simple-password-nocopy.pdf","corpus/conformance/preservation/openpreserve-format-corpus/office-examples/OpenOffice.org 3.2.0 OSX/pdf-features/simple-password-nocopy.pdf","7917CE27400E85E1D04BE342FE148B55156F1A886F17997271E4098ECDFB34C7","19054","added"
"openpreserve-format-corpus","366f068cec399d0cdfd61fa473de3ab6dc858098","sources/openpreserve-format-corpus/extracted/format-corpus-366f068cec399d0cdfd61fa473de3ab6dc858098/office-examples/OpenOffice.org 3.2.0 OSX/pdf-features/simple-PDFA-1a.pdf","corpus/conformance/preservation/openpreserve-format-corpus/office-examples/OpenOffice.org 3.2.0 OSX/pdf-features/simple-PDFA-1a.pdf","CFCDC027B1AAB425FE6BA742A09A70681E6A435DBD25FCBB5110170FC8E14B56","25544","added"
"openpreserve-format-corpus","366f068cec399d0cdfd61fa473de3ab6dc858098","sources/openpreserve-format-corpus/extracted/format-corpus-366f068cec399d0cdfd61fa473de3ab6dc858098/office-examples/OpenOffice.org 3.2.0 OSX/pdf-features/simple.pdf","corpus/conformance/preservation/openpreserve-format-corpus/office-examples/OpenOffice.org 3.2.0 OSX/pdf-features/simple.pdf","3DA32F8E4973BF557EBE06C8CDFA3FC6DDB19991D8A23B6D5FA615DF14EDD545","18876","added"
"openpreserve-format-corpus","366f068cec399d0cdfd61fa473de3ab6dc858098","sources/openpreserve-format-corpus/extracted/format-corpus-366f068cec399d0cdfd61fa473de3ab6dc858098/office-examples/OpenOffice.org 3.3.0 OSX/pdf-features/simple.pdf","corpus/conformance/preservation/openpreserve-format-corpus/office-examples/OpenOffice.org 3.3.0 OSX/pdf-features/simple.pdf","FC24649240406967671343F9BFED55D01E48D95CB58CA3414EDA99BC711714C4","18859","added"
"openpreserve-format-corpus","366f068cec399d0cdfd61fa473de3ab6dc858098","sources/openpreserve-format-corpus/extracted/format-corpus-366f068cec399d0cdfd61fa473de3ab6dc858098/pdf-handbuilt-test-corpus/hello_world.pdf","corpus/conformance/preservation/openpreserve-format-corpus/pdf-handbuilt-test-corpus/hello_world.pdf","51C513B829FD713192E77F04608DCB358240FAB2DE9F7DA2E9216A7321FB27C5","631","added"
"openpreserve-format-corpus","366f068cec399d0cdfd61fa473de3ab6dc858098","sources/openpreserve-format-corpus/extracted/format-corpus-366f068cec399d0cdfd61fa473de3ab6dc858098/pdf-handbuilt-test-corpus/minimal_test.pdf","corpus/conformance/preservation/openpreserve-format-corpus/pdf-handbuilt-test-corpus/minimal_test.pdf","14BCD090BAF31EDBA64E9CBD8CDFC15F943344AA72CB3675AD8E91BFCBCE03AD","15","added"
"openpreserve-format-corpus","366f068cec399d0cdfd61fa473de3ab6dc858098","sources/openpreserve-format-corpus/extracted/format-corpus-366f068cec399d0cdfd61fa473de3ab6dc858098/pdf-handbuilt-test-corpus/T01_001_header-invalid-major-version.pdf","corpus/conformance/preservation/openpreserve-format-corpus/pdf-handbuilt-test-corpus/T01_001_header-invalid-major-version.pdf","D7808CEB645B5D742803560DC0755160958AEE8514C9C5A80178F3C8666D6153","631","added"
"openpreserve-format-corpus","366f068cec399d0cdfd61fa473de3ab6dc858098","sources/openpreserve-format-corpus/extracted/format-corpus-366f068cec399d0cdfd61fa473de3ab6dc858098/pdf-handbuilt-test-corpus/T01_002_header-invalid-minor-version.pdf","corpus/conformance/preservation/openpreserve-format-corpus/pdf-handbuilt-test-corpus/T01_002_header-invalid-minor-version.pdf","922B58998A44B1C47F7F6C6953A9285034D6B63319B909A737029B86F96B2E59","631","added"
"openpreserve-format-corpus","366f068cec399d0cdfd61fa473de3ab6dc858098","sources/openpreserve-format-corpus/extracted/format-corpus-366f068cec399d0cdfd61fa473de3ab6dc858098/pdf-handbuilt-test-corpus/T01_003_header-no-minor-version.pdf","corpus/conformance/preservation/openpreserve-format-corpus/pdf-handbuilt-test-corpus/T01_003_header-no-minor-version.pdf","ECBF0C0A78BE6C3540EF2702217913888C334A4CFC9773E5726AD798482CE3F7","630","added"
"openpreserve-format-corpus","366f068cec399d0cdfd61fa473de3ab6dc858098","sources/openpreserve-format-corpus/extracted/format-corpus-366f068cec399d0cdfd61fa473de3ab6dc858098/pdf-handbuilt-test-corpus/T01_004_header_invalid-syntax-no-dash.pdf","corpus/conformance/preservation/openpreserve-format-corpus/pdf-handbuilt-test-corpus/T01_004_header_invalid-syntax-no-dash.pdf","A0E0A3F707EF718C2AA91EFBCF124489413635E572891A2A243BD030F9259618","630","added"
"openpreserve-format-corpus","366f068cec399d0cdfd61fa473de3ab6dc858098","sources/openpreserve-format-corpus/extracted/format-corpus-366f068cec399d0cdfd61fa473de3ab6dc858098/pdf-handbuilt-test-corpus/T01_005_header-invalid-syntax-replace-char.pdf","corpus/conformance/preservation/openpreserve-format-corpus/pdf-handbuilt-test-corpus/T01_005_header-invalid-syntax-replace-char.pdf","0E773FE6B17B8DFE10C1ED420ABB174860BEF484E2749BDC9C8FB425ABF32C48","631","added"
"openpreserve-format-corpus","366f068cec399d0cdfd61fa473de3ab6dc858098","sources/openpreserve-format-corpus/extracted/format-corpus-366f068cec399d0cdfd61fa473de3ab6dc858098/pdf-handbuilt-test-corpus/T01_006_header-invalid-syntax-no-pdf.pdf","corpus/conformance/preservation/openpreserve-format-corpus/pdf-handbuilt-test-corpus/T01_006_header-invalid-syntax-no-pdf.pdf","B0F13EBCBD4761EC455C937A1EE863E6DEAAA7D1520BE83B4D382549681C79B4","626","added"
"openpreserve-format-corpus","366f068cec399d0cdfd61fa473de3ab6dc858098","sources/openpreserve-format-corpus/extracted/format-corpus-366f068cec399d0cdfd61fa473de3ab6dc858098/pdf-handbuilt-test-corpus/T01_007_header-no-version-info.pdf","corpus/conformance/preservation/openpreserve-format-corpus/pdf-handbuilt-test-corpus/T01_007_header-no-version-info.pdf","0B6872096F8790263D2715AB576D12E7BB699B2DFF83E9E35F5DA03482FD6B5D","622","added"
"openpreserve-format-corpus","366f068cec399d0cdfd61fa473de3ab6dc858098","sources/openpreserve-format-corpus/extracted/format-corpus-366f068cec399d0cdfd61fa473de3ab6dc858098/pdf-handbuilt-test-corpus/T02-01_001_document-catalog-No-document-catalog.pdf","corpus/conformance/preservation/openpreserve-format-corpus/pdf-handbuilt-test-corpus/T02-01_001_document-catalog-No-document-catalog.pdf","0B2A68F4B04FE2163AD32B2F5EB730B72D0969F4E19AD3AB4828BD8786D37701","584","added"
"openpreserve-format-corpus","366f068cec399d0cdfd61fa473de3ab6dc858098","sources/openpreserve-format-corpus/extracted/format-corpus-366f068cec399d0cdfd61fa473de3ab6dc858098/pdf-handbuilt-test-corpus/T02-01_002_document-catalog-wrong-object-number.pdf","corpus/conformance/preservation/openpreserve-format-corpus/pdf-handbuilt-test-corpus/T02-01_002_document-catalog-wrong-object-number.pdf","B8AF1114D2EA4B3121E3205629EFC1C8D68281605308D29499AC39997187A5B5","629","added"
"openpreserve-format-corpus","366f068cec399d0cdfd61fa473de3ab6dc858098","sources/openpreserve-format-corpus/extracted/format-corpus-366f068cec399d0cdfd61fa473de3ab6dc858098/pdf-handbuilt-test-corpus/T02-01_003_document-catalog-indirecte-pages-reference-missing.pdf","corpus/conformance/preservation/openpreserve-format-corpus/pdf-handbuilt-test-corpus/T02-01_003_document-catalog-indirecte-pages-reference-missing.pdf","D9C8F22ACFC0C70098AC1C150C674A8F60E03837D29F87202423F29463EE34EF","617","added"
"openpreserve-format-corpus","366f068cec399d0cdfd61fa473de3ab6dc858098","sources/openpreserve-format-corpus/extracted/format-corpus-366f068cec399d0cdfd61fa473de3ab6dc858098/pdf-handbuilt-test-corpus/T02-01_004_document-catalog-incorrect-pages-reference.pdf","corpus/conformance/preservation/openpreserve-format-corpus/pdf-handbuilt-test-corpus/T02-01_004_document-catalog-incorrect-pages-reference.pdf","3071D79C2D49C1FAF222F25E2AA1CEFBE16EC49D0AE5677DFC7C2546EA1ABEEB","629","added"
"openpreserve-format-corpus","366f068cec399d0cdfd61fa473de3ab6dc858098","sources/openpreserve-format-corpus/extracted/format-corpus-366f068cec399d0cdfd61fa473de3ab6dc858098/pdf-handbuilt-test-corpus/T02-01_005_document-catalog-type-key-missing.pdf","corpus/conformance/preservation/openpreserve-format-corpus/pdf-handbuilt-test-corpus/T02-01_005_document-catalog-type-key-missing.pdf","C6068B123B2F7C137EA20B55BB0BE59675ADA3839B625C34086ED7D44124F1D5","623","added"
"openpreserve-format-corpus","366f068cec399d0cdfd61fa473de3ab6dc858098","sources/openpreserve-format-corpus/extracted/format-corpus-366f068cec399d0cdfd61fa473de3ab6dc858098/pdf-handbuilt-test-corpus/T02-01_006_document-catalog-wrong-type-key.pdf","corpus/conformance/preservation/openpreserve-format-corpus/pdf-handbuilt-test-corpus/T02-01_006_document-catalog-wrong-type-key.pdf","B64C089B058BC53E689095D8052C8DE263AEC1CC766D77CC899C2CA916F90799","626","added"
"openpreserve-format-corpus","366f068cec399d0cdfd61fa473de3ab6dc858098","sources/openpreserve-format-corpus/extracted/format-corpus-366f068cec399d0cdfd61fa473de3ab6dc858098/pdf-handbuilt-test-corpus/T02-01_007_document-catalog-type-key-value-pair-missing.pdf","corpus/conformance/preservation/openpreserve-format-corpus/pdf-handbuilt-test-corpus/T02-01_007_document-catalog-type-key-value-pair-missing.pdf","32996D6807253CD0AD2111D950AC2B21722E79A2AE7AC9F1121EECB1624F17ED","614","added"
"openpreserve-format-corpus","366f068cec399d0cdfd61fa473de3ab6dc858098","sources/openpreserve-format-corpus/extracted/format-corpus-366f068cec399d0cdfd61fa473de3ab6dc858098/pdf-handbuilt-test-corpus/T02-02_001_no-page-tree-node.pdf","corpus/conformance/preservation/openpreserve-format-corpus/pdf-handbuilt-test-corpus/T02-02_001_no-page-tree-node.pdf","AE416C1D64740D827827B63B37DFCF87DC20336EFB966AC89875EDE5B84C0B79","577","added"
"openpreserve-format-corpus","366f068cec399d0cdfd61fa473de3ab6dc858098","sources/openpreserve-format-corpus/extracted/format-corpus-366f068cec399d0cdfd61fa473de3ab6dc858098/pdf-handbuilt-test-corpus/T02-02_002_page-tree-kids-links-recursive.pdf","corpus/conformance/preservation/openpreserve-format-corpus/pdf-handbuilt-test-corpus/T02-02_002_page-tree-kids-links-recursive.pdf","65060FD62966AE8DE29E897D26DEBEE0CE90C97022BB034E6BF611321444E572","629","added"
"openpreserve-format-corpus","366f068cec399d0cdfd61fa473de3ab6dc858098","sources/openpreserve-format-corpus/extracted/format-corpus-366f068cec399d0cdfd61fa473de3ab6dc858098/pdf-handbuilt-test-corpus/T02-02_003_page-tree-different-kids.pdf","corpus/conformance/preservation/openpreserve-format-corpus/pdf-handbuilt-test-corpus/T02-02_003_page-tree-different-kids.pdf","94F5FD182E54F9F3978CE107F2C4AFBAFB8DC3C8906863AF3B46E3020A1B1B76","641","added"
"openpreserve-format-corpus","366f068cec399d0cdfd61fa473de3ab6dc858098","sources/openpreserve-format-corpus/extracted/format-corpus-366f068cec399d0cdfd61fa473de3ab6dc858098/pdf-handbuilt-test-corpus/T02-02_004_page-tree-non-existing-object-as-kid.pdf","corpus/conformance/preservation/openpreserve-format-corpus/pdf-handbuilt-test-corpus/T02-02_004_page-tree-non-existing-object-as-kid.pdf","84348484865833B0F5E007AEF6E9ED197074A36477F54A4767588E84612E9969","629","added"
"openpreserve-format-corpus","366f068cec399d0cdfd61fa473de3ab6dc858098","sources/openpreserve-format-corpus/extracted/format-corpus-366f068cec399d0cdfd61fa473de3ab6dc858098/pdf-handbuilt-test-corpus/T02-02_005_page-tree-no-kids.pdf","corpus/conformance/preservation/openpreserve-format-corpus/pdf-handbuilt-test-corpus/T02-02_005_page-tree-no-kids.pdf","19E9C844F73A624E1CAF710193BB5E8513C0ED6160EF67B11778BEF35C3D9522","616","added"
"openpreserve-format-corpus","366f068cec399d0cdfd61fa473de3ab6dc858098","sources/openpreserve-format-corpus/extracted/format-corpus-366f068cec399d0cdfd61fa473de3ab6dc858098/pdf-handbuilt-test-corpus/T02-02_006_page-tree-no-type.pdf","corpus/conformance/preservation/openpreserve-format-corpus/pdf-handbuilt-test-corpus/T02-02_006_page-tree-no-type.pdf","6C18A0051D595BC602B0E3815EAB2205606FCAC3B0205198A0CBC95A5E9B0D1F","617","added"
"openpreserve-format-corpus","366f068cec399d0cdfd61fa473de3ab6dc858098","sources/openpreserve-format-corpus/extracted/format-corpus-366f068cec399d0cdfd61fa473de3ab6dc858098/pdf-handbuilt-test-corpus/T02-02_007_page-tree-wrong-count.pdf","corpus/conformance/preservation/openpreserve-format-corpus/pdf-handbuilt-test-corpus/T02-02_007_page-tree-wrong-count.pdf","F1F2936733DE4C727AD08A8273D32646BD150E9F7C24A7988A863FDF1D31315F","629","added"
"openpreserve-format-corpus","366f068cec399d0cdfd61fa473de3ab6dc858098","sources/openpreserve-format-corpus/extracted/format-corpus-366f068cec399d0cdfd61fa473de3ab6dc858098/pdf-handbuilt-test-corpus/T02-02_008_page-tree-node-no-count.pdf","corpus/conformance/preservation/openpreserve-format-corpus/pdf-handbuilt-test-corpus/T02-02_008_page-tree-node-no-count.pdf","3197B5C8522F2881DC7172B9300B6AD243D0F190CD374B4BD13CD0A66CE07C07","621","added"
"openpreserve-format-corpus","366f068cec399d0cdfd61fa473de3ab6dc858098","sources/openpreserve-format-corpus/extracted/format-corpus-366f068cec399d0cdfd61fa473de3ab6dc858098/pdf-handbuilt-test-corpus/T02-02_009_page-tree-wrong-type.pdf","corpus/conformance/preservation/openpreserve-format-corpus/pdf-handbuilt-test-corpus/T02-02_009_page-tree-wrong-type.pdf","2A07F158CEB1D79C87D8533EB425BE4CE82090CDA0A3D6B3845CA57B7ECDD858","629","added"
"openpreserve-format-corpus","366f068cec399d0cdfd61fa473de3ab6dc858098","sources/openpreserve-format-corpus/extracted/format-corpus-366f068cec399d0cdfd61fa473de3ab6dc858098/pdf-handbuilt-test-corpus/T02-03_001_page-object-no-type.pdf","corpus/conformance/preservation/openpreserve-format-corpus/pdf-handbuilt-test-corpus/T02-03_001_page-object-no-type.pdf","8EF52FBED65FB1D6CF4060A78512098C4EADAE243CCB69B6BC5B30E7A27FDBA7","618","added"
"openpreserve-format-corpus","366f068cec399d0cdfd61fa473de3ab6dc858098","sources/openpreserve-format-corpus/extracted/format-corpus-366f068cec399d0cdfd61fa473de3ab6dc858098/pdf-handbuilt-test-corpus/T02-03_002_page-object-wrong-type.pdf","corpus/conformance/preservation/openpreserve-format-corpus/pdf-handbuilt-test-corpus/T02-03_002_page-object-wrong-type.pdf","C6CEFB37763759222071BBC5D3D5A1E6F4433BFAD5407059A6C5FF9DC050E24C","629","added"
"openpreserve-format-corpus","366f068cec399d0cdfd61fa473de3ab6dc858098","sources/openpreserve-format-corpus/extracted/format-corpus-366f068cec399d0cdfd61fa473de3ab6dc858098/pdf-handbuilt-test-corpus/T02-03_003_page-object-no-parent.pdf","corpus/conformance/preservation/openpreserve-format-corpus/pdf-handbuilt-test-corpus/T02-03_003_page-object-no-parent.pdf","769EDCEE9328897AA7E028641AF5805AF42A67C534AA7D525382D1D164D04C03","616","added"
"openpreserve-format-corpus","366f068cec399d0cdfd61fa473de3ab6dc858098","sources/openpreserve-format-corpus/extracted/format-corpus-366f068cec399d0cdfd61fa473de3ab6dc858098/pdf-handbuilt-test-corpus/T02-03_004_page-object-wrong-parent.pdf","corpus/conformance/preservation/openpreserve-format-corpus/pdf-handbuilt-test-corpus/T02-03_004_page-object-wrong-parent.pdf","4CB7721054B134AA1C58D9B1451021A311F1A4B329621D2AA6F0148530B45B09","629","added"
"openpreserve-format-corpus","366f068cec399d0cdfd61fa473de3ab6dc858098","sources/openpreserve-format-corpus/extracted/format-corpus-366f068cec399d0cdfd61fa473de3ab6dc858098/pdf-handbuilt-test-corpus/T02-03_005_page-object-parent-contains-array.pdf","corpus/conformance/preservation/openpreserve-format-corpus/pdf-handbuilt-test-corpus/T02-03_005_page-object-parent-contains-array.pdf","CB7EB5978BBB684AD217E41F286738BE331E942B34B261E9398D48EDD1F51A34","637","added"
"openpreserve-format-corpus","366f068cec399d0cdfd61fa473de3ab6dc858098","sources/openpreserve-format-corpus/extracted/format-corpus-366f068cec399d0cdfd61fa473de3ab6dc858098/pdf-handbuilt-test-corpus/T02-03_006_page-object-missing.pdf","corpus/conformance/preservation/openpreserve-format-corpus/pdf-handbuilt-test-corpus/T02-03_006_page-object-missing.pdf","43CE91F7D31E9EF405F39D1D3A41BF8641ABF56D4543B6ACF04D710C48BAE9C8","522","added"
"openpreserve-format-corpus","366f068cec399d0cdfd61fa473de3ab6dc858098","sources/openpreserve-format-corpus/extracted/format-corpus-366f068cec399d0cdfd61fa473de3ab6dc858098/pdf-handbuilt-test-corpus/T02-03_007_page-object-resources-wrong-object.pdf","corpus/conformance/preservation/openpreserve-format-corpus/pdf-handbuilt-test-corpus/T02-03_007_page-object-resources-wrong-object.pdf","BB51957908B2B56B6A0E518BCA8287CFB76C181437AD69EC9116A94EF60C7697","629","added"
"openpreserve-format-corpus","366f068cec399d0cdfd61fa473de3ab6dc858098","sources/openpreserve-format-corpus/extracted/format-corpus-366f068cec399d0cdfd61fa473de3ab6dc858098/pdf-handbuilt-test-corpus/T02-03_008_page-object-mediabox-missing.pdf","corpus/conformance/preservation/openpreserve-format-corpus/pdf-handbuilt-test-corpus/T02-03_008_page-object-mediabox-missing.pdf","0233DB11499FFBDE327FF962B5DD3292D5389FA7D538C095616DBB5D0F38C082","606","added"
"openpreserve-format-corpus","366f068cec399d0cdfd61fa473de3ab6dc858098","sources/openpreserve-format-corpus/extracted/format-corpus-366f068cec399d0cdfd61fa473de3ab6dc858098/pdf-handbuilt-test-corpus/T02-03_009_page-object-mediabox-not-rectangle.pdf","corpus/conformance/preservation/openpreserve-format-corpus/pdf-handbuilt-test-corpus/T02-03_009_page-object-mediabox-not-rectangle.pdf","6EB994497F3C271BC80A8CBE384C84712ABE0778F177645D8E24DF8E0756802B","627","added"
"openpreserve-format-corpus","366f068cec399d0cdfd61fa473de3ab6dc858098","sources/openpreserve-format-corpus/extracted/format-corpus-366f068cec399d0cdfd61fa473de3ab6dc858098/pdf-handbuilt-test-corpus/T02-03_010_page-object-missing-contents.pdf","corpus/conformance/preservation/openpreserve-format-corpus/pdf-handbuilt-test-corpus/T02-03_010_page-object-missing-contents.pdf","8D9A2373493F3921DCAF359DBA467A5E0DEDAD9D54E1757FAC9A75F53B58DBAE","612","added"
"openpreserve-format-corpus","366f068cec399d0cdfd61fa473de3ab6dc858098","sources/openpreserve-format-corpus/extracted/format-corpus-366f068cec399d0cdfd61fa473de3ab6dc858098/pdf-handbuilt-test-corpus/T02-03_011_page-object-wrong-contents-reference.pdf","corpus/conformance/preservation/openpreserve-format-corpus/pdf-handbuilt-test-corpus/T02-03_011_page-object-wrong-contents-reference.pdf","FCFE2578128CAB0843FA70134756773B74262368D98C0237D05EC2145663078A","629","added"
"openpreserve-format-corpus","366f068cec399d0cdfd61fa473de3ab6dc858098","sources/openpreserve-format-corpus/extracted/format-corpus-366f068cec399d0cdfd61fa473de3ab6dc858098/pdf-handbuilt-test-corpus/T02-03_012_page-object-resources-missing.pdf","corpus/conformance/preservation/openpreserve-format-corpus/pdf-handbuilt-test-corpus/T02-03_012_page-object-resources-missing.pdf","B45910F55A3CD9FACE1A40D5725A470ED22D3B96DBCD178F9E389A3754A3D250","613","added"
"openpreserve-format-corpus","366f068cec399d0cdfd61fa473de3ab6dc858098","sources/openpreserve-format-corpus/extracted/format-corpus-366f068cec399d0cdfd61fa473de3ab6dc858098/pdf-handbuilt-test-corpus/T02-04-01_001_resources-basefont-missing.pdf","corpus/conformance/preservation/openpreserve-format-corpus/pdf-handbuilt-test-corpus/T02-04-01_001_resources-basefont-missing.pdf","84C38A79984A2E0AF92EBBEC4B94181A32335E2C1CC7EC270B523CFC56A15062","606","added"
"openpreserve-format-corpus","366f068cec399d0cdfd61fa473de3ab6dc858098","sources/openpreserve-format-corpus/extracted/format-corpus-366f068cec399d0cdfd61fa473de3ab6dc858098/pdf-handbuilt-test-corpus/T02-04-01_002_resources-basefont-wrong-font.pdf","corpus/conformance/preservation/openpreserve-format-corpus/pdf-handbuilt-test-corpus/T02-04-01_002_resources-basefont-wrong-font.pdf","6CDB9F2A0CCE45D4E9E0D6077EBD335CE3E5C81DD1FBD5E0A35884CEE211A976","626","added"
"openpreserve-format-corpus","366f068cec399d0cdfd61fa473de3ab6dc858098","sources/openpreserve-format-corpus/extracted/format-corpus-366f068cec399d0cdfd61fa473de3ab6dc858098/pdf-handbuilt-test-corpus/T02-04-01_003_resources-type-missing.pdf","corpus/conformance/preservation/openpreserve-format-corpus/pdf-handbuilt-test-corpus/T02-04-01_003_resources-type-missing.pdf","F28761139DCDEFD3E0122C6CF6DEA65B859A55EE2DF1B912DB7E0010C95E76E9","618","added"
"openpreserve-format-corpus","366f068cec399d0cdfd61fa473de3ab6dc858098","sources/openpreserve-format-corpus/extracted/format-corpus-366f068cec399d0cdfd61fa473de3ab6dc858098/pdf-handbuilt-test-corpus/T02-04-01_004_resources-wrong-declaration-type.pdf","corpus/conformance/preservation/openpreserve-format-corpus/pdf-handbuilt-test-corpus/T02-04-01_004_resources-wrong-declaration-type.pdf","7DFE5802079C334CFA7A510A929B2B21057761B7E05834DC444A26DFB5CDDFFD","629","added"
"openpreserve-format-corpus","366f068cec399d0cdfd61fa473de3ab6dc858098","sources/openpreserve-format-corpus/extracted/format-corpus-366f068cec399d0cdfd61fa473de3ab6dc858098/pdf-handbuilt-test-corpus/T02-04-01_005_resources-subtype-missing.pdf","corpus/conformance/preservation/openpreserve-format-corpus/pdf-handbuilt-test-corpus/T02-04-01_005_resources-subtype-missing.pdf","392D8AD742ACDE359C7AA982B5BB3C6AE47E71502E84D86FD7BED738F4DFD40D","614","added"
"openpreserve-format-corpus","366f068cec399d0cdfd61fa473de3ab6dc858098","sources/openpreserve-format-corpus/extracted/format-corpus-366f068cec399d0cdfd61fa473de3ab6dc858098/pdf-handbuilt-test-corpus/T02-04-01_006_resources_subtype_wrong.pdf","corpus/conformance/preservation/openpreserve-format-corpus/pdf-handbuilt-test-corpus/T02-04-01_006_resources_subtype_wrong.pdf","DB1C96D060D219C36D078A4847EE86942C88E74B27D129FD4DC8F3EF65E2E046","629","added"
"openpreserve-format-corpus","366f068cec399d0cdfd61fa473de3ab6dc858098","sources/openpreserve-format-corpus/extracted/format-corpus-366f068cec399d0cdfd61fa473de3ab6dc858098/pdf-handbuilt-test-corpus/T02-05-01_001_Stream-BT-missing.pdf","corpus/conformance/preservation/openpreserve-format-corpus/pdf-handbuilt-test-corpus/T02-05-01_001_Stream-BT-missing.pdf","77DDD56540762A0C21173D964D44C5AB4D70DD3E893C2C24BD403C798AA00C02","628","added"
"openpreserve-format-corpus","366f068cec399d0cdfd61fa473de3ab6dc858098","sources/openpreserve-format-corpus/extracted/format-corpus-366f068cec399d0cdfd61fa473de3ab6dc858098/pdf-handbuilt-test-corpus/T02-05-01_002_Stream-ET-missing.pdf","corpus/conformance/preservation/openpreserve-format-corpus/pdf-handbuilt-test-corpus/T02-05-01_002_Stream-ET-missing.pdf","CDF9860F87D963EAE97BE3A6CB4111313952076AAAB1A184946D4558E68F15BA","628","added"
"openpreserve-format-corpus","366f068cec399d0cdfd61fa473de3ab6dc858098","sources/openpreserve-format-corpus/extracted/format-corpus-366f068cec399d0cdfd61fa473de3ab6dc858098/pdf-handbuilt-test-corpus/T02-05-01_003_Stream-BT-and-ET-missing.pdf","corpus/conformance/preservation/openpreserve-format-corpus/pdf-handbuilt-test-corpus/T02-05-01_003_Stream-BT-and-ET-missing.pdf","AC7BD7BEBD67E1DAF4BFE4D241AC17189DCFBB808666E957F106A547A0432B79","626","added"
"openpreserve-format-corpus","366f068cec399d0cdfd61fa473de3ab6dc858098","sources/openpreserve-format-corpus/extracted/format-corpus-366f068cec399d0cdfd61fa473de3ab6dc858098/pdf-handbuilt-test-corpus/T02-05-01_004_Font-name-operator--missing.pdf","corpus/conformance/preservation/openpreserve-format-corpus/pdf-handbuilt-test-corpus/T02-05-01_004_Font-name-operator--missing.pdf","C803542A7D1B458F8C358B39DEB479BFBBF4BDE261782BFE3B448F16076CB335","626","added"
"openpreserve-format-corpus","366f068cec399d0cdfd61fa473de3ab6dc858098","sources/openpreserve-format-corpus/extracted/format-corpus-366f068cec399d0cdfd61fa473de3ab6dc858098/pdf-handbuilt-test-corpus/T02-05-01_005_invalid-Font-name-operator.pdf","corpus/conformance/preservation/openpreserve-format-corpus/pdf-handbuilt-test-corpus/T02-05-01_005_invalid-Font-name-operator.pdf","002A09DC4785DE65E6318B1E80131F49CE6027BF4786624345D49B149D38F680","630","added"
"openpreserve-format-corpus","366f068cec399d0cdfd61fa473de3ab6dc858098","sources/openpreserve-format-corpus/extracted/format-corpus-366f068cec399d0cdfd61fa473de3ab6dc858098/pdf-handbuilt-test-corpus/T02-05-01_006_font-size-operator-missing.pdf","corpus/conformance/preservation/openpreserve-format-corpus/pdf-handbuilt-test-corpus/T02-05-01_006_font-size-operator-missing.pdf","6F11E1E616A423AD1EF5A1E2C5BEB64FB97026398F1DB19D34D1D062AF7EB791","628","added"
"openpreserve-format-corpus","366f068cec399d0cdfd61fa473de3ab6dc858098","sources/openpreserve-format-corpus/extracted/format-corpus-366f068cec399d0cdfd61fa473de3ab6dc858098/pdf-handbuilt-test-corpus/T02-05-01_007_invalid-font-size-operator.pdf","corpus/conformance/preservation/openpreserve-format-corpus/pdf-handbuilt-test-corpus/T02-05-01_007_invalid-font-size-operator.pdf","53E7EABCD8B33CE1230D348A9F64FA274B384395316A7512A943DE13CFE0EF35","636","added"
"openpreserve-format-corpus","366f068cec399d0cdfd61fa473de3ab6dc858098","sources/openpreserve-format-corpus/extracted/format-corpus-366f068cec399d0cdfd61fa473de3ab6dc858098/pdf-handbuilt-test-corpus/T02-05-01_008_Font-set-operator-missing.pdf","corpus/conformance/preservation/openpreserve-format-corpus/pdf-handbuilt-test-corpus/T02-05-01_008_Font-set-operator-missing.pdf","E8C76ECCCA038C0AC458847D57B38AEA6EFFF5183F9C12612A6AAD0C84776CFA","628","added"
"openpreserve-format-corpus","366f068cec399d0cdfd61fa473de3ab6dc858098","sources/openpreserve-format-corpus/extracted/format-corpus-366f068cec399d0cdfd61fa473de3ab6dc858098/pdf-handbuilt-test-corpus/T02-05-01_009_Missing_open_paranthesis.pdf","corpus/conformance/preservation/openpreserve-format-corpus/pdf-handbuilt-test-corpus/T02-05-01_009_Missing_open_paranthesis.pdf","808327ADFD15780DFD3A258E6F0FF9D99B045C8D9242906F0D59A2B7E731359F","629","added"
"openpreserve-format-corpus","366f068cec399d0cdfd61fa473de3ab6dc858098","sources/openpreserve-format-corpus/extracted/format-corpus-366f068cec399d0cdfd61fa473de3ab6dc858098/pdf-handbuilt-test-corpus/T02-05-01_010_Missing_closing_paranthesis.pdf","corpus/conformance/preservation/openpreserve-format-corpus/pdf-handbuilt-test-corpus/T02-05-01_010_Missing_closing_paranthesis.pdf","7BEA1D5EF79BD7851CE4ED0DF2CF6DFFE46D9EEB1AB43054D795F7EB2303A39D","629","added"
"openpreserve-format-corpus","366f068cec399d0cdfd61fa473de3ab6dc858098","sources/openpreserve-format-corpus/extracted/format-corpus-366f068cec399d0cdfd61fa473de3ab6dc858098/pdf-handbuilt-test-corpus/T02-05-01_011_paranthesis-substituted-with-brackets.pdf","corpus/conformance/preservation/openpreserve-format-corpus/pdf-handbuilt-test-corpus/T02-05-01_011_paranthesis-substituted-with-brackets.pdf","89186B18FA9276466E161C5FDD9F2453F668B157B5379BF2DA700F0B068514D1","630","added"
"openpreserve-format-corpus","366f068cec399d0cdfd61fa473de3ab6dc858098","sources/openpreserve-format-corpus/extracted/format-corpus-366f068cec399d0cdfd61fa473de3ab6dc858098/pdf-handbuilt-test-corpus/T02-05-01_012_text-show-operator-missing.pdf","corpus/conformance/preservation/openpreserve-format-corpus/pdf-handbuilt-test-corpus/T02-05-01_012_text-show-operator-missing.pdf","F6EBBDE21F3EF0CE30E202AA90C03842D39E02E06F201A828CDDAF0434ADC380","628","added"
"openpreserve-format-corpus","366f068cec399d0cdfd61fa473de3ab6dc858098","sources/openpreserve-format-corpus/extracted/format-corpus-366f068cec399d0cdfd61fa473de3ab6dc858098/pdf-handbuilt-test-corpus/T02-05-01_013_stream-keyword-missing.pdf","corpus/conformance/preservation/openpreserve-format-corpus/pdf-handbuilt-test-corpus/T02-05-01_013_stream-keyword-missing.pdf","C779E714B10A5D7DCB2AB0F3124D883F3BEB468C7094A12371CF2EC664F64967","624","added"
"openpreserve-format-corpus","366f068cec399d0cdfd61fa473de3ab6dc858098","sources/openpreserve-format-corpus/extracted/format-corpus-366f068cec399d0cdfd61fa473de3ab6dc858098/pdf-handbuilt-test-corpus/T02-05-01_014_endstream-keyword-missing.pdf","corpus/conformance/preservation/openpreserve-format-corpus/pdf-handbuilt-test-corpus/T02-05-01_014_endstream-keyword-missing.pdf","846106BF5713DD4834D08DFE37D25B6CDB2CE944023E0DD303F9A7D50C28BE68","620","added"
"openpreserve-format-corpus","366f068cec399d0cdfd61fa473de3ab6dc858098","sources/openpreserve-format-corpus/extracted/format-corpus-366f068cec399d0cdfd61fa473de3ab6dc858098/pdf-handbuilt-test-corpus/T02-05-01_015_invalid-stream-length-in-dictionary.pdf","corpus/conformance/preservation/openpreserve-format-corpus/pdf-handbuilt-test-corpus/T02-05-01_015_invalid-stream-length-in-dictionary.pdf","33A45A45BF1C05C769819AF19932FFD7AA3C0D0AB63C1D861B35BE91FE6BDCDC","631","added"
"openpreserve-format-corpus","366f068cec399d0cdfd61fa473de3ab6dc858098","sources/openpreserve-format-corpus/extracted/format-corpus-366f068cec399d0cdfd61fa473de3ab6dc858098/pdf-handbuilt-test-corpus/T02-05-01_016_stream-length-missing-in-dictionary.pdf","corpus/conformance/preservation/openpreserve-format-corpus/pdf-handbuilt-test-corpus/T02-05-01_016_stream-length-missing-in-dictionary.pdf","9E12CF1CDC572AF01CB33DE2944C43D2174A6FFE17AD3863EB14EB5FE866D3F2","619","added"
"openpreserve-format-corpus","366f068cec399d0cdfd61fa473de3ab6dc858098","sources/openpreserve-format-corpus/extracted/format-corpus-366f068cec399d0cdfd61fa473de3ab6dc858098/pdf-handbuilt-test-corpus/T02-05-01_017_bytes-between-endstream-endobj.pdf","corpus/conformance/preservation/openpreserve-format-corpus/pdf-handbuilt-test-corpus/T02-05-01_017_bytes-between-endstream-endobj.pdf","BED6BCDAF7ACE56A064F9383570613F2FC2A103336A43AF971FECDBB2C6B7F80","635","added"
"openpreserve-format-corpus","366f068cec399d0cdfd61fa473de3ab6dc858098","sources/openpreserve-format-corpus/extracted/format-corpus-366f068cec399d0cdfd61fa473de3ab6dc858098/pdf-handbuilt-test-corpus/T02-05-01_018_position-information-missing.pdf","corpus/conformance/preservation/openpreserve-format-corpus/pdf-handbuilt-test-corpus/T02-05-01_018_position-information-missing.pdf","252F71F0F4F7DC1B0E7C3561A36B89C2D0DC471988604406083DA4A8CCB79663","608","added"
"openpreserve-format-corpus","366f068cec399d0cdfd61fa473de3ab6dc858098","sources/openpreserve-format-corpus/extracted/format-corpus-366f068cec399d0cdfd61fa473de3ab6dc858098/pdf-handbuilt-test-corpus/T03_001_no-cross-reference-table.pdf","corpus/conformance/preservation/openpreserve-format-corpus/pdf-handbuilt-test-corpus/T03_001_no-cross-reference-table.pdf","49DBC9AF115C718C89E0F79E400566BCF6CC9440250DB331E64218E6DFD80DE6","503","added"
"openpreserve-format-corpus","366f068cec399d0cdfd61fa473de3ab6dc858098","sources/openpreserve-format-corpus/extracted/format-corpus-366f068cec399d0cdfd61fa473de3ab6dc858098/pdf-handbuilt-test-corpus/T03_002_xref-keyword-missing.pdf","corpus/conformance/preservation/openpreserve-format-corpus/pdf-handbuilt-test-corpus/T03_002_xref-keyword-missing.pdf","78BF1ED716CB9C228ACE38D78189268E3A8E03510AAA8644049C599B35FA4314","627","added"
"openpreserve-format-corpus","366f068cec399d0cdfd61fa473de3ab6dc858098","sources/openpreserve-format-corpus/extracted/format-corpus-366f068cec399d0cdfd61fa473de3ab6dc858098/pdf-handbuilt-test-corpus/T03_003_number-of-entries-missing.pdf","corpus/conformance/preservation/openpreserve-format-corpus/pdf-handbuilt-test-corpus/T03_003_number-of-entries-missing.pdf","1300797453B8B02EA7F8A1B2F1327AC6470BE81D7BA376F98CC72D71D3D7375D","630","added"
"openpreserve-format-corpus","366f068cec399d0cdfd61fa473de3ab6dc858098","sources/openpreserve-format-corpus/extracted/format-corpus-366f068cec399d0cdfd61fa473de3ab6dc858098/pdf-handbuilt-test-corpus/T03_004_number-of-entries-too-many.pdf","corpus/conformance/preservation/openpreserve-format-corpus/pdf-handbuilt-test-corpus/T03_004_number-of-entries-too-many.pdf","9BD7914C42F7C87CB4D7356E4F3BAE7C3FD11A44E5433238E9B56FC508A96BE1","631","added"
"openpreserve-format-corpus","366f068cec399d0cdfd61fa473de3ab6dc858098","sources/openpreserve-format-corpus/extracted/format-corpus-366f068cec399d0cdfd61fa473de3ab6dc858098/pdf-handbuilt-test-corpus/T03_005_number-of-entries-too-few.pdf","corpus/conformance/preservation/openpreserve-format-corpus/pdf-handbuilt-test-corpus/T03_005_number-of-entries-too-few.pdf","861021BC96B8B251A104236799AE85EA0EC612D0B688D7BF8F96D57EBCBE1250","631","added"
"openpreserve-format-corpus","366f068cec399d0cdfd61fa473de3ab6dc858098","sources/openpreserve-format-corpus/extracted/format-corpus-366f068cec399d0cdfd61fa473de3ab6dc858098/pdf-handbuilt-test-corpus/T03_006_offset_missing.pdf","corpus/conformance/preservation/openpreserve-format-corpus/pdf-handbuilt-test-corpus/T03_006_offset_missing.pdf","7834041B8D4640C7D3223BC757A185C667202BF680CF3BF5090193F253437BDE","611","added"
"openpreserve-format-corpus","366f068cec399d0cdfd61fa473de3ab6dc858098","sources/openpreserve-format-corpus/extracted/format-corpus-366f068cec399d0cdfd61fa473de3ab6dc858098/pdf-handbuilt-test-corpus/T03_007_offset_wrong.pdf","corpus/conformance/preservation/openpreserve-format-corpus/pdf-handbuilt-test-corpus/T03_007_offset_wrong.pdf","7FAB2D5D8B21F54CE65FDA973EDF04900138282B5607C48E1338CE13496C6305","631","added"
"openpreserve-format-corpus","366f068cec399d0cdfd61fa473de3ab6dc858098","sources/openpreserve-format-corpus/extracted/format-corpus-366f068cec399d0cdfd61fa473de3ab6dc858098/pdf-handbuilt-test-corpus/T03_008_entry-offset-too-short.pdf","corpus/conformance/preservation/openpreserve-format-corpus/pdf-handbuilt-test-corpus/T03_008_entry-offset-too-short.pdf","EF6C1548A5C6FAC493CDB917C1C2DAE4841E1445E75D6177375B15DDD5EBDB14","629","added"
"openpreserve-format-corpus","366f068cec399d0cdfd61fa473de3ab6dc858098","sources/openpreserve-format-corpus/extracted/format-corpus-366f068cec399d0cdfd61fa473de3ab6dc858098/pdf-handbuilt-test-corpus/T03_009_invalid-keyword-entry.pdf","corpus/conformance/preservation/openpreserve-format-corpus/pdf-handbuilt-test-corpus/T03_009_invalid-keyword-entry.pdf","BB0286ED5D41BDDECDB19364E194A189C691ECC932FF6496D8E4E4118893652A","630","added"
"openpreserve-format-corpus","366f068cec399d0cdfd61fa473de3ab6dc858098","sources/openpreserve-format-corpus/extracted/format-corpus-366f068cec399d0cdfd61fa473de3ab6dc858098/pdf-handbuilt-test-corpus/T03_010_wrong-generation-number.pdf","corpus/conformance/preservation/openpreserve-format-corpus/pdf-handbuilt-test-corpus/T03_010_wrong-generation-number.pdf","27D4A7FC048CEA115AE203205C49D325C8D1B8E99193910ACE582DC3860CED21","631","added"
"openpreserve-format-corpus","366f068cec399d0cdfd61fa473de3ab6dc858098","sources/openpreserve-format-corpus/extracted/format-corpus-366f068cec399d0cdfd61fa473de3ab6dc858098/pdf-handbuilt-test-corpus/T04_001_EOF-not-standalone.pdf","corpus/conformance/preservation/openpreserve-format-corpus/pdf-handbuilt-test-corpus/T04_001_EOF-not-standalone.pdf","BA020BA6353833755A9C70A15D9DFA49EF7B446039E3CD296428790F2FA2C653","630","added"
"openpreserve-format-corpus","366f068cec399d0cdfd61fa473de3ab6dc858098","sources/openpreserve-format-corpus/extracted/format-corpus-366f068cec399d0cdfd61fa473de3ab6dc858098/pdf-handbuilt-test-corpus/T04_002_EOF-missing.pdf","corpus/conformance/preservation/openpreserve-format-corpus/pdf-handbuilt-test-corpus/T04_002_EOF-missing.pdf","B0CF2BC52BF9182CE98FD006EEA5079E95AAF854A83172A304B04FCBE7219CE1","626","added"
"openpreserve-format-corpus","366f068cec399d0cdfd61fa473de3ab6dc858098","sources/openpreserve-format-corpus/extracted/format-corpus-366f068cec399d0cdfd61fa473de3ab6dc858098/pdf-handbuilt-test-corpus/T04_003_EOF-incomplete-EO.pdf","corpus/conformance/preservation/openpreserve-format-corpus/pdf-handbuilt-test-corpus/T04_003_EOF-incomplete-EO.pdf","3C7E4D038FAB6D01F66F561387FDC09A3349C45F50464457359ED0DC64E886AC","628","added"
"openpreserve-format-corpus","366f068cec399d0cdfd61fa473de3ab6dc858098","sources/openpreserve-format-corpus/extracted/format-corpus-366f068cec399d0cdfd61fa473de3ab6dc858098/pdf-handbuilt-test-corpus/T04_004_EOF-incomplete_EOF.pdf","corpus/conformance/preservation/openpreserve-format-corpus/pdf-handbuilt-test-corpus/T04_004_EOF-incomplete_EOF.pdf","D10B4D107A8290D8C805179C9BFBD7CEB102EE9CE583BA02E92D1C712930768B","629","added"
"openpreserve-format-corpus","366f068cec399d0cdfd61fa473de3ab6dc858098","sources/openpreserve-format-corpus/extracted/format-corpus-366f068cec399d0cdfd61fa473de3ab6dc858098/pdf-handbuilt-test-corpus/T04_005_EOF-followed-by-junk-data.pdf","corpus/conformance/preservation/openpreserve-format-corpus/pdf-handbuilt-test-corpus/T04_005_EOF-followed-by-junk-data.pdf","1C9160605825135AF51864DDE81F82645BCA5D2D65E7BF415ABD9FE02082D3BC","640","added"
"openpreserve-format-corpus","366f068cec399d0cdfd61fa473de3ab6dc858098","sources/openpreserve-format-corpus/extracted/format-corpus-366f068cec399d0cdfd61fa473de3ab6dc858098/pdf-handbuilt-test-corpus/T04_006_premature-EOF.pdf","corpus/conformance/preservation/openpreserve-format-corpus/pdf-handbuilt-test-corpus/T04_006_premature-EOF.pdf","95546779F5847B89E7BCDE53AB83843F8AC0B40FA0F6B506840F28C1819DB4F4","637","added"
"openpreserve-format-corpus","366f068cec399d0cdfd61fa473de3ab6dc858098","sources/openpreserve-format-corpus/extracted/format-corpus-366f068cec399d0cdfd61fa473de3ab6dc858098/pdf-handbuilt-test-corpus/T04_007_premature-EOF-only.pdf","corpus/conformance/preservation/openpreserve-format-corpus/pdf-handbuilt-test-corpus/T04_007_premature-EOF-only.pdf","DF087B18BD3BA7F7842944F46FE5662540E2B6447165192FA74B7AFE6C29AE38","632","added"
"openpreserve-format-corpus","366f068cec399d0cdfd61fa473de3ab6dc858098","sources/openpreserve-format-corpus/extracted/format-corpus-366f068cec399d0cdfd61fa473de3ab6dc858098/pdf-handbuilt-test-corpus/T04_008_trailer-no-trailer-keyword.pdf","corpus/conformance/preservation/openpreserve-format-corpus/pdf-handbuilt-test-corpus/T04_008_trailer-no-trailer-keyword.pdf","B4A110EAFE221466EBC250AB38892456B4C43145FB3ED550FFC0AABB2E253404","624","added"
"openpreserve-format-corpus","366f068cec399d0cdfd61fa473de3ab6dc858098","sources/openpreserve-format-corpus/extracted/format-corpus-366f068cec399d0cdfd61fa473de3ab6dc858098/pdf-handbuilt-test-corpus/T04_009_trailer-no-opening-brackets.pdf","corpus/conformance/preservation/openpreserve-format-corpus/pdf-handbuilt-test-corpus/T04_009_trailer-no-opening-brackets.pdf","C1EC572B2457101EBC3007476D127CC793DFCE5AF7F359377A87CCCAB3396976","628","added"
"openpreserve-format-corpus","366f068cec399d0cdfd61fa473de3ab6dc858098","sources/openpreserve-format-corpus/extracted/format-corpus-366f068cec399d0cdfd61fa473de3ab6dc858098/pdf-handbuilt-test-corpus/T04_010_trailer-no-closing-brackets.pdf","corpus/conformance/preservation/openpreserve-format-corpus/pdf-handbuilt-test-corpus/T04_010_trailer-no-closing-brackets.pdf","A3A598A6A25751F7E16428E9BA903DFF61CE0C4AA9A5E8897853722EC1762D9A","628","added"
"openpreserve-format-corpus","366f068cec399d0cdfd61fa473de3ab6dc858098","sources/openpreserve-format-corpus/extracted/format-corpus-366f068cec399d0cdfd61fa473de3ab6dc858098/pdf-handbuilt-test-corpus/T04_011_trailer-no-root-key-value-pair.pdf","corpus/conformance/preservation/openpreserve-format-corpus/pdf-handbuilt-test-corpus/T04_011_trailer-no-root-key-value-pair.pdf","CEA27CEE79A1AB494DFB5367D1EAE2D7A8238AE6A6D18B2EC726E355200FF302","619","added"
"openpreserve-format-corpus","366f068cec399d0cdfd61fa473de3ab6dc858098","sources/openpreserve-format-corpus/extracted/format-corpus-366f068cec399d0cdfd61fa473de3ab6dc858098/pdf-handbuilt-test-corpus/T04_012_trailer-root-no-indirect-reference.pdf","corpus/conformance/preservation/openpreserve-format-corpus/pdf-handbuilt-test-corpus/T04_012_trailer-root-no-indirect-reference.pdf","5A5C83598B3E054DAF0CBA1D850378CD0EF42062FFAB3BE42D0BCB644B608288","629","added"
"openpreserve-format-corpus","366f068cec399d0cdfd61fa473de3ab6dc858098","sources/openpreserve-format-corpus/extracted/format-corpus-366f068cec399d0cdfd61fa473de3ab6dc858098/pdf-handbuilt-test-corpus/T04_013_trailer-root-invalid-indirect-reference.pdf","corpus/conformance/preservation/openpreserve-format-corpus/pdf-handbuilt-test-corpus/T04_013_trailer-root-invalid-indirect-reference.pdf","9C7A6AE0E79D06F68BD741AA3E6D6F7AEBC3EBB6EA12DC469CF3A5148D36B607","628","added"
"openpreserve-format-corpus","366f068cec399d0cdfd61fa473de3ab6dc858098","sources/openpreserve-format-corpus/extracted/format-corpus-366f068cec399d0cdfd61fa473de3ab6dc858098/pdf-handbuilt-test-corpus/T04_014_trailer-root-indirect-reference-to-wrong-object.pdf","corpus/conformance/preservation/openpreserve-format-corpus/pdf-handbuilt-test-corpus/T04_014_trailer-root-indirect-reference-to-wrong-object.pdf","D5285AAD5EC945D0A613C7034538A4503ED41440F123D8D23307EAD5AA2E6139","630","added"
"openpreserve-format-corpus","366f068cec399d0cdfd61fa473de3ab6dc858098","sources/openpreserve-format-corpus/extracted/format-corpus-366f068cec399d0cdfd61fa473de3ab6dc858098/pdf-handbuilt-test-corpus/T04_015_trailer-no-size-key-value-pair.pdf","corpus/conformance/preservation/openpreserve-format-corpus/pdf-handbuilt-test-corpus/T04_015_trailer-no-size-key-value-pair.pdf","4C8CC5F98B0A7F584DF98DE35409F55BC12C1102153A4036740CCDC9CDD9497C","623","added"
"openpreserve-format-corpus","366f068cec399d0cdfd61fa473de3ab6dc858098","sources/openpreserve-format-corpus/extracted/format-corpus-366f068cec399d0cdfd61fa473de3ab6dc858098/pdf-handbuilt-test-corpus/T04_016_trailer-wrong-size-key-value-pair.pdf","corpus/conformance/preservation/openpreserve-format-corpus/pdf-handbuilt-test-corpus/T04_016_trailer-wrong-size-key-value-pair.pdf","F1C0A977FA1106BE9B7EF5D6B18ACA3ED4D3722E2650E5F82335267AB3A731BA","630","added"
"openpreserve-format-corpus","366f068cec399d0cdfd61fa473de3ab6dc858098","sources/openpreserve-format-corpus/extracted/format-corpus-366f068cec399d0cdfd61fa473de3ab6dc858098/pdf-handbuilt-test-corpus/T04_017_trailer-no-startxref-keyword.pdf","corpus/conformance/preservation/openpreserve-format-corpus/pdf-handbuilt-test-corpus/T04_017_trailer-no-startxref-keyword.pdf","CB57525F214F74F6CD2C5386BAD11220D87DC6D157DFCFEC75791C2247E83DD9","621","added"
"openpreserve-format-corpus","366f068cec399d0cdfd61fa473de3ab6dc858098","sources/openpreserve-format-corpus/extracted/format-corpus-366f068cec399d0cdfd61fa473de3ab6dc858098/pdf-handbuilt-test-corpus/T04_018_trailer-no-xref-byte-offset.pdf","corpus/conformance/preservation/openpreserve-format-corpus/pdf-handbuilt-test-corpus/T04_018_trailer-no-xref-byte-offset.pdf","3D3F1508ADC5AA1AE72E95DA1E9A189482F5F0A9FB8426A0B8ABF3E7AA543FF3","628","added"
"openpreserve-format-corpus","366f068cec399d0cdfd61fa473de3ab6dc858098","sources/openpreserve-format-corpus/extracted/format-corpus-366f068cec399d0cdfd61fa473de3ab6dc858098/pdfCabinetOfHorrors/balloon_a1b_jp2k.pdf","corpus/conformance/preservation/openpreserve-format-corpus/pdfCabinetOfHorrors/balloon_a1b_jp2k.pdf","7E5F457DBF1EE161E1377A29723C1F03B3C94BA3D2322A7BB972DD1CA0A87B79","698427","added"
"openpreserve-format-corpus","366f068cec399d0cdfd61fa473de3ab6dc858098","sources/openpreserve-format-corpus/extracted/format-corpus-366f068cec399d0cdfd61fa473de3ab6dc858098/pdfCabinetOfHorrors/calistoMTNoFontsEmbedded.pdf","corpus/conformance/preservation/openpreserve-format-corpus/pdfCabinetOfHorrors/calistoMTNoFontsEmbedded.pdf","44F7582B024DEFC788ADB8F35C719F72409CCD8C6929B2ECE75AF5791E5D3119","9353","added"
"openpreserve-format-corpus","366f068cec399d0cdfd61fa473de3ab6dc858098","sources/openpreserve-format-corpus/extracted/format-corpus-366f068cec399d0cdfd61fa473de3ab6dc858098/pdfCabinetOfHorrors/corruptionOneByteMissing.pdf","corpus/conformance/preservation/openpreserve-format-corpus/pdfCabinetOfHorrors/corruptionOneByteMissing.pdf","7423451704EF9CB32340618416796A812C47FA2337CF1356AA63C2F414B7798E","39512","added"
"openpreserve-format-corpus","366f068cec399d0cdfd61fa473de3ab6dc858098","sources/openpreserve-format-corpus/extracted/format-corpus-366f068cec399d0cdfd61fa473de3ab6dc858098/pdfCabinetOfHorrors/digitally_signed_3D_Portfolio.pdf","","8F8131D879037C3ED620331615606E8BA2E2E830578A1373B0648375C73F8324","4723857","duplicate"
"openpreserve-format-corpus","366f068cec399d0cdfd61fa473de3ab6dc858098","sources/openpreserve-format-corpus/extracted/format-corpus-366f068cec399d0cdfd61fa473de3ab6dc858098/pdfCabinetOfHorrors/embedded_video_avi.pdf","corpus/conformance/preservation/openpreserve-format-corpus/pdfCabinetOfHorrors/embedded_video_avi.pdf","CEA0C7FD4E8FDCE26FAF64298D19529F9C8092088708C8D8750B8C5A7DD56703","2053552","added"
"openpreserve-format-corpus","366f068cec399d0cdfd61fa473de3ab6dc858098","sources/openpreserve-format-corpus/extracted/format-corpus-366f068cec399d0cdfd61fa473de3ab6dc858098/pdfCabinetOfHorrors/embedded_video_quicktime.pdf","corpus/conformance/preservation/openpreserve-format-corpus/pdfCabinetOfHorrors/embedded_video_quicktime.pdf","4984B83E762C19AE69681AB092C2EFF1ECFA8DEF5B06B055CE009735FBE610B5","1099685","added"
"openpreserve-format-corpus","366f068cec399d0cdfd61fa473de3ab6dc858098","sources/openpreserve-format-corpus/extracted/format-corpus-366f068cec399d0cdfd61fa473de3ab6dc858098/pdfCabinetOfHorrors/encryption_nocopy.pdf","corpus/conformance/preservation/openpreserve-format-corpus/pdfCabinetOfHorrors/encryption_nocopy.pdf","DD55FEC2E48A0F43266146E1D31155480695D31A28D0E4311BBD9472F9D992B3","70599","added"
"openpreserve-format-corpus","366f068cec399d0cdfd61fa473de3ab6dc858098","sources/openpreserve-format-corpus/extracted/format-corpus-366f068cec399d0cdfd61fa473de3ab6dc858098/pdfCabinetOfHorrors/encryption_noprinting.pdf","","3D5554E59D951F7883B4322D13B68D631294E1017EA4B59EE90C53178DFE8482","70599","duplicate"
"openpreserve-format-corpus","366f068cec399d0cdfd61fa473de3ab6dc858098","sources/openpreserve-format-corpus/extracted/format-corpus-366f068cec399d0cdfd61fa473de3ab6dc858098/pdfCabinetOfHorrors/encryption_notextaccess.pdf","corpus/conformance/preservation/openpreserve-format-corpus/pdfCabinetOfHorrors/encryption_notextaccess.pdf","1E2404AB35F318EAFAD82DD57581C4E8FE728473EC858E8044EA665B8F90A313","70599","added"
"openpreserve-format-corpus","366f068cec399d0cdfd61fa473de3ab6dc858098","sources/openpreserve-format-corpus/extracted/format-corpus-366f068cec399d0cdfd61fa473de3ab6dc858098/pdfCabinetOfHorrors/encryption_openpassword.pdf","corpus/conformance/preservation/openpreserve-format-corpus/pdfCabinetOfHorrors/encryption_openpassword.pdf","01973E6B86F06D6B1CBB6C76A661A7859DB958B0CC245A8A3350481AE8D92158","70599","added"
"openpreserve-format-corpus","366f068cec399d0cdfd61fa473de3ab6dc858098","sources/openpreserve-format-corpus/extracted/format-corpus-366f068cec399d0cdfd61fa473de3ab6dc858098/pdfCabinetOfHorrors/externalLink.pdf","corpus/conformance/preservation/openpreserve-format-corpus/pdfCabinetOfHorrors/externalLink.pdf","14CA68BC60B188279FFA9B2DAE926D9FE5CEFE83B52FCDFD0A64E67232407008","73227","added"
"openpreserve-format-corpus","366f068cec399d0cdfd61fa473de3ab6dc858098","sources/openpreserve-format-corpus/extracted/format-corpus-366f068cec399d0cdfd61fa473de3ab6dc858098/pdfCabinetOfHorrors/fileAttachment_fileAttachmentAnnotation.pdf","corpus/conformance/preservation/openpreserve-format-corpus/pdfCabinetOfHorrors/fileAttachment_fileAttachmentAnnotation.pdf","043340A410C80CC64A75479B2AD64FD1F92DF960216CCF1FFAA20C08AC1E811A","57855","added"
"openpreserve-format-corpus","366f068cec399d0cdfd61fa473de3ab6dc858098","sources/openpreserve-format-corpus/extracted/format-corpus-366f068cec399d0cdfd61fa473de3ab6dc858098/pdfCabinetOfHorrors/fileAttachment.pdf","","C7FF5C769C257A7AB0CC3A906E63B15AEA91E1605A269B7DCBCB3911EA07681C","78950","duplicate"
"openpreserve-format-corpus","366f068cec399d0cdfd61fa473de3ab6dc858098","sources/openpreserve-format-corpus/extracted/format-corpus-366f068cec399d0cdfd61fa473de3ab6dc858098/pdfCabinetOfHorrors/javascript.pdf","corpus/conformance/preservation/openpreserve-format-corpus/pdfCabinetOfHorrors/javascript.pdf","23F8479A3E56C2A344B371EBC6DA219231E87DE17750C92314CD06F7B06D8629","953","added"
"openpreserve-format-corpus","366f068cec399d0cdfd61fa473de3ab6dc858098","sources/openpreserve-format-corpus/extracted/format-corpus-366f068cec399d0cdfd61fa473de3ab6dc858098/pdfCabinetOfHorrors/pdf-17-header18.pdf","corpus/conformance/preservation/openpreserve-format-corpus/pdfCabinetOfHorrors/pdf-17-header18.pdf","15C6451235A988565D8D640088642E3611E6A37C1FAAC945AF1A8FFCCF1B0B38","7717","added"
"openpreserve-format-corpus","366f068cec399d0cdfd61fa473de3ab6dc858098","sources/openpreserve-format-corpus/extracted/format-corpus-366f068cec399d0cdfd61fa473de3ab6dc858098/pdfCabinetOfHorrors/test_fontArialNotEmbedded.pdf","corpus/conformance/preservation/openpreserve-format-corpus/pdfCabinetOfHorrors/test_fontArialNotEmbedded.pdf","4806E51B3A8725BCD4C06E9CA852874A4285DA1BD57CE7A7C890EA2FE9F9A01C","207305","added"
"openpreserve-format-corpus","366f068cec399d0cdfd61fa473de3ab6dc858098","sources/openpreserve-format-corpus/extracted/format-corpus-366f068cec399d0cdfd61fa473de3ab6dc858098/pdfCabinetOfHorrors/text_only_fontsEmbeddedAll.pdf","corpus/conformance/preservation/openpreserve-format-corpus/pdfCabinetOfHorrors/text_only_fontsEmbeddedAll.pdf","8EE33B2B2DEE93BF44C5426E12E12064BFF001A808FF4D2FEEA87C7BEEA4E4BA","70062","added"
"openpreserve-format-corpus","366f068cec399d0cdfd61fa473de3ab6dc858098","sources/openpreserve-format-corpus/extracted/format-corpus-366f068cec399d0cdfd61fa473de3ab6dc858098/pdfCabinetOfHorrors/text_only_fontsEmbeddedSubset.pdf","corpus/conformance/preservation/openpreserve-format-corpus/pdfCabinetOfHorrors/text_only_fontsEmbeddedSubset.pdf","FB0C62591AC545F0B56E8986A30F67C008D0434B28AC5BD550E0E7ECD3C56435","33411","added"
"openpreserve-format-corpus","366f068cec399d0cdfd61fa473de3ab6dc858098","sources/openpreserve-format-corpus/extracted/format-corpus-366f068cec399d0cdfd61fa473de3ab6dc858098/pdfCabinetOfHorrors/text_only_fontsNotEmbedded.pdf","corpus/conformance/preservation/openpreserve-format-corpus/pdfCabinetOfHorrors/text_only_fontsNotEmbedded.pdf","FC11EDD136AB259F3F22A13C2740EDCCDA4D9225C80AEC94FE6834AAD5A87713","7929","added"
"openpreserve-format-corpus","366f068cec399d0cdfd61fa473de3ab6dc858098","sources/openpreserve-format-corpus/extracted/format-corpus-366f068cec399d0cdfd61fa473de3ab6dc858098/pdfCabinetOfHorrors/text_only_pdfa1b.pdf","corpus/conformance/preservation/openpreserve-format-corpus/pdfCabinetOfHorrors/text_only_pdfa1b.pdf","81BF11AF4C56488C63C6D038D4BA09C7334DC3E26C5D6A17C7DF9BD398F48635","39513","added"
"openpreserve-format-corpus","366f068cec399d0cdfd61fa473de3ab6dc858098","sources/openpreserve-format-corpus/extracted/format-corpus-366f068cec399d0cdfd61fa473de3ab6dc858098/pdfCabinetOfHorrors/veraPDFHiRes.pdf","","A9BE3E1100D450637DA1B9F8837384934B435ACE122B3962136797FA8568A611","65205","duplicate"
"openpreserve-format-corpus","366f068cec399d0cdfd61fa473de3ab6dc858098","sources/openpreserve-format-corpus/extracted/format-corpus-366f068cec399d0cdfd61fa473de3ab6dc858098/pdfCabinetOfHorrors/veraPDFHiResChangedHeight.pdf","corpus/conformance/preservation/openpreserve-format-corpus/pdfCabinetOfHorrors/veraPDFHiResChangedHeight.pdf","1876E524237A7213B15667E57666AC092C219107502BA25AC49D9197650EEB27","65205","added"
"openpreserve-format-corpus","366f068cec399d0cdfd61fa473de3ab6dc858098","sources/openpreserve-format-corpus/extracted/format-corpus-366f068cec399d0cdfd61fa473de3ab6dc858098/pdfCabinetOfHorrors/veraPDFHiResWrongObjectID.pdf","corpus/conformance/preservation/openpreserve-format-corpus/pdfCabinetOfHorrors/veraPDFHiResWrongObjectID.pdf","DC7AE1AE93DAB50806BF881077559BB004D7F18B9DE6335AEFBE0CD81AA966AF","65205","added"
"openpreserve-format-corpus","366f068cec399d0cdfd61fa473de3ab6dc858098","sources/openpreserve-format-corpus/extracted/format-corpus-366f068cec399d0cdfd61fa473de3ab6dc858098/pdfCabinetOfHorrors/webCapture.pdf","","8211E0A66A54CAB73FDB63733AC28556893A0BA77B60C5D75914B87E0E9AFD4D","213342","duplicate"
"openpreserve-format-corpus","366f068cec399d0cdfd61fa473de3ab6dc858098","sources/openpreserve-format-corpus/extracted/format-corpus-366f068cec399d0cdfd61fa473de3ab6dc858098/variations/variations/application/pdf/lorem-ipsum-pages-09-4.1-923.pdf","corpus/conformance/preservation/openpreserve-format-corpus/variations/variations/application/pdf/lorem-ipsum-pages-09-4.1-923.pdf","3679A9B9AF012F0C353825737252991A052376A502571DF6F07030B96DE30F24","23142","added"
"openpreserve-format-corpus","366f068cec399d0cdfd61fa473de3ab6dc858098","sources/openpreserve-format-corpus/extracted/format-corpus-366f068cec399d0cdfd61fa473de3ab6dc858098/variations/variations/application/pdf/lorem-ipsum.oo3.2.export-pdfa.pdf","corpus/conformance/preservation/openpreserve-format-corpus/variations/variations/application/pdf/lorem-ipsum.oo3.2.export-pdfa.pdf","2DF43480FFC930CD0AB78227DF923D2390BCD1B42C602BF37B15C10059A322FE","36972","added"
"openpreserve-format-corpus","366f068cec399d0cdfd61fa473de3ab6dc858098","sources/openpreserve-format-corpus/extracted/format-corpus-366f068cec399d0cdfd61fa473de3ab6dc858098/variations/variations/application/pdf/lorem-ipsum.oo3.2.export.pdf","corpus/conformance/preservation/openpreserve-format-corpus/variations/variations/application/pdf/lorem-ipsum.oo3.2.export.pdf","426F7E1D1156E50B53512E58289DD83730B700019C2F5EDD07C4A67EDB1A3392","27489","added"
"openpreserve-format-corpus","366f068cec399d0cdfd61fa473de3ab6dc858098","sources/openpreserve-format-corpus/extracted/format-corpus-366f068cec399d0cdfd61fa473de3ab6dc858098/variations/variations/application/pdf/lorem-ipsum.pdf","corpus/conformance/preservation/openpreserve-format-corpus/variations/variations/application/pdf/lorem-ipsum.pdf","B55FD1597A4F1A91EA0C02E8571610541CCAF1AA02B68000726B419AFE407EA8","21450","added"

