"Path","SHA256","Bytes","Category","Source","SourceRevision","SourcePath"
"bfo-pdfa/pdfa2-6-1-13-bfo-t01-fail.pdf","E5FB83BA48B6F2015511FC37CC332B53C1A11C27F200026BEFF892AD0E57152B","324474","standards","BFO PDF/A Test Suite","c22d80260c7ec975a511f9bfcc6590b7ceb1cf18","upstream:bfo-pdfa-testsuite-c22d80260c7ec975a511f9bfcc6590b7ceb1cf18.zip!/bfo-pdfa-testsuite-c22d80260c7ec975a511f9bfcc6590b7ceb1cf18/pdfs/pdfa2-6-1-13-bfo-t01-fail.pdf"
"bfo-pdfa/pdfa2-6-1-13-bfo-t02-fail.pdf","A0324E4FA1E14EE286B4FDD8A27B076FC646946E15D0D9A4CD5E7CB705ADF70C","324385","standards","BFO PDF/A Test Suite","c22d80260c7ec975a511f9bfcc6590b7ceb1cf18","upstream:bfo-pdfa-testsuite-c22d80260c7ec975a511f9bfcc6590b7ceb1cf18.zip!/bfo-pdfa-testsuite-c22d80260c7ec975a511f9bfcc6590b7ceb1cf18/pdfs/pdfa2-6-1-13-bfo-t02-fail.pdf"
"bfo-pdfa/pdfa2-6-1-13-bfo-t03-fail.pdf","735D7A94A7328A3602D924B8DA932AC5ED9FDCE38F9C943AF150BE8D0941F7FE","324387","standards","BFO PDF/A Test Suite","c22d80260c7ec975a511f9bfcc6590b7ceb1cf18","upstream:bfo-pdfa-testsuite-c22d80260c7ec975a511f9bfcc6590b7ceb1cf18.zip!/bfo-pdfa-testsuite-c22d80260c7ec975a511f9bfcc6590b7ceb1cf18/pdfs/pdfa2-6-1-13-bfo-t03-fail.pdf"
"bfo-pdfa/pdfa2-6-1-13-bfo-t04-fail.pdf","127C7EBAD944FDA9B6CCB672F603382BA331DDB0B1706A34611BC6535D1042ED","5395","standards","BFO PDF/A Test Suite","c22d80260c7ec975a511f9bfcc6590b7ceb1cf18","upstream:bfo-pdfa-testsuite-c22d80260c7ec975a511f9bfcc6590b7ceb1cf18.zip!/bfo-pdfa-testsuite-c22d80260c7ec975a511f9bfcc6590b7ceb1cf18/pdfs/pdfa2-6-1-13-bfo-t04-fail.pdf"
"bfo-pdfa/pdfa2-6-1-13-bfo-t05-fail.pdf","EDAC134CDFA9918E818733325018A56E4704F560E58ADC039625C41604842D0E","324419","standards","BFO PDF/A Test Suite","c22d80260c7ec975a511f9bfcc6590b7ceb1cf18","upstream:bfo-pdfa-testsuite-c22d80260c7ec975a511f9bfcc6590b7ceb1cf18.zip!/bfo-pdfa-testsuite-c22d80260c7ec975a511f9bfcc6590b7ceb1cf18/pdfs/pdfa2-6-1-13-bfo-t05-fail.pdf"
"bfo-pdfa/pdfa2-6-1-13-bfo-t06-pass.pdf","B488BAFDC283D679807DA5C50DFAF034F87E2692BF3F89AE7AD3B5B5E3E0041B","5395","standards","BFO PDF/A Test Suite","c22d80260c7ec975a511f9bfcc6590b7ceb1cf18","upstream:bfo-pdfa-testsuite-c22d80260c7ec975a511f9bfcc6590b7ceb1cf18.zip!/bfo-pdfa-testsuite-c22d80260c7ec975a511f9bfcc6590b7ceb1cf18/pdfs/pdfa2-6-1-13-bfo-t06-pass.pdf"
"bfo-pdfa/pdfa2-6-1-13-bfo-t07-pass.pdf","66E1C2AE58494D862224BA48AEE7F7770877C4A13D4D9502B74BF9F9E0B1CF3B","324376","standards","BFO PDF/A Test Suite","c22d80260c7ec975a511f9bfcc6590b7ceb1cf18","upstream:bfo-pdfa-testsuite-c22d80260c7ec975a511f9bfcc6590b7ceb1cf18.zip!/bfo-pdfa-testsuite-c22d80260c7ec975a511f9bfcc6590b7ceb1cf18/pdfs/pdfa2-6-1-13-bfo-t07-pass.pdf"
"bfo-pdfa/pdfa2-6-1-13-bfo-t08-pass.pdf","C457E9682206F732051144FCD934ADBC221F6FBC6B351E7A80204DB3BD2C4EFC","5395","standards","BFO PDF/A Test Suite","c22d80260c7ec975a511f9bfcc6590b7ceb1cf18","upstream:bfo-pdfa-testsuite-c22d80260c7ec975a511f9bfcc6590b7ceb1cf18.zip!/bfo-pdfa-testsuite-c22d80260c7ec975a511f9bfcc6590b7ceb1cf18/pdfs/pdfa2-6-1-13-bfo-t08-pass.pdf"
"bfo-pdfa/pdfa2-6-1-13-bfo-t09-fail.pdf","12318EA8ABA3479C559B6ED68D15777C357AC041AC1DD3B4B59F2B942D160798","5395","standards","BFO PDF/A Test Suite","c22d80260c7ec975a511f9bfcc6590b7ceb1cf18","upstream:bfo-pdfa-testsuite-c22d80260c7ec975a511f9bfcc6590b7ceb1cf18.zip!/bfo-pdfa-testsuite-c22d80260c7ec975a511f9bfcc6590b7ceb1cf18/pdfs/pdfa2-6-1-13-bfo-t09-fail.pdf"
"bfo-pdfa/pdfa2-6-1-13-bfo-t10-fail.pdf","3BDD8AFEE2203FB29E998DF75A69EC37FC417629D629F97B256AACC934B3EE47","5395","standards","BFO PDF/A Test Suite","c22d80260c7ec975a511f9bfcc6590b7ceb1cf18","upstream:bfo-pdfa-testsuite-c22d80260c7ec975a511f9bfcc6590b7ceb1cf18.zip!/bfo-pdfa-testsuite-c22d80260c7ec975a511f9bfcc6590b7ceb1cf18/pdfs/pdfa2-6-1-13-bfo-t10-fail.pdf"
"bfo-pdfa/pdfa2-6-1-13-bfo-t11-fail.pdf","6752B35579F979985AD78BDEFF33AA06F790371C7BEE0BCC593EBF78599E6F61","36487","standards","BFO PDF/A Test Suite","c22d80260c7ec975a511f9bfcc6590b7ceb1cf18","upstream:bfo-pdfa-testsuite-c22d80260c7ec975a511f9bfcc6590b7ceb1cf18.zip!/bfo-pdfa-testsuite-c22d80260c7ec975a511f9bfcc6590b7ceb1cf18/pdfs/pdfa2-6-1-13-bfo-t11-fail.pdf"
"bfo-pdfa/pdfa2-6-1-2-bfo-t01-fail.pdf","091D399EDD50E615E99D8965F71FADD802D4FA5DE52653E1625A15F961D7B94F","324406","standards","BFO PDF/A Test Suite","c22d80260c7ec975a511f9bfcc6590b7ceb1cf18","upstream:bfo-pdfa-testsuite-c22d80260c7ec975a511f9bfcc6590b7ceb1cf18.zip!/bfo-pdfa-testsuite-c22d80260c7ec975a511f9bfcc6590b7ceb1cf18/pdfs/pdfa2-6-1-2-bfo-t01-fail.pdf"
"bfo-pdfa/pdfa2-6-1-5-bfo-t01-pass.pdf","885650A652504B70117BA46442E0E89C78FE0204FF2D061573A55E30E16D090C","324636","standards","BFO PDF/A Test Suite","c22d80260c7ec975a511f9bfcc6590b7ceb1cf18","upstream:bfo-pdfa-testsuite-c22d80260c7ec975a511f9bfcc6590b7ceb1cf18.zip!/bfo-pdfa-testsuite-c22d80260c7ec975a511f9bfcc6590b7ceb1cf18/pdfs/pdfa2-6-1-5-bfo-t01-pass.pdf"
"bfo-pdfa/pdfa2-6-1-7-2-bfo-t01-fail.pdf","7277CEB37E50359995287B2FC6FD117025CB2814969B53B8CC4440AA8CB5234D","324408","standards","BFO PDF/A Test Suite","c22d80260c7ec975a511f9bfcc6590b7ceb1cf18","upstream:bfo-pdfa-testsuite-c22d80260c7ec975a511f9bfcc6590b7ceb1cf18.zip!/bfo-pdfa-testsuite-c22d80260c7ec975a511f9bfcc6590b7ceb1cf18/pdfs/pdfa2-6-1-7-2-bfo-t01-fail.pdf"
"bfo-pdfa/pdfa2-6-10-bfo-t01-fail.pdf","586C53535D928621AD5663E362B3A24C954AA86879266294049DEBE85F0F757B","324629","standards","BFO PDF/A Test Suite","c22d80260c7ec975a511f9bfcc6590b7ceb1cf18","upstream:bfo-pdfa-testsuite-c22d80260c7ec975a511f9bfcc6590b7ceb1cf18.zip!/bfo-pdfa-testsuite-c22d80260c7ec975a511f9bfcc6590b7ceb1cf18/pdfs/pdfa2-6-10-bfo-t01-fail.pdf"
"bfo-pdfa/pdfa2-6-10-bfo-t02-fail.pdf","66933693782941F407A7D07155CC147877DF60228505B9C43A81958F71C94D28","324404","standards","BFO PDF/A Test Suite","c22d80260c7ec975a511f9bfcc6590b7ceb1cf18","upstream:bfo-pdfa-testsuite-c22d80260c7ec975a511f9bfcc6590b7ceb1cf18.zip!/bfo-pdfa-testsuite-c22d80260c7ec975a511f9bfcc6590b7ceb1cf18/pdfs/pdfa2-6-10-bfo-t02-fail.pdf"
"bfo-pdfa/pdfa2-6-11-bfo-t01-fail.pdf","C6A64648440F3A83363E9732C9B9C60053048F76528717FD9507C4C7CD0DD174","324415","standards","BFO PDF/A Test Suite","c22d80260c7ec975a511f9bfcc6590b7ceb1cf18","upstream:bfo-pdfa-testsuite-c22d80260c7ec975a511f9bfcc6590b7ceb1cf18.zip!/bfo-pdfa-testsuite-c22d80260c7ec975a511f9bfcc6590b7ceb1cf18/pdfs/pdfa2-6-11-bfo-t01-fail.pdf"
"bfo-pdfa/pdfa2-6-2-11-6-bfo-t01-pass.pdf","0480E71DCC0E94B6F715E631AA733C5A44837B9D96378881C48BC43BFAC87DA6","36487","standards","BFO PDF/A Test Suite","c22d80260c7ec975a511f9bfcc6590b7ceb1cf18","upstream:bfo-pdfa-testsuite-c22d80260c7ec975a511f9bfcc6590b7ceb1cf18.zip!/bfo-pdfa-testsuite-c22d80260c7ec975a511f9bfcc6590b7ceb1cf18/pdfs/pdfa2-6-2-11-6-bfo-t01-pass.pdf"
"bfo-pdfa/pdfa2-6-2-11-6-bfo-t02-fail.pdf","064D2635150AC19276A8ECF459BF6F000387A47180ADFBD457DB12A1E064A40C","36487","standards","BFO PDF/A Test Suite","c22d80260c7ec975a511f9bfcc6590b7ceb1cf18","upstream:bfo-pdfa-testsuite-c22d80260c7ec975a511f9bfcc6590b7ceb1cf18.zip!/bfo-pdfa-testsuite-c22d80260c7ec975a511f9bfcc6590b7ceb1cf18/pdfs/pdfa2-6-2-11-6-bfo-t02-fail.pdf"
"bfo-pdfa/pdfa2-6-3-2-bfo-t01-pass.pdf","B959B5AD4A11FDE0C6822384466D5D93FB5AB46E32FF19F9B6A6C2D9411767ED","326190","standards","BFO PDF/A Test Suite","c22d80260c7ec975a511f9bfcc6590b7ceb1cf18","upstream:bfo-pdfa-testsuite-c22d80260c7ec975a511f9bfcc6590b7ceb1cf18.zip!/bfo-pdfa-testsuite-c22d80260c7ec975a511f9bfcc6590b7ceb1cf18/pdfs/pdfa2-6-3-2-bfo-t01-pass.pdf"
"bfo-pdfa/pdfa2-6-3-2-bfo-t02-fail.pdf","8CAEDEB3B343B8ACAB0C8833726E8293462F94253B202F1AEAE840C672DA50B9","326179","standards","BFO PDF/A Test Suite","c22d80260c7ec975a511f9bfcc6590b7ceb1cf18","upstream:bfo-pdfa-testsuite-c22d80260c7ec975a511f9bfcc6590b7ceb1cf18.zip!/bfo-pdfa-testsuite-c22d80260c7ec975a511f9bfcc6590b7ceb1cf18/pdfs/pdfa2-6-3-2-bfo-t02-fail.pdf"
"bfo-pdfa/pdfa2-6-3-3-bfo-t01-fail.pdf","BFAFB8AB82E2A5791BD01CC25668C48C0FBA72D4FD8DBC3CBADBB5223B4FA5A2","141119","standards","BFO PDF/A Test Suite","c22d80260c7ec975a511f9bfcc6590b7ceb1cf18","upstream:bfo-pdfa-testsuite-c22d80260c7ec975a511f9bfcc6590b7ceb1cf18.zip!/bfo-pdfa-testsuite-c22d80260c7ec975a511f9bfcc6590b7ceb1cf18/pdfs/pdfa2-6-3-3-bfo-t01-fail.pdf"
"bfo-pdfa/pdfa2-6-3-3-bfo-t02-pass.pdf","DF7B86753B778F38B992D5BB0AEBF491EB778B606B13AB0B1DB02EB971495BC1","143658","standards","BFO PDF/A Test Suite","c22d80260c7ec975a511f9bfcc6590b7ceb1cf18","upstream:bfo-pdfa-testsuite-c22d80260c7ec975a511f9bfcc6590b7ceb1cf18.zip!/bfo-pdfa-testsuite-c22d80260c7ec975a511f9bfcc6590b7ceb1cf18/pdfs/pdfa2-6-3-3-bfo-t02-pass.pdf"
"bfo-pdfa/pdfa2-6-4-2-bfo-t01-fail.pdf","499DE4668C37BF5ABD81FDF32C2BCBEA0A435BD87004FCC0F98812BE21B48612","324426","standards","BFO PDF/A Test Suite","c22d80260c7ec975a511f9bfcc6590b7ceb1cf18","upstream:bfo-pdfa-testsuite-c22d80260c7ec975a511f9bfcc6590b7ceb1cf18.zip!/bfo-pdfa-testsuite-c22d80260c7ec975a511f9bfcc6590b7ceb1cf18/pdfs/pdfa2-6-4-2-bfo-t01-fail.pdf"
"bfo-pdfa/pdfa2-6-8-bfo-t01-pass.pdf","C819041DF1A21C5EA517E43F549A601B55A179229E0671D2C70C3214C48145D0","649579","standards","BFO PDF/A Test Suite","c22d80260c7ec975a511f9bfcc6590b7ceb1cf18","upstream:bfo-pdfa-testsuite-c22d80260c7ec975a511f9bfcc6590b7ceb1cf18.zip!/bfo-pdfa-testsuite-c22d80260c7ec975a511f9bfcc6590b7ceb1cf18/pdfs/pdfa2-6-8-bfo-t01-pass.pdf"
"bfo-pdfa/pdfa2-6-8-bfo-t02-pass.pdf","BFC5CEA18F6535D8B10B505DF24E64BC5E78C06CDD790C6867A8954B46051253","650819","standards","BFO PDF/A Test Suite","c22d80260c7ec975a511f9bfcc6590b7ceb1cf18","upstream:bfo-pdfa-testsuite-c22d80260c7ec975a511f9bfcc6590b7ceb1cf18.zip!/bfo-pdfa-testsuite-c22d80260c7ec975a511f9bfcc6590b7ceb1cf18/pdfs/pdfa2-6-8-bfo-t02-pass.pdf"
"bfo-pdfa/pdfa2-6-8-bfo-t03-fail.pdf","F762B6A426B66BE40CF71A42927F829872C85C35A04A7E9994A209E155A17819","327578","standards","BFO PDF/A Test Suite","c22d80260c7ec975a511f9bfcc6590b7ceb1cf18","upstream:bfo-pdfa-testsuite-c22d80260c7ec975a511f9bfcc6590b7ceb1cf18.zip!/bfo-pdfa-testsuite-c22d80260c7ec975a511f9bfcc6590b7ceb1cf18/pdfs/pdfa2-6-8-bfo-t03-fail.pdf"
"bfo-pdfa/pdfa2-6-8-bfo-t04-fail.pdf","FED9CA5888B3CA707A1F8C52E24C6C12993BB2723F3FEC8DA144F9FCA87D978A","650824","standards","BFO PDF/A Test Suite","c22d80260c7ec975a511f9bfcc6590b7ceb1cf18","upstream:bfo-pdfa-testsuite-c22d80260c7ec975a511f9bfcc6590b7ceb1cf18.zip!/bfo-pdfa-testsuite-c22d80260c7ec975a511f9bfcc6590b7ceb1cf18/pdfs/pdfa2-6-8-bfo-t04-fail.pdf"
"bfo-pdfa/pdfa2-6-8-bfo-t05-fail.pdf","487115BA32F4E17FB76F47D2A45AAA1E94965BA0CF8648E1E7731068581B0F4D","650838","standards","BFO PDF/A Test Suite","c22d80260c7ec975a511f9bfcc6590b7ceb1cf18","upstream:bfo-pdfa-testsuite-c22d80260c7ec975a511f9bfcc6590b7ceb1cf18.zip!/bfo-pdfa-testsuite-c22d80260c7ec975a511f9bfcc6590b7ceb1cf18/pdfs/pdfa2-6-8-bfo-t05-fail.pdf"
"bfo-pdfa/pdfa2-6-9-bfo-t01-fail.pdf","816E1017AD4E74D787D764CAD5CB3068085400E5DF4D70735E9BA48331449872","325776","standards","BFO PDF/A Test Suite","c22d80260c7ec975a511f9bfcc6590b7ceb1cf18","upstream:bfo-pdfa-testsuite-c22d80260c7ec975a511f9bfcc6590b7ceb1cf18.zip!/bfo-pdfa-testsuite-c22d80260c7ec975a511f9bfcc6590b7ceb1cf18/pdfs/pdfa2-6-9-bfo-t01-fail.pdf"
"bfo-pdfa/pdfa2-6-9-bfo-t02-fail.pdf","526D488CAC0096DEB377CF6EF45873A7FD773FB33397C2B60B8E6DC0735E8EEE","325843","standards","BFO PDF/A Test Suite","c22d80260c7ec975a511f9bfcc6590b7ceb1cf18","upstream:bfo-pdfa-testsuite-c22d80260c7ec975a511f9bfcc6590b7ceb1cf18.zip!/bfo-pdfa-testsuite-c22d80260c7ec975a511f9bfcc6590b7ceb1cf18/pdfs/pdfa2-6-9-bfo-t02-fail.pdf"
"bfo-pdfa/pdfa2-6-9-bfo-t03-fail.pdf","6AC65202C189B8B12ABD5AE2D8E379E36ACFCA04CDAB64B74475292556F2910B","325988","standards","BFO PDF/A Test Suite","c22d80260c7ec975a511f9bfcc6590b7ceb1cf18","upstream:bfo-pdfa-testsuite-c22d80260c7ec975a511f9bfcc6590b7ceb1cf18.zip!/bfo-pdfa-testsuite-c22d80260c7ec975a511f9bfcc6590b7ceb1cf18/pdfs/pdfa2-6-9-bfo-t03-fail.pdf"
"bfo-pdfa/pdfa2-6-9-bfo-t04-fail.pdf","6DE6E69347D5DF91AA46590B0F708ABA563C3428137EB4CA0A3FE1FFED09A54E","325998","standards","BFO PDF/A Test Suite","c22d80260c7ec975a511f9bfcc6590b7ceb1cf18","upstream:bfo-pdfa-testsuite-c22d80260c7ec975a511f9bfcc6590b7ceb1cf18.zip!/bfo-pdfa-testsuite-c22d80260c7ec975a511f9bfcc6590b7ceb1cf18/pdfs/pdfa2-6-9-bfo-t04-fail.pdf"
"pdf-cos-syntax/CompactedPDFSyntaxTest.pdf","910A82106102392276983DC290F840FD32B1F4486637416C29CBE9029D523D63","4019","standards","PDF Association PDF COS Syntax","bdadc6122ae4192b90a1f501acf9315379b4a8d6","upstream:pdf-cos-syntax-fixtures-bdadc6122ae4192b90a1f501acf9315379b4a8d6.zip!/pdf-cos-syntax-bdadc6122ae4192b90a1f501acf9315379b4a8d6/pdfs/CompactedPDFSyntaxTest.pdf"
"pdf-cos-syntax/SyntaxChecker-INVALID.pdf","0542446A43A34EACC20BDE4ED529DAEEBA863867DDE3E248225ECBF38E17F6E7","6126","standards","PDF Association PDF COS Syntax","bdadc6122ae4192b90a1f501acf9315379b4a8d6","upstream:pdf-cos-syntax-fixtures-bdadc6122ae4192b90a1f501acf9315379b4a8d6.zip!/pdf-cos-syntax-bdadc6122ae4192b90a1f501acf9315379b4a8d6/pdfs/SyntaxChecker-INVALID.pdf"
"pdf-differences/Atomic-Fill+Stroke/FillStrokeOrdering.pdf","E41ACC3E1B39916011E52E55B6C81ABA95415815DEED8510BC2AA142EC97AD34","1937","standards","pdf-association-pdf-differences","26caa8795933269f3a38530369c70813486eabee","archive:pdf-differences-26caa8795933269f3a38530369c70813486eabee.zip!/Atomic-Fill+Stroke/FillStrokeOrdering.pdf"
"pdf-differences/Atomic-Fill+Stroke/SelfIntersecting-Opaque.pdf","8E9BF836D70F16DDE06D4CA077EC6B70431A3F991EE4D2CC11AF062E2110E695","1437","standards","pdf-association-pdf-differences","26caa8795933269f3a38530369c70813486eabee","archive:pdf-differences-26caa8795933269f3a38530369c70813486eabee.zip!/Atomic-Fill+Stroke/SelfIntersecting-Opaque.pdf"
"pdf-differences/Atomic-Fill+Stroke/SelfIntersecting-Transparency.pdf","21E0BD7D487E94611C93F84839DD8EAC0A15D9B1BF6F7DCA5B4430B9806F534C","1857","standards","pdf-association-pdf-differences","26caa8795933269f3a38530369c70813486eabee","archive:pdf-differences-26caa8795933269f3a38530369c70813486eabee.zip!/Atomic-Fill+Stroke/SelfIntersecting-Transparency.pdf"
"pdf-differences/ColorBurn-ColorDodge/ColorBurn.pdf","EF2416FF47D4AC4A5CEE17335BCCBCD7732EE7BBFDE619971B48B56AF7240FB6","3357","standards","pdf-association-pdf-differences","26caa8795933269f3a38530369c70813486eabee","archive:pdf-differences-26caa8795933269f3a38530369c70813486eabee.zip!/ColorBurn-ColorDodge/ColorBurn.pdf"
"pdf-differences/ColorBurn-ColorDodge/ColorDodge.pdf","EB904775DAF6B67BBEBECD3B311E825292FB384F347040576DA29B399DF32085","3345","standards","pdf-association-pdf-differences","26caa8795933269f3a38530369c70813486eabee","archive:pdf-differences-26caa8795933269f3a38530369c70813486eabee.zip!/ColorBurn-ColorDodge/ColorDodge.pdf"
"pdf-differences/Dashing-Degenerate/DegenerateDashing.pdf","BD39ED997708358CC997776B3ED167C0A3CDF215A95E2C6BC6A77C51701E33F4","4192","standards","pdf-association-pdf-differences","26caa8795933269f3a38530369c70813486eabee","archive:pdf-differences-26caa8795933269f3a38530369c70813486eabee.zip!/Dashing-Degenerate/DegenerateDashing.pdf"
"pdf-differences/Dashing-EndBeforeBend/Dashing-EndBeforeBend.pdf","C59152A0483CE8578B49D501E68BDDB5615E874BAD95E70F6A6FB3015F93B298","2666","standards","pdf-association-pdf-differences","26caa8795933269f3a38530369c70813486eabee","archive:pdf-differences-26caa8795933269f3a38530369c70813486eabee.zip!/Dashing-EndBeforeBend/Dashing-EndBeforeBend.pdf"
"pdf-differences/Dashing-EndBeforeBend/Dashing-EndBeforeBend2.pdf","92E8A49204DBB9321F831246337DEE660D610EDAC60B5DA0FD7367D047733A5C","1168","standards","pdf-association-pdf-differences","26caa8795933269f3a38530369c70813486eabee","archive:pdf-differences-26caa8795933269f3a38530369c70813486eabee.zip!/Dashing-EndBeforeBend/Dashing-EndBeforeBend2.pdf"
"pdf-differences/DefaultColorSpaces/DefaultRGBColourSpaces-inherit.pdf","A6CD5A5FC4AEBAE91A56EA509A84C8FB7985E143C68824DB7FFABD7505896EFE","5645","standards","pdf-association-pdf-differences","26caa8795933269f3a38530369c70813486eabee","archive:pdf-differences-26caa8795933269f3a38530369c70813486eabee.zip!/DefaultColorSpaces/DefaultRGBColourSpaces-inherit.pdf"
"pdf-differences/DefaultColorSpaces/DefaultRGBColourSpaces.pdf","BFF699DBAAF438CABEBB60D6BFADB8A7367713BC0AB44E482E5CBCEF956F630E","5645","standards","pdf-association-pdf-differences","26caa8795933269f3a38530369c70813486eabee","archive:pdf-differences-26caa8795933269f3a38530369c70813486eabee.zip!/DefaultColorSpaces/DefaultRGBColourSpaces.pdf"
"pdf-differences/LargeMitreLimit/LargeMitreLimit-Beziers.pdf","AA409792549D998466CFCD6E1FD3F6E3467863839DBA1C8D5679B68D8947AAE9","4039","standards","pdf-association-pdf-differences","26caa8795933269f3a38530369c70813486eabee","archive:pdf-differences-26caa8795933269f3a38530369c70813486eabee.zip!/LargeMitreLimit/LargeMitreLimit-Beziers.pdf"
"pdf-differences/LargeMitreLimit/LargeMitreLimit.pdf","8887F5725C1AED9BF0AB3A9D248672A8C658F2DC81150CFB6F5BD8581A65BEA2","3515","standards","pdf-association-pdf-differences","26caa8795933269f3a38530369c70813486eabee","archive:pdf-differences-26caa8795933269f3a38530369c70813486eabee.zip!/LargeMitreLimit/LargeMitreLimit.pdf"
"pdf-differences/LineCap-Degenerate/LineCap-Degenerate.pdf","2B8821F9F280B577428F413DA1B71F17B440F0E45E58FD30813D9C7045102F2E","1583","standards","pdf-association-pdf-differences","26caa8795933269f3a38530369c70813486eabee","archive:pdf-differences-26caa8795933269f3a38530369c70813486eabee.zip!/LineCap-Degenerate/LineCap-Degenerate.pdf"
"pdf-differences/Negative-DashPhase/CutHereExample.pdf","F6178ABD6FFBE1299C00064EA2673511C9F7FC936975317A42D201DFF0B5C415","1150","standards","pdf-association-pdf-differences","26caa8795933269f3a38530369c70813486eabee","archive:pdf-differences-26caa8795933269f3a38530369c70813486eabee.zip!/Negative-DashPhase/CutHereExample.pdf"
"pdf-differences/Negative-DashPhase/Negative-DashPhase.pdf","9FDC7FD3A19521E3EB9342937A9BE99E74478179B5BB96994A8F1D219DC984B0","3702","standards","pdf-association-pdf-differences","26caa8795933269f3a38530369c70813486eabee","archive:pdf-differences-26caa8795933269f3a38530369c70813486eabee.zip!/Negative-DashPhase/Negative-DashPhase.pdf"
"pdf-differences/NegativeFontSize/NegativeFontSize.pdf","7886E7942DE1C5A215CAF3F98507C66A4FE32A7E8C2FF862BC9431958A31B0D8","3180","standards","pdf-association-pdf-differences","26caa8795933269f3a38530369c70813486eabee","archive:pdf-differences-26caa8795933269f3a38530369c70813486eabee.zip!/NegativeFontSize/NegativeFontSize.pdf"
"pdf-differences/OverlappingGlyphClipping/OverlappingGlyphClipping.pdf","957A4064877A35F906A505AE0BDEACBFC295DF85583E6AAD3D381797ADD01108","2794","standards","pdf-association-pdf-differences","26caa8795933269f3a38530369c70813486eabee","archive:pdf-differences-26caa8795933269f3a38530369c70813486eabee.zip!/OverlappingGlyphClipping/OverlappingGlyphClipping.pdf"
"pdf-differences/PageLabels-UX/PageLabelsTest.pdf","69C5C7FA14ACF38866171D2BC0BAA1138D523904F7E6B452DCDFB90D0595FB5B","8611","standards","pdf-association-pdf-differences","26caa8795933269f3a38530369c70813486eabee","archive:pdf-differences-26caa8795933269f3a38530369c70813486eabee.zip!/PageLabels-UX/PageLabelsTest.pdf"
"pdf-differences/PDF-version/PDF-versions1.pdf","94B949FC0FCD6E81F19A262F5D49BE684E6DB135EE4BAC7B67F22625EDAC31B7","997","standards","pdf-association-pdf-differences","26caa8795933269f3a38530369c70813486eabee","archive:pdf-differences-26caa8795933269f3a38530369c70813486eabee.zip!/PDF-version/PDF-versions1.pdf"
"pdf-differences/PDF-version/PDF-versions2.pdf","E03FFC599C0B47C66B98650742EEC25F5F36EE37BC53AC9C08FB5E15F5D3D65E","1022","standards","pdf-association-pdf-differences","26caa8795933269f3a38530369c70813486eabee","archive:pdf-differences-26caa8795933269f3a38530369c70813486eabee.zip!/PDF-version/PDF-versions2.pdf"
"pdf-differences/PDF-version/PDF-versions3.pdf","690EC13B9C407AA351EB863FFE712BF42432ECB47E0E9B27F322E65AE3D4E287","1212","standards","pdf-association-pdf-differences","26caa8795933269f3a38530369c70813486eabee","archive:pdf-differences-26caa8795933269f3a38530369c70813486eabee.zip!/PDF-version/PDF-versions3.pdf"
"pdf-differences/TextClipModeChanges/TextClippingModeChanges.pdf","D7B844C98A1E5510C9F000035DA60EB01EF21FEA06937F5EAD19E20867263712","2473","standards","pdf-association-pdf-differences","26caa8795933269f3a38530369c70813486eabee","archive:pdf-differences-26caa8795933269f3a38530369c70813486eabee.zip!/TextClipModeChanges/TextClippingModeChanges.pdf"
"pdf-differences/UnknownFilter/382252277877c00a92f3bb54daef1413bafe5557e2f5f7c32c23e800cd9bdcd4.pdf","382252277877C00A92F3BB54DAEF1413BAFE5557E2F5F7C32C23E800CD9BDCD4","496944","standards","pdf-association-pdf-differences","26caa8795933269f3a38530369c70813486eabee","archive:pdf-differences-26caa8795933269f3a38530369c70813486eabee.zip!/UnknownFilter/382252277877c00a92f3bb54daef1413bafe5557e2f5f7c32c23e800cd9bdcd4.pdf"
"pdf-differences/UnknownFilter/4387ba480c6f935b8e97749d40b3c001ad584b7bda66ca2c040be67337669497.pdf","4387BA480C6F935B8E97749D40B3C001AD584B7BDA66CA2C040BE67337669497","506671","standards","pdf-association-pdf-differences","26caa8795933269f3a38530369c70813486eabee","archive:pdf-differences-26caa8795933269f3a38530369c70813486eabee.zip!/UnknownFilter/4387ba480c6f935b8e97749d40b3c001ad584b7bda66ca2c040be67337669497.pdf"
"pdf-differences/UnknownFilter/UnknownFilter-Font.pdf","B5272E7E9BC0C02AD08CE995A6E8826102D818E67B684F4167B8EFB17A0BABA4","11433","standards","pdf-association-pdf-differences","26caa8795933269f3a38530369c70813486eabee","archive:pdf-differences-26caa8795933269f3a38530369c70813486eabee.zip!/UnknownFilter/UnknownFilter-Font.pdf"
"pdf-differences/UnknownFilter/UnknownFilter-FormXObject.pdf","839D651384DB9CCE2104A9B997212E9ADF52985D4528F88E06EB632FD4845C27","12215","standards","pdf-association-pdf-differences","26caa8795933269f3a38530369c70813486eabee","archive:pdf-differences-26caa8795933269f3a38530369c70813486eabee.zip!/UnknownFilter/UnknownFilter-FormXObject.pdf"
"pdf-differences/UnknownFilter/UnknownFilter-ICC.pdf","CDDC37A4673008C770B6BE70D539C20A13349750612CA7ECF28E0BBA37431977","26848","standards","pdf-association-pdf-differences","26caa8795933269f3a38530369c70813486eabee","archive:pdf-differences-26caa8795933269f3a38530369c70813486eabee.zip!/UnknownFilter/UnknownFilter-ICC.pdf"
"pdf-differences/UnknownFilter/UnknownFilter-ImageXObject.pdf","74B36790035E244F8EF02C4EC3EFD541222D73CCA847814C51FCE747CEF10701","11433","standards","pdf-association-pdf-differences","26caa8795933269f3a38530369c70813486eabee","archive:pdf-differences-26caa8795933269f3a38530369c70813486eabee.zip!/UnknownFilter/UnknownFilter-ImageXObject.pdf"
"pdf-differences/UnknownFilter/UnknownFilter-Linearized.pdf","10272C70B1C60E7F67BF717D39570964216B2ACA2C71A34826378F7F8E043529","14446","standards","pdf-association-pdf-differences","26caa8795933269f3a38530369c70813486eabee","archive:pdf-differences-26caa8795933269f3a38530369c70813486eabee.zip!/UnknownFilter/UnknownFilter-Linearized.pdf"
"pdf-differences/UnknownFilter/UnknownFilter-objstm.pdf","F98B7501731E5FB8EE1B08A832E5CFA19F503C496FAEA646A26566C4D415F9C5","14446","standards","pdf-association-pdf-differences","26caa8795933269f3a38530369c70813486eabee","archive:pdf-differences-26caa8795933269f3a38530369c70813486eabee.zip!/UnknownFilter/UnknownFilter-objstm.pdf"
"pdf-differences/UnknownFilter/UnknownFilter-OutlineObjStm.pdf","585100F65EF5577707317974CEE18891E92E35B22873709D13B7148A7B20DEFE","13140","standards","pdf-association-pdf-differences","26caa8795933269f3a38530369c70813486eabee","archive:pdf-differences-26caa8795933269f3a38530369c70813486eabee.zip!/UnknownFilter/UnknownFilter-OutlineObjStm.pdf"
"pdf-differences/UnknownFilter/UnknownFilter-PageContentStream.pdf","E2DD6A46F0F41256B8796770BBBD523179CBBD77AACC6ABB045C4151108AFCAD","11433","standards","pdf-association-pdf-differences","26caa8795933269f3a38530369c70813486eabee","archive:pdf-differences-26caa8795933269f3a38530369c70813486eabee.zip!/UnknownFilter/UnknownFilter-PageContentStream.pdf"
"pdf-differences/UnknownFilter/UnknownFilter-xrefstm.pdf","2C153EB1A00E2583D03E939B116B623FE78B70BE18E4308347CFCF5F2C4C3C81","14446","standards","pdf-association-pdf-differences","26caa8795933269f3a38530369c70813486eabee","archive:pdf-differences-26caa8795933269f3a38530369c70813486eabee.zip!/UnknownFilter/UnknownFilter-xrefstm.pdf"
"pdf-differences/VerticalText/VerticalText.pdf","64DF210D4B119E2AF344911A6711764A3569C970265B8B61A2FA08B6C1FE073C","5164","standards","pdf-association-pdf-differences","26caa8795933269f3a38530369c70813486eabee","archive:pdf-differences-26caa8795933269f3a38530369c70813486eabee.zip!/VerticalText/VerticalText.pdf"
"pdf20-examples/PDF 2.0 image with BPC.pdf","FC517DD0D4C72D1B11E3449ACC3E816D2719DC14E69A7E14B84DA02808103370","8989","standards","pdf-association-pdf20examples","c20f2c17bfcc4baab7cfe62e70fae64caf14d5fa","archive:pdf20examples-c20f2c17bfcc4baab7cfe62e70fae64caf14d5fa.zip!/PDF 2.0 image with BPC.pdf"
"pdf20-examples/PDF 2.0 UTF-8 string and annotation.pdf","F3A018213564A420DB81062A0E584FBCC5F705E353ED477DA43BAB6222F137B6","4504","standards","pdf-association-pdf20examples","c20f2c17bfcc4baab7cfe62e70fae64caf14d5fa","archive:pdf20examples-c20f2c17bfcc4baab7cfe62e70fae64caf14d5fa.zip!/PDF 2.0 UTF-8 string and annotation.pdf"
"pdf20-examples/PDF 2.0 via incremental save.pdf","9B25D59D07034634A990E79DB6EF82B9F86769D9B94D8D8635F20D06AAEC9D18","5607","standards","pdf-association-pdf20examples","c20f2c17bfcc4baab7cfe62e70fae64caf14d5fa","archive:pdf20examples-c20f2c17bfcc4baab7cfe62e70fae64caf14d5fa.zip!/PDF 2.0 via incremental save.pdf"
"pdf20-examples/PDF 2.0 with offset start.pdf","A5B92313770F16BA1DB649CCDC97D42F7744659C691897538734EEBDC1BC9E9A","5264","standards","pdf-association-pdf20examples","c20f2c17bfcc4baab7cfe62e70fae64caf14d5fa","archive:pdf20examples-c20f2c17bfcc4baab7cfe62e70fae64caf14d5fa.zip!/PDF 2.0 with offset start.pdf"
"pdf20-examples/PDF 2.0 with page level output intent.pdf","7C13AFE3078A4C202184EDCE3169F7BC842C8FD3DB9DA7140AF6BC0B3B2FA44A","10538","standards","pdf-association-pdf20examples","c20f2c17bfcc4baab7cfe62e70fae64caf14d5fa","archive:pdf20examples-c20f2c17bfcc4baab7cfe62e70fae64caf14d5fa.zip!/PDF 2.0 with page level output intent.pdf"
"pdf20-examples/pdf20-utf8-test.pdf","A7CA717EF062DF0A65E58487D26358C81424B76084A2000CA1C74B9E5776B7A1","13926","standards","pdf-association-pdf20examples","c20f2c17bfcc4baab7cfe62e70fae64caf14d5fa","archive:pdf20examples-c20f2c17bfcc4baab7cfe62e70fae64caf14d5fa.zip!/pdf20-utf8-test.pdf"
"pdf20-examples/Simple PDF 2.0 file.pdf","296D2A0B2CE19B606F29265694F194A754FBC61783982B5B8D730E8637482236","5211","standards","pdf-association-pdf20examples","c20f2c17bfcc4baab7cfe62e70fae64caf14d5fa","archive:pdf20examples-c20f2c17bfcc4baab7cfe62e70fae64caf14d5fa.zip!/Simple PDF 2.0 file.pdf"
"pdfua-techniques/fundamentals/1-basic-technical-rules/G1_01-Custom-tag-correctly-role-mapped/UA1_Tpdf-G1_01.pdf","5124FA2917E90168F3043ED9255A2DF8D74603084748BFF8091E76881C730DEB","42217","standards","pdf-association-techniques-for-accessible-pdf","9772af3c93ce6409b945c1c60a4cd7c8e74c8c40","archive:techniques-for-accessible-pdf-9772af3c93ce6409b945c1c60a4cd7c8e74c8c40.zip!/fundamentals/1-basic-technical-rules/G1_01-Custom-tag-correctly-role-mapped/UA1_Tpdf-G1_01.pdf"
"pdfua-techniques/fundamentals/1-basic-technical-rules/G1_F01-Custom-tag-role-map-missing/UA1_Tpdf-G1_F01.pdf","4550A83E20F571B7286C501873713E9F0BB2B2E951A332C234884338B6016FCB","66139","standards","pdf-association-techniques-for-accessible-pdf","9772af3c93ce6409b945c1c60a4cd7c8e74c8c40","archive:techniques-for-accessible-pdf-9772af3c93ce6409b945c1c60a4cd7c8e74c8c40.zip!/fundamentals/1-basic-technical-rules/G1_F01-Custom-tag-role-map-missing/UA1_Tpdf-G1_F01.pdf"
"pdfua-techniques/fundamentals/2-text/G2_01-Text-content-correctly-tagged-in-one-container/UA1_Tpdf-G2_01.pdf","7125265C92A8C501DDE8FFBDBB928F8A29DB5F7505010930A1A23112F46D2AC2","11994","standards","pdf-association-techniques-for-accessible-pdf","9772af3c93ce6409b945c1c60a4cd7c8e74c8c40","archive:techniques-for-accessible-pdf-9772af3c93ce6409b945c1c60a4cd7c8e74c8c40.zip!/fundamentals/2-text/G2_01-Text-content-correctly-tagged-in-one-container/UA1_Tpdf-G2_01.pdf"
"pdfua-techniques/fundamentals/2-text/G2_02-Text-content-correctly-tagged-one-container-per-word/UA1_Tpdf-G2_02.pdf","73042971C1A46B000A398DFCBB7CAFC1A7BE78BAE4CB34920EE42590DD75FDD7","12032","standards","pdf-association-techniques-for-accessible-pdf","9772af3c93ce6409b945c1c60a4cd7c8e74c8c40","archive:techniques-for-accessible-pdf-9772af3c93ce6409b945c1c60a4cd7c8e74c8c40.zip!/fundamentals/2-text/G2_02-Text-content-correctly-tagged-one-container-per-word/UA1_Tpdf-G2_02.pdf"
"pdfua-techniques/fundamentals/2-text/G2_03-Text-content-correctly-tagged-one-container-per-character/UA1_Tpdf-G2_03.pdf","E47CF72F8C6C972C750F8D92CFA79100B67B469A9BC52FC6EA3E698F10A48389","12116","standards","pdf-association-techniques-for-accessible-pdf","9772af3c93ce6409b945c1c60a4cd7c8e74c8c40","archive:techniques-for-accessible-pdf-9772af3c93ce6409b945c1c60a4cd7c8e74c8c40.zip!/fundamentals/2-text/G2_03-Text-content-correctly-tagged-one-container-per-character/UA1_Tpdf-G2_03.pdf"
"pdfua-techniques/fundamentals/2-text/G2_04-Special-character-with-correct-Unicode-mapping/UA1_Tpdf-G2_04.pdf","D1EFF0DEA9877BEB85B3688B7657CF96E9A9AB140DB372AAD7B568747EA22AA9","17145","standards","pdf-association-techniques-for-accessible-pdf","9772af3c93ce6409b945c1c60a4cd7c8e74c8c40","archive:techniques-for-accessible-pdf-9772af3c93ce6409b945c1c60a4cd7c8e74c8c40.zip!/fundamentals/2-text/G2_04-Special-character-with-correct-Unicode-mapping/UA1_Tpdf-G2_04.pdf"
"pdfua-techniques/fundamentals/2-text/G2_05-Graphics-representing-text-correctly-tagged/UA1_Tpdf-G2_05.pdf","C1179396DC0EB4FFACBDFBADBA896FB1A6E9661F272EE9CD28B2623D5B506C0D","11493","standards","pdf-association-techniques-for-accessible-pdf","9772af3c93ce6409b945c1c60a4cd7c8e74c8c40","archive:techniques-for-accessible-pdf-9772af3c93ce6409b945c1c60a4cd7c8e74c8c40.zip!/fundamentals/2-text/G2_05-Graphics-representing-text-correctly-tagged/UA1_Tpdf-G2_05.pdf"
"pdfua-techniques/fundamentals/2-text/G2_06-ActualText-provides-correct-extractable-characters-in-place-of-OCR-errors/UA1_Tpdf-G2_06.pdf","D7DE1E10E633B7E6B5E93D7C45C9153E225EEE5AE1E961186B93AE21D00025F0","45373","standards","pdf-association-techniques-for-accessible-pdf","9772af3c93ce6409b945c1c60a4cd7c8e74c8c40","archive:techniques-for-accessible-pdf-9772af3c93ce6409b945c1c60a4cd7c8e74c8c40.zip!/fundamentals/2-text/G2_06-ActualText-provides-correct-extractable-characters-in-place-of-OCR-errors/UA1_Tpdf-G2_06.pdf"
"pdfua-techniques/fundamentals/2-text/G2_F01-Special-character-missing-Unicode-mapping/UA1_Tpdf-G2_F01.pdf","F6D7372B8CBD92C0534F973F31BC62CFD029979AC095958545ADA684DCC8FC42","26981","standards","pdf-association-techniques-for-accessible-pdf","9772af3c93ce6409b945c1c60a4cd7c8e74c8c40","archive:techniques-for-accessible-pdf-9772af3c93ce6409b945c1c60a4cd7c8e74c8c40.zip!/fundamentals/2-text/G2_F01-Special-character-missing-Unicode-mapping/UA1_Tpdf-G2_F01.pdf"
"pdfua-techniques/fundamentals/2-text/G2_F02-Special-character-with-incorrect-Unicode-mapping/UA1_Tpdf-G2_F02.pdf","8B409C01ACE624F977816A55901D9726E1E1E9BD300D855976611DF7642ADA96","23541","standards","pdf-association-techniques-for-accessible-pdf","9772af3c93ce6409b945c1c60a4cd7c8e74c8c40","archive:techniques-for-accessible-pdf-9772af3c93ce6409b945c1c60a4cd7c8e74c8c40.zip!/fundamentals/2-text/G2_F02-Special-character-with-incorrect-Unicode-mapping/UA1_Tpdf-G2_F02.pdf"
"pdfua-techniques/fundamentals/2-text/G2_F03-Graphics-representing-text-incorrectly-tagged-as-figure/UA1_Tpdf-G2_F03.pdf","E9AB66C1EE356AAE2B96BFD92ADC24F63B016A37C8CAC44B752C5745BA7A41DA","15841","standards","pdf-association-techniques-for-accessible-pdf","9772af3c93ce6409b945c1c60a4cd7c8e74c8c40","archive:techniques-for-accessible-pdf-9772af3c93ce6409b945c1c60a4cd7c8e74c8c40.zip!/fundamentals/2-text/G2_F03-Graphics-representing-text-incorrectly-tagged-as-figure/UA1_Tpdf-G2_F03.pdf"
"pdfua-techniques/fundamentals/2-text/G2_F04-Extractable-characters-are-not-present-in-a-document-with-visible-text/UA1_Tpdf-G2_F04.pdf","9361A1A6C2CAEFAD2D71F264AF25D4051833CC445020D08740D13C6A5B6D78F0","68154","standards","pdf-association-techniques-for-accessible-pdf","9772af3c93ce6409b945c1c60a4cd7c8e74c8c40","archive:techniques-for-accessible-pdf-9772af3c93ce6409b945c1c60a4cd7c8e74c8c40.zip!/fundamentals/2-text/G2_F04-Extractable-characters-are-not-present-in-a-document-with-visible-text/UA1_Tpdf-G2_F04.pdf"
"pdfua-techniques/fundamentals/3-content/G3_01-Real-content-correctly-tagged/UA1_Tpdf-G3_01.pdf","52330A43E8504CEF45246CA5DF382AAE5262BE3E8D2EA9FE5DB156B35E61BA7F","17634","standards","pdf-association-techniques-for-accessible-pdf","9772af3c93ce6409b945c1c60a4cd7c8e74c8c40","archive:techniques-for-accessible-pdf-9772af3c93ce6409b945c1c60a4cd7c8e74c8c40.zip!/fundamentals/3-content/G3_01-Real-content-correctly-tagged/UA1_Tpdf-G3_01.pdf"
"pdfua-techniques/fundamentals/3-content/G3_02-Decorative-content-correctly-marked-as-artifact/UA1_Tpdf-G3_02.pdf","9D9182552538EFEFF34D31C39131E80C8768579DA7901FB145FA7B4177A3C85D","18649","standards","pdf-association-techniques-for-accessible-pdf","9772af3c93ce6409b945c1c60a4cd7c8e74c8c40","archive:techniques-for-accessible-pdf-9772af3c93ce6409b945c1c60a4cd7c8e74c8c40.zip!/fundamentals/3-content/G3_02-Decorative-content-correctly-marked-as-artifact/UA1_Tpdf-G3_02.pdf"
"pdfua-techniques/fundamentals/3-content/G3_F01-Real-content-not-tagged/UA1_Tpdf-G3_F01.pdf","787F25DE746D4A634C74A9C7F87F74C07978A1E8F3AC99CC1F35639D9444BCAD","55728","standards","pdf-association-techniques-for-accessible-pdf","9772af3c93ce6409b945c1c60a4cd7c8e74c8c40","archive:techniques-for-accessible-pdf-9772af3c93ce6409b945c1c60a4cd7c8e74c8c40.zip!/fundamentals/3-content/G3_F01-Real-content-not-tagged/UA1_Tpdf-G3_F01.pdf"
"pdfua-techniques/fundamentals/3-content/G3_F02-Real-content-incorrectly-tagged/UA1_Tpdf-G3_F02.pdf","8C83D16C54234923C1B598699D32F62586FFF63B0BDFCE442929C9F4E95ECA1E","22840","standards","pdf-association-techniques-for-accessible-pdf","9772af3c93ce6409b945c1c60a4cd7c8e74c8c40","archive:techniques-for-accessible-pdf-9772af3c93ce6409b945c1c60a4cd7c8e74c8c40.zip!/fundamentals/3-content/G3_F02-Real-content-incorrectly-tagged/UA1_Tpdf-G3_F02.pdf"
"pdfua-techniques/fundamentals/3-content/G3_F03-Decorative-content-incorrectly-tagged-as-figure/UA1_Tpdf-G3_F03.pdf","351DD7044A5BC052BEFE239A7C5AF3AA2FC3167DC45C2208A7A63FE8BDF2F8AD","46486","standards","pdf-association-techniques-for-accessible-pdf","9772af3c93ce6409b945c1c60a4cd7c8e74c8c40","archive:techniques-for-accessible-pdf-9772af3c93ce6409b945c1c60a4cd7c8e74c8c40.zip!/fundamentals/3-content/G3_F03-Decorative-content-incorrectly-tagged-as-figure/UA1_Tpdf-G3_F03.pdf"
"pdfua-techniques/fundamentals/3-content/G3_F04-Decorative-content-not-marked-as-artifact/UA1_Tpdf-G3_F04.pdf","086E9375B07FF8D6C6599252908AF82FB0AFA508A2071576C0CB0105AECD0584","46400","standards","pdf-association-techniques-for-accessible-pdf","9772af3c93ce6409b945c1c60a4cd7c8e74c8c40","archive:techniques-for-accessible-pdf-9772af3c93ce6409b945c1c60a4cd7c8e74c8c40.zip!/fundamentals/3-content/G3_F04-Decorative-content-not-marked-as-artifact/UA1_Tpdf-G3_F04.pdf"
"pdfua-techniques/fundamentals/4-logical-content-order/G4_01-Content-order-correctly-set/UA1_Tpdf-G4_01.pdf","86557B1F79CB278E5826813E5F968D47D28A29AEB1D53ACBD7E71149B2C736DD","32520","standards","pdf-association-techniques-for-accessible-pdf","9772af3c93ce6409b945c1c60a4cd7c8e74c8c40","archive:techniques-for-accessible-pdf-9772af3c93ce6409b945c1c60a4cd7c8e74c8c40.zip!/fundamentals/4-logical-content-order/G4_01-Content-order-correctly-set/UA1_Tpdf-G4_01.pdf"
"pdfua-techniques/fundamentals/4-logical-content-order/G4_02-Order-of-marked-content-sequences-within-a-tag-correctly-set/UA1_Tpdf-G4_02.pdf","490A3D74CBF5C6315A06890E5D39C3261481B215BC73598B35AA7891754CD87E","9110","standards","pdf-association-techniques-for-accessible-pdf","9772af3c93ce6409b945c1c60a4cd7c8e74c8c40","archive:techniques-for-accessible-pdf-9772af3c93ce6409b945c1c60a4cd7c8e74c8c40.zip!/fundamentals/4-logical-content-order/G4_02-Order-of-marked-content-sequences-within-a-tag-correctly-set/UA1_Tpdf-G4_02.pdf"
"pdfua-techniques/fundamentals/4-logical-content-order/G4_03-Content-in-columns-correctly-ordered/UA1_Tpdf-G4_03.pdf","B823997DC8BBECB5E2B22FF9463912AEED8E67DE62CCB02FC57D36D928B3D745","31344","standards","pdf-association-techniques-for-accessible-pdf","9772af3c93ce6409b945c1c60a4cd7c8e74c8c40","archive:techniques-for-accessible-pdf-9772af3c93ce6409b945c1c60a4cd7c8e74c8c40.zip!/fundamentals/4-logical-content-order/G4_03-Content-in-columns-correctly-ordered/UA1_Tpdf-G4_03.pdf"
"pdfua-techniques/fundamentals/4-logical-content-order/G4_04-Sidebar-correctly-located-in-the-document-s-content-order/UA1_Tpdf-G4_04.pdf","54A14E90B8815B8AC884A99452B997719A26778197A2898C7DF939941C8B89D7","38988","standards","pdf-association-techniques-for-accessible-pdf","9772af3c93ce6409b945c1c60a4cd7c8e74c8c40","archive:techniques-for-accessible-pdf-9772af3c93ce6409b945c1c60a4cd7c8e74c8c40.zip!/fundamentals/4-logical-content-order/G4_04-Sidebar-correctly-located-in-the-document-s-content-order/UA1_Tpdf-G4_04.pdf"
"pdfua-techniques/fundamentals/4-logical-content-order/G4_05-Tab-order-for-pages-with-annotations-correctly-set/UA1_Tpdf-G4_05.pdf","AE8D29468F6000DB0EF6C6C42A2E83D20720617879FD4E3D25255FE665411A3F","868914","standards","pdf-association-techniques-for-accessible-pdf","9772af3c93ce6409b945c1c60a4cd7c8e74c8c40","archive:techniques-for-accessible-pdf-9772af3c93ce6409b945c1c60a4cd7c8e74c8c40.zip!/fundamentals/4-logical-content-order/G4_05-Tab-order-for-pages-with-annotations-correctly-set/UA1_Tpdf-G4_05.pdf"
"pdfua-techniques/fundamentals/4-logical-content-order/G4_F01-Content-order-incorrectly-set/UA1_Tpdf-G4_F01.pdf","FCFD6DE6B80CA8AC7BBB34353AE693C4F388F3B828395478FFF23C571754C425","64336","standards","pdf-association-techniques-for-accessible-pdf","9772af3c93ce6409b945c1c60a4cd7c8e74c8c40","archive:techniques-for-accessible-pdf-9772af3c93ce6409b945c1c60a4cd7c8e74c8c40.zip!/fundamentals/4-logical-content-order/G4_F01-Content-order-incorrectly-set/UA1_Tpdf-G4_F01.pdf"
"pdfua-techniques/fundamentals/4-logical-content-order/G4_F02-Order-of-marked-content-sequences-within-a-tag-incorrectly-set/UA1_Tpdf-G4_F02.pdf","E79543CC5765B7111920293F73601ADDD6803B58440CB2C4D7141F7314D7E754","30422","standards","pdf-association-techniques-for-accessible-pdf","9772af3c93ce6409b945c1c60a4cd7c8e74c8c40","archive:techniques-for-accessible-pdf-9772af3c93ce6409b945c1c60a4cd7c8e74c8c40.zip!/fundamentals/4-logical-content-order/G4_F02-Order-of-marked-content-sequences-within-a-tag-incorrectly-set/UA1_Tpdf-G4_F02.pdf"
"pdfua-techniques/fundamentals/4-logical-content-order/G4_F03-Content-in-columns-incorrectly-ordered/UA1_Tpdf-G4_F03.pdf","9372BC131E3BA2C81A72C7CA0316B70A5545FCBF7C4B6CB8043D91CCFC4D34A4","43708","standards","pdf-association-techniques-for-accessible-pdf","9772af3c93ce6409b945c1c60a4cd7c8e74c8c40","archive:techniques-for-accessible-pdf-9772af3c93ce6409b945c1c60a4cd7c8e74c8c40.zip!/fundamentals/4-logical-content-order/G4_F03-Content-in-columns-incorrectly-ordered/UA1_Tpdf-G4_F03.pdf"
"pdfua-techniques/fundamentals/4-logical-content-order/G4_F04-Sidebar-incorrectly-located-in-the-document-s-content-order/UA1_Tpdf-G4_F04.pdf","C5C45EA7D0B280F431FB266C28C81D77871428A1DB78B59AF115C492FEECB5AB","65316","standards","pdf-association-techniques-for-accessible-pdf","9772af3c93ce6409b945c1c60a4cd7c8e74c8c40","archive:techniques-for-accessible-pdf-9772af3c93ce6409b945c1c60a4cd7c8e74c8c40.zip!/fundamentals/4-logical-content-order/G4_F04-Sidebar-incorrectly-located-in-the-document-s-content-order/UA1_Tpdf-G4_F04.pdf"
"pdfua-techniques/fundamentals/4-logical-content-order/G4_F05-Order-of-content-within-a-marked-content-sequence-incorrectly-set/UA1_Tpdf-G4_F05.pdf","35092A00CBE78938457F26939C1CD8E044CFDEC9582B02A1E128EC88E73204D2","63839","standards","pdf-association-techniques-for-accessible-pdf","9772af3c93ce6409b945c1c60a4cd7c8e74c8c40","archive:techniques-for-accessible-pdf-9772af3c93ce6409b945c1c60a4cd7c8e74c8c40.zip!/fundamentals/4-logical-content-order/G4_F05-Order-of-content-within-a-marked-content-sequence-incorrectly-set/UA1_Tpdf-G4_F05.pdf"
"pdfua-techniques/fundamentals/4-logical-content-order/G4_F06-Tab-order-for-pages-with-annotations-incorrectly-set/UA1_Tpdf-G4_F06.pdf","FE6782017642FD46C5236987364A3540CEC604250A2D1ABBFA0D470F4621A125","918100","standards","pdf-association-techniques-for-accessible-pdf","9772af3c93ce6409b945c1c60a4cd7c8e74c8c40","archive:techniques-for-accessible-pdf-9772af3c93ce6409b945c1c60a4cd7c8e74c8c40.zip!/fundamentals/4-logical-content-order/G4_F06-Tab-order-for-pages-with-annotations-incorrectly-set/UA1_Tpdf-G4_F06.pdf"
"pdfua-techniques/fundamentals/4-logical-content-order/G4_F07-Tab-order-for-pages-with-annotations-missing/UA1_Tpdf-G4_F07.pdf","0348680E1BE68AFB86221C3760D514C545E724CCEB43058ABC9C50AD2FE4AF6D","875426","standards","pdf-association-techniques-for-accessible-pdf","9772af3c93ce6409b945c1c60a4cd7c8e74c8c40","archive:techniques-for-accessible-pdf-9772af3c93ce6409b945c1c60a4cd7c8e74c8c40.zip!/fundamentals/4-logical-content-order/G4_F07-Tab-order-for-pages-with-annotations-missing/UA1_Tpdf-G4_F07.pdf"
"pdfua-techniques/fundamentals/5-appropriate-semantics/G5_01-H1-heading-appropriately-tagged/UA1_Tpdf-G5_01.pdf","45FD819EB0EA3C5AEF3367B01D9D4F1486FEABDEE1BDDA03919710C3707AA524","28509","standards","pdf-association-techniques-for-accessible-pdf","9772af3c93ce6409b945c1c60a4cd7c8e74c8c40","archive:techniques-for-accessible-pdf-9772af3c93ce6409b945c1c60a4cd7c8e74c8c40.zip!/fundamentals/5-appropriate-semantics/G5_01-H1-heading-appropriately-tagged/UA1_Tpdf-G5_01.pdf"
"pdfua-techniques/fundamentals/5-appropriate-semantics/G5_02-Similar-real-content-appropriately-tagged/UA1_Tpdf-G5_02.pdf","C1E209CD4CAED00DDD44C64E82E6C9999D5213B544D08A353ACECDD1F5DA3CFB","31180","standards","pdf-association-techniques-for-accessible-pdf","9772af3c93ce6409b945c1c60a4cd7c8e74c8c40","archive:techniques-for-accessible-pdf-9772af3c93ce6409b945c1c60a4cd7c8e74c8c40.zip!/fundamentals/5-appropriate-semantics/G5_02-Similar-real-content-appropriately-tagged/UA1_Tpdf-G5_02.pdf"
"pdfua-techniques/fundamentals/5-appropriate-semantics/G5_03-Visually-separated-content-appropriately-tagged/UA1_Tpdf-G5_03.pdf","071680CD1480E1EBE83CCAB3B822B6520A0681D630FDB0975737C37C716147B7","21556","standards","pdf-association-techniques-for-accessible-pdf","9772af3c93ce6409b945c1c60a4cd7c8e74c8c40","archive:techniques-for-accessible-pdf-9772af3c93ce6409b945c1c60a4cd7c8e74c8c40.zip!/fundamentals/5-appropriate-semantics/G5_03-Visually-separated-content-appropriately-tagged/UA1_Tpdf-G5_03.pdf"
"pdfua-techniques/fundamentals/5-appropriate-semantics/G5_04-Multiline-heading-appropriately-tagged/UA1_Tpdf-G5_04.pdf","2B2E804266581D01ACC2B6F54A9C5B66B86A0B6178C97651B531F116CE5B234D","63064","standards","pdf-association-techniques-for-accessible-pdf","9772af3c93ce6409b945c1c60a4cd7c8e74c8c40","archive:techniques-for-accessible-pdf-9772af3c93ce6409b945c1c60a4cd7c8e74c8c40.zip!/fundamentals/5-appropriate-semantics/G5_04-Multiline-heading-appropriately-tagged/UA1_Tpdf-G5_04.pdf"
"pdfua-techniques/fundamentals/5-appropriate-semantics/G5_F01-H1-heading-inappropriately-tagged/UA1_Tpdf-G5_F01.pdf","EDF87A15422B23AD0D036AF392A09A16910CFBF902777AF686700A90F8ED30E4","63685","standards","pdf-association-techniques-for-accessible-pdf","9772af3c93ce6409b945c1c60a4cd7c8e74c8c40","archive:techniques-for-accessible-pdf-9772af3c93ce6409b945c1c60a4cd7c8e74c8c40.zip!/fundamentals/5-appropriate-semantics/G5_F01-H1-heading-inappropriately-tagged/UA1_Tpdf-G5_F01.pdf"
"pdfua-techniques/fundamentals/5-appropriate-semantics/G5_F02-Similar-real-content-inappropriately-tagged/UA1_Tpdf-G5_F02.pdf","91DBE5DF72FE60408AEBB9D858CCFA947EE4C06D241D42735A4430280B71EBBE","43732","standards","pdf-association-techniques-for-accessible-pdf","9772af3c93ce6409b945c1c60a4cd7c8e74c8c40","archive:techniques-for-accessible-pdf-9772af3c93ce6409b945c1c60a4cd7c8e74c8c40.zip!/fundamentals/5-appropriate-semantics/G5_F02-Similar-real-content-inappropriately-tagged/UA1_Tpdf-G5_F02.pdf"
"pdfua-techniques/fundamentals/5-appropriate-semantics/G5_F03-Single-semantic-unit-of-content-inappropriately-tagged/UA1_Tpdf-G5_F03.pdf","016EB0D457144A52BC65DD48C7C5B52298C4D46785430296DA0E65C8B2A705FF","56906","standards","pdf-association-techniques-for-accessible-pdf","9772af3c93ce6409b945c1c60a4cd7c8e74c8c40","archive:techniques-for-accessible-pdf-9772af3c93ce6409b945c1c60a4cd7c8e74c8c40.zip!/fundamentals/5-appropriate-semantics/G5_F03-Single-semantic-unit-of-content-inappropriately-tagged/UA1_Tpdf-G5_F03.pdf"
"pdfua-techniques/fundamentals/5-appropriate-semantics/G5_F04-Visually-separated-content-inappropriately-tagged/UA1_Tpdf-G5_F04.pdf","86C3C4CFBDF8D5597859C34531F9149E0490D998BB0EF05D9ADDE06EB51D7A00","41352","standards","pdf-association-techniques-for-accessible-pdf","9772af3c93ce6409b945c1c60a4cd7c8e74c8c40","archive:techniques-for-accessible-pdf-9772af3c93ce6409b945c1c60a4cd7c8e74c8c40.zip!/fundamentals/5-appropriate-semantics/G5_F04-Visually-separated-content-inappropriately-tagged/UA1_Tpdf-G5_F04.pdf"
"pdfua-techniques/fundamentals/5-appropriate-semantics/G5_F05-Multiline-heading-inappropriately-tagged/UA1_Tpdf-G5_F05.pdf","E78DEAA1328E42497EE2ABC7978F424F7CE7F6E05F0497B332327F722E88744A","92481","standards","pdf-association-techniques-for-accessible-pdf","9772af3c93ce6409b945c1c60a4cd7c8e74c8c40","archive:techniques-for-accessible-pdf-9772af3c93ce6409b945c1c60a4cd7c8e74c8c40.zip!/fundamentals/5-appropriate-semantics/G5_F05-Multiline-heading-inappropriately-tagged/UA1_Tpdf-G5_F05.pdf"
"pdfua-techniques/fundamentals/5-appropriate-semantics/G5_F06-Table-header-cell-inappropriately-tagged/UA1_Tpdf-G5_F06.pdf","CCBDE3363924D1B1CC6E6118E368A3BDA2B52B73A5B7C5CCA2A3622EBE3257DA","27407","standards","pdf-association-techniques-for-accessible-pdf","9772af3c93ce6409b945c1c60a4cd7c8e74c8c40","archive:techniques-for-accessible-pdf-9772af3c93ce6409b945c1c60a4cd7c8e74c8c40.zip!/fundamentals/5-appropriate-semantics/G5_F06-Table-header-cell-inappropriately-tagged/UA1_Tpdf-G5_F06.pdf"
"pdfua-techniques/headings/H_01-Top-level-heading-correctly-tagged-as-H1/UA1_Tpdf-H_01.pdf","5A112B4A469A8384F1CD9E57D526438AE2C753216FFFEE8328099D329CA57456","28421","standards","pdf-association-techniques-for-accessible-pdf","9772af3c93ce6409b945c1c60a4cd7c8e74c8c40","archive:techniques-for-accessible-pdf-9772af3c93ce6409b945c1c60a4cd7c8e74c8c40.zip!/headings/H_01-Top-level-heading-correctly-tagged-as-H1/UA1_Tpdf-H_01.pdf"
"pdfua-techniques/headings/H_02-Multiline-heading-correctly-tagged/UA1_Tpdf-H_02.pdf","21597B622CAB31700D7C1D311536CF41F9DA629386882A5F51887DDAB771614A","62976","standards","pdf-association-techniques-for-accessible-pdf","9772af3c93ce6409b945c1c60a4cd7c8e74c8c40","archive:techniques-for-accessible-pdf-9772af3c93ce6409b945c1c60a4cd7c8e74c8c40.zip!/headings/H_02-Multiline-heading-correctly-tagged/UA1_Tpdf-H_02.pdf"
"pdfua-techniques/headings/H_03-Headings-with-different-levels-correctly-tagged/UA1_Tpdf-H_03.pdf","5A542C854127D5C1725B900ECA9C06110DFFB0D047E807EF3A15EBF758E11625","64159","standards","pdf-association-techniques-for-accessible-pdf","9772af3c93ce6409b945c1c60a4cd7c8e74c8c40","archive:techniques-for-accessible-pdf-9772af3c93ce6409b945c1c60a4cd7c8e74c8c40.zip!/headings/H_03-Headings-with-different-levels-correctly-tagged/UA1_Tpdf-H_03.pdf"
"pdfua-techniques/headings/H_04-Image-correctly-tagged-as-heading/UA1_Tpdf-H_04.pdf","1E78262229E29B620912986FAFC3E1E7B5AC4251972C094004147CA7E1F9020C","27214","standards","pdf-association-techniques-for-accessible-pdf","9772af3c93ce6409b945c1c60a4cd7c8e74c8c40","archive:techniques-for-accessible-pdf-9772af3c93ce6409b945c1c60a4cd7c8e74c8c40.zip!/headings/H_04-Image-correctly-tagged-as-heading/UA1_Tpdf-H_04.pdf"
"pdfua-techniques/headings/H_05-Heading-levels-correctly-not-skipped/UA1_Tpdf-H_05.pdf","513284C861416442CAD00CE4EA47B1CB90CF99B31B5F49EAC2ACA5F666C0FAB9","18982","standards","pdf-association-techniques-for-accessible-pdf","9772af3c93ce6409b945c1c60a4cd7c8e74c8c40","archive:techniques-for-accessible-pdf-9772af3c93ce6409b945c1c60a4cd7c8e74c8c40.zip!/headings/H_05-Heading-levels-correctly-not-skipped/UA1_Tpdf-H_05.pdf"
"pdfua-techniques/headings/H_06-Subtitle-correctly-tagged/UA1_Tpdf-H_06.pdf","E095231D2FEE173D84163B924F3A8D9D3A57B617FB91159A93BC421C26FB0965","28465","standards","pdf-association-techniques-for-accessible-pdf","9772af3c93ce6409b945c1c60a4cd7c8e74c8c40","archive:techniques-for-accessible-pdf-9772af3c93ce6409b945c1c60a4cd7c8e74c8c40.zip!/headings/H_06-Subtitle-correctly-tagged/UA1_Tpdf-H_06.pdf"
"pdfua-techniques/headings/H_07-Title-in-page-content-correctly-tagged/UA1_Tpdf-H_07.pdf","13B56165C1FA0BB90B2F404CB6AD59F29A745BB846EB63058F5B3AC835AA0A11","28294","standards","pdf-association-techniques-for-accessible-pdf","9772af3c93ce6409b945c1c60a4cd7c8e74c8c40","archive:techniques-for-accessible-pdf-9772af3c93ce6409b945c1c60a4cd7c8e74c8c40.zip!/headings/H_07-Title-in-page-content-correctly-tagged/UA1_Tpdf-H_07.pdf"
"pdfua-techniques/headings/H_08-Heading-level-7-correctly-rolemapped-to-P/UA1_Tpdf-H_08.pdf","5C800F3CEB967BF1299A22A0C875C2D1B26FED96A280574DA45F02D5291FF2DD","14949","standards","pdf-association-techniques-for-accessible-pdf","9772af3c93ce6409b945c1c60a4cd7c8e74c8c40","archive:techniques-for-accessible-pdf-9772af3c93ce6409b945c1c60a4cd7c8e74c8c40.zip!/headings/H_08-Heading-level-7-correctly-rolemapped-to-P/UA1_Tpdf-H_08.pdf"
"pdfua-techniques/headings/H_09-Heading-level-7-correctly-rolemapped-to-H6/UA1_Tpdf-H_09.pdf","490AC660FB82762C2E77C5942BF2E383B3D40408EDB406D9F7E2FD7095DC4711","14922","standards","pdf-association-techniques-for-accessible-pdf","9772af3c93ce6409b945c1c60a4cd7c8e74c8c40","archive:techniques-for-accessible-pdf-9772af3c93ce6409b945c1c60a4cd7c8e74c8c40.zip!/headings/H_09-Heading-level-7-correctly-rolemapped-to-H6/UA1_Tpdf-H_09.pdf"
"pdfua-techniques/headings/H_F01-Top-level-heading-incorrectly-tagged-as-P-instead-of-H1/UA1_Tpdf-H_F01.pdf","C2F5FD6BCF1A0BE7FA8FFA5EE62E8308CACB1B8FC85450F6691FDDE1E55DD3FC","45890","standards","pdf-association-techniques-for-accessible-pdf","9772af3c93ce6409b945c1c60a4cd7c8e74c8c40","archive:techniques-for-accessible-pdf-9772af3c93ce6409b945c1c60a4cd7c8e74c8c40.zip!/headings/H_F01-Top-level-heading-incorrectly-tagged-as-P-instead-of-H1/UA1_Tpdf-H_F01.pdf"
"pdfua-techniques/headings/H_F02-Multiline-heading-incorrectly-tagged/UA1_Tpdf-H_F02.pdf","FAC0AACE3B61F86324F58963899B4462B627E7CA312F8275E822968DC597ED50","92482","standards","pdf-association-techniques-for-accessible-pdf","9772af3c93ce6409b945c1c60a4cd7c8e74c8c40","archive:techniques-for-accessible-pdf-9772af3c93ce6409b945c1c60a4cd7c8e74c8c40.zip!/headings/H_F02-Multiline-heading-incorrectly-tagged/UA1_Tpdf-H_F02.pdf"
"pdfua-techniques/headings/H_F03-Paragraph-incorrectly-tagged-as-H2/UA1_Tpdf-H_F03.pdf","A8B2273BA5FF080ACE91A5ACAD104AB745C45FCD12804358495568A9275FAEC0","28361","standards","pdf-association-techniques-for-accessible-pdf","9772af3c93ce6409b945c1c60a4cd7c8e74c8c40","archive:techniques-for-accessible-pdf-9772af3c93ce6409b945c1c60a4cd7c8e74c8c40.zip!/headings/H_F03-Paragraph-incorrectly-tagged-as-H2/UA1_Tpdf-H_F03.pdf"
"pdfua-techniques/headings/H_F04-Incorrect-use-of-headings-instead-of-table-header-cells/UA1_Tpdf-H_F04.pdf","910BCE53080A01C112683CFE338B6B72D780BE11DF112F242E09FD646572C162","27317","standards","pdf-association-techniques-for-accessible-pdf","9772af3c93ce6409b945c1c60a4cd7c8e74c8c40","archive:techniques-for-accessible-pdf-9772af3c93ce6409b945c1c60a4cd7c8e74c8c40.zip!/headings/H_F04-Incorrect-use-of-headings-instead-of-table-header-cells/UA1_Tpdf-H_F04.pdf"
"pdfua-techniques/headings/H_F05-First-level-heading-incorrectly-tagged-as-H3-instead-of-H1/UA1_Tpdf-H_F05.pdf","76976F503D8161BA03DE2F98299331756A092545EC4D3F0094DC32813B0C1AD7","21737","standards","pdf-association-techniques-for-accessible-pdf","9772af3c93ce6409b945c1c60a4cd7c8e74c8c40","archive:techniques-for-accessible-pdf-9772af3c93ce6409b945c1c60a4cd7c8e74c8c40.zip!/headings/H_F05-First-level-heading-incorrectly-tagged-as-H3-instead-of-H1/UA1_Tpdf-H_F05.pdf"
"pdfua-techniques/headings/H_F06-Incorrect-combined-use-of-Hn-and-H-tags-for-headings/UA1_Tpdf-H_F06.pdf","C5206350B244F51C4B4CA86B890155CA5C2B95D47E35F2AD5C19CC08A3805DC1","15025","standards","pdf-association-techniques-for-accessible-pdf","9772af3c93ce6409b945c1c60a4cd7c8e74c8c40","archive:techniques-for-accessible-pdf-9772af3c93ce6409b945c1c60a4cd7c8e74c8c40.zip!/headings/H_F06-Incorrect-combined-use-of-Hn-and-H-tags-for-headings/UA1_Tpdf-H_F06.pdf"
"pdfua-techniques/headings/H_F07-Both-title-and-top-level-headings-incorrectly-tagged-as-H1/UA1_Tpdf-H_F07.pdf","11114F658884EEB17DCC7E587E1A35F86C05092CD48DBA6ED64B8C358179EEDA","34337","standards","pdf-association-techniques-for-accessible-pdf","9772af3c93ce6409b945c1c60a4cd7c8e74c8c40","archive:techniques-for-accessible-pdf-9772af3c93ce6409b945c1c60a4cd7c8e74c8c40.zip!/headings/H_F07-Both-title-and-top-level-headings-incorrectly-tagged-as-H1/UA1_Tpdf-H_F07.pdf"
"pdfua-techniques/headings/H_F08-Heading-level-incorrectly-skipped/UA1_Tpdf-H_F08.pdf","7E5BBDACC15DBE4B823F19A0470DB283B5AD9816DCCEEF6AD4DE48CED17A5918","17740","standards","pdf-association-techniques-for-accessible-pdf","9772af3c93ce6409b945c1c60a4cd7c8e74c8c40","archive:techniques-for-accessible-pdf-9772af3c93ce6409b945c1c60a4cd7c8e74c8c40.zip!/headings/H_F08-Heading-level-incorrectly-skipped/UA1_Tpdf-H_F08.pdf"
"pdfua-techniques/list/L_01-Unordered-list/UA1_Tpdf-L_01.pdf","EA69B0D415ACC8CEFBB16641381526067524854EE9BC959FF13F11FDB9CC0422","17761","standards","pdf-association-techniques-for-accessible-pdf","9772af3c93ce6409b945c1c60a4cd7c8e74c8c40","archive:techniques-for-accessible-pdf-9772af3c93ce6409b945c1c60a4cd7c8e74c8c40.zip!/list/L_01-Unordered-list/UA1_Tpdf-L_01.pdf"
"pdfua-techniques/list/L_02-Ordered-list-with-correctly-set-ListNumbering-attribute-UpperRoman/UA1_Tpdf-L_02.pdf","08A02B03839A7E1D55B3BE51FC11BFBD4181195484382F512A798FFF0D6765AA","13720","standards","pdf-association-techniques-for-accessible-pdf","9772af3c93ce6409b945c1c60a4cd7c8e74c8c40","archive:techniques-for-accessible-pdf-9772af3c93ce6409b945c1c60a4cd7c8e74c8c40.zip!/list/L_02-Ordered-list-with-correctly-set-ListNumbering-attribute-UpperRoman/UA1_Tpdf-L_02.pdf"
"pdfua-techniques/list/L_03-Ordered-list-with-correctly-set-ListNumbering-attribute-Decimal/UA1_Tpdf-L_03.pdf","DCCA3855AB674DD5D9101246B5559778162A49A4FC7ADAC204512F0D3F04348B","14776","standards","pdf-association-techniques-for-accessible-pdf","9772af3c93ce6409b945c1c60a4cd7c8e74c8c40","archive:techniques-for-accessible-pdf-9772af3c93ce6409b945c1c60a4cd7c8e74c8c40.zip!/list/L_03-Ordered-list-with-correctly-set-ListNumbering-attribute-Decimal/UA1_Tpdf-L_03.pdf"
"pdfua-techniques/list/L_04-Unordered-List-with-decorative-images-as-bullets-correctly-tagged/UA1_Tpdf-L_04.pdf","84BA1A539A1FFBE2FAFC6F85696EF197C66D14DDC543112FE06B5EB0BD1F9E85","80334","standards","pdf-association-techniques-for-accessible-pdf","9772af3c93ce6409b945c1c60a4cd7c8e74c8c40","archive:techniques-for-accessible-pdf-9772af3c93ce6409b945c1c60a4cd7c8e74c8c40.zip!/list/L_04-Unordered-List-with-decorative-images-as-bullets-correctly-tagged/UA1_Tpdf-L_04.pdf"
"pdfua-techniques/list/L_05-Multi-level-list-correctly-tagged/UA1_Tpdf-L_05.pdf","E3D02937A2488EF981E3FB6DBA3E8BE77F027DB1A2C69CE4AD645B4864E15724","16927","standards","pdf-association-techniques-for-accessible-pdf","9772af3c93ce6409b945c1c60a4cd7c8e74c8c40","archive:techniques-for-accessible-pdf-9772af3c93ce6409b945c1c60a4cd7c8e74c8c40.zip!/list/L_05-Multi-level-list-correctly-tagged/UA1_Tpdf-L_05.pdf"
"pdfua-techniques/list/L_06-List-with-semantic-images-as-bullets-correctly-tagged/UA1_Tpdf-L_06.pdf","5D6009B9470873B5F2708EB4647B05A73B44F8E3F7E1F2E594470D1CB9F31F1C","86233","standards","pdf-association-techniques-for-accessible-pdf","9772af3c93ce6409b945c1c60a4cd7c8e74c8c40","archive:techniques-for-accessible-pdf-9772af3c93ce6409b945c1c60a4cd7c8e74c8c40.zip!/list/L_06-List-with-semantic-images-as-bullets-correctly-tagged/UA1_Tpdf-L_06.pdf"
"pdfua-techniques/list/L_07-Three-unordered-lists-with-the-ListNumbering-correctly-not-set/UA1_Tpdf-L_07.pdf","3756ABE122170E55A5E58BB75AE4384ADB4B1BA359DDE257B758BD7A05E2988D","107005","standards","pdf-association-techniques-for-accessible-pdf","9772af3c93ce6409b945c1c60a4cd7c8e74c8c40","archive:techniques-for-accessible-pdf-9772af3c93ce6409b945c1c60a4cd7c8e74c8c40.zip!/list/L_07-Three-unordered-lists-with-the-ListNumbering-correctly-not-set/UA1_Tpdf-L_07.pdf"
"pdfua-techniques/list/L_08-Three-unordered-lists-with-the-ListNumbering-correctly-set-to-None/UA1_Tpdf-L_08.pdf","035FAFBB6FFE4536B8DBA176B6BAEA1E9333F951E2F7CF5337246E3A803036AD","106927","standards","pdf-association-techniques-for-accessible-pdf","9772af3c93ce6409b945c1c60a4cd7c8e74c8c40","archive:techniques-for-accessible-pdf-9772af3c93ce6409b945c1c60a4cd7c8e74c8c40.zip!/list/L_08-Three-unordered-lists-with-the-ListNumbering-correctly-set-to-None/UA1_Tpdf-L_08.pdf"
"pdfua-techniques/list/L_09-Caption-for-List-correctly-tagged/UA1_Tpdf-L_09.pdf","C62552B08A18A293DD5EEA4A2B0A4F93DF32135C9B71BB735101558818E80315","10043","standards","pdf-association-techniques-for-accessible-pdf","9772af3c93ce6409b945c1c60a4cd7c8e74c8c40","archive:techniques-for-accessible-pdf-9772af3c93ce6409b945c1c60a4cd7c8e74c8c40.zip!/list/L_09-Caption-for-List-correctly-tagged/UA1_Tpdf-L_09.pdf"
"pdfua-techniques/list/L_10-Inline-List-correctly-tagged/UA1_Tpdf-L_10.pdf","1FF4AFAACCFADE357A2BED0AE7638336417E3132AE06A8C57307EF3D0B4947E5","37015","standards","pdf-association-techniques-for-accessible-pdf","9772af3c93ce6409b945c1c60a4cd7c8e74c8c40","archive:techniques-for-accessible-pdf-9772af3c93ce6409b945c1c60a4cd7c8e74c8c40.zip!/list/L_10-Inline-List-correctly-tagged/UA1_Tpdf-L_10.pdf"
"pdfua-techniques/list/L_11-List-item-spanning-2-pages-correctly-tagged/UA1_Tpdf-L_11.pdf","891E3E7C7A449048F26693E53131635CAFCA280E48EC52D6A70020953CFE1BF8","62521","standards","pdf-association-techniques-for-accessible-pdf","9772af3c93ce6409b945c1c60a4cd7c8e74c8c40","archive:techniques-for-accessible-pdf-9772af3c93ce6409b945c1c60a4cd7c8e74c8c40.zip!/list/L_11-List-item-spanning-2-pages-correctly-tagged/UA1_Tpdf-L_11.pdf"
"pdfua-techniques/list/L_12-Hierarchical-list-correctly-tagged/UA1_Tpdf-L_12.pdf","B600B99A9BF4A44192EF73F0B3B900F012ED578AE192A3A9BE46DFC887632346","16864","standards","pdf-association-techniques-for-accessible-pdf","9772af3c93ce6409b945c1c60a4cd7c8e74c8c40","archive:techniques-for-accessible-pdf-9772af3c93ce6409b945c1c60a4cd7c8e74c8c40.zip!/list/L_12-Hierarchical-list-correctly-tagged/UA1_Tpdf-L_12.pdf"
"pdfua-techniques/list/L_13-List-item-with-substructure-correctly-tagged/UA1_Tpdf-L_13.pdf","91C19689A3231AFCB9E78E5E570A7BC0D2EAF40F73BCCCF353C2721A5752C5EA","17020","standards","pdf-association-techniques-for-accessible-pdf","9772af3c93ce6409b945c1c60a4cd7c8e74c8c40","archive:techniques-for-accessible-pdf-9772af3c93ce6409b945c1c60a4cd7c8e74c8c40.zip!/list/L_13-List-item-with-substructure-correctly-tagged/UA1_Tpdf-L_13.pdf"
"pdfua-techniques/list/L_14-Description-list-correctly-tagged/UA1_Tpdf-L_14.pdf","E3931D460CFCAFD9BE13D42C31420817552B5B26F7F9DF7F8F9A7724E680E281","18017","standards","pdf-association-techniques-for-accessible-pdf","9772af3c93ce6409b945c1c60a4cd7c8e74c8c40","archive:techniques-for-accessible-pdf-9772af3c93ce6409b945c1c60a4cd7c8e74c8c40.zip!/list/L_14-Description-list-correctly-tagged/UA1_Tpdf-L_14.pdf"
"pdfua-techniques/list/L_15-List-spanning-2-pages-correctly-tagged/UA1_Tpdf-L_15.pdf","16EB90385E0B40004B7E3AD1F1C7DA16143643FBE04D73ECB53577D9D203226C","38117","standards","pdf-association-techniques-for-accessible-pdf","9772af3c93ce6409b945c1c60a4cd7c8e74c8c40","archive:techniques-for-accessible-pdf-9772af3c93ce6409b945c1c60a4cd7c8e74c8c40.zip!/list/L_15-List-spanning-2-pages-correctly-tagged/UA1_Tpdf-L_15.pdf"
"pdfua-techniques/list/L_F01-Unordered-list-with-incorrectly-set-ListNumbering-attribute/UA1_Tpdf-L_F01.pdf","B71137ABDAE88998D760EB5A3608BB3AEFDFFD7856B517706E54C5E5CDD2FD95","24306","standards","pdf-association-techniques-for-accessible-pdf","9772af3c93ce6409b945c1c60a4cd7c8e74c8c40","archive:techniques-for-accessible-pdf-9772af3c93ce6409b945c1c60a4cd7c8e74c8c40.zip!/list/L_F01-Unordered-list-with-incorrectly-set-ListNumbering-attribute/UA1_Tpdf-L_F01.pdf"
"pdfua-techniques/list/L_F02-List-with-incorrectly-tagged-labels/UA1_Tpdf-L_F02.pdf","5ED6EB6DED5AD786818C088553871A8D12C36F6ED9D43FD1F106567F9185DAF5","27096","standards","pdf-association-techniques-for-accessible-pdf","9772af3c93ce6409b945c1c60a4cd7c8e74c8c40","archive:techniques-for-accessible-pdf-9772af3c93ce6409b945c1c60a4cd7c8e74c8c40.zip!/list/L_F02-List-with-incorrectly-tagged-labels/UA1_Tpdf-L_F02.pdf"
"pdfua-techniques/list/L_F03-Ordered-list-with-missing-ListNumbering-attribute/UA1_Tpdf-L_F03.pdf","AC135C407388AB9081492993D3505ED3BE86F004F2F792241D6E5CB00EF9FBAD","21093","standards","pdf-association-techniques-for-accessible-pdf","9772af3c93ce6409b945c1c60a4cd7c8e74c8c40","archive:techniques-for-accessible-pdf-9772af3c93ce6409b945c1c60a4cd7c8e74c8c40.zip!/list/L_F03-Ordered-list-with-missing-ListNumbering-attribute/UA1_Tpdf-L_F03.pdf"
"pdfua-techniques/list/L_F04-Ordered-list-with-ListNumbering-attribute-incorrectly-set-to-Disc/UA1_Tpdf-L_F04.pdf","122BBD5B86CAE20A78F06A21FBE53A61D4842D332913CE763D2A2AF0F1BA62C4","21094","standards","pdf-association-techniques-for-accessible-pdf","9772af3c93ce6409b945c1c60a4cd7c8e74c8c40","archive:techniques-for-accessible-pdf-9772af3c93ce6409b945c1c60a4cd7c8e74c8c40.zip!/list/L_F04-Ordered-list-with-ListNumbering-attribute-incorrectly-set-to-Disc/UA1_Tpdf-L_F04.pdf"
"pdfua-techniques/list/L_F05-List-with-missing-LBody/UA1_Tpdf-L_F05.pdf","4BF102CD6584CEC7712F28A13C2270FC43E7A45BB2E3795A9CAD903BF2D75330","28031","standards","pdf-association-techniques-for-accessible-pdf","9772af3c93ce6409b945c1c60a4cd7c8e74c8c40","archive:techniques-for-accessible-pdf-9772af3c93ce6409b945c1c60a4cd7c8e74c8c40.zip!/list/L_F05-List-with-missing-LBody/UA1_Tpdf-L_F05.pdf"
"pdfua-techniques/list/L_F06-List-incorrectly-tagged-as-P/UA1_Tpdf-L_F06.pdf","5E630938E44BC792B4D74B150EFF3329FF385A981EBC7017047F0DF02D826F6D","28655","standards","pdf-association-techniques-for-accessible-pdf","9772af3c93ce6409b945c1c60a4cd7c8e74c8c40","archive:techniques-for-accessible-pdf-9772af3c93ce6409b945c1c60a4cd7c8e74c8c40.zip!/list/L_F06-List-incorrectly-tagged-as-P/UA1_Tpdf-L_F06.pdf"
"pdfua-techniques/list/L_F07-Multi-level-list-tags-incorrectly-nested/UA1_Tpdf-L_F07.pdf","3E1FF571CC9866E706CAC08618F77650DFDF38FA0351B9D6624CD39C07CEC4E8","28360","standards","pdf-association-techniques-for-accessible-pdf","9772af3c93ce6409b945c1c60a4cd7c8e74c8c40","archive:techniques-for-accessible-pdf-9772af3c93ce6409b945c1c60a4cd7c8e74c8c40.zip!/list/L_F07-Multi-level-list-tags-incorrectly-nested/UA1_Tpdf-L_F07.pdf"
"pdfua-techniques/list/L_F08-List-item-substructure-incorrectly-tagged/UA1_Tpdf-L_F08.pdf","162CE60DC603F1546956F17371A3BE77BA51DDA1208752EB3A5D4813A571620D","23324","standards","pdf-association-techniques-for-accessible-pdf","9772af3c93ce6409b945c1c60a4cd7c8e74c8c40","archive:techniques-for-accessible-pdf-9772af3c93ce6409b945c1c60a4cd7c8e74c8c40.zip!/list/L_F08-List-item-substructure-incorrectly-tagged/UA1_Tpdf-L_F08.pdf"
"pdfua-techniques/list/L_F09-List-item-with-missing-LBody-tag/UA1_Tpdf-L_F09.pdf","BF2994C54D6847E681F3F995C961C381FDEAA7FA474BCCEF04C7059C5BAB77A1","33411","standards","pdf-association-techniques-for-accessible-pdf","9772af3c93ce6409b945c1c60a4cd7c8e74c8c40","archive:techniques-for-accessible-pdf-9772af3c93ce6409b945c1c60a4cd7c8e74c8c40.zip!/list/L_F09-List-item-with-missing-LBody-tag/UA1_Tpdf-L_F09.pdf"
"pdfua-techniques/list/L_F10-List-spanning-multiple-pages-incorrectly-tagged/UA1_Tpdf-L_F10.pdf","2EACA3E89426F29AFA6FB1F15AABA4CD8F76D7C376FCAA9D7DE319523BC601A5","97585","standards","pdf-association-techniques-for-accessible-pdf","9772af3c93ce6409b945c1c60a4cd7c8e74c8c40","archive:techniques-for-accessible-pdf-9772af3c93ce6409b945c1c60a4cd7c8e74c8c40.zip!/list/L_F10-List-spanning-multiple-pages-incorrectly-tagged/UA1_Tpdf-L_F10.pdf"
"preservation/openpreserve-format-corpus/desktop-publishing/InDesign/Neddy_Flyer_HeatherRyan.pdf","6A3C9444D4905C8896A717BE7C30EE7D20B3C319EB2D3D469393A0F0E3529243","59106","standards","OpenPreserve Format Corpus","366f068cec399d0cdfd61fa473de3ab6dc858098","sources\openpreserve-format-corpus\extracted\format-corpus-366f068cec399d0cdfd61fa473de3ab6dc858098\desktop-publishing\InDesign\Neddy_Flyer_HeatherRyan.pdf"
"preservation/openpreserve-format-corpus/ebooks/calibre 0.8.57/Lorem Ipsum - Andrew Jackson.pdf","DE27B8FEDA2AB31DF801C4894732389A5255F39A1C6A979C418F0D134161B151","41814","standards","OpenPreserve Format Corpus","366f068cec399d0cdfd61fa473de3ab6dc858098","sources\openpreserve-format-corpus\extracted\format-corpus-366f068cec399d0cdfd61fa473de3ab6dc858098\ebooks\calibre 0.8.57\Lorem Ipsum - Andrew Jackson.pdf"
"preservation/openpreserve-format-corpus/ebooks/calibre 0.9.0/lorem-ipsum.pdf","ED5F14EFAADA2CB0EB76CC3529E08859667B2319ADB38C0BE601AE044B7DCCB0","43433","standards","OpenPreserve Format Corpus","366f068cec399d0cdfd61fa473de3ab6dc858098","sources\openpreserve-format-corpus\extracted\format-corpus-366f068cec399d0cdfd61fa473de3ab6dc858098\ebooks\calibre 0.9.0\lorem-ipsum.pdf"
"preservation/openpreserve-format-corpus/ebooks/iBooks Author 1.1 (190)/lorem-ipsum-openprintcopypw.pdf","964EF0FED1D9757E6B06F6197503B3E06223435D1A943E8A44AB5A1FD921716A","32582","standards","OpenPreserve Format Corpus","366f068cec399d0cdfd61fa473de3ab6dc858098","sources\openpreserve-format-corpus\extracted\format-corpus-366f068cec399d0cdfd61fa473de3ab6dc858098\ebooks\iBooks Author 1.1 (190)\lorem-ipsum-openprintcopypw.pdf"
"preservation/openpreserve-format-corpus/ebooks/iBooks Author 1.1 (190)/lorem-ipsum-plus-image-openprintcopypw.pdf","5133A751297B9BFF66CFF73CAA9BF26B29859BC6E13F6DD06CAD8657443092EA","66644","standards","OpenPreserve Format Corpus","366f068cec399d0cdfd61fa473de3ab6dc858098","sources\openpreserve-format-corpus\extracted\format-corpus-366f068cec399d0cdfd61fa473de3ab6dc858098\ebooks\iBooks Author 1.1 (190)\lorem-ipsum-plus-image-openprintcopypw.pdf"
"preservation/openpreserve-format-corpus/ebooks/iBooks Author 1.1 (190)/lorem-ipsum-plus-image.pdf","90A0FFCFEFF4FA3F94A265FD5E9FDC02441A7B35995B5CE0D2FFFE735634089B","66370","standards","OpenPreserve Format Corpus","366f068cec399d0cdfd61fa473de3ab6dc858098","sources\openpreserve-format-corpus\extracted\format-corpus-366f068cec399d0cdfd61fa473de3ab6dc858098\ebooks\iBooks Author 1.1 (190)\lorem-ipsum-plus-image.pdf"
"preservation/openpreserve-format-corpus/ebooks/iBooks Author 1.1 (190)/lorem-ipsum.pdf","DE13A09C609012FF67EDAF241C977D282552DC5C50FD46EDAFA608CB16545B87","32474","standards","OpenPreserve Format Corpus","366f068cec399d0cdfd61fa473de3ab6dc858098","sources\openpreserve-format-corpus\extracted\format-corpus-366f068cec399d0cdfd61fa473de3ab6dc858098\ebooks\iBooks Author 1.1 (190)\lorem-ipsum.pdf"
"preservation/openpreserve-format-corpus/ebooks/iBooks Author 2.0 (327)/lorem-ipsum-plus-image-updated-opencopyprintpw.pdf","2EB1873D43589E63A5212B275BEC83A1E8D3E7A8B55DFC03AA9683E8983B1D68","58296","standards","OpenPreserve Format Corpus","366f068cec399d0cdfd61fa473de3ab6dc858098","sources\openpreserve-format-corpus\extracted\format-corpus-366f068cec399d0cdfd61fa473de3ab6dc858098\ebooks\iBooks Author 2.0 (327)\lorem-ipsum-plus-image-updated-opencopyprintpw.pdf"
"preservation/openpreserve-format-corpus/ebooks/iBooks Author 2.0 (327)/lorem-ipsum-plus-image-updated.pdf","31047B45155C889BB65D618E919B5071859F5EBA90FC7E4CDFB8C364AFAF4B91","58049","standards","OpenPreserve Format Corpus","366f068cec399d0cdfd61fa473de3ab6dc858098","sources\openpreserve-format-corpus\extracted\format-corpus-366f068cec399d0cdfd61fa473de3ab6dc858098\ebooks\iBooks Author 2.0 (327)\lorem-ipsum-plus-image-updated.pdf"
"preservation/openpreserve-format-corpus/fully-featured-pdf/PDF-Sample-Document-Fully-Featured-Layout_Redacted.pdf","0C5A2726B6821FE94A3AB7DA92AB2655E41BF90FFF9AF91F55A48CE6308C061F","22724407","standards","OpenPreserve Format Corpus","366f068cec399d0cdfd61fa473de3ab6dc858098","sources\openpreserve-format-corpus\extracted\format-corpus-366f068cec399d0cdfd61fa473de3ab6dc858098\fully-featured-pdf\PDF-Sample-Document-Fully-Featured-Layout_Redacted.pdf"
"preservation/openpreserve-format-corpus/govdocs1-error-pdfs/error_set_1/008677.pdf","4C8252454A8843BA39908ECC88646179214D567F2F1FA03696754E8392C218B4","2204415","standards","OpenPreserve Format Corpus","366f068cec399d0cdfd61fa473de3ab6dc858098","sources\openpreserve-format-corpus\extracted\format-corpus-366f068cec399d0cdfd61fa473de3ab6dc858098\govdocs1-error-pdfs\error_set_1\008677.pdf"
"preservation/openpreserve-format-corpus/govdocs1-error-pdfs/error_set_1/032270.pdf","7F310F196E2878F49C738BA8435D1F98A4BC4499EA133A50CB82F423C86E11F0","21492","standards","OpenPreserve Format Corpus","366f068cec399d0cdfd61fa473de3ab6dc858098","sources\openpreserve-format-corpus\extracted\format-corpus-366f068cec399d0cdfd61fa473de3ab6dc858098\govdocs1-error-pdfs\error_set_1\032270.pdf"
"preservation/openpreserve-format-corpus/govdocs1-error-pdfs/error_set_1/125619.pdf","4F0207451F4930FEFB04BBA1FEBD2A22FF9FBE73002AB6DCEAC87AD2D52A964B","141832","standards","OpenPreserve Format Corpus","366f068cec399d0cdfd61fa473de3ab6dc858098","sources\openpreserve-format-corpus\extracted\format-corpus-366f068cec399d0cdfd61fa473de3ab6dc858098\govdocs1-error-pdfs\error_set_1\125619.pdf"
"preservation/openpreserve-format-corpus/govdocs1-error-pdfs/error_set_1/137036.pdf","418DA7ABF2BEB9BA786DA8CD407E511587FA491808EE32B8DC3BD7C0F2FEABEC","258019","standards","OpenPreserve Format Corpus","366f068cec399d0cdfd61fa473de3ab6dc858098","sources\openpreserve-format-corpus\extracted\format-corpus-366f068cec399d0cdfd61fa473de3ab6dc858098\govdocs1-error-pdfs\error_set_1\137036.pdf"
"preservation/openpreserve-format-corpus/govdocs1-error-pdfs/error_set_1/160721.pdf","3B2F07BF64165AB7D4F28270F29363485D7867BE1A7B9F3E32784B751B2653CA","37382","standards","OpenPreserve Format Corpus","366f068cec399d0cdfd61fa473de3ab6dc858098","sources\openpreserve-format-corpus\extracted\format-corpus-366f068cec399d0cdfd61fa473de3ab6dc858098\govdocs1-error-pdfs\error_set_1\160721.pdf"
"preservation/openpreserve-format-corpus/govdocs1-error-pdfs/error_set_1/176446.pdf","47782998DBC908DAADF2FB6B1783D19BA3E2E3DD87A6BC4EE9330DED8A794BED","130843","standards","OpenPreserve Format Corpus","366f068cec399d0cdfd61fa473de3ab6dc858098","sources\openpreserve-format-corpus\extracted\format-corpus-366f068cec399d0cdfd61fa473de3ab6dc858098\govdocs1-error-pdfs\error_set_1\176446.pdf"
"preservation/openpreserve-format-corpus/govdocs1-error-pdfs/error_set_1/195981.pdf","F00B5DAADB48CD22B6E67DBC46C3A65209BD3402466708DD4A37FC846D62E9A7","421140","standards","OpenPreserve Format Corpus","366f068cec399d0cdfd61fa473de3ab6dc858098","sources\openpreserve-format-corpus\extracted\format-corpus-366f068cec399d0cdfd61fa473de3ab6dc858098\govdocs1-error-pdfs\error_set_1\195981.pdf"
"preservation/openpreserve-format-corpus/govdocs1-error-pdfs/error_set_1/225188.pdf","BB2255F91DAC9C829CDF495D077C1E8239C775E6FB6B93C7979F96D795809B13","55969","standards","OpenPreserve Format Corpus","366f068cec399d0cdfd61fa473de3ab6dc858098","sources\openpreserve-format-corpus\extracted\format-corpus-366f068cec399d0cdfd61fa473de3ab6dc858098\govdocs1-error-pdfs\error_set_1\225188.pdf"
"preservation/openpreserve-format-corpus/govdocs1-error-pdfs/error_set_1/225189.pdf","F5E62554A2B8AFFC18F651F8B6FB013E645A864C22F44401F8855293AF93C877","65131","standards","OpenPreserve Format Corpus","366f068cec399d0cdfd61fa473de3ab6dc858098","sources\openpreserve-format-corpus\extracted\format-corpus-366f068cec399d0cdfd61fa473de3ab6dc858098\govdocs1-error-pdfs\error_set_1\225189.pdf"
"preservation/openpreserve-format-corpus/govdocs1-error-pdfs/error_set_1/275884.pdf","780DB74D53D008F5534C590A7041B6B094654652DA213E55E9FD2FA1CD663780","461045","standards","OpenPreserve Format Corpus","366f068cec399d0cdfd61fa473de3ab6dc858098","sources\openpreserve-format-corpus\extracted\format-corpus-366f068cec399d0cdfd61fa473de3ab6dc858098\govdocs1-error-pdfs\error_set_1\275884.pdf"
"preservation/openpreserve-format-corpus/govdocs1-error-pdfs/error_set_1/316267.pdf","1EA4D432DFB37B96EC7DF4798E059D05D24C5836258C1E1D8E6E64D92662DF59","2237950","standards","OpenPreserve Format Corpus","366f068cec399d0cdfd61fa473de3ab6dc858098","sources\openpreserve-format-corpus\extracted\format-corpus-366f068cec399d0cdfd61fa473de3ab6dc858098\govdocs1-error-pdfs\error_set_1\316267.pdf"
"preservation/openpreserve-format-corpus/govdocs1-error-pdfs/error_set_1/421197.pdf","BC296BE8C9618253D363F1540B34F77FC9206AB153AEE1326367090669E128B6","190238","standards","OpenPreserve Format Corpus","366f068cec399d0cdfd61fa473de3ab6dc858098","sources\openpreserve-format-corpus\extracted\format-corpus-366f068cec399d0cdfd61fa473de3ab6dc858098\govdocs1-error-pdfs\error_set_1\421197.pdf"
"preservation/openpreserve-format-corpus/govdocs1-error-pdfs/error_set_1/427330.pdf","5ECB9B137706E2C5706F851A08BC89CDF4F40DD2C5BA92CB9F5555916D11F795","23748","standards","OpenPreserve Format Corpus","366f068cec399d0cdfd61fa473de3ab6dc858098","sources\openpreserve-format-corpus\extracted\format-corpus-366f068cec399d0cdfd61fa473de3ab6dc858098\govdocs1-error-pdfs\error_set_1\427330.pdf"
"preservation/openpreserve-format-corpus/govdocs1-error-pdfs/error_set_1/436840.pdf","C08BBA969F4530454B47669F36321DDC760261CE34C7CAC2D7EF52D6C5B0511C","973787","standards","OpenPreserve Format Corpus","366f068cec399d0cdfd61fa473de3ab6dc858098","sources\openpreserve-format-corpus\extracted\format-corpus-366f068cec399d0cdfd61fa473de3ab6dc858098\govdocs1-error-pdfs\error_set_1\436840.pdf"
"preservation/openpreserve-format-corpus/govdocs1-error-pdfs/error_set_1/436857.pdf","8034684B7419E422759DD62597EDB72732E922EA5B5E3EA599AFBAE4B87DEB04","74523","standards","OpenPreserve Format Corpus","366f068cec399d0cdfd61fa473de3ab6dc858098","sources\openpreserve-format-corpus\extracted\format-corpus-366f068cec399d0cdfd61fa473de3ab6dc858098\govdocs1-error-pdfs\error_set_1\436857.pdf"
"preservation/openpreserve-format-corpus/govdocs1-error-pdfs/error_set_1/447403.pdf","42D13EDDCE610AA04CCD67B5B8630E4815256F65C70E03509DE003D6FB279557","7231715","standards","OpenPreserve Format Corpus","366f068cec399d0cdfd61fa473de3ab6dc858098","sources\openpreserve-format-corpus\extracted\format-corpus-366f068cec399d0cdfd61fa473de3ab6dc858098\govdocs1-error-pdfs\error_set_1\447403.pdf"
"preservation/openpreserve-format-corpus/govdocs1-error-pdfs/error_set_1/459011.pdf","E664C5B6B8BA38F8421542B6B34F6FDBE2E23153137A068533AF674EE7E77BC7","694377","standards","OpenPreserve Format Corpus","366f068cec399d0cdfd61fa473de3ab6dc858098","sources\openpreserve-format-corpus\extracted\format-corpus-366f068cec399d0cdfd61fa473de3ab6dc858098\govdocs1-error-pdfs\error_set_1\459011.pdf"
"preservation/openpreserve-format-corpus/govdocs1-error-pdfs/error_set_1/486832.pdf","297D8456799818A02E8834D88B6811600CA8F4537AE233C2FD916D42D64F0A24","970731","standards","OpenPreserve Format Corpus","366f068cec399d0cdfd61fa473de3ab6dc858098","sources\openpreserve-format-corpus\extracted\format-corpus-366f068cec399d0cdfd61fa473de3ab6dc858098\govdocs1-error-pdfs\error_set_1\486832.pdf"
"preservation/openpreserve-format-corpus/govdocs1-error-pdfs/error_set_1/495712.pdf","24137E453E0F606758956404CCEE8AC8D55B265DBF740396F4CD0D48DDA2E26A","426821","standards","OpenPreserve Format Corpus","366f068cec399d0cdfd61fa473de3ab6dc858098","sources\openpreserve-format-corpus\extracted\format-corpus-366f068cec399d0cdfd61fa473de3ab6dc858098\govdocs1-error-pdfs\error_set_1\495712.pdf"
"preservation/openpreserve-format-corpus/govdocs1-error-pdfs/error_set_1/499039.pdf","5E1B42BF4F63D50388ECDC4A91C34FFD49473F0A1330ECFE158B69CE3ED346A5","5632355","standards","OpenPreserve Format Corpus","366f068cec399d0cdfd61fa473de3ab6dc858098","sources\openpreserve-format-corpus\extracted\format-corpus-366f068cec399d0cdfd61fa473de3ab6dc858098\govdocs1-error-pdfs\error_set_1\499039.pdf"
"preservation/openpreserve-format-corpus/govdocs1-error-pdfs/error_set_1/503492.pdf","BB0C6029F12D61D75F66DC5AD8D76E9C996DC3BF6BD0372E4E60ACB71AB88FF4","36844","standards","OpenPreserve Format Corpus","366f068cec399d0cdfd61fa473de3ab6dc858098","sources\openpreserve-format-corpus\extracted\format-corpus-366f068cec399d0cdfd61fa473de3ab6dc858098\govdocs1-error-pdfs\error_set_1\503492.pdf"
"preservation/openpreserve-format-corpus/govdocs1-error-pdfs/error_set_2/020747.pdf","43C1918B7EC768777B671FDFCC50EA42771D853BED6CEF79392CA3E0A50550EF","871599","standards","OpenPreserve Format Corpus","366f068cec399d0cdfd61fa473de3ab6dc858098","sources\openpreserve-format-corpus\extracted\format-corpus-366f068cec399d0cdfd61fa473de3ab6dc858098\govdocs1-error-pdfs\error_set_2\020747.pdf"
"preservation/openpreserve-format-corpus/govdocs1-error-pdfs/error_set_2/020806.pdf","BDF810F5ED632BBCCCE85B3A7B07E5DB2B29D5BFA79C2D57044F8A534006CF17","479562","standards","OpenPreserve Format Corpus","366f068cec399d0cdfd61fa473de3ab6dc858098","sources\openpreserve-format-corpus\extracted\format-corpus-366f068cec399d0cdfd61fa473de3ab6dc858098\govdocs1-error-pdfs\error_set_2\020806.pdf"
"preservation/openpreserve-format-corpus/govdocs1-error-pdfs/error_set_2/027613.pdf","68B2C6CE8B10BBDF33CCF700976D8731E2561DC588674F57A9A196A3AE683F55","1651568","standards","OpenPreserve Format Corpus","366f068cec399d0cdfd61fa473de3ab6dc858098","sources\openpreserve-format-corpus\extracted\format-corpus-366f068cec399d0cdfd61fa473de3ab6dc858098\govdocs1-error-pdfs\error_set_2\027613.pdf"
"preservation/openpreserve-format-corpus/govdocs1-error-pdfs/error_set_2/029016.pdf","223D793444E3AA7EE2A95A93D2E9FCAE2CA153DED0F0805ABBDDDB523134CB87","4283321","standards","OpenPreserve Format Corpus","366f068cec399d0cdfd61fa473de3ab6dc858098","sources\openpreserve-format-corpus\extracted\format-corpus-366f068cec399d0cdfd61fa473de3ab6dc858098\govdocs1-error-pdfs\error_set_2\029016.pdf"
"preservation/openpreserve-format-corpus/govdocs1-error-pdfs/error_set_2/033689.pdf","C4CDAD752B3EE8E6BC65C384793D74F4DB64EF27EB52BF9944E83D86E501306F","43028","standards","OpenPreserve Format Corpus","366f068cec399d0cdfd61fa473de3ab6dc858098","sources\openpreserve-format-corpus\extracted\format-corpus-366f068cec399d0cdfd61fa473de3ab6dc858098\govdocs1-error-pdfs\error_set_2\033689.pdf"
"preservation/openpreserve-format-corpus/govdocs1-error-pdfs/error_set_2/040669.pdf","01057C30D1C0A752557E40399981618B0A0B61D34655649A8178F412D372B360","89762","standards","OpenPreserve Format Corpus","366f068cec399d0cdfd61fa473de3ab6dc858098","sources\openpreserve-format-corpus\extracted\format-corpus-366f068cec399d0cdfd61fa473de3ab6dc858098\govdocs1-error-pdfs\error_set_2\040669.pdf"
"preservation/openpreserve-format-corpus/govdocs1-error-pdfs/error_set_2/050734.pdf","9FEF171CF6484F8BCE98E3A1B78FF658057C28712CE5B54F411FBEEE8669FDF8","485230","standards","OpenPreserve Format Corpus","366f068cec399d0cdfd61fa473de3ab6dc858098","sources\openpreserve-format-corpus\extracted\format-corpus-366f068cec399d0cdfd61fa473de3ab6dc858098\govdocs1-error-pdfs\error_set_2\050734.pdf"
"preservation/openpreserve-format-corpus/govdocs1-error-pdfs/error_set_2/064034.pdf","459584BA2FBB713A4E9BE0CE2D6A50956EC67313C8E724A6600AEFBB9130D6F7","3428964","standards","OpenPreserve Format Corpus","366f068cec399d0cdfd61fa473de3ab6dc858098","sources\openpreserve-format-corpus\extracted\format-corpus-366f068cec399d0cdfd61fa473de3ab6dc858098\govdocs1-error-pdfs\error_set_2\064034.pdf"
"preservation/openpreserve-format-corpus/govdocs1-error-pdfs/error_set_2/073439.pdf","867439F8C3CE263B0953F8680554434E3EF9249988DDF9FA127645CD2CDA5D70","59336","standards","OpenPreserve Format Corpus","366f068cec399d0cdfd61fa473de3ab6dc858098","sources\openpreserve-format-corpus\extracted\format-corpus-366f068cec399d0cdfd61fa473de3ab6dc858098\govdocs1-error-pdfs\error_set_2\073439.pdf"
"preservation/openpreserve-format-corpus/govdocs1-error-pdfs/error_set_2/178360.pdf","1DC4CAEA98DD644E81027DC5514B8E85671C072D4419272DD7C671E526F52C7D","2372016","standards","OpenPreserve Format Corpus","366f068cec399d0cdfd61fa473de3ab6dc858098","sources\openpreserve-format-corpus\extracted\format-corpus-366f068cec399d0cdfd61fa473de3ab6dc858098\govdocs1-error-pdfs\error_set_2\178360.pdf"
"preservation/openpreserve-format-corpus/govdocs1-error-pdfs/error_set_2/189478.pdf","B21DDE0E782F38155329E99C6AA9B72E678A28C8353F0EFA3E646AE8A34CFB53","68331","standards","OpenPreserve Format Corpus","366f068cec399d0cdfd61fa473de3ab6dc858098","sources\openpreserve-format-corpus\extracted\format-corpus-366f068cec399d0cdfd61fa473de3ab6dc858098\govdocs1-error-pdfs\error_set_2\189478.pdf"
"preservation/openpreserve-format-corpus/govdocs1-error-pdfs/error_set_2/210260.pdf","1434FDD883CF0F965790AAC88BD84C4822F590118AFAC11D21F13EAAE0A821A5","4445193","standards","OpenPreserve Format Corpus","366f068cec399d0cdfd61fa473de3ab6dc858098","sources\openpreserve-format-corpus\extracted\format-corpus-366f068cec399d0cdfd61fa473de3ab6dc858098\govdocs1-error-pdfs\error_set_2\210260.pdf"
"preservation/openpreserve-format-corpus/govdocs1-error-pdfs/error_set_2/219789.pdf","D4216FEE033C42A71D9909A31D6EB5C97B8D6E4A379D9B60123ED0B094A02476","527779","standards","OpenPreserve Format Corpus","366f068cec399d0cdfd61fa473de3ab6dc858098","sources\openpreserve-format-corpus\extracted\format-corpus-366f068cec399d0cdfd61fa473de3ab6dc858098\govdocs1-error-pdfs\error_set_2\219789.pdf"
"preservation/openpreserve-format-corpus/govdocs1-error-pdfs/error_set_2/226387.pdf","99BBD2970FD189348585BE77B7FD28D48D73FD3D6CDD314F4790B589FB6B5C98","130700","standards","OpenPreserve Format Corpus","366f068cec399d0cdfd61fa473de3ab6dc858098","sources\openpreserve-format-corpus\extracted\format-corpus-366f068cec399d0cdfd61fa473de3ab6dc858098\govdocs1-error-pdfs\error_set_2\226387.pdf"
"preservation/openpreserve-format-corpus/govdocs1-error-pdfs/error_set_2/247224.pdf","C73BEEF26EFFF7EFDB2E5C3A705D2FFFBB38303E2B3AF154CF62C333D38CBE28","2903530","standards","OpenPreserve Format Corpus","366f068cec399d0cdfd61fa473de3ab6dc858098","sources\openpreserve-format-corpus\extracted\format-corpus-366f068cec399d0cdfd61fa473de3ab6dc858098\govdocs1-error-pdfs\error_set_2\247224.pdf"
"preservation/openpreserve-format-corpus/govdocs1-error-pdfs/error_set_2/268346.pdf","E86D1D7F2B0DFF805B6A7C7CD38E06EDE2180E4B86FE682F2B6C6DFBD8209982","245946","standards","OpenPreserve Format Corpus","366f068cec399d0cdfd61fa473de3ab6dc858098","sources\openpreserve-format-corpus\extracted\format-corpus-366f068cec399d0cdfd61fa473de3ab6dc858098\govdocs1-error-pdfs\error_set_2\268346.pdf"
"preservation/openpreserve-format-corpus/govdocs1-error-pdfs/error_set_2/303226.pdf","DA14D24DD22EFFEBEC987312ABF0312750BDBBAF93F54C9AEF3B9EC7041E40BA","138027","standards","apache-tika","1a8b2efd59f5322671c9b922fd23b932b7af46eb","upstream:tika-1a8b2efd59f5322671c9b922fd23b932b7af46eb.zip!/tika-parsers/tika-parsers-standard/tika-parsers-standard-modules/tika-parser-pdf-module/src/test/resources/test-documents/testPDF_bad_page_303226.pdf"
"preservation/openpreserve-format-corpus/govdocs1-error-pdfs/error_set_2/367594.pdf","FD11DE09D913AB2C1E95166EDBD3F91D46228D0DF9A3963DC95C499395308BBF","149389","standards","OpenPreserve Format Corpus","366f068cec399d0cdfd61fa473de3ab6dc858098","sources\openpreserve-format-corpus\extracted\format-corpus-366f068cec399d0cdfd61fa473de3ab6dc858098\govdocs1-error-pdfs\error_set_2\367594.pdf"
"preservation/openpreserve-format-corpus/govdocs1-error-pdfs/error_set_2/392154.pdf","55DA4F4DFDBFDE4E6A31A299032DA3E08F1213DBB99882701D851AE000E80FED","194709","standards","OpenPreserve Format Corpus","366f068cec399d0cdfd61fa473de3ab6dc858098","sources\openpreserve-format-corpus\extracted\format-corpus-366f068cec399d0cdfd61fa473de3ab6dc858098\govdocs1-error-pdfs\error_set_2\392154.pdf"
"preservation/openpreserve-format-corpus/govdocs1-error-pdfs/error_set_2/427669.pdf","32A58F34855DFAD5ED78467A47A7EAB537D5F036364AEAB8F1F617405AD14DD6","308658","standards","OpenPreserve Format Corpus","366f068cec399d0cdfd61fa473de3ab6dc858098","sources\openpreserve-format-corpus\extracted\format-corpus-366f068cec399d0cdfd61fa473de3ab6dc858098\govdocs1-error-pdfs\error_set_2\427669.pdf"
"preservation/openpreserve-format-corpus/govdocs1-error-pdfs/error_set_2/435321.pdf","FDCA9A7BD662B1AD6FAB349B2B5012F36C5409A653CA3DAE6C818FCE92430543","95643","standards","OpenPreserve Format Corpus","366f068cec399d0cdfd61fa473de3ab6dc858098","sources\openpreserve-format-corpus\extracted\format-corpus-366f068cec399d0cdfd61fa473de3ab6dc858098\govdocs1-error-pdfs\error_set_2\435321.pdf"
"preservation/openpreserve-format-corpus/govdocs1-error-pdfs/error_set_2/443752.pdf","027B774A7F97AFDE1D3CD22639F10A028DC6F52BDB52C6DC042100E1EEA6AD81","4266959","standards","OpenPreserve Format Corpus","366f068cec399d0cdfd61fa473de3ab6dc858098","sources\openpreserve-format-corpus\extracted\format-corpus-366f068cec399d0cdfd61fa473de3ab6dc858098\govdocs1-error-pdfs\error_set_2\443752.pdf"
"preservation/openpreserve-format-corpus/govdocs1-error-pdfs/error_set_2/475121.pdf","05EE27EF0E80B1F32580D826A8B3DC311820EE3059FA0CAFF65A2E68F6C42BB3","5692305","standards","OpenPreserve Format Corpus","366f068cec399d0cdfd61fa473de3ab6dc858098","sources\openpreserve-format-corpus\extracted\format-corpus-366f068cec399d0cdfd61fa473de3ab6dc858098\govdocs1-error-pdfs\error_set_2\475121.pdf"
"preservation/openpreserve-format-corpus/govdocs1-error-pdfs/error_set_2/477139.pdf","246A2072CABD9B8851AD1AC48FB584CBCFB4C2B2B2667274F23200AEF03C1D53","108816","standards","OpenPreserve Format Corpus","366f068cec399d0cdfd61fa473de3ab6dc858098","sources\openpreserve-format-corpus\extracted\format-corpus-366f068cec399d0cdfd61fa473de3ab6dc858098\govdocs1-error-pdfs\error_set_2\477139.pdf"
"preservation/openpreserve-format-corpus/govdocs1-error-pdfs/error_set_2/492484.pdf","BD680A5CCD0C882964444C1850D1AE53EDDA8923F8CF85E91B805B9B2100C81A","1203857","standards","OpenPreserve Format Corpus","366f068cec399d0cdfd61fa473de3ab6dc858098","sources\openpreserve-format-corpus\extracted\format-corpus-366f068cec399d0cdfd61fa473de3ab6dc858098\govdocs1-error-pdfs\error_set_2\492484.pdf"
"preservation/openpreserve-format-corpus/govdocs1-error-pdfs/error_set_2/498264.pdf","72E804B6E4C2C196B80126DFA97E5F4AD877DA5DB97FB791D5FCAF71F83B041D","180381","standards","OpenPreserve Format Corpus","366f068cec399d0cdfd61fa473de3ab6dc858098","sources\openpreserve-format-corpus\extracted\format-corpus-366f068cec399d0cdfd61fa473de3ab6dc858098\govdocs1-error-pdfs\error_set_2\498264.pdf"
"preservation/openpreserve-format-corpus/govdocs1-error-pdfs/error_set_2/504076.pdf","587B59C35A2BE903C87BA97AC9AC425643A1EFF40F19198E2E6EA4B0F82A7A4B","385882","standards","OpenPreserve Format Corpus","366f068cec399d0cdfd61fa473de3ab6dc858098","sources\openpreserve-format-corpus\extracted\format-corpus-366f068cec399d0cdfd61fa473de3ab6dc858098\govdocs1-error-pdfs\error_set_2\504076.pdf"
"preservation/openpreserve-format-corpus/govdocs1-error-pdfs/error_set_2/507618.pdf","A856B85B3CDB3D9B74F86C517DD0B1B94842E2E5964B343200EBB86212F541D1","93724","standards","OpenPreserve Format Corpus","366f068cec399d0cdfd61fa473de3ab6dc858098","sources\openpreserve-format-corpus\extracted\format-corpus-366f068cec399d0cdfd61fa473de3ab6dc858098\govdocs1-error-pdfs\error_set_2\507618.pdf"
"preservation/openpreserve-format-corpus/govdocs1-error-pdfs/error_set_2/507676.pdf","5D7E87A6511A8C6E16EE4C78691C1746B676BFA5FFFB6CC8478389BE0B2F45D7","1295096","standards","OpenPreserve Format Corpus","366f068cec399d0cdfd61fa473de3ab6dc858098","sources\openpreserve-format-corpus\extracted\format-corpus-366f068cec399d0cdfd61fa473de3ab6dc858098\govdocs1-error-pdfs\error_set_2\507676.pdf"
"preservation/openpreserve-format-corpus/jhove-errors/PDF-HUL-1/12884_2006_Article_120.pdf","E77DC80EA5636D6D8E02A9BB388924183F9C446049A57A872DA535E98001D031","588797","standards","OpenPreserve Format Corpus","366f068cec399d0cdfd61fa473de3ab6dc858098","sources\openpreserve-format-corpus\extracted\format-corpus-366f068cec399d0cdfd61fa473de3ab6dc858098\jhove-errors\PDF-HUL-1\12884_2006_Article_120.pdf"
"preservation/openpreserve-format-corpus/jhove-errors/PDF-HUL-1/jne5_4_l03.pdf","67BC5BF36F12D12661FAC3CC12EF4483901B79D436F99BB95115EE5965194479","1252982","standards","OpenPreserve Format Corpus","366f068cec399d0cdfd61fa473de3ab6dc858098","sources\openpreserve-format-corpus\extracted\format-corpus-366f068cec399d0cdfd61fa473de3ab6dc858098\jhove-errors\PDF-HUL-1\jne5_4_l03.pdf"
"preservation/openpreserve-format-corpus/jhove-errors/PDF-HUL-104/AIAA-2005-6173-712.pdf","4BB86B4F80134C764DA1BCAC9FA43F24D01EF783D511EE90AEA494B0C4D38812","1873453","standards","OpenPreserve Format Corpus","366f068cec399d0cdfd61fa473de3ab6dc858098","sources\openpreserve-format-corpus\extracted\format-corpus-366f068cec399d0cdfd61fa473de3ab6dc858098\jhove-errors\PDF-HUL-104\AIAA-2005-6173-712.pdf"
"preservation/openpreserve-format-corpus/jhove-errors/PDF-HUL-109/88702.pdf","C610A87483B54BE0FD471B7C6AE675727BF33B29A0A8A32AF2BEABD93EB50AF5","2299509","standards","OpenPreserve Format Corpus","366f068cec399d0cdfd61fa473de3ab6dc858098","sources\openpreserve-format-corpus\extracted\format-corpus-366f068cec399d0cdfd61fa473de3ab6dc858098\jhove-errors\PDF-HUL-109\88702.pdf"
"preservation/openpreserve-format-corpus/jhove-errors/PDF-HUL-109/Godfrey Lubuulwa-Thesis-2023.pdf","D71099E526ABA722A9F837F5795D51484319BB4AD56053C871C73A78C34ECE67","4597067","standards","OpenPreserve Format Corpus","366f068cec399d0cdfd61fa473de3ab6dc858098","sources\openpreserve-format-corpus\extracted\format-corpus-366f068cec399d0cdfd61fa473de3ab6dc858098\jhove-errors\PDF-HUL-109\Godfrey Lubuulwa-Thesis-2023.pdf"
"preservation/openpreserve-format-corpus/jhove-errors/PDF-HUL-11/Hawes et al_2024_Comparing the Carbon Footprints of Urban and Conventional Agriculture.pdf","CF4ED482C514E8C7CAD07B2A85F45D8D8C71679313EDE39517C20DD50FD50B5D","5879598","standards","OpenPreserve Format Corpus","366f068cec399d0cdfd61fa473de3ab6dc858098","sources\openpreserve-format-corpus\extracted\format-corpus-366f068cec399d0cdfd61fa473de3ab6dc858098\jhove-errors\PDF-HUL-11\Hawes et al_2024_Comparing the Carbon Footprints of Urban and Conventional Agriculture.pdf"
"preservation/openpreserve-format-corpus/jhove-errors/PDF-HUL-11/S2053273314007578.pdf","3F200C455962D0D3DE8D11FF863C54157886FF6E0387A129BC5B1D1C49267F33","85814","standards","OpenPreserve Format Corpus","366f068cec399d0cdfd61fa473de3ab6dc858098","sources\openpreserve-format-corpus\extracted\format-corpus-366f068cec399d0cdfd61fa473de3ab6dc858098\jhove-errors\PDF-HUL-11\S2053273314007578.pdf"
"preservation/openpreserve-format-corpus/jhove-errors/PDF-HUL-110/102924.pdf","964021C43E78B3274B32DBEE5618A2F2DE82CE2DDE134768A121FC7A8EBFEE90","1943449","standards","OpenPreserve Format Corpus","366f068cec399d0cdfd61fa473de3ab6dc858098","sources\openpreserve-format-corpus\extracted\format-corpus-366f068cec399d0cdfd61fa473de3ab6dc858098\jhove-errors\PDF-HUL-110\102924.pdf"
"preservation/openpreserve-format-corpus/jhove-errors/PDF-HUL-110/hesr13613-sup-0001-Authormatrix.pdf","0CD88B1681BDFE4CCD14B8B924314F3E1DE489F2AC9281C10C9EADB78512FFAD","1894859","standards","OpenPreserve Format Corpus","366f068cec399d0cdfd61fa473de3ab6dc858098","sources\openpreserve-format-corpus\extracted\format-corpus-366f068cec399d0cdfd61fa473de3ab6dc858098\jhove-errors\PDF-HUL-110\hesr13613-sup-0001-Authormatrix.pdf"
"preservation/openpreserve-format-corpus/jhove-errors/PDF-HUL-114/LLMImplicationsforScience.pdf","194003DB8DD829DD3E20D3A1166C176A5E25E118F5A1CBE2463D46E70F608CF2","1598244","standards","OpenPreserve Format Corpus","366f068cec399d0cdfd61fa473de3ab6dc858098","sources\openpreserve-format-corpus\extracted\format-corpus-366f068cec399d0cdfd61fa473de3ab6dc858098\jhove-errors\PDF-HUL-114\LLMImplicationsforScience.pdf"
"preservation/openpreserve-format-corpus/jhove-errors/PDF-HUL-114/response-to-fiber-concerns[1].pdf","FFE956EBAE1BD1874AED39EEA746A2A3815001C74E0A318A88D3010099A795AD","3280827","standards","OpenPreserve Format Corpus","366f068cec399d0cdfd61fa473de3ab6dc858098","sources\openpreserve-format-corpus\extracted\format-corpus-366f068cec399d0cdfd61fa473de3ab6dc858098\jhove-errors\PDF-HUL-114\response-to-fiber-concerns[1].pdf"
"preservation/openpreserve-format-corpus/jhove-errors/PDF-HUL-117/363_Risk-Based Management of Groundwater Contamination _Paper.pdf","F6C5F3EE39308D1051A5360110DBE029814016551560D54432C159486ECB36D1","8972746","standards","OpenPreserve Format Corpus","366f068cec399d0cdfd61fa473de3ab6dc858098","sources\openpreserve-format-corpus\extracted\format-corpus-366f068cec399d0cdfd61fa473de3ab6dc858098\jhove-errors\PDF-HUL-117\363_Risk-Based Management of Groundwater Contamination _Paper.pdf"
"preservation/openpreserve-format-corpus/jhove-errors/PDF-HUL-117/me450f12project10_report.pdf","0D3120F97C3B1F1D22A1BC5D251AE790051C9EAC33F5148D99C5234EA9FC977D","15002290","standards","OpenPreserve Format Corpus","366f068cec399d0cdfd61fa473de3ab6dc858098","sources\openpreserve-format-corpus\extracted\format-corpus-366f068cec399d0cdfd61fa473de3ab6dc858098\jhove-errors\PDF-HUL-117\me450f12project10_report.pdf"
"preservation/openpreserve-format-corpus/jhove-errors/PDF-HUL-119/breast+cancer+immunotherapy.pdf","1229E1CBCDAF4F6825BF00BA6F1A2DC0307B487DF9715FCD84E603CD0FBD2A5B","345974","standards","OpenPreserve Format Corpus","366f068cec399d0cdfd61fa473de3ab6dc858098","sources\openpreserve-format-corpus\extracted\format-corpus-366f068cec399d0cdfd61fa473de3ab6dc858098\jhove-errors\PDF-HUL-119\breast+cancer+immunotherapy.pdf"
"preservation/openpreserve-format-corpus/jhove-errors/PDF-HUL-119/UMTRI-2000-15.pdf","73E6AA6D30CF671AD067CDA2B8CF552778179CC9D0F59EE0695335D82F23437A","378254","standards","OpenPreserve Format Corpus","366f068cec399d0cdfd61fa473de3ab6dc858098","sources\openpreserve-format-corpus\extracted\format-corpus-366f068cec399d0cdfd61fa473de3ab6dc858098\jhove-errors\PDF-HUL-119\UMTRI-2000-15.pdf"
"preservation/openpreserve-format-corpus/jhove-errors/PDF-HUL-12/hae14831.pdf","61A74DCC070C3F8B70DBCAA5EF161E57A10071C26E73DBCB2A62A992A46DE464","2631018","standards","OpenPreserve Format Corpus","366f068cec399d0cdfd61fa473de3ab6dc858098","sources\openpreserve-format-corpus\extracted\format-corpus-366f068cec399d0cdfd61fa473de3ab6dc858098\jhove-errors\PDF-HUL-12\hae14831.pdf"
"preservation/openpreserve-format-corpus/jhove-errors/PDF-HUL-121/102952.pdf","E5A1E335B1A84B5DC3601AD7820E7A780979F14838457B8D75AEBBD9BF07CE1C","5218823","standards","OpenPreserve Format Corpus","366f068cec399d0cdfd61fa473de3ab6dc858098","sources\openpreserve-format-corpus\extracted\format-corpus-366f068cec399d0cdfd61fa473de3ab6dc858098\jhove-errors\PDF-HUL-121\102952.pdf"
"preservation/openpreserve-format-corpus/jhove-errors/PDF-HUL-121/1742-6596_375_00_001001.pdf","AA8C79B4CF36FA86B9B0541C65B302255DE42E432E208A05EB70DEEDEAB27D5B","2561742","standards","OpenPreserve Format Corpus","366f068cec399d0cdfd61fa473de3ab6dc858098","sources\openpreserve-format-corpus\extracted\format-corpus-366f068cec399d0cdfd61fa473de3ab6dc858098\jhove-errors\PDF-HUL-121\1742-6596_375_00_001001.pdf"
"preservation/openpreserve-format-corpus/jhove-errors/PDF-HUL-122/dweigel_1.pdf","63E8AA134F6705B311BAB3D7971064A4B2C46170B2B373DB46544B707AC667C9","1344717","standards","OpenPreserve Format Corpus","366f068cec399d0cdfd61fa473de3ab6dc858098","sources\openpreserve-format-corpus\extracted\format-corpus-366f068cec399d0cdfd61fa473de3ab6dc858098\jhove-errors\PDF-HUL-122\dweigel_1.pdf"
"preservation/openpreserve-format-corpus/jhove-errors/PDF-HUL-122/selederm.pdf","C8B705EEE0703B12E3FF1D25C4CBB07F6D5B0F5EF1D8903917016F06B0709E4E","3291597","standards","OpenPreserve Format Corpus","366f068cec399d0cdfd61fa473de3ab6dc858098","sources\openpreserve-format-corpus\extracted\format-corpus-366f068cec399d0cdfd61fa473de3ab6dc858098\jhove-errors\PDF-HUL-122\selederm.pdf"
"preservation/openpreserve-format-corpus/jhove-errors/PDF-HUL-123/hisn13025_am.pdf","F3E797191706C17CE139B128B72CECD28370B1F838CEF83FF95B46326559CB6C","87600","standards","OpenPreserve Format Corpus","366f068cec399d0cdfd61fa473de3ab6dc858098","sources\openpreserve-format-corpus\extracted\format-corpus-366f068cec399d0cdfd61fa473de3ab6dc858098\jhove-errors\PDF-HUL-123\hisn13025_am.pdf"
"preservation/openpreserve-format-corpus/jhove-errors/PDF-HUL-123/hisn13056.pdf","5042F03661034A54AC374A545CE0B6EE57E19FB7159549D38C372155EF290E55","446426","standards","OpenPreserve Format Corpus","366f068cec399d0cdfd61fa473de3ab6dc858098","sources\openpreserve-format-corpus\extracted\format-corpus-366f068cec399d0cdfd61fa473de3ab6dc858098\jhove-errors\PDF-HUL-123\hisn13056.pdf"
"preservation/openpreserve-format-corpus/jhove-errors/PDF-HUL-124/jper10458-sup-0001-figureS1A.pdf","E71B2A5B1AAC53B07988EF1DACDCDB4C184CF33E88C3EA360A036C59E6BA038F","15034","standards","OpenPreserve Format Corpus","366f068cec399d0cdfd61fa473de3ab6dc858098","sources\openpreserve-format-corpus\extracted\format-corpus-366f068cec399d0cdfd61fa473de3ab6dc858098\jhove-errors\PDF-HUL-124\jper10458-sup-0001-figureS1A.pdf"
"preservation/openpreserve-format-corpus/jhove-errors/PDF-HUL-124/jper10458-sup-0002-figureS1B.pdf","60EBBC1ADFA51EFA28E9DFD74A9D42D60193F5D04785F4FF15652EAD2A37E454","11990","standards","OpenPreserve Format Corpus","366f068cec399d0cdfd61fa473de3ab6dc858098","sources\openpreserve-format-corpus\extracted\format-corpus-366f068cec399d0cdfd61fa473de3ab6dc858098\jhove-errors\PDF-HUL-124\jper10458-sup-0002-figureS1B.pdf"
"preservation/openpreserve-format-corpus/jhove-errors/PDF-HUL-126/drafts_David-Cyberstructure_Washington(Brussels-5)+2figs.pdf","96A460625799EC57F647869D493654EEF94F7533D53178D44CA3335B2A04895C","414362","standards","OpenPreserve Format Corpus","366f068cec399d0cdfd61fa473de3ab6dc858098","sources\openpreserve-format-corpus\extracted\format-corpus-366f068cec399d0cdfd61fa473de3ab6dc858098\jhove-errors\PDF-HUL-126\drafts_David-Cyberstructure_Washington(Brussels-5)+2figs.pdf"
"preservation/openpreserve-format-corpus/jhove-errors/PDF-HUL-126/wp592.pdf","04A97DFEB702DCC28C011E69892054B428C7878A4514BA1EE538987DD7E3C25D","490943","standards","OpenPreserve Format Corpus","366f068cec399d0cdfd61fa473de3ab6dc858098","sources\openpreserve-format-corpus\extracted\format-corpus-366f068cec399d0cdfd61fa473de3ab6dc858098\jhove-errors\PDF-HUL-126\wp592.pdf"
"preservation/openpreserve-format-corpus/jhove-errors/PDF-HUL-128/0004-637X_751_2_90.pdf","9A0115AA9EE9AAE06BAD9611727FBB9794F0CBCF78AC1D57CC409B1A18083AB2","2091167","standards","OpenPreserve Format Corpus","366f068cec399d0cdfd61fa473de3ab6dc858098","sources\openpreserve-format-corpus\extracted\format-corpus-366f068cec399d0cdfd61fa473de3ab6dc858098\jhove-errors\PDF-HUL-128\0004-637X_751_2_90.pdf"
"preservation/openpreserve-format-corpus/jhove-errors/PDF-HUL-128/Deficient inflammasome activation permits an exaggerated asthma phenotype in rhinovirus C-infected immature mice.pdf","E150CE87EA9371C237DA754C41454304ED281B1C67B8E310945245EEAB0AA775","2437052","standards","OpenPreserve Format Corpus","366f068cec399d0cdfd61fa473de3ab6dc858098","sources\openpreserve-format-corpus\extracted\format-corpus-366f068cec399d0cdfd61fa473de3ab6dc858098\jhove-errors\PDF-HUL-128\Deficient inflammasome activation permits an exaggerated asthma phenotype in rhinovirus C-infected immature mice.pdf"
"preservation/openpreserve-format-corpus/jhove-errors/PDF-HUL-129/0004-637X_752_1_11.pdf","6183D5C5A3A76421ADCD6E14D5F068FD9B28A54F2848C913E545115B6EE6DC7E","2882736","standards","OpenPreserve Format Corpus","366f068cec399d0cdfd61fa473de3ab6dc858098","sources\openpreserve-format-corpus\extracted\format-corpus-366f068cec399d0cdfd61fa473de3ab6dc858098\jhove-errors\PDF-HUL-129\0004-637X_752_1_11.pdf"
"preservation/openpreserve-format-corpus/jhove-errors/PDF-HUL-129/12864_2012_Article_5257.pdf","1B973A09F6D5E1F3E6B555A27295D00E754AF8B96F5527B63F5AFBE8F635229C","2585487","standards","OpenPreserve Format Corpus","366f068cec399d0cdfd61fa473de3ab6dc858098","sources\openpreserve-format-corpus\extracted\format-corpus-366f068cec399d0cdfd61fa473de3ab6dc858098\jhove-errors\PDF-HUL-129\12864_2012_Article_5257.pdf"
"preservation/openpreserve-format-corpus/jhove-errors/PDF-HUL-131/20789_ftp.pdf","9FEC095B20683E4E096047BC4733EC0CD7777BF659D9A63E87A3D954F5055988","151891","standards","OpenPreserve Format Corpus","366f068cec399d0cdfd61fa473de3ab6dc858098","sources\openpreserve-format-corpus\extracted\format-corpus-366f068cec399d0cdfd61fa473de3ab6dc858098\jhove-errors\PDF-HUL-131\20789_ftp.pdf"
"preservation/openpreserve-format-corpus/jhove-errors/PDF-HUL-133/1987_Kaplan_Kaplan_and_Dale_Patterns_as_hypotheses.pdf","22965A8F138636B20ACEA3946BA7058C4F168225D1A49EE8B32F6C04F0B6B2EC","431134","standards","OpenPreserve Format Corpus","366f068cec399d0cdfd61fa473de3ab6dc858098","sources\openpreserve-format-corpus\extracted\format-corpus-366f068cec399d0cdfd61fa473de3ab6dc858098\jhove-errors\PDF-HUL-133\1987_Kaplan_Kaplan_and_Dale_Patterns_as_hypotheses.pdf"
"preservation/openpreserve-format-corpus/jhove-errors/PDF-HUL-133/wp315.pdf","24FD55FE298B4CB58DEC5FA439BAB57ADB0CC96120F6607EFCCAAAE14BE2AE18","259980","standards","OpenPreserve Format Corpus","366f068cec399d0cdfd61fa473de3ab6dc858098","sources\openpreserve-format-corpus\extracted\format-corpus-366f068cec399d0cdfd61fa473de3ab6dc858098\jhove-errors\PDF-HUL-133\wp315.pdf"
"preservation/openpreserve-format-corpus/jhove-errors/PDF-HUL-136/103199.pdf","EC9B91A41A81428238430AA5A1B8DD307E8D6B3164ABF59C540EF55C53C56F27","4750902","standards","OpenPreserve Format Corpus","366f068cec399d0cdfd61fa473de3ab6dc858098","sources\openpreserve-format-corpus\extracted\format-corpus-366f068cec399d0cdfd61fa473de3ab6dc858098\jhove-errors\PDF-HUL-136\103199.pdf"
"preservation/openpreserve-format-corpus/jhove-errors/PDF-HUL-136/42828.0001.001.pdf","A083A5FE70524C0649C14CCB764D68D964891CFB1E715B80C48773FB9472D7B3","13992194","standards","OpenPreserve Format Corpus","366f068cec399d0cdfd61fa473de3ab6dc858098","sources\openpreserve-format-corpus\extracted\format-corpus-366f068cec399d0cdfd61fa473de3ab6dc858098\jhove-errors\PDF-HUL-136\42828.0001.001.pdf"
"preservation/openpreserve-format-corpus/jhove-errors/PDF-HUL-137/124307818233765780864869607481066113457.pdf","C3B127986E528641F9A3F820DD3C907690DCAD8BFBC4102D4AA64268D9FAD1A5","213","standards","OpenPreserve Format Corpus","366f068cec399d0cdfd61fa473de3ab6dc858098","sources\openpreserve-format-corpus\extracted\format-corpus-366f068cec399d0cdfd61fa473de3ab6dc858098\jhove-errors\PDF-HUL-137\124307818233765780864869607481066113457.pdf"
"preservation/openpreserve-format-corpus/jhove-errors/PDF-HUL-137/reserve3.pdf","D682898D2076BC2C49B2C8F102D88781CF2FFC88834E0996C685507F5FF33A41","157312","standards","OpenPreserve Format Corpus","366f068cec399d0cdfd61fa473de3ab6dc858098","sources\openpreserve-format-corpus\extracted\format-corpus-366f068cec399d0cdfd61fa473de3ab6dc858098\jhove-errors\PDF-HUL-137\reserve3.pdf"
"preservation/openpreserve-format-corpus/jhove-errors/PDF-HUL-138/6.2017-0960.pdf","A29941595338EFF03FC2B7F7D64FB688FD0F2C06C1BBB54EC4FABB75C05CE322","20491233","standards","OpenPreserve Format Corpus","366f068cec399d0cdfd61fa473de3ab6dc858098","sources\openpreserve-format-corpus\extracted\format-corpus-366f068cec399d0cdfd61fa473de3ab6dc858098\jhove-errors\PDF-HUL-138\6.2017-0960.pdf"
"preservation/openpreserve-format-corpus/jhove-errors/PDF-HUL-138/mattgib_1.pdf","FCFFB3BD009E1674CA0EFF603018A6C73AEFFC4CC1CE79EC7C5ADF195D810C18","12763136","standards","OpenPreserve Format Corpus","366f068cec399d0cdfd61fa473de3ab6dc858098","sources\openpreserve-format-corpus\extracted\format-corpus-366f068cec399d0cdfd61fa473de3ab6dc858098\jhove-errors\PDF-HUL-138\mattgib_1.pdf"
"preservation/openpreserve-format-corpus/jhove-errors/PDF-HUL-140/67282617093022525134485263930000992465.pdf","4FFCBF3FA0591A7F27533CA72E1A5C8F85EE0604ADBAD34B13CA07DD30F4B281","503575","standards","OpenPreserve Format Corpus","366f068cec399d0cdfd61fa473de3ab6dc858098","sources\openpreserve-format-corpus\extracted\format-corpus-366f068cec399d0cdfd61fa473de3ab6dc858098\jhove-errors\PDF-HUL-140\67282617093022525134485263930000992465.pdf"
"preservation/openpreserve-format-corpus/jhove-errors/PDF-HUL-142/140611493383864950079938377607360675655.pdf","E31DC368100ACCDD26431734B5DD1D7891166CD03E6D9494B79EBE9A8A6D804B","17021792","standards","OpenPreserve Format Corpus","366f068cec399d0cdfd61fa473de3ab6dc858098","sources\openpreserve-format-corpus\extracted\format-corpus-366f068cec399d0cdfd61fa473de3ab6dc858098\jhove-errors\PDF-HUL-142\140611493383864950079938377607360675655.pdf"
"preservation/openpreserve-format-corpus/jhove-errors/PDF-HUL-142/joie12092-sup-0001-si.pdf","06F808A25ECB251644CF9F283FBD0F528B0CECB0F338AB1B392EE99FF6E4DB8B","220489","standards","OpenPreserve Format Corpus","366f068cec399d0cdfd61fa473de3ab6dc858098","sources\openpreserve-format-corpus\extracted\format-corpus-366f068cec399d0cdfd61fa473de3ab6dc858098\jhove-errors\PDF-HUL-142\joie12092-sup-0001-si.pdf"
"preservation/openpreserve-format-corpus/jhove-errors/PDF-HUL-147/98.I.Z.L.C.Demography.pdf","0D64ADBD75774C314B8057DFBB5014AE0A5763EE58646EB711E71DD76160894A","1380596","standards","OpenPreserve Format Corpus","366f068cec399d0cdfd61fa473de3ab6dc858098","sources\openpreserve-format-corpus\extracted\format-corpus-366f068cec399d0cdfd61fa473de3ab6dc858098\jhove-errors\PDF-HUL-147\98.I.Z.L.C.Demography.pdf"
"preservation/openpreserve-format-corpus/jhove-errors/PDF-HUL-147/tjp14887-sup-0001-SuppMat.pdf","3D76BB73E45D2A87C0D35C7ECFCB58A4EF45CDD65F01DDE29D56639AE446538D","974845","standards","OpenPreserve Format Corpus","366f068cec399d0cdfd61fa473de3ab6dc858098","sources\openpreserve-format-corpus\extracted\format-corpus-366f068cec399d0cdfd61fa473de3ab6dc858098\jhove-errors\PDF-HUL-147\tjp14887-sup-0001-SuppMat.pdf"
"preservation/openpreserve-format-corpus/jhove-errors/PDF-HUL-149/Berhe et al-2019-PlosOne.pdf","37DE0E5B8AAEC4C42B7AEAA1F7E5332310EC9403042E09F3C116FC1C0D0CF54D","792254","standards","OpenPreserve Format Corpus","366f068cec399d0cdfd61fa473de3ab6dc858098","sources\openpreserve-format-corpus\extracted\format-corpus-366f068cec399d0cdfd61fa473de3ab6dc858098\jhove-errors\PDF-HUL-149\Berhe et al-2019-PlosOne.pdf"
"preservation/openpreserve-format-corpus/jhove-errors/PDF-HUL-149/iep-as-published.pdf","35C23C57A0611DF3F6BCFEB1D57E5929201FCE5F59485348B1868E555F099B13","476112","standards","OpenPreserve Format Corpus","366f068cec399d0cdfd61fa473de3ab6dc858098","sources\openpreserve-format-corpus\extracted\format-corpus-366f068cec399d0cdfd61fa473de3ab6dc858098\jhove-errors\PDF-HUL-149\iep-as-published.pdf"
"preservation/openpreserve-format-corpus/jhove-errors/PDF-HUL-15/arsimon_1.pdf","086C0682526E8638D0619B0ED7FC9C9239C0760DFDB890EDA83DDF7F5F6B07BB","5528509","standards","OpenPreserve Format Corpus","366f068cec399d0cdfd61fa473de3ab6dc858098","sources\openpreserve-format-corpus\extracted\format-corpus-366f068cec399d0cdfd61fa473de3ab6dc858098\jhove-errors\PDF-HUL-15\arsimon_1.pdf"
"preservation/openpreserve-format-corpus/jhove-errors/PDF-HUL-15/meeram_1.pdf","DF35B57DE303BB3D68EA0150CB963CB3A95327F48C56FA0968C397D0A179ECBD","4519197","standards","OpenPreserve Format Corpus","366f068cec399d0cdfd61fa473de3ab6dc858098","sources\openpreserve-format-corpus\extracted\format-corpus-366f068cec399d0cdfd61fa473de3ab6dc858098\jhove-errors\PDF-HUL-15\meeram_1.pdf"
"preservation/openpreserve-format-corpus/jhove-errors/PDF-HUL-154/Montenegro2021.pdf","7B318789BFC2FF8C6B2F998CF32289054ACA947990C4A81B3DA34C8A50CAD289","2034405","standards","OpenPreserve Format Corpus","366f068cec399d0cdfd61fa473de3ab6dc858098","sources\openpreserve-format-corpus\extracted\format-corpus-366f068cec399d0cdfd61fa473de3ab6dc858098\jhove-errors\PDF-HUL-154\Montenegro2021.pdf"
"preservation/openpreserve-format-corpus/jhove-errors/PDF-HUL-154/Orellana2022.pdf","F71806FA0BE371B508846A7E78744866BA6E849C251EC1729181D933F0946135","393150","standards","OpenPreserve Format Corpus","366f068cec399d0cdfd61fa473de3ab6dc858098","sources\openpreserve-format-corpus\extracted\format-corpus-366f068cec399d0cdfd61fa473de3ab6dc858098\jhove-errors\PDF-HUL-154\Orellana2022.pdf"
"preservation/openpreserve-format-corpus/jhove-errors/PDF-HUL-157/JA1-1996-PDF.pdf","728737BF8942F0FB2CF34BC0D1981F128C799CCAE222ED8B937771B009698E34","576697","standards","OpenPreserve Format Corpus","366f068cec399d0cdfd61fa473de3ab6dc858098","sources\openpreserve-format-corpus\extracted\format-corpus-366f068cec399d0cdfd61fa473de3ab6dc858098\jhove-errors\PDF-HUL-157\JA1-1996-PDF.pdf"
"preservation/openpreserve-format-corpus/jhove-errors/PDF-HUL-157/JA3-1998-PDF.pdf","51B1E3D01ACEE11D0ABC7C604BF3B3D229AA8B3683958A7B0B9D61C529AE792D","297729","standards","OpenPreserve Format Corpus","366f068cec399d0cdfd61fa473de3ab6dc858098","sources\openpreserve-format-corpus\extracted\format-corpus-366f068cec399d0cdfd61fa473de3ab6dc858098\jhove-errors\PDF-HUL-157\JA3-1998-PDF.pdf"
"preservation/openpreserve-format-corpus/jhove-errors/PDF-HUL-16/2018-Lee-Fatherinclusiveperinatal.pdf","29414218F431453CA04C2FE83D254DC1ABBDF56835157FE8FAC5F3A00D495A14","1247977","standards","OpenPreserve Format Corpus","366f068cec399d0cdfd61fa473de3ab6dc858098","sources\openpreserve-format-corpus\extracted\format-corpus-366f068cec399d0cdfd61fa473de3ab6dc858098\jhove-errors\PDF-HUL-16\2018-Lee-Fatherinclusiveperinatal.pdf"
"preservation/openpreserve-format-corpus/jhove-errors/PDF-HUL-164/0000490.pdf","1BA2D18C9C089BB4011222514241613FE44637EFC3FB04CD79C1DCA82A96927C","1967440","standards","OpenPreserve Format Corpus","366f068cec399d0cdfd61fa473de3ab6dc858098","sources\openpreserve-format-corpus\extracted\format-corpus-366f068cec399d0cdfd61fa473de3ab6dc858098\jhove-errors\PDF-HUL-164\0000490.pdf"
"preservation/openpreserve-format-corpus/jhove-errors/PDF-HUL-164/AIAA-2002-4016-606.pdf","1FE2281AFC33D04971EB5816928052FC98E5E31B35ED95E72E5186752D6E612A","397452","standards","OpenPreserve Format Corpus","366f068cec399d0cdfd61fa473de3ab6dc858098","sources\openpreserve-format-corpus\extracted\format-corpus-366f068cec399d0cdfd61fa473de3ab6dc858098\jhove-errors\PDF-HUL-164\AIAA-2002-4016-606.pdf"
"preservation/openpreserve-format-corpus/jhove-errors/PDF-HUL-165/coleprintingislam.pdf","87D5FFECE70EF7751F78327FED1CC3590E018168B42EFE52941FE1E319FE1735","20221137","standards","OpenPreserve Format Corpus","366f068cec399d0cdfd61fa473de3ab6dc858098","sources\openpreserve-format-corpus\extracted\format-corpus-366f068cec399d0cdfd61fa473de3ab6dc858098\jhove-errors\PDF-HUL-165\coleprintingislam.pdf"
"preservation/openpreserve-format-corpus/jhove-errors/PDF-HUL-165/UMURF-Issue04_2007.pdf","253969888A61777BA7AD8033F99436735DE6F58CFED2886B38FF3794615204B7","2600425","standards","OpenPreserve Format Corpus","366f068cec399d0cdfd61fa473de3ab6dc858098","sources\openpreserve-format-corpus\extracted\format-corpus-366f068cec399d0cdfd61fa473de3ab6dc858098\jhove-errors\PDF-HUL-165\UMURF-Issue04_2007.pdf"
"preservation/openpreserve-format-corpus/jhove-errors/PDF-HUL-18/ajpa23833_am.pdf","4EF7804F8FE93E743289F277263AD7AFCF43575C9F235F93E6B05C4DF625CADD","600335","standards","OpenPreserve Format Corpus","366f068cec399d0cdfd61fa473de3ab6dc858098","sources\openpreserve-format-corpus\extracted\format-corpus-366f068cec399d0cdfd61fa473de3ab6dc858098\jhove-errors\PDF-HUL-18\ajpa23833_am.pdf"
"preservation/openpreserve-format-corpus/jhove-errors/PDF-HUL-18/E3_Mayhew_et_al_2009.pdf","CBE4C63004332D101683C77C9FEF9BFE0D1ED80D03AB130C59E5186DC74CE91E","562767","standards","OpenPreserve Format Corpus","366f068cec399d0cdfd61fa473de3ab6dc858098","sources\openpreserve-format-corpus\extracted\format-corpus-366f068cec399d0cdfd61fa473de3ab6dc858098\jhove-errors\PDF-HUL-18\E3_Mayhew_et_al_2009.pdf"
"preservation/openpreserve-format-corpus/jhove-errors/PDF-HUL-19/wp375.pdf","A1D11445B664851FBE98A8AA5C205DACEE4C44F7A561EAF92DCC59006AAC829F","238902","standards","OpenPreserve Format Corpus","366f068cec399d0cdfd61fa473de3ab6dc858098","sources\openpreserve-format-corpus\extracted\format-corpus-366f068cec399d0cdfd61fa473de3ab6dc858098\jhove-errors\PDF-HUL-19\wp375.pdf"
"preservation/openpreserve-format-corpus/jhove-errors/PDF-HUL-19/wp376.pdf","0C1B83DD23873561ABB0CA0B0515E59C29EA34AFA8DC416B7A78628A69A6E438","382614","standards","OpenPreserve Format Corpus","366f068cec399d0cdfd61fa473de3ab6dc858098","sources\openpreserve-format-corpus\extracted\format-corpus-366f068cec399d0cdfd61fa473de3ab6dc858098\jhove-errors\PDF-HUL-19\wp376.pdf"
"preservation/openpreserve-format-corpus/jhove-errors/PDF-HUL-2/sakula.pdf","8F10B4F0A75FA587422B5853F8B373D3B79AA85E548247BA186D88A730B44C93","1309929","standards","OpenPreserve Format Corpus","366f068cec399d0cdfd61fa473de3ab6dc858098","sources\openpreserve-format-corpus\extracted\format-corpus-366f068cec399d0cdfd61fa473de3ab6dc858098\jhove-errors\PDF-HUL-2\sakula.pdf"
"preservation/openpreserve-format-corpus/jhove-errors/PDF-HUL-2/UMTRI-2008-80.pdf","4D9EA8D9ACA477AFEF1E69E3ED3A2C62973DF3BC4280C4397359F8B057040DA2","1639238","standards","OpenPreserve Format Corpus","366f068cec399d0cdfd61fa473de3ab6dc858098","sources\openpreserve-format-corpus\extracted\format-corpus-366f068cec399d0cdfd61fa473de3ab6dc858098\jhove-errors\PDF-HUL-2\UMTRI-2008-80.pdf"
"preservation/openpreserve-format-corpus/jhove-errors/PDF-HUL-27/10.1177_002188637401000301.pdf","375E3D71CF7AE6DBCE4BD51AB2BEE0E2AFABE5730284BD027A853E175DC3A9BB","629889","standards","OpenPreserve Format Corpus","366f068cec399d0cdfd61fa473de3ab6dc858098","sources\openpreserve-format-corpus\extracted\format-corpus-366f068cec399d0cdfd61fa473de3ab6dc858098\jhove-errors\PDF-HUL-27\10.1177_002188637401000301.pdf"
"preservation/openpreserve-format-corpus/jhove-errors/PDF-HUL-27/10.1177_019394598600800118.pdf","A1E5EF37E5208CAEDE95A2395F08AA2A8AE9AAF7DE48D690CF4F8C85AB771E1D","298431","standards","OpenPreserve Format Corpus","366f068cec399d0cdfd61fa473de3ab6dc858098","sources\openpreserve-format-corpus\extracted\format-corpus-366f068cec399d0cdfd61fa473de3ab6dc858098\jhove-errors\PDF-HUL-27\10.1177_019394598600800118.pdf"
"preservation/openpreserve-format-corpus/jhove-errors/PDF-HUL-28/585_1.pdf","824A6477A73CCA142CFE22152F182B3B5AEDD1BB124D90C06D804E57DE110D0D","720317","standards","OpenPreserve Format Corpus","366f068cec399d0cdfd61fa473de3ab6dc858098","sources\openpreserve-format-corpus\extracted\format-corpus-366f068cec399d0cdfd61fa473de3ab6dc858098\jhove-errors\PDF-HUL-28\585_1.pdf"
"preservation/openpreserve-format-corpus/jhove-errors/PDF-HUL-29/108560872853724641186820772746051340254.pdf","4AF3F54E06AEBF44672CF77BD402F8B3671977D52C14D734A65A6B5059F9C60B","746935","standards","OpenPreserve Format Corpus","366f068cec399d0cdfd61fa473de3ab6dc858098","sources\openpreserve-format-corpus\extracted\format-corpus-366f068cec399d0cdfd61fa473de3ab6dc858098\jhove-errors\PDF-HUL-29\108560872853724641186820772746051340254.pdf"
"preservation/openpreserve-format-corpus/jhove-errors/PDF-HUL-29/66307685772445958696367606316017333077.pdf","332F44A1EF5397906CD530548982656C74EC75EFC016AE12DE6D2E45B2A4580A","2152543","standards","OpenPreserve Format Corpus","366f068cec399d0cdfd61fa473de3ab6dc858098","sources\openpreserve-format-corpus\extracted\format-corpus-366f068cec399d0cdfd61fa473de3ab6dc858098\jhove-errors\PDF-HUL-29\66307685772445958696367606316017333077.pdf"
"preservation/openpreserve-format-corpus/jhove-errors/PDF-HUL-33/0b1b4c74-8635-4572-9440-f71915654c33.pdf","856B585858F70D7CBA08345AB3C87B1F99A5DCAA24A3DC0B888472A1078ED3E5","943751","standards","OpenPreserve Format Corpus","366f068cec399d0cdfd61fa473de3ab6dc858098","sources\openpreserve-format-corpus\extracted\format-corpus-366f068cec399d0cdfd61fa473de3ab6dc858098\jhove-errors\PDF-HUL-33\0b1b4c74-8635-4572-9440-f71915654c33.pdf"
"preservation/openpreserve-format-corpus/jhove-errors/PDF-HUL-34/emi15514-sup-0002-SupinfoS2.pdf","07A9A019C64D94D0B030109B71686745C334B118765B63660E87873D23C18590","292087","standards","OpenPreserve Format Corpus","366f068cec399d0cdfd61fa473de3ab6dc858098","sources\openpreserve-format-corpus\extracted\format-corpus-366f068cec399d0cdfd61fa473de3ab6dc858098\jhove-errors\PDF-HUL-34\emi15514-sup-0002-SupinfoS2.pdf"
"preservation/openpreserve-format-corpus/jhove-errors/PDF-HUL-34/jcpe13896_am.pdf","5D226C251819392D1A51D31276B5DF106E6A1649C3F3F0C67100A272BBA3B78F","509072","standards","OpenPreserve Format Corpus","366f068cec399d0cdfd61fa473de3ab6dc858098","sources\openpreserve-format-corpus\extracted\format-corpus-366f068cec399d0cdfd61fa473de3ab6dc858098\jhove-errors\PDF-HUL-34\jcpe13896_am.pdf"
"preservation/openpreserve-format-corpus/jhove-errors/PDF-HUL-35/143424271191706722106594310729442158189.pdf","58252DABFF3985C901601150B8A849B3ED13ABFC1C4F850148C5B3029C0DE9EC","23240404","standards","OpenPreserve Format Corpus","366f068cec399d0cdfd61fa473de3ab6dc858098","sources\openpreserve-format-corpus\extracted\format-corpus-366f068cec399d0cdfd61fa473de3ab6dc858098\jhove-errors\PDF-HUL-35\143424271191706722106594310729442158189.pdf"
"preservation/openpreserve-format-corpus/jhove-errors/PDF-HUL-35/A Defence of the New Tenseless Theory of Time.pdf","7A622A6771205E83FF1B323D0C8CD5591E88113CABD3E5A4C25FB2E7C1CB4A6C","909222","standards","OpenPreserve Format Corpus","366f068cec399d0cdfd61fa473de3ab6dc858098","sources\openpreserve-format-corpus\extracted\format-corpus-366f068cec399d0cdfd61fa473de3ab6dc858098\jhove-errors\PDF-HUL-35\A Defence of the New Tenseless Theory of Time.pdf"
"preservation/openpreserve-format-corpus/jhove-errors/PDF-HUL-42/3253-Article Text-6302-1-10-20190531.pdf","0C7D883939DB4733CF8A1DE707FD30ACA003294AF85FD149A3029F1DA355CD5E","482561","standards","OpenPreserve Format Corpus","366f068cec399d0cdfd61fa473de3ab6dc858098","sources\openpreserve-format-corpus\extracted\format-corpus-366f068cec399d0cdfd61fa473de3ab6dc858098\jhove-errors\PDF-HUL-42\3253-Article Text-6302-1-10-20190531.pdf"
"preservation/openpreserve-format-corpus/jhove-errors/PDF-HUL-45/10531_2004_Article_5096977.pdf","8E60411E80D29000D62441CE149B8E7A54C168EDC1B8AA5EC7E8B17D212C4C67","416096","standards","OpenPreserve Format Corpus","366f068cec399d0cdfd61fa473de3ab6dc858098","sources\openpreserve-format-corpus\extracted\format-corpus-366f068cec399d0cdfd61fa473de3ab6dc858098\jhove-errors\PDF-HUL-45\10531_2004_Article_5096977.pdf"
"preservation/openpreserve-format-corpus/jhove-errors/PDF-HUL-45/It's all about connecting Reasons for drug use among Latino gay men living in the San Francisco Bay Area.pdf","D0D4818D21D06501703ACAB8776832D1A4362CF0326251E24DA59A55B0FBC80A","662841","standards","OpenPreserve Format Corpus","366f068cec399d0cdfd61fa473de3ab6dc858098","sources\openpreserve-format-corpus\extracted\format-corpus-366f068cec399d0cdfd61fa473de3ab6dc858098\jhove-errors\PDF-HUL-45\It's all about connecting Reasons for drug use among Latino gay men living in the San Francisco Bay Area.pdf"
"preservation/openpreserve-format-corpus/jhove-errors/PDF-HUL-66/s41589-021-00892-6.pdf","B9250EE8190496986B714490D1755E89B2AC2D22508FD228F0800EF37D6B2BE6","8397839","standards","OpenPreserve Format Corpus","366f068cec399d0cdfd61fa473de3ab6dc858098","sources\openpreserve-format-corpus\extracted\format-corpus-366f068cec399d0cdfd61fa473de3ab6dc858098\jhove-errors\PDF-HUL-66\s41589-021-00892-6.pdf"
"preservation/openpreserve-format-corpus/jhove-errors/PDF-HUL-66/Wiki SI 563 2021.pdf","CEDB21319375AD5D013E40CED4C431367467483522FB538F247F3B6596C5245A","1964815","standards","OpenPreserve Format Corpus","366f068cec399d0cdfd61fa473de3ab6dc858098","sources\openpreserve-format-corpus\extracted\format-corpus-366f068cec399d0cdfd61fa473de3ab6dc858098\jhove-errors\PDF-HUL-66\Wiki SI 563 2021.pdf"
"preservation/openpreserve-format-corpus/jhove-errors/PDF-HUL-68/carp2010-2.pdf","4033196EC2448F54917A95D2A0033A4A9134C98FE05CC6751589A2F239A06AB4","1565967","standards","OpenPreserve Format Corpus","366f068cec399d0cdfd61fa473de3ab6dc858098","sources\openpreserve-format-corpus\extracted\format-corpus-366f068cec399d0cdfd61fa473de3ab6dc858098\jhove-errors\PDF-HUL-68\carp2010-2.pdf"
"preservation/openpreserve-format-corpus/jhove-errors/PDF-HUL-71/MICOM MI Lighthouse Poster.pdf","6AA88D9F5CD431B76C5CA3A00505937E28B4E03B031BE8EE012CBC835F58EE5B","3603526","standards","OpenPreserve Format Corpus","366f068cec399d0cdfd61fa473de3ab6dc858098","sources\openpreserve-format-corpus\extracted\format-corpus-366f068cec399d0cdfd61fa473de3ab6dc858098\jhove-errors\PDF-HUL-71\MICOM MI Lighthouse Poster.pdf"
"preservation/openpreserve-format-corpus/jhove-errors/PDF-HUL-71/mipeng_poster_w24.pdf","203FDE362B43B0A353838541136B1C31115E5D2ED7C2331CC7F2F0852B8D5C7A","3491264","standards","OpenPreserve Format Corpus","366f068cec399d0cdfd61fa473de3ab6dc858098","sources\openpreserve-format-corpus\extracted\format-corpus-366f068cec399d0cdfd61fa473de3ab6dc858098\jhove-errors\PDF-HUL-71\mipeng_poster_w24.pdf"
"preservation/openpreserve-format-corpus/jhove-errors/PDF-HUL-78/CLLASS Report for ER&L 2020.pdf","DD50F8F8A64B0664A49459D1FC6C0B6CF74C7B42A1361EF0AB1713B807F72C63","693775","standards","OpenPreserve Format Corpus","366f068cec399d0cdfd61fa473de3ab6dc858098","sources\openpreserve-format-corpus\extracted\format-corpus-366f068cec399d0cdfd61fa473de3ab6dc858098\jhove-errors\PDF-HUL-78\CLLASS Report for ER&L 2020.pdf"
"preservation/openpreserve-format-corpus/jhove-errors/PDF-HUL-78/ModRob_An_Inexpensive_and_Modular_Robotic_Arm_for_Hobbyists_Poster_-_Albert_Anwar.pdf","5592054DF14D3A1A5CFF3EC75C51687244CFC99B3EEE9B918F333CD6531BBB81","821329","standards","OpenPreserve Format Corpus","366f068cec399d0cdfd61fa473de3ab6dc858098","sources\openpreserve-format-corpus\extracted\format-corpus-366f068cec399d0cdfd61fa473de3ab6dc858098\jhove-errors\PDF-HUL-78\ModRob_An_Inexpensive_and_Modular_Robotic_Arm_for_Hobbyists_Poster_-_Albert_Anwar.pdf"
"preservation/openpreserve-format-corpus/jhove-errors/PDF-HUL-79/ET paper.pdf","693C4893F1EE7AEFA6A619EC3674AAAB0B73D83E178D77FC5146F3A72A8FF90F","3012994","standards","OpenPreserve Format Corpus","366f068cec399d0cdfd61fa473de3ab6dc858098","sources\openpreserve-format-corpus\extracted\format-corpus-366f068cec399d0cdfd61fa473de3ab6dc858098\jhove-errors\PDF-HUL-79\ET paper.pdf"
"preservation/openpreserve-format-corpus/jhove-errors/PDF-HUL-79/Lewis and Theriot_LIP final report.pdf","E5C7F849A99BFABF0F6144421A95540FDB8D9CBAC0CA8D94989D079060FA28E0","748440","standards","OpenPreserve Format Corpus","366f068cec399d0cdfd61fa473de3ab6dc858098","sources\openpreserve-format-corpus\extracted\format-corpus-366f068cec399d0cdfd61fa473de3ab6dc858098\jhove-errors\PDF-HUL-79\Lewis and Theriot_LIP final report.pdf"
"preservation/openpreserve-format-corpus/jhove-errors/PDF-HUL-80/bessar.pdf","94FC559790D05F7FE0AB6C0B9C9B24B8C994307D7EE07EF36AB831AEC02F9577","727283","standards","OpenPreserve Format Corpus","366f068cec399d0cdfd61fa473de3ab6dc858098","sources\openpreserve-format-corpus\extracted\format-corpus-366f068cec399d0cdfd61fa473de3ab6dc858098\jhove-errors\PDF-HUL-80\bessar.pdf"
"preservation/openpreserve-format-corpus/jhove-errors/PDF-HUL-80/Rosen--Caring-Work.pdf","31AE2532B74EEA66C42A1F054CB68984D233BB26D34C2CC5EE7891547586951B","167873","standards","OpenPreserve Format Corpus","366f068cec399d0cdfd61fa473de3ab6dc858098","sources\openpreserve-format-corpus\extracted\format-corpus-366f068cec399d0cdfd61fa473de3ab6dc858098\jhove-errors\PDF-HUL-80\Rosen--Caring-Work.pdf"
"preservation/openpreserve-format-corpus/jhove-errors/PDF-HUL-81/facct2025-final168.pdf","E78D12A3651B94F6D4D18C9FFEED799EFF4603CB3E93974A2EC683B5874EAEE4","1960388","standards","OpenPreserve Format Corpus","366f068cec399d0cdfd61fa473de3ab6dc858098","sources\openpreserve-format-corpus\extracted\format-corpus-366f068cec399d0cdfd61fa473de3ab6dc858098\jhove-errors\PDF-HUL-81\facct2025-final168.pdf"
"preservation/openpreserve-format-corpus/jhove-errors/PDF-HUL-81/Gasp_and_Wheeze_Puppetry.pdf","3DD80F945BD61027E42DDEEA81DC20EF371770EEAFDD59374513EDAAF60AA010","9895556","standards","OpenPreserve Format Corpus","366f068cec399d0cdfd61fa473de3ab6dc858098","sources\openpreserve-format-corpus\extracted\format-corpus-366f068cec399d0cdfd61fa473de3ab6dc858098\jhove-errors\PDF-HUL-81\Gasp_and_Wheeze_Puppetry.pdf"
"preservation/openpreserve-format-corpus/jhove-errors/PDF-HUL-85/All Quiet on the Third Coast.pdf","2833F92C629DF573CB91D0689CE11F5454DB1DB0E2FBA24CF9EE3049CED3ADE9","2075013","standards","OpenPreserve Format Corpus","366f068cec399d0cdfd61fa473de3ab6dc858098","sources\openpreserve-format-corpus\extracted\format-corpus-366f068cec399d0cdfd61fa473de3ab6dc858098\jhove-errors\PDF-HUL-85\All Quiet on the Third Coast.pdf"
"preservation/openpreserve-format-corpus/jhove-errors/PDF-HUL-85/ESUjulyaugust2002.pdf","674CB9DF7B8D1AD07323E3CCA12EEE05A2B960947A770C68726E1EEC154C2AC6","1668736","standards","OpenPreserve Format Corpus","366f068cec399d0cdfd61fa473de3ab6dc858098","sources\openpreserve-format-corpus\extracted\format-corpus-366f068cec399d0cdfd61fa473de3ab6dc858098\jhove-errors\PDF-HUL-85\ESUjulyaugust2002.pdf"
"preservation/openpreserve-format-corpus/jhove-errors/PDF-HUL-86/117202521857413588359819480739728143692.pdf","10B6BB3D91AD76A09815661C66C60AAFA096F9D5E92D3C935396312E40BE0A8D","13327023","standards","OpenPreserve Format Corpus","366f068cec399d0cdfd61fa473de3ab6dc858098","sources\openpreserve-format-corpus\extracted\format-corpus-366f068cec399d0cdfd61fa473de3ab6dc858098\jhove-errors\PDF-HUL-86\117202521857413588359819480739728143692.pdf"
"preservation/openpreserve-format-corpus/jhove-errors/PDF-HUL-86/NeilJairath_3.pdf","BB96CDC1CA23D7560FEC90B52E11B414FBDE99CE4796DED706DE203494CCB969","1312914","standards","OpenPreserve Format Corpus","366f068cec399d0cdfd61fa473de3ab6dc858098","sources\openpreserve-format-corpus\extracted\format-corpus-366f068cec399d0cdfd61fa473de3ab6dc858098\jhove-errors\PDF-HUL-86\NeilJairath_3.pdf"
"preservation/openpreserve-format-corpus/jhove-errors/PDF-HUL-87/EngHonorsCapstoneReport-Final.pdf","57B482018E9B9D136D0E5C3F9F3C43A8938670938CFB879EC2805E307DFBAF96","660479","standards","OpenPreserve Format Corpus","366f068cec399d0cdfd61fa473de3ab6dc858098","sources\openpreserve-format-corpus\extracted\format-corpus-366f068cec399d0cdfd61fa473de3ab6dc858098\jhove-errors\PDF-HUL-87\EngHonorsCapstoneReport-Final.pdf"
"preservation/openpreserve-format-corpus/jhove-errors/PDF-HUL-87/kateking_presentation_WN23.pdf","4239C8474D64D0610ADC28B8449C40B86793F0958F07A0F61A0B9F0794013A64","4069879","standards","OpenPreserve Format Corpus","366f068cec399d0cdfd61fa473de3ab6dc858098","sources\openpreserve-format-corpus\extracted\format-corpus-366f068cec399d0cdfd61fa473de3ab6dc858098\jhove-errors\PDF-HUL-87\kateking_presentation_WN23.pdf"
"preservation/openpreserve-format-corpus/jhove-errors/PDF-HUL-90/Arakawa-2025-Lab_Animal.pdf","D6610E888620529C0C8DFA36E7EC36A15C9CC6F65CD74CDD86DA71C3B205A2D1","872857","standards","OpenPreserve Format Corpus","366f068cec399d0cdfd61fa473de3ab6dc858098","sources\openpreserve-format-corpus\extracted\format-corpus-366f068cec399d0cdfd61fa473de3ab6dc858098\jhove-errors\PDF-HUL-90\Arakawa-2025-Lab_Animal.pdf"
"preservation/openpreserve-format-corpus/jhove-errors/PDF-HUL-94/14504801192_ftp.pdf","87AA46A1225B15A2990486F3F8E3C9E74100EA6DA49FC816F8DFCE54B74E1358","256281","standards","OpenPreserve Format Corpus","366f068cec399d0cdfd61fa473de3ab6dc858098","sources\openpreserve-format-corpus\extracted\format-corpus-366f068cec399d0cdfd61fa473de3ab6dc858098\jhove-errors\PDF-HUL-94\14504801192_ftp.pdf"
"preservation/openpreserve-format-corpus/jhove-errors/PDF-HUL-94/241573_ftp.pdf","F169AE2B3B78C17DEBF8FE31BD4FB53A3154F54B16F38AE373E381159F312417","1041523","standards","OpenPreserve Format Corpus","366f068cec399d0cdfd61fa473de3ab6dc858098","sources\openpreserve-format-corpus\extracted\format-corpus-366f068cec399d0cdfd61fa473de3ab6dc858098\jhove-errors\PDF-HUL-94\241573_ftp.pdf"
"preservation/openpreserve-format-corpus/office-examples/LibreOffice 3.5.0rc3 OSX/simple.pdf","77C969F113BA68B596796062E26748AF4A548D561669DF23C9269AF36536887E","18847","standards","OpenPreserve Format Corpus","366f068cec399d0cdfd61fa473de3ab6dc858098","sources\openpreserve-format-corpus\extracted\format-corpus-366f068cec399d0cdfd61fa473de3ab6dc858098\office-examples\LibreOffice 3.5.0rc3 OSX\simple.pdf"
"preservation/openpreserve-format-corpus/office-examples/OpenOffice.org 3.2.0 OSX/embeds/embedded-lucinda-sans-PDFA-1a.pdf","A94F1599AA7987531BD99F431BB1BA7508012EB7DB9FFCB8A79F9515556B93AC","32628","standards","OpenPreserve Format Corpus","366f068cec399d0cdfd61fa473de3ab6dc858098","sources\openpreserve-format-corpus\extracted\format-corpus-366f068cec399d0cdfd61fa473de3ab6dc858098\office-examples\OpenOffice.org 3.2.0 OSX\embeds\embedded-lucinda-sans-PDFA-1a.pdf"
"preservation/openpreserve-format-corpus/office-examples/OpenOffice.org 3.2.0 OSX/embeds/embedded-lucinda-sans.pdf","A1557F0CB31AB2824C9CE491FC70465375E80395C1CAC73E3886B7362F43C09B","25608","standards","OpenPreserve Format Corpus","366f068cec399d0cdfd61fa473de3ab6dc858098","sources\openpreserve-format-corpus\extracted\format-corpus-366f068cec399d0cdfd61fa473de3ab6dc858098\office-examples\OpenOffice.org 3.2.0 OSX\embeds\embedded-lucinda-sans.pdf"
"preservation/openpreserve-format-corpus/office-examples/OpenOffice.org 3.2.0 OSX/embeds/embedded-png.pdf","DA257315373C0754F11B8E2783DF2753A4559CE9CCD5EDD1BC2F224BD245C474","27779","standards","OpenPreserve Format Corpus","366f068cec399d0cdfd61fa473de3ab6dc858098","sources\openpreserve-format-corpus\extracted\format-corpus-366f068cec399d0cdfd61fa473de3ab6dc858098\office-examples\OpenOffice.org 3.2.0 OSX\embeds\embedded-png.pdf"
"preservation/openpreserve-format-corpus/office-examples/OpenOffice.org 3.2.0 OSX/embeds/embedded-tiff.pdf","B62C9751AB92483697D3D4D0EA1574F31615ED4F0E4B558AFF144C645C539B65","20781","standards","OpenPreserve Format Corpus","366f068cec399d0cdfd61fa473de3ab6dc858098","sources\openpreserve-format-corpus\extracted\format-corpus-366f068cec399d0cdfd61fa473de3ab6dc858098\office-examples\OpenOffice.org 3.2.0 OSX\embeds\embedded-tiff.pdf"
"preservation/openpreserve-format-corpus/office-examples/OpenOffice.org 3.2.0 OSX/pdf-features/simple-annotated-in-adobe-x.pdf","7C785A1C3C5E0C870C8D8933ED52E306A7DE23A29A2136895052471F2860E091","24341","standards","OpenPreserve Format Corpus","366f068cec399d0cdfd61fa473de3ab6dc858098","sources\openpreserve-format-corpus\extracted\format-corpus-366f068cec399d0cdfd61fa473de3ab6dc858098\office-examples\OpenOffice.org 3.2.0 OSX\pdf-features\simple-annotated-in-adobe-x.pdf"
"preservation/openpreserve-format-corpus/office-examples/OpenOffice.org 3.2.0 OSX/pdf-features/simple-open-nocopy-password.pdf","04A27D6152195E818C9F28B2B6FDBD7B05F12F823930260FDD19E230A7A30B88","19050","standards","OpenPreserve Format Corpus","366f068cec399d0cdfd61fa473de3ab6dc858098","sources\openpreserve-format-corpus\extracted\format-corpus-366f068cec399d0cdfd61fa473de3ab6dc858098\office-examples\OpenOffice.org 3.2.0 OSX\pdf-features\simple-open-nocopy-password.pdf"
"preservation/openpreserve-format-corpus/office-examples/OpenOffice.org 3.2.0 OSX/pdf-features/simple-open-password.pdf","8423D1FB356EB051CD8D0C0A4D29941722D921B1571E7F2E11D82A32AD10ED90","19051","standards","OpenPreserve Format Corpus","366f068cec399d0cdfd61fa473de3ab6dc858098","sources\openpreserve-format-corpus\extracted\format-corpus-366f068cec399d0cdfd61fa473de3ab6dc858098\office-examples\OpenOffice.org 3.2.0 OSX\pdf-features\simple-open-password.pdf"
"preservation/openpreserve-format-corpus/office-examples/OpenOffice.org 3.2.0 OSX/pdf-features/simple-password-copy.pdf","A1F97F3D276843ED9BDD71F175FA72411D54594A3A813FBF8ECDA4E366647777","19053","standards","OpenPreserve Format Corpus","366f068cec399d0cdfd61fa473de3ab6dc858098","sources\openpreserve-format-corpus\extracted\format-corpus-366f068cec399d0cdfd61fa473de3ab6dc858098\office-examples\OpenOffice.org 3.2.0 OSX\pdf-features\simple-password-copy.pdf"
"preservation/openpreserve-format-corpus/office-examples/OpenOffice.org 3.2.0 OSX/pdf-features/simple-password-nocopy.pdf","7917CE27400E85E1D04BE342FE148B55156F1A886F17997271E4098ECDFB34C7","19054","standards","OpenPreserve Format Corpus","366f068cec399d0cdfd61fa473de3ab6dc858098","sources\openpreserve-format-corpus\extracted\format-corpus-366f068cec399d0cdfd61fa473de3ab6dc858098\office-examples\OpenOffice.org 3.2.0 OSX\pdf-features\simple-password-nocopy.pdf"
"preservation/openpreserve-format-corpus/office-examples/OpenOffice.org 3.2.0 OSX/pdf-features/simple-PDFA-1a.pdf","CFCDC027B1AAB425FE6BA742A09A70681E6A435DBD25FCBB5110170FC8E14B56","25544","standards","OpenPreserve Format Corpus","366f068cec399d0cdfd61fa473de3ab6dc858098","sources\openpreserve-format-corpus\extracted\format-corpus-366f068cec399d0cdfd61fa473de3ab6dc858098\office-examples\OpenOffice.org 3.2.0 OSX\pdf-features\simple-PDFA-1a.pdf"
"preservation/openpreserve-format-corpus/office-examples/OpenOffice.org 3.2.0 OSX/pdf-features/simple.pdf","3DA32F8E4973BF557EBE06C8CDFA3FC6DDB19991D8A23B6D5FA615DF14EDD545","18876","standards","OpenPreserve Format Corpus","366f068cec399d0cdfd61fa473de3ab6dc858098","sources\openpreserve-format-corpus\extracted\format-corpus-366f068cec399d0cdfd61fa473de3ab6dc858098\office-examples\OpenOffice.org 3.2.0 OSX\pdf-features\simple.pdf"
"preservation/openpreserve-format-corpus/office-examples/OpenOffice.org 3.3.0 OSX/pdf-features/simple.pdf","FC24649240406967671343F9BFED55D01E48D95CB58CA3414EDA99BC711714C4","18859","standards","OpenPreserve Format Corpus","366f068cec399d0cdfd61fa473de3ab6dc858098","sources\openpreserve-format-corpus\extracted\format-corpus-366f068cec399d0cdfd61fa473de3ab6dc858098\office-examples\OpenOffice.org 3.3.0 OSX\pdf-features\simple.pdf"
"preservation/openpreserve-format-corpus/pdf-handbuilt-test-corpus/hello_world.pdf","51C513B829FD713192E77F04608DCB358240FAB2DE9F7DA2E9216A7321FB27C5","631","standards","OpenPreserve Format Corpus","366f068cec399d0cdfd61fa473de3ab6dc858098","sources\openpreserve-format-corpus\extracted\format-corpus-366f068cec399d0cdfd61fa473de3ab6dc858098\pdf-handbuilt-test-corpus\hello_world.pdf"
"preservation/openpreserve-format-corpus/pdf-handbuilt-test-corpus/minimal_test.pdf","14BCD090BAF31EDBA64E9CBD8CDFC15F943344AA72CB3675AD8E91BFCBCE03AD","15","standards","OpenPreserve Format Corpus","366f068cec399d0cdfd61fa473de3ab6dc858098","sources\openpreserve-format-corpus\extracted\format-corpus-366f068cec399d0cdfd61fa473de3ab6dc858098\pdf-handbuilt-test-corpus\minimal_test.pdf"
"preservation/openpreserve-format-corpus/pdf-handbuilt-test-corpus/T01_001_header-invalid-major-version.pdf","D7808CEB645B5D742803560DC0755160958AEE8514C9C5A80178F3C8666D6153","631","standards","OpenPreserve Format Corpus","366f068cec399d0cdfd61fa473de3ab6dc858098","sources\openpreserve-format-corpus\extracted\format-corpus-366f068cec399d0cdfd61fa473de3ab6dc858098\pdf-handbuilt-test-corpus\T01_001_header-invalid-major-version.pdf"
"preservation/openpreserve-format-corpus/pdf-handbuilt-test-corpus/T01_002_header-invalid-minor-version.pdf","922B58998A44B1C47F7F6C6953A9285034D6B63319B909A737029B86F96B2E59","631","standards","OpenPreserve Format Corpus","366f068cec399d0cdfd61fa473de3ab6dc858098","sources\openpreserve-format-corpus\extracted\format-corpus-366f068cec399d0cdfd61fa473de3ab6dc858098\pdf-handbuilt-test-corpus\T01_002_header-invalid-minor-version.pdf"
"preservation/openpreserve-format-corpus/pdf-handbuilt-test-corpus/T01_003_header-no-minor-version.pdf","ECBF0C0A78BE6C3540EF2702217913888C334A4CFC9773E5726AD798482CE3F7","630","standards","OpenPreserve Format Corpus","366f068cec399d0cdfd61fa473de3ab6dc858098","sources\openpreserve-format-corpus\extracted\format-corpus-366f068cec399d0cdfd61fa473de3ab6dc858098\pdf-handbuilt-test-corpus\T01_003_header-no-minor-version.pdf"
"preservation/openpreserve-format-corpus/pdf-handbuilt-test-corpus/T01_004_header_invalid-syntax-no-dash.pdf","A0E0A3F707EF718C2AA91EFBCF124489413635E572891A2A243BD030F9259618","630","standards","OpenPreserve Format Corpus","366f068cec399d0cdfd61fa473de3ab6dc858098","sources\openpreserve-format-corpus\extracted\format-corpus-366f068cec399d0cdfd61fa473de3ab6dc858098\pdf-handbuilt-test-corpus\T01_004_header_invalid-syntax-no-dash.pdf"
"preservation/openpreserve-format-corpus/pdf-handbuilt-test-corpus/T01_005_header-invalid-syntax-replace-char.pdf","0E773FE6B17B8DFE10C1ED420ABB174860BEF484E2749BDC9C8FB425ABF32C48","631","standards","OpenPreserve Format Corpus","366f068cec399d0cdfd61fa473de3ab6dc858098","sources\openpreserve-format-corpus\extracted\format-corpus-366f068cec399d0cdfd61fa473de3ab6dc858098\pdf-handbuilt-test-corpus\T01_005_header-invalid-syntax-replace-char.pdf"
"preservation/openpreserve-format-corpus/pdf-handbuilt-test-corpus/T01_006_header-invalid-syntax-no-pdf.pdf","B0F13EBCBD4761EC455C937A1EE863E6DEAAA7D1520BE83B4D382549681C79B4","626","standards","OpenPreserve Format Corpus","366f068cec399d0cdfd61fa473de3ab6dc858098","sources\openpreserve-format-corpus\extracted\format-corpus-366f068cec399d0cdfd61fa473de3ab6dc858098\pdf-handbuilt-test-corpus\T01_006_header-invalid-syntax-no-pdf.pdf"
"preservation/openpreserve-format-corpus/pdf-handbuilt-test-corpus/T01_007_header-no-version-info.pdf","0B6872096F8790263D2715AB576D12E7BB699B2DFF83E9E35F5DA03482FD6B5D","622","standards","OpenPreserve Format Corpus","366f068cec399d0cdfd61fa473de3ab6dc858098","sources\openpreserve-format-corpus\extracted\format-corpus-366f068cec399d0cdfd61fa473de3ab6dc858098\pdf-handbuilt-test-corpus\T01_007_header-no-version-info.pdf"
"preservation/openpreserve-format-corpus/pdf-handbuilt-test-corpus/T02-01_001_document-catalog-No-document-catalog.pdf","0B2A68F4B04FE2163AD32B2F5EB730B72D0969F4E19AD3AB4828BD8786D37701","584","standards","OpenPreserve Format Corpus","366f068cec399d0cdfd61fa473de3ab6dc858098","sources\openpreserve-format-corpus\extracted\format-corpus-366f068cec399d0cdfd61fa473de3ab6dc858098\pdf-handbuilt-test-corpus\T02-01_001_document-catalog-No-document-catalog.pdf"
"preservation/openpreserve-format-corpus/pdf-handbuilt-test-corpus/T02-01_002_document-catalog-wrong-object-number.pdf","B8AF1114D2EA4B3121E3205629EFC1C8D68281605308D29499AC39997187A5B5","629","standards","OpenPreserve Format Corpus","366f068cec399d0cdfd61fa473de3ab6dc858098","sources\openpreserve-format-corpus\extracted\format-corpus-366f068cec399d0cdfd61fa473de3ab6dc858098\pdf-handbuilt-test-corpus\T02-01_002_document-catalog-wrong-object-number.pdf"
"preservation/openpreserve-format-corpus/pdf-handbuilt-test-corpus/T02-01_003_document-catalog-indirecte-pages-reference-missing.pdf","D9C8F22ACFC0C70098AC1C150C674A8F60E03837D29F87202423F29463EE34EF","617","standards","OpenPreserve Format Corpus","366f068cec399d0cdfd61fa473de3ab6dc858098","sources\openpreserve-format-corpus\extracted\format-corpus-366f068cec399d0cdfd61fa473de3ab6dc858098\pdf-handbuilt-test-corpus\T02-01_003_document-catalog-indirecte-pages-reference-missing.pdf"
"preservation/openpreserve-format-corpus/pdf-handbuilt-test-corpus/T02-01_004_document-catalog-incorrect-pages-reference.pdf","3071D79C2D49C1FAF222F25E2AA1CEFBE16EC49D0AE5677DFC7C2546EA1ABEEB","629","standards","OpenPreserve Format Corpus","366f068cec399d0cdfd61fa473de3ab6dc858098","sources\openpreserve-format-corpus\extracted\format-corpus-366f068cec399d0cdfd61fa473de3ab6dc858098\pdf-handbuilt-test-corpus\T02-01_004_document-catalog-incorrect-pages-reference.pdf"
"preservation/openpreserve-format-corpus/pdf-handbuilt-test-corpus/T02-01_005_document-catalog-type-key-missing.pdf","C6068B123B2F7C137EA20B55BB0BE59675ADA3839B625C34086ED7D44124F1D5","623","standards","OpenPreserve Format Corpus","366f068cec399d0cdfd61fa473de3ab6dc858098","sources\openpreserve-format-corpus\extracted\format-corpus-366f068cec399d0cdfd61fa473de3ab6dc858098\pdf-handbuilt-test-corpus\T02-01_005_document-catalog-type-key-missing.pdf"
"preservation/openpreserve-format-corpus/pdf-handbuilt-test-corpus/T02-01_006_document-catalog-wrong-type-key.pdf","B64C089B058BC53E689095D8052C8DE263AEC1CC766D77CC899C2CA916F90799","626","standards","OpenPreserve Format Corpus","366f068cec399d0cdfd61fa473de3ab6dc858098","sources\openpreserve-format-corpus\extracted\format-corpus-366f068cec399d0cdfd61fa473de3ab6dc858098\pdf-handbuilt-test-corpus\T02-01_006_document-catalog-wrong-type-key.pdf"
"preservation/openpreserve-format-corpus/pdf-handbuilt-test-corpus/T02-01_007_document-catalog-type-key-value-pair-missing.pdf","32996D6807253CD0AD2111D950AC2B21722E79A2AE7AC9F1121EECB1624F17ED","614","standards","OpenPreserve Format Corpus","366f068cec399d0cdfd61fa473de3ab6dc858098","sources\openpreserve-format-corpus\extracted\format-corpus-366f068cec399d0cdfd61fa473de3ab6dc858098\pdf-handbuilt-test-corpus\T02-01_007_document-catalog-type-key-value-pair-missing.pdf"
"preservation/openpreserve-format-corpus/pdf-handbuilt-test-corpus/T02-02_001_no-page-tree-node.pdf","AE416C1D64740D827827B63B37DFCF87DC20336EFB966AC89875EDE5B84C0B79","577","standards","OpenPreserve Format Corpus","366f068cec399d0cdfd61fa473de3ab6dc858098","sources\openpreserve-format-corpus\extracted\format-corpus-366f068cec399d0cdfd61fa473de3ab6dc858098\pdf-handbuilt-test-corpus\T02-02_001_no-page-tree-node.pdf"
"preservation/openpreserve-format-corpus/pdf-handbuilt-test-corpus/T02-02_002_page-tree-kids-links-recursive.pdf","65060FD62966AE8DE29E897D26DEBEE0CE90C97022BB034E6BF611321444E572","629","standards","OpenPreserve Format Corpus","366f068cec399d0cdfd61fa473de3ab6dc858098","sources\openpreserve-format-corpus\extracted\format-corpus-366f068cec399d0cdfd61fa473de3ab6dc858098\pdf-handbuilt-test-corpus\T02-02_002_page-tree-kids-links-recursive.pdf"
"preservation/openpreserve-format-corpus/pdf-handbuilt-test-corpus/T02-02_003_page-tree-different-kids.pdf","94F5FD182E54F9F3978CE107F2C4AFBAFB8DC3C8906863AF3B46E3020A1B1B76","641","standards","OpenPreserve Format Corpus","366f068cec399d0cdfd61fa473de3ab6dc858098","sources\openpreserve-format-corpus\extracted\format-corpus-366f068cec399d0cdfd61fa473de3ab6dc858098\pdf-handbuilt-test-corpus\T02-02_003_page-tree-different-kids.pdf"
"preservation/openpreserve-format-corpus/pdf-handbuilt-test-corpus/T02-02_004_page-tree-non-existing-object-as-kid.pdf","84348484865833B0F5E007AEF6E9ED197074A36477F54A4767588E84612E9969","629","standards","OpenPreserve Format Corpus","366f068cec399d0cdfd61fa473de3ab6dc858098","sources\openpreserve-format-corpus\extracted\format-corpus-366f068cec399d0cdfd61fa473de3ab6dc858098\pdf-handbuilt-test-corpus\T02-02_004_page-tree-non-existing-object-as-kid.pdf"
"preservation/openpreserve-format-corpus/pdf-handbuilt-test-corpus/T02-02_005_page-tree-no-kids.pdf","19E9C844F73A624E1CAF710193BB5E8513C0ED6160EF67B11778BEF35C3D9522","616","standards","OpenPreserve Format Corpus","366f068cec399d0cdfd61fa473de3ab6dc858098","sources\openpreserve-format-corpus\extracted\format-corpus-366f068cec399d0cdfd61fa473de3ab6dc858098\pdf-handbuilt-test-corpus\T02-02_005_page-tree-no-kids.pdf"
"preservation/openpreserve-format-corpus/pdf-handbuilt-test-corpus/T02-02_006_page-tree-no-type.pdf","6C18A0051D595BC602B0E3815EAB2205606FCAC3B0205198A0CBC95A5E9B0D1F","617","standards","OpenPreserve Format Corpus","366f068cec399d0cdfd61fa473de3ab6dc858098","sources\openpreserve-format-corpus\extracted\format-corpus-366f068cec399d0cdfd61fa473de3ab6dc858098\pdf-handbuilt-test-corpus\T02-02_006_page-tree-no-type.pdf"
"preservation/openpreserve-format-corpus/pdf-handbuilt-test-corpus/T02-02_007_page-tree-wrong-count.pdf","F1F2936733DE4C727AD08A8273D32646BD150E9F7C24A7988A863FDF1D31315F","629","standards","OpenPreserve Format Corpus","366f068cec399d0cdfd61fa473de3ab6dc858098","sources\openpreserve-format-corpus\extracted\format-corpus-366f068cec399d0cdfd61fa473de3ab6dc858098\pdf-handbuilt-test-corpus\T02-02_007_page-tree-wrong-count.pdf"
"preservation/openpreserve-format-corpus/pdf-handbuilt-test-corpus/T02-02_008_page-tree-node-no-count.pdf","3197B5C8522F2881DC7172B9300B6AD243D0F190CD374B4BD13CD0A66CE07C07","621","standards","OpenPreserve Format Corpus","366f068cec399d0cdfd61fa473de3ab6dc858098","sources\openpreserve-format-corpus\extracted\format-corpus-366f068cec399d0cdfd61fa473de3ab6dc858098\pdf-handbuilt-test-corpus\T02-02_008_page-tree-node-no-count.pdf"
"preservation/openpreserve-format-corpus/pdf-handbuilt-test-corpus/T02-02_009_page-tree-wrong-type.pdf","2A07F158CEB1D79C87D8533EB425BE4CE82090CDA0A3D6B3845CA57B7ECDD858","629","standards","OpenPreserve Format Corpus","366f068cec399d0cdfd61fa473de3ab6dc858098","sources\openpreserve-format-corpus\extracted\format-corpus-366f068cec399d0cdfd61fa473de3ab6dc858098\pdf-handbuilt-test-corpus\T02-02_009_page-tree-wrong-type.pdf"
"preservation/openpreserve-format-corpus/pdf-handbuilt-test-corpus/T02-03_001_page-object-no-type.pdf","8EF52FBED65FB1D6CF4060A78512098C4EADAE243CCB69B6BC5B30E7A27FDBA7","618","standards","OpenPreserve Format Corpus","366f068cec399d0cdfd61fa473de3ab6dc858098","sources\openpreserve-format-corpus\extracted\format-corpus-366f068cec399d0cdfd61fa473de3ab6dc858098\pdf-handbuilt-test-corpus\T02-03_001_page-object-no-type.pdf"
"preservation/openpreserve-format-corpus/pdf-handbuilt-test-corpus/T02-03_002_page-object-wrong-type.pdf","C6CEFB37763759222071BBC5D3D5A1E6F4433BFAD5407059A6C5FF9DC050E24C","629","standards","OpenPreserve Format Corpus","366f068cec399d0cdfd61fa473de3ab6dc858098","sources\openpreserve-format-corpus\extracted\format-corpus-366f068cec399d0cdfd61fa473de3ab6dc858098\pdf-handbuilt-test-corpus\T02-03_002_page-object-wrong-type.pdf"
"preservation/openpreserve-format-corpus/pdf-handbuilt-test-corpus/T02-03_003_page-object-no-parent.pdf","769EDCEE9328897AA7E028641AF5805AF42A67C534AA7D525382D1D164D04C03","616","standards","OpenPreserve Format Corpus","366f068cec399d0cdfd61fa473de3ab6dc858098","sources\openpreserve-format-corpus\extracted\format-corpus-366f068cec399d0cdfd61fa473de3ab6dc858098\pdf-handbuilt-test-corpus\T02-03_003_page-object-no-parent.pdf"
"preservation/openpreserve-format-corpus/pdf-handbuilt-test-corpus/T02-03_004_page-object-wrong-parent.pdf","4CB7721054B134AA1C58D9B1451021A311F1A4B329621D2AA6F0148530B45B09","629","standards","OpenPreserve Format Corpus","366f068cec399d0cdfd61fa473de3ab6dc858098","sources\openpreserve-format-corpus\extracted\format-corpus-366f068cec399d0cdfd61fa473de3ab6dc858098\pdf-handbuilt-test-corpus\T02-03_004_page-object-wrong-parent.pdf"
"preservation/openpreserve-format-corpus/pdf-handbuilt-test-corpus/T02-03_005_page-object-parent-contains-array.pdf","CB7EB5978BBB684AD217E41F286738BE331E942B34B261E9398D48EDD1F51A34","637","standards","OpenPreserve Format Corpus","366f068cec399d0cdfd61fa473de3ab6dc858098","sources\openpreserve-format-corpus\extracted\format-corpus-366f068cec399d0cdfd61fa473de3ab6dc858098\pdf-handbuilt-test-corpus\T02-03_005_page-object-parent-contains-array.pdf"
"preservation/openpreserve-format-corpus/pdf-handbuilt-test-corpus/T02-03_006_page-object-missing.pdf","43CE91F7D31E9EF405F39D1D3A41BF8641ABF56D4543B6ACF04D710C48BAE9C8","522","standards","OpenPreserve Format Corpus","366f068cec399d0cdfd61fa473de3ab6dc858098","sources\openpreserve-format-corpus\extracted\format-corpus-366f068cec399d0cdfd61fa473de3ab6dc858098\pdf-handbuilt-test-corpus\T02-03_006_page-object-missing.pdf"
"preservation/openpreserve-format-corpus/pdf-handbuilt-test-corpus/T02-03_007_page-object-resources-wrong-object.pdf","BB51957908B2B56B6A0E518BCA8287CFB76C181437AD69EC9116A94EF60C7697","629","standards","OpenPreserve Format Corpus","366f068cec399d0cdfd61fa473de3ab6dc858098","sources\openpreserve-format-corpus\extracted\format-corpus-366f068cec399d0cdfd61fa473de3ab6dc858098\pdf-handbuilt-test-corpus\T02-03_007_page-object-resources-wrong-object.pdf"
"preservation/openpreserve-format-corpus/pdf-handbuilt-test-corpus/T02-03_008_page-object-mediabox-missing.pdf","0233DB11499FFBDE327FF962B5DD3292D5389FA7D538C095616DBB5D0F38C082","606","standards","OpenPreserve Format Corpus","366f068cec399d0cdfd61fa473de3ab6dc858098","sources\openpreserve-format-corpus\extracted\format-corpus-366f068cec399d0cdfd61fa473de3ab6dc858098\pdf-handbuilt-test-corpus\T02-03_008_page-object-mediabox-missing.pdf"
"preservation/openpreserve-format-corpus/pdf-handbuilt-test-corpus/T02-03_009_page-object-mediabox-not-rectangle.pdf","6EB994497F3C271BC80A8CBE384C84712ABE0778F177645D8E24DF8E0756802B","627","standards","OpenPreserve Format Corpus","366f068cec399d0cdfd61fa473de3ab6dc858098","sources\openpreserve-format-corpus\extracted\format-corpus-366f068cec399d0cdfd61fa473de3ab6dc858098\pdf-handbuilt-test-corpus\T02-03_009_page-object-mediabox-not-rectangle.pdf"
"preservation/openpreserve-format-corpus/pdf-handbuilt-test-corpus/T02-03_010_page-object-missing-contents.pdf","8D9A2373493F3921DCAF359DBA467A5E0DEDAD9D54E1757FAC9A75F53B58DBAE","612","standards","OpenPreserve Format Corpus","366f068cec399d0cdfd61fa473de3ab6dc858098","sources\openpreserve-format-corpus\extracted\format-corpus-366f068cec399d0cdfd61fa473de3ab6dc858098\pdf-handbuilt-test-corpus\T02-03_010_page-object-missing-contents.pdf"
"preservation/openpreserve-format-corpus/pdf-handbuilt-test-corpus/T02-03_011_page-object-wrong-contents-reference.pdf","FCFE2578128CAB0843FA70134756773B74262368D98C0237D05EC2145663078A","629","standards","OpenPreserve Format Corpus","366f068cec399d0cdfd61fa473de3ab6dc858098","sources\openpreserve-format-corpus\extracted\format-corpus-366f068cec399d0cdfd61fa473de3ab6dc858098\pdf-handbuilt-test-corpus\T02-03_011_page-object-wrong-contents-reference.pdf"
"preservation/openpreserve-format-corpus/pdf-handbuilt-test-corpus/T02-03_012_page-object-resources-missing.pdf","B45910F55A3CD9FACE1A40D5725A470ED22D3B96DBCD178F9E389A3754A3D250","613","standards","OpenPreserve Format Corpus","366f068cec399d0cdfd61fa473de3ab6dc858098","sources\openpreserve-format-corpus\extracted\format-corpus-366f068cec399d0cdfd61fa473de3ab6dc858098\pdf-handbuilt-test-corpus\T02-03_012_page-object-resources-missing.pdf"
"preservation/openpreserve-format-corpus/pdf-handbuilt-test-corpus/T02-04-01_001_resources-basefont-missing.pdf","84C38A79984A2E0AF92EBBEC4B94181A32335E2C1CC7EC270B523CFC56A15062","606","standards","OpenPreserve Format Corpus","366f068cec399d0cdfd61fa473de3ab6dc858098","sources\openpreserve-format-corpus\extracted\format-corpus-366f068cec399d0cdfd61fa473de3ab6dc858098\pdf-handbuilt-test-corpus\T02-04-01_001_resources-basefont-missing.pdf"
"preservation/openpreserve-format-corpus/pdf-handbuilt-test-corpus/T02-04-01_002_resources-basefont-wrong-font.pdf","6CDB9F2A0CCE45D4E9E0D6077EBD335CE3E5C81DD1FBD5E0A35884CEE211A976","626","standards","OpenPreserve Format Corpus","366f068cec399d0cdfd61fa473de3ab6dc858098","sources\openpreserve-format-corpus\extracted\format-corpus-366f068cec399d0cdfd61fa473de3ab6dc858098\pdf-handbuilt-test-corpus\T02-04-01_002_resources-basefont-wrong-font.pdf"
"preservation/openpreserve-format-corpus/pdf-handbuilt-test-corpus/T02-04-01_003_resources-type-missing.pdf","F28761139DCDEFD3E0122C6CF6DEA65B859A55EE2DF1B912DB7E0010C95E76E9","618","standards","OpenPreserve Format Corpus","366f068cec399d0cdfd61fa473de3ab6dc858098","sources\openpreserve-format-corpus\extracted\format-corpus-366f068cec399d0cdfd61fa473de3ab6dc858098\pdf-handbuilt-test-corpus\T02-04-01_003_resources-type-missing.pdf"
"preservation/openpreserve-format-corpus/pdf-handbuilt-test-corpus/T02-04-01_004_resources-wrong-declaration-type.pdf","7DFE5802079C334CFA7A510A929B2B21057761B7E05834DC444A26DFB5CDDFFD","629","standards","OpenPreserve Format Corpus","366f068cec399d0cdfd61fa473de3ab6dc858098","sources\openpreserve-format-corpus\extracted\format-corpus-366f068cec399d0cdfd61fa473de3ab6dc858098\pdf-handbuilt-test-corpus\T02-04-01_004_resources-wrong-declaration-type.pdf"
"preservation/openpreserve-format-corpus/pdf-handbuilt-test-corpus/T02-04-01_005_resources-subtype-missing.pdf","392D8AD742ACDE359C7AA982B5BB3C6AE47E71502E84D86FD7BED738F4DFD40D","614","standards","OpenPreserve Format Corpus","366f068cec399d0cdfd61fa473de3ab6dc858098","sources\openpreserve-format-corpus\extracted\format-corpus-366f068cec399d0cdfd61fa473de3ab6dc858098\pdf-handbuilt-test-corpus\T02-04-01_005_resources-subtype-missing.pdf"
"preservation/openpreserve-format-corpus/pdf-handbuilt-test-corpus/T02-04-01_006_resources_subtype_wrong.pdf","DB1C96D060D219C36D078A4847EE86942C88E74B27D129FD4DC8F3EF65E2E046","629","standards","OpenPreserve Format Corpus","366f068cec399d0cdfd61fa473de3ab6dc858098","sources\openpreserve-format-corpus\extracted\format-corpus-366f068cec399d0cdfd61fa473de3ab6dc858098\pdf-handbuilt-test-corpus\T02-04-01_006_resources_subtype_wrong.pdf"
"preservation/openpreserve-format-corpus/pdf-handbuilt-test-corpus/T02-05-01_001_Stream-BT-missing.pdf","77DDD56540762A0C21173D964D44C5AB4D70DD3E893C2C24BD403C798AA00C02","628","standards","OpenPreserve Format Corpus","366f068cec399d0cdfd61fa473de3ab6dc858098","sources\openpreserve-format-corpus\extracted\format-corpus-366f068cec399d0cdfd61fa473de3ab6dc858098\pdf-handbuilt-test-corpus\T02-05-01_001_Stream-BT-missing.pdf"
"preservation/openpreserve-format-corpus/pdf-handbuilt-test-corpus/T02-05-01_002_Stream-ET-missing.pdf","CDF9860F87D963EAE97BE3A6CB4111313952076AAAB1A184946D4558E68F15BA","628","standards","OpenPreserve Format Corpus","366f068cec399d0cdfd61fa473de3ab6dc858098","sources\openpreserve-format-corpus\extracted\format-corpus-366f068cec399d0cdfd61fa473de3ab6dc858098\pdf-handbuilt-test-corpus\T02-05-01_002_Stream-ET-missing.pdf"
"preservation/openpreserve-format-corpus/pdf-handbuilt-test-corpus/T02-05-01_003_Stream-BT-and-ET-missing.pdf","AC7BD7BEBD67E1DAF4BFE4D241AC17189DCFBB808666E957F106A547A0432B79","626","standards","OpenPreserve Format Corpus","366f068cec399d0cdfd61fa473de3ab6dc858098","sources\openpreserve-format-corpus\extracted\format-corpus-366f068cec399d0cdfd61fa473de3ab6dc858098\pdf-handbuilt-test-corpus\T02-05-01_003_Stream-BT-and-ET-missing.pdf"
"preservation/openpreserve-format-corpus/pdf-handbuilt-test-corpus/T02-05-01_004_Font-name-operator--missing.pdf","C803542A7D1B458F8C358B39DEB479BFBBF4BDE261782BFE3B448F16076CB335","626","standards","OpenPreserve Format Corpus","366f068cec399d0cdfd61fa473de3ab6dc858098","sources\openpreserve-format-corpus\extracted\format-corpus-366f068cec399d0cdfd61fa473de3ab6dc858098\pdf-handbuilt-test-corpus\T02-05-01_004_Font-name-operator--missing.pdf"
"preservation/openpreserve-format-corpus/pdf-handbuilt-test-corpus/T02-05-01_005_invalid-Font-name-operator.pdf","002A09DC4785DE65E6318B1E80131F49CE6027BF4786624345D49B149D38F680","630","standards","OpenPreserve Format Corpus","366f068cec399d0cdfd61fa473de3ab6dc858098","sources\openpreserve-format-corpus\extracted\format-corpus-366f068cec399d0cdfd61fa473de3ab6dc858098\pdf-handbuilt-test-corpus\T02-05-01_005_invalid-Font-name-operator.pdf"
"preservation/openpreserve-format-corpus/pdf-handbuilt-test-corpus/T02-05-01_006_font-size-operator-missing.pdf","6F11E1E616A423AD1EF5A1E2C5BEB64FB97026398F1DB19D34D1D062AF7EB791","628","standards","OpenPreserve Format Corpus","366f068cec399d0cdfd61fa473de3ab6dc858098","sources\openpreserve-format-corpus\extracted\format-corpus-366f068cec399d0cdfd61fa473de3ab6dc858098\pdf-handbuilt-test-corpus\T02-05-01_006_font-size-operator-missing.pdf"
"preservation/openpreserve-format-corpus/pdf-handbuilt-test-corpus/T02-05-01_007_invalid-font-size-operator.pdf","53E7EABCD8B33CE1230D348A9F64FA274B384395316A7512A943DE13CFE0EF35","636","standards","OpenPreserve Format Corpus","366f068cec399d0cdfd61fa473de3ab6dc858098","sources\openpreserve-format-corpus\extracted\format-corpus-366f068cec399d0cdfd61fa473de3ab6dc858098\pdf-handbuilt-test-corpus\T02-05-01_007_invalid-font-size-operator.pdf"
"preservation/openpreserve-format-corpus/pdf-handbuilt-test-corpus/T02-05-01_008_Font-set-operator-missing.pdf","E8C76ECCCA038C0AC458847D57B38AEA6EFFF5183F9C12612A6AAD0C84776CFA","628","standards","OpenPreserve Format Corpus","366f068cec399d0cdfd61fa473de3ab6dc858098","sources\openpreserve-format-corpus\extracted\format-corpus-366f068cec399d0cdfd61fa473de3ab6dc858098\pdf-handbuilt-test-corpus\T02-05-01_008_Font-set-operator-missing.pdf"
"preservation/openpreserve-format-corpus/pdf-handbuilt-test-corpus/T02-05-01_009_Missing_open_paranthesis.pdf","808327ADFD15780DFD3A258E6F0FF9D99B045C8D9242906F0D59A2B7E731359F","629","standards","OpenPreserve Format Corpus","366f068cec399d0cdfd61fa473de3ab6dc858098","sources\openpreserve-format-corpus\extracted\format-corpus-366f068cec399d0cdfd61fa473de3ab6dc858098\pdf-handbuilt-test-corpus\T02-05-01_009_Missing_open_paranthesis.pdf"
"preservation/openpreserve-format-corpus/pdf-handbuilt-test-corpus/T02-05-01_010_Missing_closing_paranthesis.pdf","7BEA1D5EF79BD7851CE4ED0DF2CF6DFFE46D9EEB1AB43054D795F7EB2303A39D","629","standards","OpenPreserve Format Corpus","366f068cec399d0cdfd61fa473de3ab6dc858098","sources\openpreserve-format-corpus\extracted\format-corpus-366f068cec399d0cdfd61fa473de3ab6dc858098\pdf-handbuilt-test-corpus\T02-05-01_010_Missing_closing_paranthesis.pdf"
"preservation/openpreserve-format-corpus/pdf-handbuilt-test-corpus/T02-05-01_011_paranthesis-substituted-with-brackets.pdf","89186B18FA9276466E161C5FDD9F2453F668B157B5379BF2DA700F0B068514D1","630","standards","OpenPreserve Format Corpus","366f068cec399d0cdfd61fa473de3ab6dc858098","sources\openpreserve-format-corpus\extracted\format-corpus-366f068cec399d0cdfd61fa473de3ab6dc858098\pdf-handbuilt-test-corpus\T02-05-01_011_paranthesis-substituted-with-brackets.pdf"
"preservation/openpreserve-format-corpus/pdf-handbuilt-test-corpus/T02-05-01_012_text-show-operator-missing.pdf","F6EBBDE21F3EF0CE30E202AA90C03842D39E02E06F201A828CDDAF0434ADC380","628","standards","OpenPreserve Format Corpus","366f068cec399d0cdfd61fa473de3ab6dc858098","sources\openpreserve-format-corpus\extracted\format-corpus-366f068cec399d0cdfd61fa473de3ab6dc858098\pdf-handbuilt-test-corpus\T02-05-01_012_text-show-operator-missing.pdf"
"preservation/openpreserve-format-corpus/pdf-handbuilt-test-corpus/T02-05-01_013_stream-keyword-missing.pdf","C779E714B10A5D7DCB2AB0F3124D883F3BEB468C7094A12371CF2EC664F64967","624","standards","OpenPreserve Format Corpus","366f068cec399d0cdfd61fa473de3ab6dc858098","sources\openpreserve-format-corpus\extracted\format-corpus-366f068cec399d0cdfd61fa473de3ab6dc858098\pdf-handbuilt-test-corpus\T02-05-01_013_stream-keyword-missing.pdf"
"preservation/openpreserve-format-corpus/pdf-handbuilt-test-corpus/T02-05-01_014_endstream-keyword-missing.pdf","846106BF5713DD4834D08DFE37D25B6CDB2CE944023E0DD303F9A7D50C28BE68","620","standards","OpenPreserve Format Corpus","366f068cec399d0cdfd61fa473de3ab6dc858098","sources\openpreserve-format-corpus\extracted\format-corpus-366f068cec399d0cdfd61fa473de3ab6dc858098\pdf-handbuilt-test-corpus\T02-05-01_014_endstream-keyword-missing.pdf"
"preservation/openpreserve-format-corpus/pdf-handbuilt-test-corpus/T02-05-01_015_invalid-stream-length-in-dictionary.pdf","33A45A45BF1C05C769819AF19932FFD7AA3C0D0AB63C1D861B35BE91FE6BDCDC","631","standards","OpenPreserve Format Corpus","366f068cec399d0cdfd61fa473de3ab6dc858098","sources\openpreserve-format-corpus\extracted\format-corpus-366f068cec399d0cdfd61fa473de3ab6dc858098\pdf-handbuilt-test-corpus\T02-05-01_015_invalid-stream-length-in-dictionary.pdf"
"preservation/openpreserve-format-corpus/pdf-handbuilt-test-corpus/T02-05-01_016_stream-length-missing-in-dictionary.pdf","9E12CF1CDC572AF01CB33DE2944C43D2174A6FFE17AD3863EB14EB5FE866D3F2","619","standards","OpenPreserve Format Corpus","366f068cec399d0cdfd61fa473de3ab6dc858098","sources\openpreserve-format-corpus\extracted\format-corpus-366f068cec399d0cdfd61fa473de3ab6dc858098\pdf-handbuilt-test-corpus\T02-05-01_016_stream-length-missing-in-dictionary.pdf"
"preservation/openpreserve-format-corpus/pdf-handbuilt-test-corpus/T02-05-01_017_bytes-between-endstream-endobj.pdf","BED6BCDAF7ACE56A064F9383570613F2FC2A103336A43AF971FECDBB2C6B7F80","635","standards","OpenPreserve Format Corpus","366f068cec399d0cdfd61fa473de3ab6dc858098","sources\openpreserve-format-corpus\extracted\format-corpus-366f068cec399d0cdfd61fa473de3ab6dc858098\pdf-handbuilt-test-corpus\T02-05-01_017_bytes-between-endstream-endobj.pdf"
"preservation/openpreserve-format-corpus/pdf-handbuilt-test-corpus/T02-05-01_018_position-information-missing.pdf","252F71F0F4F7DC1B0E7C3561A36B89C2D0DC471988604406083DA4A8CCB79663","608","standards","OpenPreserve Format Corpus","366f068cec399d0cdfd61fa473de3ab6dc858098","sources\openpreserve-format-corpus\extracted\format-corpus-366f068cec399d0cdfd61fa473de3ab6dc858098\pdf-handbuilt-test-corpus\T02-05-01_018_position-information-missing.pdf"
"preservation/openpreserve-format-corpus/pdf-handbuilt-test-corpus/T03_001_no-cross-reference-table.pdf","49DBC9AF115C718C89E0F79E400566BCF6CC9440250DB331E64218E6DFD80DE6","503","standards","OpenPreserve Format Corpus","366f068cec399d0cdfd61fa473de3ab6dc858098","sources\openpreserve-format-corpus\extracted\format-corpus-366f068cec399d0cdfd61fa473de3ab6dc858098\pdf-handbuilt-test-corpus\T03_001_no-cross-reference-table.pdf"
"preservation/openpreserve-format-corpus/pdf-handbuilt-test-corpus/T03_002_xref-keyword-missing.pdf","78BF1ED716CB9C228ACE38D78189268E3A8E03510AAA8644049C599B35FA4314","627","standards","OpenPreserve Format Corpus","366f068cec399d0cdfd61fa473de3ab6dc858098","sources\openpreserve-format-corpus\extracted\format-corpus-366f068cec399d0cdfd61fa473de3ab6dc858098\pdf-handbuilt-test-corpus\T03_002_xref-keyword-missing.pdf"
"preservation/openpreserve-format-corpus/pdf-handbuilt-test-corpus/T03_003_number-of-entries-missing.pdf","1300797453B8B02EA7F8A1B2F1327AC6470BE81D7BA376F98CC72D71D3D7375D","630","standards","OpenPreserve Format Corpus","366f068cec399d0cdfd61fa473de3ab6dc858098","sources\openpreserve-format-corpus\extracted\format-corpus-366f068cec399d0cdfd61fa473de3ab6dc858098\pdf-handbuilt-test-corpus\T03_003_number-of-entries-missing.pdf"
"preservation/openpreserve-format-corpus/pdf-handbuilt-test-corpus/T03_004_number-of-entries-too-many.pdf","9BD7914C42F7C87CB4D7356E4F3BAE7C3FD11A44E5433238E9B56FC508A96BE1","631","standards","OpenPreserve Format Corpus","366f068cec399d0cdfd61fa473de3ab6dc858098","sources\openpreserve-format-corpus\extracted\format-corpus-366f068cec399d0cdfd61fa473de3ab6dc858098\pdf-handbuilt-test-corpus\T03_004_number-of-entries-too-many.pdf"
"preservation/openpreserve-format-corpus/pdf-handbuilt-test-corpus/T03_005_number-of-entries-too-few.pdf","861021BC96B8B251A104236799AE85EA0EC612D0B688D7BF8F96D57EBCBE1250","631","standards","OpenPreserve Format Corpus","366f068cec399d0cdfd61fa473de3ab6dc858098","sources\openpreserve-format-corpus\extracted\format-corpus-366f068cec399d0cdfd61fa473de3ab6dc858098\pdf-handbuilt-test-corpus\T03_005_number-of-entries-too-few.pdf"
"preservation/openpreserve-format-corpus/pdf-handbuilt-test-corpus/T03_006_offset_missing.pdf","7834041B8D4640C7D3223BC757A185C667202BF680CF3BF5090193F253437BDE","611","standards","OpenPreserve Format Corpus","366f068cec399d0cdfd61fa473de3ab6dc858098","sources\openpreserve-format-corpus\extracted\format-corpus-366f068cec399d0cdfd61fa473de3ab6dc858098\pdf-handbuilt-test-corpus\T03_006_offset_missing.pdf"
"preservation/openpreserve-format-corpus/pdf-handbuilt-test-corpus/T03_007_offset_wrong.pdf","7FAB2D5D8B21F54CE65FDA973EDF04900138282B5607C48E1338CE13496C6305","631","standards","OpenPreserve Format Corpus","366f068cec399d0cdfd61fa473de3ab6dc858098","sources\openpreserve-format-corpus\extracted\format-corpus-366f068cec399d0cdfd61fa473de3ab6dc858098\pdf-handbuilt-test-corpus\T03_007_offset_wrong.pdf"
"preservation/openpreserve-format-corpus/pdf-handbuilt-test-corpus/T03_008_entry-offset-too-short.pdf","EF6C1548A5C6FAC493CDB917C1C2DAE4841E1445E75D6177375B15DDD5EBDB14","629","standards","OpenPreserve Format Corpus","366f068cec399d0cdfd61fa473de3ab6dc858098","sources\openpreserve-format-corpus\extracted\format-corpus-366f068cec399d0cdfd61fa473de3ab6dc858098\pdf-handbuilt-test-corpus\T03_008_entry-offset-too-short.pdf"
"preservation/openpreserve-format-corpus/pdf-handbuilt-test-corpus/T03_009_invalid-keyword-entry.pdf","BB0286ED5D41BDDECDB19364E194A189C691ECC932FF6496D8E4E4118893652A","630","standards","OpenPreserve Format Corpus","366f068cec399d0cdfd61fa473de3ab6dc858098","sources\openpreserve-format-corpus\extracted\format-corpus-366f068cec399d0cdfd61fa473de3ab6dc858098\pdf-handbuilt-test-corpus\T03_009_invalid-keyword-entry.pdf"
"preservation/openpreserve-format-corpus/pdf-handbuilt-test-corpus/T03_010_wrong-generation-number.pdf","27D4A7FC048CEA115AE203205C49D325C8D1B8E99193910ACE582DC3860CED21","631","standards","OpenPreserve Format Corpus","366f068cec399d0cdfd61fa473de3ab6dc858098","sources\openpreserve-format-corpus\extracted\format-corpus-366f068cec399d0cdfd61fa473de3ab6dc858098\pdf-handbuilt-test-corpus\T03_010_wrong-generation-number.pdf"
"preservation/openpreserve-format-corpus/pdf-handbuilt-test-corpus/T04_001_EOF-not-standalone.pdf","BA020BA6353833755A9C70A15D9DFA49EF7B446039E3CD296428790F2FA2C653","630","standards","OpenPreserve Format Corpus","366f068cec399d0cdfd61fa473de3ab6dc858098","sources\openpreserve-format-corpus\extracted\format-corpus-366f068cec399d0cdfd61fa473de3ab6dc858098\pdf-handbuilt-test-corpus\T04_001_EOF-not-standalone.pdf"
"preservation/openpreserve-format-corpus/pdf-handbuilt-test-corpus/T04_002_EOF-missing.pdf","B0CF2BC52BF9182CE98FD006EEA5079E95AAF854A83172A304B04FCBE7219CE1","626","standards","OpenPreserve Format Corpus","366f068cec399d0cdfd61fa473de3ab6dc858098","sources\openpreserve-format-corpus\extracted\format-corpus-366f068cec399d0cdfd61fa473de3ab6dc858098\pdf-handbuilt-test-corpus\T04_002_EOF-missing.pdf"
"preservation/openpreserve-format-corpus/pdf-handbuilt-test-corpus/T04_003_EOF-incomplete-EO.pdf","3C7E4D038FAB6D01F66F561387FDC09A3349C45F50464457359ED0DC64E886AC","628","standards","OpenPreserve Format Corpus","366f068cec399d0cdfd61fa473de3ab6dc858098","sources\openpreserve-format-corpus\extracted\format-corpus-366f068cec399d0cdfd61fa473de3ab6dc858098\pdf-handbuilt-test-corpus\T04_003_EOF-incomplete-EO.pdf"
"preservation/openpreserve-format-corpus/pdf-handbuilt-test-corpus/T04_004_EOF-incomplete_EOF.pdf","D10B4D107A8290D8C805179C9BFBD7CEB102EE9CE583BA02E92D1C712930768B","629","standards","OpenPreserve Format Corpus","366f068cec399d0cdfd61fa473de3ab6dc858098","sources\openpreserve-format-corpus\extracted\format-corpus-366f068cec399d0cdfd61fa473de3ab6dc858098\pdf-handbuilt-test-corpus\T04_004_EOF-incomplete_EOF.pdf"
"preservation/openpreserve-format-corpus/pdf-handbuilt-test-corpus/T04_005_EOF-followed-by-junk-data.pdf","1C9160605825135AF51864DDE81F82645BCA5D2D65E7BF415ABD9FE02082D3BC","640","standards","OpenPreserve Format Corpus","366f068cec399d0cdfd61fa473de3ab6dc858098","sources\openpreserve-format-corpus\extracted\format-corpus-366f068cec399d0cdfd61fa473de3ab6dc858098\pdf-handbuilt-test-corpus\T04_005_EOF-followed-by-junk-data.pdf"
"preservation/openpreserve-format-corpus/pdf-handbuilt-test-corpus/T04_006_premature-EOF.pdf","95546779F5847B89E7BCDE53AB83843F8AC0B40FA0F6B506840F28C1819DB4F4","637","standards","OpenPreserve Format Corpus","366f068cec399d0cdfd61fa473de3ab6dc858098","sources\openpreserve-format-corpus\extracted\format-corpus-366f068cec399d0cdfd61fa473de3ab6dc858098\pdf-handbuilt-test-corpus\T04_006_premature-EOF.pdf"
"preservation/openpreserve-format-corpus/pdf-handbuilt-test-corpus/T04_007_premature-EOF-only.pdf","DF087B18BD3BA7F7842944F46FE5662540E2B6447165192FA74B7AFE6C29AE38","632","standards","OpenPreserve Format Corpus","366f068cec399d0cdfd61fa473de3ab6dc858098","sources\openpreserve-format-corpus\extracted\format-corpus-366f068cec399d0cdfd61fa473de3ab6dc858098\pdf-handbuilt-test-corpus\T04_007_premature-EOF-only.pdf"
"preservation/openpreserve-format-corpus/pdf-handbuilt-test-corpus/T04_008_trailer-no-trailer-keyword.pdf","B4A110EAFE221466EBC250AB38892456B4C43145FB3ED550FFC0AABB2E253404","624","standards","OpenPreserve Format Corpus","366f068cec399d0cdfd61fa473de3ab6dc858098","sources\openpreserve-format-corpus\extracted\format-corpus-366f068cec399d0cdfd61fa473de3ab6dc858098\pdf-handbuilt-test-corpus\T04_008_trailer-no-trailer-keyword.pdf"
"preservation/openpreserve-format-corpus/pdf-handbuilt-test-corpus/T04_009_trailer-no-opening-brackets.pdf","C1EC572B2457101EBC3007476D127CC793DFCE5AF7F359377A87CCCAB3396976","628","standards","OpenPreserve Format Corpus","366f068cec399d0cdfd61fa473de3ab6dc858098","sources\openpreserve-format-corpus\extracted\format-corpus-366f068cec399d0cdfd61fa473de3ab6dc858098\pdf-handbuilt-test-corpus\T04_009_trailer-no-opening-brackets.pdf"
"preservation/openpreserve-format-corpus/pdf-handbuilt-test-corpus/T04_010_trailer-no-closing-brackets.pdf","A3A598A6A25751F7E16428E9BA903DFF61CE0C4AA9A5E8897853722EC1762D9A","628","standards","OpenPreserve Format Corpus","366f068cec399d0cdfd61fa473de3ab6dc858098","sources\openpreserve-format-corpus\extracted\format-corpus-366f068cec399d0cdfd61fa473de3ab6dc858098\pdf-handbuilt-test-corpus\T04_010_trailer-no-closing-brackets.pdf"
"preservation/openpreserve-format-corpus/pdf-handbuilt-test-corpus/T04_011_trailer-no-root-key-value-pair.pdf","CEA27CEE79A1AB494DFB5367D1EAE2D7A8238AE6A6D18B2EC726E355200FF302","619","standards","OpenPreserve Format Corpus","366f068cec399d0cdfd61fa473de3ab6dc858098","sources\openpreserve-format-corpus\extracted\format-corpus-366f068cec399d0cdfd61fa473de3ab6dc858098\pdf-handbuilt-test-corpus\T04_011_trailer-no-root-key-value-pair.pdf"
"preservation/openpreserve-format-corpus/pdf-handbuilt-test-corpus/T04_012_trailer-root-no-indirect-reference.pdf","5A5C83598B3E054DAF0CBA1D850378CD0EF42062FFAB3BE42D0BCB644B608288","629","standards","OpenPreserve Format Corpus","366f068cec399d0cdfd61fa473de3ab6dc858098","sources\openpreserve-format-corpus\extracted\format-corpus-366f068cec399d0cdfd61fa473de3ab6dc858098\pdf-handbuilt-test-corpus\T04_012_trailer-root-no-indirect-reference.pdf"
"preservation/openpreserve-format-corpus/pdf-handbuilt-test-corpus/T04_013_trailer-root-invalid-indirect-reference.pdf","9C7A6AE0E79D06F68BD741AA3E6D6F7AEBC3EBB6EA12DC469CF3A5148D36B607","628","standards","OpenPreserve Format Corpus","366f068cec399d0cdfd61fa473de3ab6dc858098","sources\openpreserve-format-corpus\extracted\format-corpus-366f068cec399d0cdfd61fa473de3ab6dc858098\pdf-handbuilt-test-corpus\T04_013_trailer-root-invalid-indirect-reference.pdf"
"preservation/openpreserve-format-corpus/pdf-handbuilt-test-corpus/T04_014_trailer-root-indirect-reference-to-wrong-object.pdf","D5285AAD5EC945D0A613C7034538A4503ED41440F123D8D23307EAD5AA2E6139","630","standards","OpenPreserve Format Corpus","366f068cec399d0cdfd61fa473de3ab6dc858098","sources\openpreserve-format-corpus\extracted\format-corpus-366f068cec399d0cdfd61fa473de3ab6dc858098\pdf-handbuilt-test-corpus\T04_014_trailer-root-indirect-reference-to-wrong-object.pdf"
"preservation/openpreserve-format-corpus/pdf-handbuilt-test-corpus/T04_015_trailer-no-size-key-value-pair.pdf","4C8CC5F98B0A7F584DF98DE35409F55BC12C1102153A4036740CCDC9CDD9497C","623","standards","OpenPreserve Format Corpus","366f068cec399d0cdfd61fa473de3ab6dc858098","sources\openpreserve-format-corpus\extracted\format-corpus-366f068cec399d0cdfd61fa473de3ab6dc858098\pdf-handbuilt-test-corpus\T04_015_trailer-no-size-key-value-pair.pdf"
"preservation/openpreserve-format-corpus/pdf-handbuilt-test-corpus/T04_016_trailer-wrong-size-key-value-pair.pdf","F1C0A977FA1106BE9B7EF5D6B18ACA3ED4D3722E2650E5F82335267AB3A731BA","630","standards","OpenPreserve Format Corpus","366f068cec399d0cdfd61fa473de3ab6dc858098","sources\openpreserve-format-corpus\extracted\format-corpus-366f068cec399d0cdfd61fa473de3ab6dc858098\pdf-handbuilt-test-corpus\T04_016_trailer-wrong-size-key-value-pair.pdf"
"preservation/openpreserve-format-corpus/pdf-handbuilt-test-corpus/T04_017_trailer-no-startxref-keyword.pdf","CB57525F214F74F6CD2C5386BAD11220D87DC6D157DFCFEC75791C2247E83DD9","621","standards","OpenPreserve Format Corpus","366f068cec399d0cdfd61fa473de3ab6dc858098","sources\openpreserve-format-corpus\extracted\format-corpus-366f068cec399d0cdfd61fa473de3ab6dc858098\pdf-handbuilt-test-corpus\T04_017_trailer-no-startxref-keyword.pdf"
"preservation/openpreserve-format-corpus/pdf-handbuilt-test-corpus/T04_018_trailer-no-xref-byte-offset.pdf","3D3F1508ADC5AA1AE72E95DA1E9A189482F5F0A9FB8426A0B8ABF3E7AA543FF3","628","standards","OpenPreserve Format Corpus","366f068cec399d0cdfd61fa473de3ab6dc858098","sources\openpreserve-format-corpus\extracted\format-corpus-366f068cec399d0cdfd61fa473de3ab6dc858098\pdf-handbuilt-test-corpus\T04_018_trailer-no-xref-byte-offset.pdf"
"preservation/openpreserve-format-corpus/pdfCabinetOfHorrors/balloon_a1b_jp2k.pdf","7E5F457DBF1EE161E1377A29723C1F03B3C94BA3D2322A7BB972DD1CA0A87B79","698427","standards","OpenPreserve Format Corpus","366f068cec399d0cdfd61fa473de3ab6dc858098","sources\openpreserve-format-corpus\extracted\format-corpus-366f068cec399d0cdfd61fa473de3ab6dc858098\pdfCabinetOfHorrors\balloon_a1b_jp2k.pdf"
"preservation/openpreserve-format-corpus/pdfCabinetOfHorrors/calistoMTNoFontsEmbedded.pdf","44F7582B024DEFC788ADB8F35C719F72409CCD8C6929B2ECE75AF5791E5D3119","9353","standards","OpenPreserve Format Corpus","366f068cec399d0cdfd61fa473de3ab6dc858098","sources\openpreserve-format-corpus\extracted\format-corpus-366f068cec399d0cdfd61fa473de3ab6dc858098\pdfCabinetOfHorrors\calistoMTNoFontsEmbedded.pdf"
"preservation/openpreserve-format-corpus/pdfCabinetOfHorrors/corruptionOneByteMissing.pdf","7423451704EF9CB32340618416796A812C47FA2337CF1356AA63C2F414B7798E","39512","standards","OpenPreserve Format Corpus","366f068cec399d0cdfd61fa473de3ab6dc858098","sources\openpreserve-format-corpus\extracted\format-corpus-366f068cec399d0cdfd61fa473de3ab6dc858098\pdfCabinetOfHorrors\corruptionOneByteMissing.pdf"
"preservation/openpreserve-format-corpus/pdfCabinetOfHorrors/embedded_video_avi.pdf","CEA0C7FD4E8FDCE26FAF64298D19529F9C8092088708C8D8750B8C5A7DD56703","2053552","standards","OpenPreserve Format Corpus","366f068cec399d0cdfd61fa473de3ab6dc858098","sources\openpreserve-format-corpus\extracted\format-corpus-366f068cec399d0cdfd61fa473de3ab6dc858098\pdfCabinetOfHorrors\embedded_video_avi.pdf"
"preservation/openpreserve-format-corpus/pdfCabinetOfHorrors/embedded_video_quicktime.pdf","4984B83E762C19AE69681AB092C2EFF1ECFA8DEF5B06B055CE009735FBE610B5","1099685","standards","OpenPreserve Format Corpus","366f068cec399d0cdfd61fa473de3ab6dc858098","sources\openpreserve-format-corpus\extracted\format-corpus-366f068cec399d0cdfd61fa473de3ab6dc858098\pdfCabinetOfHorrors\embedded_video_quicktime.pdf"
"preservation/openpreserve-format-corpus/pdfCabinetOfHorrors/encryption_nocopy.pdf","DD55FEC2E48A0F43266146E1D31155480695D31A28D0E4311BBD9472F9D992B3","70599","standards","OpenPreserve Format Corpus","366f068cec399d0cdfd61fa473de3ab6dc858098","sources\openpreserve-format-corpus\extracted\format-corpus-366f068cec399d0cdfd61fa473de3ab6dc858098\pdfCabinetOfHorrors\encryption_nocopy.pdf"
"preservation/openpreserve-format-corpus/pdfCabinetOfHorrors/encryption_notextaccess.pdf","1E2404AB35F318EAFAD82DD57581C4E8FE728473EC858E8044EA665B8F90A313","70599","standards","OpenPreserve Format Corpus","366f068cec399d0cdfd61fa473de3ab6dc858098","sources\openpreserve-format-corpus\extracted\format-corpus-366f068cec399d0cdfd61fa473de3ab6dc858098\pdfCabinetOfHorrors\encryption_notextaccess.pdf"
"preservation/openpreserve-format-corpus/pdfCabinetOfHorrors/encryption_openpassword.pdf","01973E6B86F06D6B1CBB6C76A661A7859DB958B0CC245A8A3350481AE8D92158","70599","standards","OpenPreserve Format Corpus","366f068cec399d0cdfd61fa473de3ab6dc858098","sources\openpreserve-format-corpus\extracted\format-corpus-366f068cec399d0cdfd61fa473de3ab6dc858098\pdfCabinetOfHorrors\encryption_openpassword.pdf"
"preservation/openpreserve-format-corpus/pdfCabinetOfHorrors/externalLink.pdf","14CA68BC60B188279FFA9B2DAE926D9FE5CEFE83B52FCDFD0A64E67232407008","73227","standards","OpenPreserve Format Corpus","366f068cec399d0cdfd61fa473de3ab6dc858098","sources\openpreserve-format-corpus\extracted\format-corpus-366f068cec399d0cdfd61fa473de3ab6dc858098\pdfCabinetOfHorrors\externalLink.pdf"
"preservation/openpreserve-format-corpus/pdfCabinetOfHorrors/fileAttachment_fileAttachmentAnnotation.pdf","043340A410C80CC64A75479B2AD64FD1F92DF960216CCF1FFAA20C08AC1E811A","57855","standards","OpenPreserve Format Corpus","366f068cec399d0cdfd61fa473de3ab6dc858098","sources\openpreserve-format-corpus\extracted\format-corpus-366f068cec399d0cdfd61fa473de3ab6dc858098\pdfCabinetOfHorrors\fileAttachment_fileAttachmentAnnotation.pdf"
"preservation/openpreserve-format-corpus/pdfCabinetOfHorrors/javascript.pdf","23F8479A3E56C2A344B371EBC6DA219231E87DE17750C92314CD06F7B06D8629","953","standards","OpenPreserve Format Corpus","366f068cec399d0cdfd61fa473de3ab6dc858098","sources\openpreserve-format-corpus\extracted\format-corpus-366f068cec399d0cdfd61fa473de3ab6dc858098\pdfCabinetOfHorrors\javascript.pdf"
"preservation/openpreserve-format-corpus/pdfCabinetOfHorrors/pdf-17-header18.pdf","15C6451235A988565D8D640088642E3611E6A37C1FAAC945AF1A8FFCCF1B0B38","7717","standards","OpenPreserve Format Corpus","366f068cec399d0cdfd61fa473de3ab6dc858098","sources\openpreserve-format-corpus\extracted\format-corpus-366f068cec399d0cdfd61fa473de3ab6dc858098\pdfCabinetOfHorrors\pdf-17-header18.pdf"
"preservation/openpreserve-format-corpus/pdfCabinetOfHorrors/test_fontArialNotEmbedded.pdf","4806E51B3A8725BCD4C06E9CA852874A4285DA1BD57CE7A7C890EA2FE9F9A01C","207305","standards","OpenPreserve Format Corpus","366f068cec399d0cdfd61fa473de3ab6dc858098","sources\openpreserve-format-corpus\extracted\format-corpus-366f068cec399d0cdfd61fa473de3ab6dc858098\pdfCabinetOfHorrors\test_fontArialNotEmbedded.pdf"
"preservation/openpreserve-format-corpus/pdfCabinetOfHorrors/text_only_fontsEmbeddedAll.pdf","8EE33B2B2DEE93BF44C5426E12E12064BFF001A808FF4D2FEEA87C7BEEA4E4BA","70062","standards","OpenPreserve Format Corpus","366f068cec399d0cdfd61fa473de3ab6dc858098","sources\openpreserve-format-corpus\extracted\format-corpus-366f068cec399d0cdfd61fa473de3ab6dc858098\pdfCabinetOfHorrors\text_only_fontsEmbeddedAll.pdf"
"preservation/openpreserve-format-corpus/pdfCabinetOfHorrors/text_only_fontsEmbeddedSubset.pdf","FB0C62591AC545F0B56E8986A30F67C008D0434B28AC5BD550E0E7ECD3C56435","33411","standards","OpenPreserve Format Corpus","366f068cec399d0cdfd61fa473de3ab6dc858098","sources\openpreserve-format-corpus\extracted\format-corpus-366f068cec399d0cdfd61fa473de3ab6dc858098\pdfCabinetOfHorrors\text_only_fontsEmbeddedSubset.pdf"
"preservation/openpreserve-format-corpus/pdfCabinetOfHorrors/text_only_fontsNotEmbedded.pdf","FC11EDD136AB259F3F22A13C2740EDCCDA4D9225C80AEC94FE6834AAD5A87713","7929","standards","OpenPreserve Format Corpus","366f068cec399d0cdfd61fa473de3ab6dc858098","sources\openpreserve-format-corpus\extracted\format-corpus-366f068cec399d0cdfd61fa473de3ab6dc858098\pdfCabinetOfHorrors\text_only_fontsNotEmbedded.pdf"
"preservation/openpreserve-format-corpus/pdfCabinetOfHorrors/text_only_pdfa1b.pdf","81BF11AF4C56488C63C6D038D4BA09C7334DC3E26C5D6A17C7DF9BD398F48635","39513","standards","OpenPreserve Format Corpus","366f068cec399d0cdfd61fa473de3ab6dc858098","sources\openpreserve-format-corpus\extracted\format-corpus-366f068cec399d0cdfd61fa473de3ab6dc858098\pdfCabinetOfHorrors\text_only_pdfa1b.pdf"
"preservation/openpreserve-format-corpus/pdfCabinetOfHorrors/veraPDFHiResChangedHeight.pdf","1876E524237A7213B15667E57666AC092C219107502BA25AC49D9197650EEB27","65205","standards","OpenPreserve Format Corpus","366f068cec399d0cdfd61fa473de3ab6dc858098","sources\openpreserve-format-corpus\extracted\format-corpus-366f068cec399d0cdfd61fa473de3ab6dc858098\pdfCabinetOfHorrors\veraPDFHiResChangedHeight.pdf"
"preservation/openpreserve-format-corpus/pdfCabinetOfHorrors/veraPDFHiResWrongObjectID.pdf","DC7AE1AE93DAB50806BF881077559BB004D7F18B9DE6335AEFBE0CD81AA966AF","65205","standards","OpenPreserve Format Corpus","366f068cec399d0cdfd61fa473de3ab6dc858098","sources\openpreserve-format-corpus\extracted\format-corpus-366f068cec399d0cdfd61fa473de3ab6dc858098\pdfCabinetOfHorrors\veraPDFHiResWrongObjectID.pdf"
"preservation/openpreserve-format-corpus/variations/variations/application/pdf/lorem-ipsum-pages-09-4.1-923.pdf","3679A9B9AF012F0C353825737252991A052376A502571DF6F07030B96DE30F24","23142","standards","OpenPreserve Format Corpus","366f068cec399d0cdfd61fa473de3ab6dc858098","sources\openpreserve-format-corpus\extracted\format-corpus-366f068cec399d0cdfd61fa473de3ab6dc858098\variations\variations\application\pdf\lorem-ipsum-pages-09-4.1-923.pdf"
"preservation/openpreserve-format-corpus/variations/variations/application/pdf/lorem-ipsum.oo3.2.export-pdfa.pdf","2DF43480FFC930CD0AB78227DF923D2390BCD1B42C602BF37B15C10059A322FE","36972","standards","OpenPreserve Format Corpus","366f068cec399d0cdfd61fa473de3ab6dc858098","sources\openpreserve-format-corpus\extracted\format-corpus-366f068cec399d0cdfd61fa473de3ab6dc858098\variations\variations\application\pdf\lorem-ipsum.oo3.2.export-pdfa.pdf"
"preservation/openpreserve-format-corpus/variations/variations/application/pdf/lorem-ipsum.oo3.2.export.pdf","426F7E1D1156E50B53512E58289DD83730B700019C2F5EDD07C4A67EDB1A3392","27489","standards","OpenPreserve Format Corpus","366f068cec399d0cdfd61fa473de3ab6dc858098","sources\openpreserve-format-corpus\extracted\format-corpus-366f068cec399d0cdfd61fa473de3ab6dc858098\variations\variations\application\pdf\lorem-ipsum.oo3.2.export.pdf"
"preservation/openpreserve-format-corpus/variations/variations/application/pdf/lorem-ipsum.pdf","B55FD1597A4F1A91EA0C02E8571610541CCAF1AA02B68000726B419AFE407EA8","21450","standards","OpenPreserve Format Corpus","366f068cec399d0cdfd61fa473de3ab6dc858098","sources\openpreserve-format-corpus\extracted\format-corpus-366f068cec399d0cdfd61fa473de3ab6dc858098\variations\variations\application\pdf\lorem-ipsum.pdf"
"safedocs/CompactedSyntax/CompactedPDFSyntaxMatrix.pdf","E6D3CE17CE4EA3CA93E3C6AB3A852F356209D32E3A00920CB490461BE0120AEC","324169","standards","pdf-association-safedocs","a6fd37308c91a0d2c17ebcace970367181bc0da7","archive:safedocs-a6fd37308c91a0d2c17ebcace970367181bc0da7.zip!/CompactedSyntax/CompactedPDFSyntaxMatrix.pdf"
"safedocs/CompactedSyntax/CompactedPDFSyntaxTest.pdf","DF9AB28A64F63896152934FB13E9EE1322CBD94874206B91107344FFFF7AAA6C","4011","standards","pdf-association-safedocs","a6fd37308c91a0d2c17ebcace970367181bc0da7","archive:safedocs-a6fd37308c91a0d2c17ebcace970367181bc0da7.zip!/CompactedSyntax/CompactedPDFSyntaxTest.pdf"
"safedocs/Dialects/Dialect-ContentStreams.pdf","916486E480BD74299CA4470584B2C1503452F86BAC43C6D9C7276E36D7F5F88D","3179","standards","pdf-association-safedocs","a6fd37308c91a0d2c17ebcace970367181bc0da7","archive:safedocs-a6fd37308c91a0d2c17ebcace970367181bc0da7.zip!/Dialects/Dialect-ContentStreams.pdf"
"safedocs/Dialects/Dialect-ContentStreamsViaResourceNames.pdf","B36796872FE319D8A0BBE2F38B28595D05E6BBE3B0A5C591E1221A33393F38C6","3275","standards","pdf-association-safedocs","a6fd37308c91a0d2c17ebcace970367181bc0da7","archive:safedocs-a6fd37308c91a0d2c17ebcace970367181bc0da7.zip!/Dialects/Dialect-ContentStreamsViaResourceNames.pdf"
"safedocs/Dialects/Dialect-ContentStreamsWithIndirectRefs.pdf","E72A02730490375BF3D9A96B310E69EFE2E58B25A7B8B4AC27078F8B87BA9270","3222","standards","pdf-association-safedocs","a6fd37308c91a0d2c17ebcace970367181bc0da7","archive:safedocs-a6fd37308c91a0d2c17ebcace970367181bc0da7.zip!/Dialects/Dialect-ContentStreamsWithIndirectRefs.pdf"
"safedocs/Dialects/Dialect-DictIsStream.pdf","A9EB0A3FA943629F29B42471643436D5BCA4C55B27AE9AABC8E17E1FC6889008","788","standards","pdf-association-safedocs","a6fd37308c91a0d2c17ebcace970367181bc0da7","archive:safedocs-a6fd37308c91a0d2c17ebcace970367181bc0da7.zip!/Dialects/Dialect-DictIsStream.pdf"
"safedocs/Dialects/Dialect-StreamIsDict.pdf","0CD3361DF97988626B219C9B691E51BE5A290C79DE5BCB3F7660C517A6E59FFC","755","standards","pdf-association-safedocs","a6fd37308c91a0d2c17ebcace970367181bc0da7","archive:safedocs-a6fd37308c91a0d2c17ebcace970367181bc0da7.zip!/Dialects/Dialect-StreamIsDict.pdf"
"safedocs/Miscellaneous Targeted Test PDFs/Dual-startxref.pdf","378E1E7967AF58F6847A2E6AC56D9384E4BA08071B7ECEE1FBA5785073409135","1637","standards","pdf-association-safedocs","a6fd37308c91a0d2c17ebcace970367181bc0da7","archive:safedocs-a6fd37308c91a0d2c17ebcace970367181bc0da7.zip!/Miscellaneous Targeted Test PDFs/Dual-startxref.pdf"
"safedocs/Miscellaneous Targeted Test PDFs/FontinsideType3insideType3.pdf","92434006539D935FD64D2300BB14CA05D3D053FD8D4FB3D5E33674F391BC5754","1959","standards","pdf-association-safedocs","a6fd37308c91a0d2c17ebcace970367181bc0da7","archive:safedocs-a6fd37308c91a0d2c17ebcace970367181bc0da7.zip!/Miscellaneous Targeted Test PDFs/FontinsideType3insideType3.pdf"
"safedocs/Miscellaneous Targeted Test PDFs/LinkAnnot-appearances.pdf","6A10C809C7A5AFE1FE7E9DF0071FF10AD9AE0421605AB89735E66D245A3EB788","1702","standards","pdf-association-safedocs","a6fd37308c91a0d2c17ebcace970367181bc0da7","archive:safedocs-a6fd37308c91a0d2c17ebcace970367181bc0da7.zip!/Miscellaneous Targeted Test PDFs/LinkAnnot-appearances.pdf"
"safedocs/Miscellaneous Targeted Test PDFs/list-of-uri-actions-with-base.pdf","9CD3BD10B41FB06BFEE907BB832C25B4C9913499DA9AB02430F7B97F4461A8A7","3314","standards","pdf-association-safedocs","a6fd37308c91a0d2c17ebcace970367181bc0da7","archive:safedocs-a6fd37308c91a0d2c17ebcace970367181bc0da7.zip!/Miscellaneous Targeted Test PDFs/list-of-uri-actions-with-base.pdf"
"safedocs/Miscellaneous Targeted Test PDFs/list-of-uri-actions.pdf","C5045D62F5D5A234E1487B607C4B6218F32945BE3AC81669F75A928E1C6A6B00","2258","standards","pdf-association-safedocs","a6fd37308c91a0d2c17ebcace970367181bc0da7","archive:safedocs-a6fd37308c91a0d2c17ebcace970367181bc0da7.zip!/Miscellaneous Targeted Test PDFs/list-of-uri-actions.pdf"
"safedocs/Miscellaneous Targeted Test PDFs/PatternTextInsideText.pdf","C61F1E483C11DAC03FB1EF0FC873F0FD54832AE2476CB8E4D2C21C1E37DA004A","1275","standards","pdf-association-safedocs","a6fd37308c91a0d2c17ebcace970367181bc0da7","archive:safedocs-a6fd37308c91a0d2c17ebcace970367181bc0da7.zip!/Miscellaneous Targeted Test PDFs/PatternTextInsideText.pdf"
"safedocs/Miscellaneous Targeted Test PDFs/PDF-NoPageContents.pdf","3039E924817962A2BDAF51361733702D4A1734A05A3D3708797CD8FB65589FB5","818","standards","pdf-association-safedocs","a6fd37308c91a0d2c17ebcace970367181bc0da7","archive:safedocs-a6fd37308c91a0d2c17ebcace970367181bc0da7.zip!/Miscellaneous Targeted Test PDFs/PDF-NoPageContents.pdf"
"safedocs/Miscellaneous Targeted Test PDFs/uri-ismap-test.pdf","A3A8368B9D511FBACB23BEF3870A928664A6FF017C53B5C2EFE91F9177E8F518","137201","standards","pdf-association-safedocs","a6fd37308c91a0d2c17ebcace970367181bc0da7","archive:safedocs-a6fd37308c91a0d2c17ebcace970367181bc0da7.zip!/Miscellaneous Targeted Test PDFs/uri-ismap-test.pdf"
"safedocs/Miscellaneous Targeted Test PDFs/utf16LE-test.pdf","04AF7ACED559CA6B9FBF7A466526A94F3B76CF75ED6AF81F4F963892A9BCACFA","14417","standards","pdf-association-safedocs","a6fd37308c91a0d2c17ebcace970367181bc0da7","archive:safedocs-a6fd37308c91a0d2c17ebcace970367181bc0da7.zip!/Miscellaneous Targeted Test PDFs/utf16LE-test.pdf"
"safedocs/Unicode passwords/baseline/unicode-test-actualtext.pdf","16AD05198B71ECFBF34A8DBA5B762DE0F64A2E5242549421A284DA28FE79563C","4676","standards","pdf-association-safedocs","a6fd37308c91a0d2c17ebcace970367181bc0da7","archive:safedocs-a6fd37308c91a0d2c17ebcace970367181bc0da7.zip!/Unicode passwords/baseline/unicode-test-actualtext.pdf"
"safedocs/Unicode passwords/baseline/unicode-test.pdf","A093870C296EAEB6E88980F0B84A03388FD23E1515DFA7592A33A45E8DAB191A","4421","standards","pdf-association-safedocs","a6fd37308c91a0d2c17ebcace970367181bc0da7","archive:safedocs-a6fd37308c91a0d2c17ebcace970367181bc0da7.zip!/Unicode passwords/baseline/unicode-test.pdf"
"safedocs/Unicode passwords/corrigendum4/unicode-test-U2F874-correct.pdf","D30412E5424589FC26B66B2463C53E4059916A86D29416544E5D1C9D2551ECFA","5273","standards","pdf-association-safedocs","a6fd37308c91a0d2c17ebcace970367181bc0da7","archive:safedocs-a6fd37308c91a0d2c17ebcace970367181bc0da7.zip!/Unicode passwords/corrigendum4/unicode-test-U2F874-correct.pdf"
"safedocs/Unicode passwords/corrigendum4/unicode-test-U2F874-wrong.pdf","B5FF24D38F77B2875251A82D6E323D6024DC441C8B22817EFBD4FEB84C5AAA9D","5273","standards","pdf-association-safedocs","a6fd37308c91a0d2c17ebcace970367181bc0da7","archive:safedocs-a6fd37308c91a0d2c17ebcace970367181bc0da7.zip!/Unicode passwords/corrigendum4/unicode-test-U2F874-wrong.pdf"
"safedocs/Unicode passwords/corrigendum5/unicode-corrigendum5-fixed.pdf","70421A50FD5E36CF7FACAAC763B9EED337F8AEFCDE9CB04AE7DAE8D78A50D31A","5273","standards","pdf-association-safedocs","a6fd37308c91a0d2c17ebcace970367181bc0da7","archive:safedocs-a6fd37308c91a0d2c17ebcace970367181bc0da7.zip!/Unicode passwords/corrigendum5/unicode-corrigendum5-fixed.pdf"
"safedocs/Unicode passwords/corrigendum5/unicode-corrigendum5-unicode32-once.pdf","628F77AF77AFFC4CE8768AFBD8D4E073760B46393F2C5FB17783CF5686CC9AAB","5273","standards","pdf-association-safedocs","a6fd37308c91a0d2c17ebcace970367181bc0da7","archive:safedocs-a6fd37308c91a0d2c17ebcace970367181bc0da7.zip!/Unicode passwords/corrigendum5/unicode-corrigendum5-unicode32-once.pdf"
"safedocs/Unicode passwords/corrigendum5/unicode-corrigendum5-unicode32-twice.pdf","A8224FE8278F4B3EB8BAE0345B282C83D9C959505724EC7FE2680628EA7D035F","5273","standards","pdf-association-safedocs","a6fd37308c91a0d2c17ebcace970367181bc0da7","archive:safedocs-a6fd37308c91a0d2c17ebcace970367181bc0da7.zip!/Unicode passwords/corrigendum5/unicode-corrigendum5-unicode32-twice.pdf"
"validation/synthetic-pdf-testset/T01_001_header-invalid-major-version.pdf","DB3F4042745FA524C0543BF02DAF435FD8939DE12355EC6AA2AE80EEA623CE98","636","standards","Synthetic PDF Testset for File Format Validation","RADAR version 1, DOI 10.22000/53","sources\synthetic-pdf-testset\extracted\Unnamed entity\Test_Corpus\T01_001_header-invalid-major-version.pdf"
"validation/synthetic-pdf-testset/T01_002_header-invalid-minor-version.pdf","B2572D82D6DF00FAF10C2DAC1BF2E8E6C3257BE8538CD3B81C29E45102DF4C53","636","standards","Synthetic PDF Testset for File Format Validation","RADAR version 1, DOI 10.22000/53","sources\synthetic-pdf-testset\extracted\Unnamed entity\Test_Corpus\T01_002_header-invalid-minor-version.pdf"
"validation/synthetic-pdf-testset/T01_003_header-no-minor-version.pdf","120424166DA562D63BAAD6D10438CA68CE1F058800188DD4AB9E1A4987026871","635","standards","Synthetic PDF Testset for File Format Validation","RADAR version 1, DOI 10.22000/53","sources\synthetic-pdf-testset\extracted\Unnamed entity\Test_Corpus\T01_003_header-no-minor-version.pdf"
"validation/synthetic-pdf-testset/T01_004_header_invalid-syntax-no-dash.pdf","6B49227DEB6536DABE4EF6FF5724A653DF0FD8A6DAA6F04A931F5C5DE7A93C73","635","standards","Synthetic PDF Testset for File Format Validation","RADAR version 1, DOI 10.22000/53","sources\synthetic-pdf-testset\extracted\Unnamed entity\Test_Corpus\T01_004_header_invalid-syntax-no-dash.pdf"
"validation/synthetic-pdf-testset/T01_005_header-invalid-syntax-replace-char.pdf","FCA73410DC70F02F7F6404F57B27FFE48A7D960D5006C3509BA31C7696C8D4B0","636","standards","Synthetic PDF Testset for File Format Validation","RADAR version 1, DOI 10.22000/53","sources\synthetic-pdf-testset\extracted\Unnamed entity\Test_Corpus\T01_005_header-invalid-syntax-replace-char.pdf"
"validation/synthetic-pdf-testset/T01_006_header-invalid-syntax-no-pdf.pdf","CE70814D4063945085B6D6A067E2F79C68D8D6DD8EA3F387A40ADF8AC4615C8C","631","standards","Synthetic PDF Testset for File Format Validation","RADAR version 1, DOI 10.22000/53","sources\synthetic-pdf-testset\extracted\Unnamed entity\Test_Corpus\T01_006_header-invalid-syntax-no-pdf.pdf"
"validation/synthetic-pdf-testset/T01_007_header-no-version-info.pdf","DC59BF700FB8875720D5D5EE3F8375131C58735FECC14B3BF8A95223957E678A","627","standards","Synthetic PDF Testset for File Format Validation","RADAR version 1, DOI 10.22000/53","sources\synthetic-pdf-testset\extracted\Unnamed entity\Test_Corpus\T01_007_header-no-version-info.pdf"
"validation/synthetic-pdf-testset/T02-01_001_document-catalog-No-document-catalog.pdf","4437F430E32863B74FCF88B4067B6E659F1B1A0ED7A0D44E0C0628B31416B1BE","589","standards","Synthetic PDF Testset for File Format Validation","RADAR version 1, DOI 10.22000/53","sources\synthetic-pdf-testset\extracted\Unnamed entity\Test_Corpus\T02-01_001_document-catalog-No-document-catalog.pdf"
"validation/synthetic-pdf-testset/T02-01_002_document-catalog-wrong-object-number.pdf","15C8091C67033464B8CBC0F93A6F440AB89BA7F2AEA28668A7C6D3AA9984FF8E","634","standards","Synthetic PDF Testset for File Format Validation","RADAR version 1, DOI 10.22000/53","sources\synthetic-pdf-testset\extracted\Unnamed entity\Test_Corpus\T02-01_002_document-catalog-wrong-object-number.pdf"
"validation/synthetic-pdf-testset/T02-01_003_document-catalog-indirecte-pages-reference-missing.pdf","4A3693816FB2672C6820124433634CDF7A62EE815F9B88E4AB29B498F7A37798","622","standards","Synthetic PDF Testset for File Format Validation","RADAR version 1, DOI 10.22000/53","sources\synthetic-pdf-testset\extracted\Unnamed entity\Test_Corpus\T02-01_003_document-catalog-indirecte-pages-reference-missing.pdf"
"validation/synthetic-pdf-testset/T02-01_004_document-catalog-incorrect-pages-reference.pdf","DE0828002B56A7A8459445C227001E76AD816F16D4DF903C90072CB244B4D3AA","634","standards","Synthetic PDF Testset for File Format Validation","RADAR version 1, DOI 10.22000/53","sources\synthetic-pdf-testset\extracted\Unnamed entity\Test_Corpus\T02-01_004_document-catalog-incorrect-pages-reference.pdf"
"validation/synthetic-pdf-testset/T02-01_005_document-catalog-type-key-missing.pdf","AD4EF477007E1BC1DD1CA7D6485DF7226DC681BDCF1169388E06C975106705C8","628","standards","Synthetic PDF Testset for File Format Validation","RADAR version 1, DOI 10.22000/53","sources\synthetic-pdf-testset\extracted\Unnamed entity\Test_Corpus\T02-01_005_document-catalog-type-key-missing.pdf"
"validation/synthetic-pdf-testset/T02-01_006_document-catalog-wrong-type-key.pdf","E74D6389B486B5E413C80533E9E9FCAD4C87F5B9D3EC72B21088E1D543F6AA1D","631","standards","Synthetic PDF Testset for File Format Validation","RADAR version 1, DOI 10.22000/53","sources\synthetic-pdf-testset\extracted\Unnamed entity\Test_Corpus\T02-01_006_document-catalog-wrong-type-key.pdf"
"validation/synthetic-pdf-testset/T02-01_007_document-catalog-type-key-value-pair-missing.pdf","D95101AA4E06DF77FFA3153FDD6255262D358A2C0FCDACCEB19D7102BC5F0496","619","standards","Synthetic PDF Testset for File Format Validation","RADAR version 1, DOI 10.22000/53","sources\synthetic-pdf-testset\extracted\Unnamed entity\Test_Corpus\T02-01_007_document-catalog-type-key-value-pair-missing.pdf"
"validation/synthetic-pdf-testset/T02-02_001_no-page-tree-node.pdf","716EEA1DE49246DB918C45D3298117E4AD4D4D06881B1C66D93FF91BB1109FFB","582","standards","Synthetic PDF Testset for File Format Validation","RADAR version 1, DOI 10.22000/53","sources\synthetic-pdf-testset\extracted\Unnamed entity\Test_Corpus\T02-02_001_no-page-tree-node.pdf"
"validation/synthetic-pdf-testset/T02-02_002_page-tree-kids-links-recursive.pdf","B4D798F141B9DFD8B5C6CCE83BE9B5CCCFBF42B656B3BD1E3E648D0AA2422FB6","634","standards","Synthetic PDF Testset for File Format Validation","RADAR version 1, DOI 10.22000/53","sources\synthetic-pdf-testset\extracted\Unnamed entity\Test_Corpus\T02-02_002_page-tree-kids-links-recursive.pdf"
"validation/synthetic-pdf-testset/T02-02_003_page-tree-different-kids.pdf","354E868C94E01B5933F163181F3354309218FB3E78A50BFF45A123FBBD951389","646","standards","Synthetic PDF Testset for File Format Validation","RADAR version 1, DOI 10.22000/53","sources\synthetic-pdf-testset\extracted\Unnamed entity\Test_Corpus\T02-02_003_page-tree-different-kids.pdf"
"validation/synthetic-pdf-testset/T02-02_004_page-tree-non-existing-object-as-kid.pdf","D9AF5E2853A0CBBB099300845BC779B277F4A835B39D61F0355AE54384E73596","634","standards","Synthetic PDF Testset for File Format Validation","RADAR version 1, DOI 10.22000/53","sources\synthetic-pdf-testset\extracted\Unnamed entity\Test_Corpus\T02-02_004_page-tree-non-existing-object-as-kid.pdf"
"validation/synthetic-pdf-testset/T02-02_005_page-tree-no-kids.pdf","7D80EFF5916D497B674AAD5F80938189325589D2BCADA447FCFE579B58CCD549","621","standards","Synthetic PDF Testset for File Format Validation","RADAR version 1, DOI 10.22000/53","sources\synthetic-pdf-testset\extracted\Unnamed entity\Test_Corpus\T02-02_005_page-tree-no-kids.pdf"
"validation/synthetic-pdf-testset/T02-02_006_page-tree-no-type.pdf","DA21B98C9AED497E481248AB7AA545A628E28B28C42CCA7053BFD55A49D621C0","622","standards","Synthetic PDF Testset for File Format Validation","RADAR version 1, DOI 10.22000/53","sources\synthetic-pdf-testset\extracted\Unnamed entity\Test_Corpus\T02-02_006_page-tree-no-type.pdf"
"validation/synthetic-pdf-testset/T02-02_007_page-tree-wrong-count.pdf","69EEA6A9D1A59E1BD9C8B1AEA20448DEB5CC10FE812CD094577F3D609AA2E931","634","standards","Synthetic PDF Testset for File Format Validation","RADAR version 1, DOI 10.22000/53","sources\synthetic-pdf-testset\extracted\Unnamed entity\Test_Corpus\T02-02_007_page-tree-wrong-count.pdf"
"validation/synthetic-pdf-testset/T02-02_008_page-tree-node-no-count.pdf","BFB4EAFAA5D18213EB87C200D645B90D528FC48D5DC80807BDCAB8ADD80468BE","626","standards","Synthetic PDF Testset for File Format Validation","RADAR version 1, DOI 10.22000/53","sources\synthetic-pdf-testset\extracted\Unnamed entity\Test_Corpus\T02-02_008_page-tree-node-no-count.pdf"
"validation/synthetic-pdf-testset/T02-02_009_page-tree-wrong-type.pdf","B9B0E77FA3DCC55D6348765A07A3B1ADAD72B1BC59511329AF534DA79ABDC701","634","standards","Synthetic PDF Testset for File Format Validation","RADAR version 1, DOI 10.22000/53","sources\synthetic-pdf-testset\extracted\Unnamed entity\Test_Corpus\T02-02_009_page-tree-wrong-type.pdf"
"validation/synthetic-pdf-testset/T02-03_001_page-object-no-type.pdf","EF3E17CA8141D386BD1C8AF3BCB21FCA59EE7873B928965D9E605BF23A8F29EB","623","standards","Synthetic PDF Testset for File Format Validation","RADAR version 1, DOI 10.22000/53","sources\synthetic-pdf-testset\extracted\Unnamed entity\Test_Corpus\T02-03_001_page-object-no-type.pdf"
"validation/synthetic-pdf-testset/T02-03_002_page-object-wrong-type.pdf","6B2F1390B85FE6663D98A99C82D0E06C1D55144799E2ECE13245EDF687938F6E","634","standards","Synthetic PDF Testset for File Format Validation","RADAR version 1, DOI 10.22000/53","sources\synthetic-pdf-testset\extracted\Unnamed entity\Test_Corpus\T02-03_002_page-object-wrong-type.pdf"
"validation/synthetic-pdf-testset/T02-03_003_page-object-no-parent.pdf","B290D44D6129D62FCDC0B2688F2B375DCE4DF213C7F9DE75F74AD196FD029526","621","standards","Synthetic PDF Testset for File Format Validation","RADAR version 1, DOI 10.22000/53","sources\synthetic-pdf-testset\extracted\Unnamed entity\Test_Corpus\T02-03_003_page-object-no-parent.pdf"
"validation/synthetic-pdf-testset/T02-03_004_page-object-wrong-parent.pdf","DA766857100176F6A26136F641F446F36E340468711D2AEA0260EB23F9B6DE1D","634","standards","Synthetic PDF Testset for File Format Validation","RADAR version 1, DOI 10.22000/53","sources\synthetic-pdf-testset\extracted\Unnamed entity\Test_Corpus\T02-03_004_page-object-wrong-parent.pdf"
"validation/synthetic-pdf-testset/T02-03_005_page-object-parent-contains-array.pdf","F52C953A25D2AA9197E66DDF613418B436E08A787A27FD6B94EAA1100CB5F4E0","642","standards","Synthetic PDF Testset for File Format Validation","RADAR version 1, DOI 10.22000/53","sources\synthetic-pdf-testset\extracted\Unnamed entity\Test_Corpus\T02-03_005_page-object-parent-contains-array.pdf"
"validation/synthetic-pdf-testset/T02-03_006_page-object-missing.pdf","4661687EE7C20120AE559D775535F85FFDEC69B34EBF7B86F4804CF6C97BF2AB","527","standards","Synthetic PDF Testset for File Format Validation","RADAR version 1, DOI 10.22000/53","sources\synthetic-pdf-testset\extracted\Unnamed entity\Test_Corpus\T02-03_006_page-object-missing.pdf"
"validation/synthetic-pdf-testset/T02-03_007_page-object-resources-wrong-object.pdf","BD6B5D6AFD5F1F405EC95DF6600BE8B1B1F74A94687E1ED0FD85A2F3BD4CA339","634","standards","Synthetic PDF Testset for File Format Validation","RADAR version 1, DOI 10.22000/53","sources\synthetic-pdf-testset\extracted\Unnamed entity\Test_Corpus\T02-03_007_page-object-resources-wrong-object.pdf"
"validation/synthetic-pdf-testset/T02-03_008_page-object-mediabox-missing.pdf","0258A7AF9C760B64D077CA2DFA2859A585D8588DA91421B4CE352057DA48539B","611","standards","Synthetic PDF Testset for File Format Validation","RADAR version 1, DOI 10.22000/53","sources\synthetic-pdf-testset\extracted\Unnamed entity\Test_Corpus\T02-03_008_page-object-mediabox-missing.pdf"
"validation/synthetic-pdf-testset/T02-03_009_page-object-mediabox-not-rectangle.pdf","6CC8856F0EB7AF2EFD13634BA5E9BC3DB260D4AA1C4692EEC0EEF8509F5B9490","632","standards","Synthetic PDF Testset for File Format Validation","RADAR version 1, DOI 10.22000/53","sources\synthetic-pdf-testset\extracted\Unnamed entity\Test_Corpus\T02-03_009_page-object-mediabox-not-rectangle.pdf"
"validation/synthetic-pdf-testset/T02-03_010_page-object-missing-contents.pdf","2D72A61E96B63274B016391920A9B61D70CB7A2B42D67CE35BC05F3F9FD3B12B","617","standards","Synthetic PDF Testset for File Format Validation","RADAR version 1, DOI 10.22000/53","sources\synthetic-pdf-testset\extracted\Unnamed entity\Test_Corpus\T02-03_010_page-object-missing-contents.pdf"
"validation/synthetic-pdf-testset/T02-03_011_page-object-wrong-contents-reference.pdf","5A633F05CE878D79C2E6A9F4958F71117658825D8882F9F185E963C0C5EB15F8","634","standards","Synthetic PDF Testset for File Format Validation","RADAR version 1, DOI 10.22000/53","sources\synthetic-pdf-testset\extracted\Unnamed entity\Test_Corpus\T02-03_011_page-object-wrong-contents-reference.pdf"
"validation/synthetic-pdf-testset/T02-03_012_page-object-resources-missing.pdf","7165AA107B6EC85029C9B7E2BDC3262EF63DAD4D705BBC3F93E2C198217DBE77","618","standards","Synthetic PDF Testset for File Format Validation","RADAR version 1, DOI 10.22000/53","sources\synthetic-pdf-testset\extracted\Unnamed entity\Test_Corpus\T02-03_012_page-object-resources-missing.pdf"
"validation/synthetic-pdf-testset/T02-04-01_001_resources-basefont-missing.pdf","0770015FD4D94E780BC8F2353DF0B612659FF42BDAAB707C8F55BB63A4E4A253","611","standards","Synthetic PDF Testset for File Format Validation","RADAR version 1, DOI 10.22000/53","sources\synthetic-pdf-testset\extracted\Unnamed entity\Test_Corpus\T02-04-01_001_resources-basefont-missing.pdf"
"validation/synthetic-pdf-testset/T02-04-01_002_resources-basefont-wrong-font.pdf","EAF1AD8F71C60FE0B3B8C01D977D8CFEF9610D7DF5CFAC8DC0C3CFE97B8F8931","631","standards","Synthetic PDF Testset for File Format Validation","RADAR version 1, DOI 10.22000/53","sources\synthetic-pdf-testset\extracted\Unnamed entity\Test_Corpus\T02-04-01_002_resources-basefont-wrong-font.pdf"
"validation/synthetic-pdf-testset/T02-04-01_003_resources-type-missing.pdf","FCF1F92EFD13703CEC9A1CC06A666C78457A24522536B7DEACF17CBBDFC76B9C","623","standards","Synthetic PDF Testset for File Format Validation","RADAR version 1, DOI 10.22000/53","sources\synthetic-pdf-testset\extracted\Unnamed entity\Test_Corpus\T02-04-01_003_resources-type-missing.pdf"
"validation/synthetic-pdf-testset/T02-04-01_004_resources-wrong-declaration-type.pdf","7E06238EEA7AC74BA2583EFCB675D5AB9913FD908119745CE0816B397DC6998A","634","standards","Synthetic PDF Testset for File Format Validation","RADAR version 1, DOI 10.22000/53","sources\synthetic-pdf-testset\extracted\Unnamed entity\Test_Corpus\T02-04-01_004_resources-wrong-declaration-type.pdf"
"validation/synthetic-pdf-testset/T02-04-01_005_resources-subtype-missing.pdf","68F51D24CDD2DE8C9CA7DACEC7E4D03824E4AADFC73594ECE3669231C2AAC1B4","619","standards","Synthetic PDF Testset for File Format Validation","RADAR version 1, DOI 10.22000/53","sources\synthetic-pdf-testset\extracted\Unnamed entity\Test_Corpus\T02-04-01_005_resources-subtype-missing.pdf"
"validation/synthetic-pdf-testset/T02-04-01_006_resources_subtype_wrong.pdf","7E43CC2E43432DAE64951AA89B6D100356C8C7458368CCADE9C39835C9556D25","634","standards","Synthetic PDF Testset for File Format Validation","RADAR version 1, DOI 10.22000/53","sources\synthetic-pdf-testset\extracted\Unnamed entity\Test_Corpus\T02-04-01_006_resources_subtype_wrong.pdf"
"validation/synthetic-pdf-testset/T02-05-01_001_Stream-BT-missing.pdf","D3EBA28E2D6CB2F32BF1B249CB0F2AAD2B048503C381C900C344D2E33D15A6EA","633","standards","Synthetic PDF Testset for File Format Validation","RADAR version 1, DOI 10.22000/53","sources\synthetic-pdf-testset\extracted\Unnamed entity\Test_Corpus\T02-05-01_001_Stream-BT-missing.pdf"
"validation/synthetic-pdf-testset/T02-05-01_002_Stream-ET-missing.pdf","166B746D7B397BCD83C9BFE3CE4D5B5F00E1C1F3C882950347A14EEFEFA89854","633","standards","Synthetic PDF Testset for File Format Validation","RADAR version 1, DOI 10.22000/53","sources\synthetic-pdf-testset\extracted\Unnamed entity\Test_Corpus\T02-05-01_002_Stream-ET-missing.pdf"
"validation/synthetic-pdf-testset/T02-05-01_003_Stream-BT-and-ET-missing.pdf","C61A9E8A9DA818C02C8FD8A70F7BDC5952A12947C0681A88C9F36DBCEB05B17C","631","standards","Synthetic PDF Testset for File Format Validation","RADAR version 1, DOI 10.22000/53","sources\synthetic-pdf-testset\extracted\Unnamed entity\Test_Corpus\T02-05-01_003_Stream-BT-and-ET-missing.pdf"
"validation/synthetic-pdf-testset/T02-05-01_004_Font-name-operator--missing.pdf","D0D31A97EA74C897FFA9F56D8D317C20B6C4E5CF50FDAC5398BC3A0110BA6519","631","standards","Synthetic PDF Testset for File Format Validation","RADAR version 1, DOI 10.22000/53","sources\synthetic-pdf-testset\extracted\Unnamed entity\Test_Corpus\T02-05-01_004_Font-name-operator--missing.pdf"
"validation/synthetic-pdf-testset/T02-05-01_005_invalid-Font-name-operator.pdf","4EAD74A3AF6CA742AE98DF2AA21BA70967C184387E00BA99B77B05F766AD4B6E","635","standards","Synthetic PDF Testset for File Format Validation","RADAR version 1, DOI 10.22000/53","sources\synthetic-pdf-testset\extracted\Unnamed entity\Test_Corpus\T02-05-01_005_invalid-Font-name-operator.pdf"
"validation/synthetic-pdf-testset/T02-05-01_006_font-size-operator-missing.pdf","FE5244033E01876E32328B32C467E44659F67D1926BBA23FBB3FE0F9205DE5D2","633","standards","Synthetic PDF Testset for File Format Validation","RADAR version 1, DOI 10.22000/53","sources\synthetic-pdf-testset\extracted\Unnamed entity\Test_Corpus\T02-05-01_006_font-size-operator-missing.pdf"
"validation/synthetic-pdf-testset/T02-05-01_007_invalid-font-size-operator.pdf","4E8C352B9BA49EFEF9DBA6027C0C62B41CCB2CD141A2CB628791DC03F2DE18E9","641","standards","Synthetic PDF Testset for File Format Validation","RADAR version 1, DOI 10.22000/53","sources\synthetic-pdf-testset\extracted\Unnamed entity\Test_Corpus\T02-05-01_007_invalid-font-size-operator.pdf"
"validation/synthetic-pdf-testset/T02-05-01_008_Font-set-operator-missing.pdf","46A778F65942DE15BAC87DEB6B58D32D15484FC8B2450BC0BFBF8DD4E45AC5CF","633","standards","Synthetic PDF Testset for File Format Validation","RADAR version 1, DOI 10.22000/53","sources\synthetic-pdf-testset\extracted\Unnamed entity\Test_Corpus\T02-05-01_008_Font-set-operator-missing.pdf"
"validation/synthetic-pdf-testset/T02-05-01_009_Missing_open_paranthesis.pdf","A3F0288E36A0BD9A25AF77AD35DA379E7F74FDB63EA5F3186B1FE96E802FEEF1","634","standards","Synthetic PDF Testset for File Format Validation","RADAR version 1, DOI 10.22000/53","sources\synthetic-pdf-testset\extracted\Unnamed entity\Test_Corpus\T02-05-01_009_Missing_open_paranthesis.pdf"
"validation/synthetic-pdf-testset/T02-05-01_010_Missing_closing_paranthesis.pdf","DA3A80F846A6855D138CCCA9A7887478CC63D627CB74EB5B29D8BA6CF6D58105","634","standards","Synthetic PDF Testset for File Format Validation","RADAR version 1, DOI 10.22000/53","sources\synthetic-pdf-testset\extracted\Unnamed entity\Test_Corpus\T02-05-01_010_Missing_closing_paranthesis.pdf"
"validation/synthetic-pdf-testset/T02-05-01_011_paranthesis-substituted-with-brackets.pdf","501764CC7401E329CA126C269FB5A363C222096048636D4D44A7A9E4FA8ECD13","635","standards","Synthetic PDF Testset for File Format Validation","RADAR version 1, DOI 10.22000/53","sources\synthetic-pdf-testset\extracted\Unnamed entity\Test_Corpus\T02-05-01_011_paranthesis-substituted-with-brackets.pdf"
"validation/synthetic-pdf-testset/T02-05-01_012_text-show-operator-missing.pdf","0815224371CD9D57DB5FDA025C7B66A41DAEFB9DF3BD1EF943B7A621C87E247A","633","standards","Synthetic PDF Testset for File Format Validation","RADAR version 1, DOI 10.22000/53","sources\synthetic-pdf-testset\extracted\Unnamed entity\Test_Corpus\T02-05-01_012_text-show-operator-missing.pdf"
"validation/synthetic-pdf-testset/T02-05-01_013_stream-keyword-missing.pdf","02B24A27D80FCF7FD8A60EC6347ABF5712D30854918ED2998D432061A4814293","629","standards","Synthetic PDF Testset for File Format Validation","RADAR version 1, DOI 10.22000/53","sources\synthetic-pdf-testset\extracted\Unnamed entity\Test_Corpus\T02-05-01_013_stream-keyword-missing.pdf"
"validation/synthetic-pdf-testset/T02-05-01_014_endstream-keyword-missing.pdf","648DB6D36B5A259B02D98305BFE7A12802EF2AD9215B9E146C59F54558BA6F40","625","standards","Synthetic PDF Testset for File Format Validation","RADAR version 1, DOI 10.22000/53","sources\synthetic-pdf-testset\extracted\Unnamed entity\Test_Corpus\T02-05-01_014_endstream-keyword-missing.pdf"
"validation/synthetic-pdf-testset/T02-05-01_015_invalid-stream-length-in-dictionary.pdf","27E086A6F7E12282368B44D1F044F2DEC9990BC93FCF731DA730F86F02C7EA7E","636","standards","Synthetic PDF Testset for File Format Validation","RADAR version 1, DOI 10.22000/53","sources\synthetic-pdf-testset\extracted\Unnamed entity\Test_Corpus\T02-05-01_015_invalid-stream-length-in-dictionary.pdf"
"validation/synthetic-pdf-testset/T02-05-01_016_stream-length-missing-in-dictionary.pdf","AEDCA87632566F244C9AAFAE213036EC566B3D602B0BC8A87EBCD9A31FBDF361","624","standards","Synthetic PDF Testset for File Format Validation","RADAR version 1, DOI 10.22000/53","sources\synthetic-pdf-testset\extracted\Unnamed entity\Test_Corpus\T02-05-01_016_stream-length-missing-in-dictionary.pdf"
"validation/synthetic-pdf-testset/T02-05-01_017_bytes-between-endstream-endobj.pdf","FF67F8E77B73D86CBF4D26EB7DAEC79B560391A60805F79EFD2F4040F08BE818","640","standards","Synthetic PDF Testset for File Format Validation","RADAR version 1, DOI 10.22000/53","sources\synthetic-pdf-testset\extracted\Unnamed entity\Test_Corpus\T02-05-01_017_bytes-between-endstream-endobj.pdf"
"validation/synthetic-pdf-testset/T02-05-01_018_position-information-missing.pdf","01A1BDE64F119E86953B98E2707F75841D05DB37C11FACD71B071B735A314ACB","613","standards","Synthetic PDF Testset for File Format Validation","RADAR version 1, DOI 10.22000/53","sources\synthetic-pdf-testset\extracted\Unnamed entity\Test_Corpus\T02-05-01_018_position-information-missing.pdf"
"validation/synthetic-pdf-testset/T03_001_no-cross-reference-table.pdf","01E4B3C8211FED19FAA20AD721C40D51004ABB83A02CA0F44A0711C896DA6840","508","standards","Synthetic PDF Testset for File Format Validation","RADAR version 1, DOI 10.22000/53","sources\synthetic-pdf-testset\extracted\Unnamed entity\Test_Corpus\T03_001_no-cross-reference-table.pdf"
"validation/synthetic-pdf-testset/T03_002_xref-keyword-missing.pdf","B9C3982D8EFA89677106C9153A31EFAE62B45E7FC15FE1A8E14E037FA7FB796C","632","standards","Synthetic PDF Testset for File Format Validation","RADAR version 1, DOI 10.22000/53","sources\synthetic-pdf-testset\extracted\Unnamed entity\Test_Corpus\T03_002_xref-keyword-missing.pdf"
"validation/synthetic-pdf-testset/T03_003_number-of-entries-missing.pdf","6EAEFC66A5ABEFFADCAC3DC0E7BBA2DD5AE851136150EE938DBC2C761B86B6DA","635","standards","Synthetic PDF Testset for File Format Validation","RADAR version 1, DOI 10.22000/53","sources\synthetic-pdf-testset\extracted\Unnamed entity\Test_Corpus\T03_003_number-of-entries-missing.pdf"
"validation/synthetic-pdf-testset/T03_004_number-of-entries-too-many.pdf","842A5EA1480E8B50EC0CEFADE244E21F706E8C30B6AAAE7C65253A898BCED886","636","standards","Synthetic PDF Testset for File Format Validation","RADAR version 1, DOI 10.22000/53","sources\synthetic-pdf-testset\extracted\Unnamed entity\Test_Corpus\T03_004_number-of-entries-too-many.pdf"
"validation/synthetic-pdf-testset/T03_005_number-of-entries-too-few.pdf","1035D1CCA1AB3B6FE9A115D642BDDD5CCEC99F4BDDFC1758B367CE15B91CF0E3","636","standards","Synthetic PDF Testset for File Format Validation","RADAR version 1, DOI 10.22000/53","sources\synthetic-pdf-testset\extracted\Unnamed entity\Test_Corpus\T03_005_number-of-entries-too-few.pdf"
"validation/synthetic-pdf-testset/T03_006_offset_missing.pdf","C0BA31E0A94F793B93E7E1783590038A7B6E5BBF66DD02CEADE1745E7AB04E04","616","standards","Synthetic PDF Testset for File Format Validation","RADAR version 1, DOI 10.22000/53","sources\synthetic-pdf-testset\extracted\Unnamed entity\Test_Corpus\T03_006_offset_missing.pdf"
"validation/synthetic-pdf-testset/T03_007_offset_wrong.pdf","3010C838873949D8F23FCBA7B639BEBBEBFD96E3A9BA8CD337AEE77496C65969","636","standards","Synthetic PDF Testset for File Format Validation","RADAR version 1, DOI 10.22000/53","sources\synthetic-pdf-testset\extracted\Unnamed entity\Test_Corpus\T03_007_offset_wrong.pdf"
"validation/synthetic-pdf-testset/T03_008_entry-offset-too-short.pdf","4F4FBBBFFF4B903A0CDBED22098AE90FE8AA8CCE562BDC354241CBF466DAC734","634","standards","Synthetic PDF Testset for File Format Validation","RADAR version 1, DOI 10.22000/53","sources\synthetic-pdf-testset\extracted\Unnamed entity\Test_Corpus\T03_008_entry-offset-too-short.pdf"
"validation/synthetic-pdf-testset/T03_009_invalid-keyword-entry.pdf","D0D88ACD0A0B6AB8FC63324DE7FC2F919868D7F9F21FCC908227D928BAD40C12","635","standards","Synthetic PDF Testset for File Format Validation","RADAR version 1, DOI 10.22000/53","sources\synthetic-pdf-testset\extracted\Unnamed entity\Test_Corpus\T03_009_invalid-keyword-entry.pdf"
"validation/synthetic-pdf-testset/T03_010_wrong-generation-number.pdf","906485CA57446528E1A7CF9BCFDBA60D55E0187D28AACD7CADA74271D2C6DCFE","636","standards","Synthetic PDF Testset for File Format Validation","RADAR version 1, DOI 10.22000/53","sources\synthetic-pdf-testset\extracted\Unnamed entity\Test_Corpus\T03_010_wrong-generation-number.pdf"
"validation/synthetic-pdf-testset/T04_001_EOF-not-standalone.pdf","CF41E1EADDD24045CAC4B4F82688C7891BE6748D39189049476FF7D9F8076691","635","standards","Synthetic PDF Testset for File Format Validation","RADAR version 1, DOI 10.22000/53","sources\synthetic-pdf-testset\extracted\Unnamed entity\Test_Corpus\T04_001_EOF-not-standalone.pdf"
"validation/synthetic-pdf-testset/T04_002_EOF-missing.pdf","CF052E6D25E8C6435D2B3E4B1762A68B5E333DF7CF140AFDC4140390A439CFF2","631","standards","Synthetic PDF Testset for File Format Validation","RADAR version 1, DOI 10.22000/53","sources\synthetic-pdf-testset\extracted\Unnamed entity\Test_Corpus\T04_002_EOF-missing.pdf"
"validation/synthetic-pdf-testset/T04_003_EOF-incomplete-EO.pdf","5377D43B5CBE2B88BEE09ED217C6641CAA0BD6FB3D4CADE7D0E5F75A1661BE2C","633","standards","Synthetic PDF Testset for File Format Validation","RADAR version 1, DOI 10.22000/53","sources\synthetic-pdf-testset\extracted\Unnamed entity\Test_Corpus\T04_003_EOF-incomplete-EO.pdf"
"validation/synthetic-pdf-testset/T04_004_EOF-incomplete_EOF.pdf","85F52927B98C6BDECAB96ABF3CA26CAB0FEC0ACB81B86E6678AE6D718404E0E2","634","standards","Synthetic PDF Testset for File Format Validation","RADAR version 1, DOI 10.22000/53","sources\synthetic-pdf-testset\extracted\Unnamed entity\Test_Corpus\T04_004_EOF-incomplete_EOF.pdf"
"validation/synthetic-pdf-testset/T04_005_EOF-followed-by-junk-data.pdf","A10090752ECDC2B3B1D7C9916CAF548243AB61ED3CFA5771EC9AB802CB7987BF","645","standards","Synthetic PDF Testset for File Format Validation","RADAR version 1, DOI 10.22000/53","sources\synthetic-pdf-testset\extracted\Unnamed entity\Test_Corpus\T04_005_EOF-followed-by-junk-data.pdf"
"validation/synthetic-pdf-testset/T04_006_premature-EOF.pdf","0CE6DF3C766A8E657F36AA06F892F5D4D3B7280B70D1BB0F420BEB6978476181","642","standards","Synthetic PDF Testset for File Format Validation","RADAR version 1, DOI 10.22000/53","sources\synthetic-pdf-testset\extracted\Unnamed entity\Test_Corpus\T04_006_premature-EOF.pdf"
"validation/synthetic-pdf-testset/T04_007_premature-EOF-only.pdf","84183EC55A3D61463E580DCB9A02ADBF37E89C47F552ACA54F373E53DB85CCDC","637","standards","Synthetic PDF Testset for File Format Validation","RADAR version 1, DOI 10.22000/53","sources\synthetic-pdf-testset\extracted\Unnamed entity\Test_Corpus\T04_007_premature-EOF-only.pdf"
"validation/synthetic-pdf-testset/T04_008_trailer-no-trailer-keyword.pdf","C5FEFC187C21836BBF295A343F9AE095063A8CDC25C41A9EACE305D238E6829F","629","standards","Synthetic PDF Testset for File Format Validation","RADAR version 1, DOI 10.22000/53","sources\synthetic-pdf-testset\extracted\Unnamed entity\Test_Corpus\T04_008_trailer-no-trailer-keyword.pdf"
"validation/synthetic-pdf-testset/T04_009_trailer-no-opening-brackets.pdf","F15503AEE6C4E0CBD0674B83301AFE676744DC1531F7813409EA21E47BC82D50","633","standards","Synthetic PDF Testset for File Format Validation","RADAR version 1, DOI 10.22000/53","sources\synthetic-pdf-testset\extracted\Unnamed entity\Test_Corpus\T04_009_trailer-no-opening-brackets.pdf"
"validation/synthetic-pdf-testset/T04_010_trailer-no-closing-brackets.pdf","A4909F7FD48E880B3256B2634919DD81BF408119960959897CF1114E9591D7F8","633","standards","Synthetic PDF Testset for File Format Validation","RADAR version 1, DOI 10.22000/53","sources\synthetic-pdf-testset\extracted\Unnamed entity\Test_Corpus\T04_010_trailer-no-closing-brackets.pdf"
"validation/synthetic-pdf-testset/T04_011_trailer-no-root-key-value-pair.pdf","61F3FDE3B8DFC5790C9728214F16070A57D11D74DD9814BAE9BBF185875B6654","624","standards","Synthetic PDF Testset for File Format Validation","RADAR version 1, DOI 10.22000/53","sources\synthetic-pdf-testset\extracted\Unnamed entity\Test_Corpus\T04_011_trailer-no-root-key-value-pair.pdf"
"validation/synthetic-pdf-testset/T04_012_trailer-root-no-indirect-reference.pdf","0B24B827AFCE58041676BDC855DC110A58E0DF1B0765665957CD797AA44B21C2","634","standards","Synthetic PDF Testset for File Format Validation","RADAR version 1, DOI 10.22000/53","sources\synthetic-pdf-testset\extracted\Unnamed entity\Test_Corpus\T04_012_trailer-root-no-indirect-reference.pdf"
"validation/synthetic-pdf-testset/T04_013_trailer-root-invalid-indirect-reference.pdf","36D513926E5E4A043D2479B1E37DCC33664BC21E4D97C40EB285D3A44418291B","633","standards","Synthetic PDF Testset for File Format Validation","RADAR version 1, DOI 10.22000/53","sources\synthetic-pdf-testset\extracted\Unnamed entity\Test_Corpus\T04_013_trailer-root-invalid-indirect-reference.pdf"
"validation/synthetic-pdf-testset/T04_014_trailer-root-indirect-reference-to-wrong-object.pdf","CC64E25E4397D62F0D159F485AAEA40C548BB466706710498EF58E9342FF8349","635","standards","Synthetic PDF Testset for File Format Validation","RADAR version 1, DOI 10.22000/53","sources\synthetic-pdf-testset\extracted\Unnamed entity\Test_Corpus\T04_014_trailer-root-indirect-reference-to-wrong-object.pdf"
"validation/synthetic-pdf-testset/T04_015_trailer-no-size-key-value-pair.pdf","2C6ABB1D315754ED27E5E4DD73F4FE45E1FA2765D1EF8893E0D9B0D7F183ABF7","628","standards","Synthetic PDF Testset for File Format Validation","RADAR version 1, DOI 10.22000/53","sources\synthetic-pdf-testset\extracted\Unnamed entity\Test_Corpus\T04_015_trailer-no-size-key-value-pair.pdf"
"validation/synthetic-pdf-testset/T04_016_trailer-wrong-size-key-value-pair.pdf","5DAA7CA81D12C34DA3875ED7331BF265A838359212069164CFF721BE6EFC688C","635","standards","Synthetic PDF Testset for File Format Validation","RADAR version 1, DOI 10.22000/53","sources\synthetic-pdf-testset\extracted\Unnamed entity\Test_Corpus\T04_016_trailer-wrong-size-key-value-pair.pdf"
"validation/synthetic-pdf-testset/T04_017_trailer-no-startxref-keyword.pdf","B94E51EA05FE6A1D49837D907347AF5065AF70A7D132010468F78137A3760EA2","626","standards","Synthetic PDF Testset for File Format Validation","RADAR version 1, DOI 10.22000/53","sources\synthetic-pdf-testset\extracted\Unnamed entity\Test_Corpus\T04_017_trailer-no-startxref-keyword.pdf"
"validation/synthetic-pdf-testset/T04_018_trailer-no-xref-byte-offset.pdf","DEAE10001838D40993FFBF4C1F5B298ED9D1CF776601BFFC8F44A9365F9428AA","633","standards","Synthetic PDF Testset for File Format Validation","RADAR version 1, DOI 10.22000/53","sources\synthetic-pdf-testset\extracted\Unnamed entity\Test_Corpus\T04_018_trailer-no-xref-byte-offset.pdf"
"validation/synthetic-pdf-testset/T04_019_trailer-wrong-xref-byte-offset.pdf","81CB5B5A81A3FBE3BF7BCE5089C2B763E81BA46682828DB41E213D0B59CC4498","635","standards","Synthetic PDF Testset for File Format Validation","RADAR version 1, DOI 10.22000/53","sources\synthetic-pdf-testset\extracted\Unnamed entity\Test_Corpus\T04_019_trailer-wrong-xref-byte-offset.pdf"
