"File","SHA256","Bytes","QpdfExitCode","QpdfOutput"
"regression/arxiv-cc-2025-01-08-to-14-batch2/2406.13492v1.pdf","A5325789390420579CA59E760F894431F85B401B5A4BFC854675556A33FC2C80","747486","0","checking C:\Users\steve\code\KillerPDF-Corpus\corpus\regression\arxiv-cc-2025-01-08-to-14-batch2\2406.13492v1.pdf PDF Version: 1.5 File is not encrypted File is not linearized No syntax or stream encoding errors found; the file may still contain errors that qpdf cannot detect"
"regression/arxiv-cc-2025-01-08-to-14-batch2/2406.14003v3.pdf","B6A2A52817DAABEA8DE332F6096B36D19EEF63A34901550E1D3CCCB803703811","1250237","0","checking C:\Users\steve\code\KillerPDF-Corpus\corpus\regression\arxiv-cc-2025-01-08-to-14-batch2\2406.14003v3.pdf PDF Version: 1.5 File is not encrypted File is not linearized No syntax or stream encoding errors found; the file may still contain errors that qpdf cannot detect"
"regression/arxiv-cc-2025-01-08-to-14-batch2/2406.14599v2.pdf","06D83F021AF4178FC466E134B4EF31564FF6773C9DEA9F86E8FF623D2857A18F","11417871","0","checking C:\Users\steve\code\KillerPDF-Corpus\corpus\regression\arxiv-cc-2025-01-08-to-14-batch2\2406.14599v2.pdf PDF Version: 1.5 File is not encrypted File is not linearized No syntax or stream encoding errors found; the file may still contain errors that qpdf cannot detect"
"regression/arxiv-cc-2025-01-08-to-14-batch2/2406.14922v2.pdf","0FC76A296B91128DBBCA953822D56F222C06E28555EEC592D4FAF08ACEB269BA","4685705","3","checking C:\Users\steve\code\KillerPDF-Corpus\corpus\regression\arxiv-cc-2025-01-08-to-14-batch2\2406.14922v2.pdf PDF Version: 1.5 File is not encrypted File is not linearized WARNING: C:\Users\steve\code\KillerPDF-Corpus\corpus\regression\arxiv-cc-2025-01-08-to-14-batch2\2406.14922v2.pdf (offset 560899): input stream is complete but output may still be valid WARNING: C:\Users\steve\code\KillerPDF-Corpus\corpus\regression\arxiv-cc-2025-01-08-to-14-batch2\2406.14922v2.pdf (offset 1563812): input stream is complete but output may still be valid WARNING: C:\Users\steve\code\KillerPDF-Corpus\corpus\regression\arxiv-cc-2025-01-08-to-14-batch2\2406.14922v2.pdf (offset 2630328): input stream is complete but output may still be valid WARNING: C:\Users\steve\code\KillerPDF-Corpus\corpus\regression\arxiv-cc-2025-01-08-to-14-batch2\2406.14922v2.pdf (offset 3410705): input stream is complete but output may still be valid WARNING: C:\Users\steve\code\KillerPDF-Corpus\corpus\regression\arxiv-cc-2025-01-08-to-14-batch2\2406.14922v2.pdf (offset 4220779): input stream is complete but output may still be valid qpdf: operation succeeded with warnings"
"regression/arxiv-cc-2025-01-08-to-14-batch2/2406.15345v1.pdf","E82F0C0F1E42D8457C2C3B4C5019B3DC27DD0368BE6E4C3C8AE38709A6309089","2907581","0","checking C:\Users\steve\code\KillerPDF-Corpus\corpus\regression\arxiv-cc-2025-01-08-to-14-batch2\2406.15345v1.pdf PDF Version: 1.5 File is not encrypted File is not linearized No syntax or stream encoding errors found; the file may still contain errors that qpdf cannot detect"
"regression/arxiv-cc-2025-01-08-to-14-batch2/2406.15823v3.pdf","50373579942D8E13AFC19EC42E00441461A566A8D500BC0DFC2E910A401E7AC1","920002","0","checking C:\Users\steve\code\KillerPDF-Corpus\corpus\regression\arxiv-cc-2025-01-08-to-14-batch2\2406.15823v3.pdf PDF Version: 1.5 File is not encrypted File is not linearized No syntax or stream encoding errors found; the file may still contain errors that qpdf cannot detect"
"regression/arxiv-cc-2025-01-08-to-14-batch2/2406.16016v2.pdf","10EE00537F9C6A6CAF472058E26CECF721AEB41E184434AF4E97AECE9E79C7F8","615879","0","checking C:\Users\steve\code\KillerPDF-Corpus\corpus\regression\arxiv-cc-2025-01-08-to-14-batch2\2406.16016v2.pdf PDF Version: 1.4 File is not encrypted File is not linearized No syntax or stream encoding errors found; the file may still contain errors that qpdf cannot detect"
"regression/arxiv-cc-2025-01-08-to-14-batch2/2406.16531v2.pdf","386A5B4D326FADA0FBA44CBC53DF42A08ABAB6A8B8B0E507EB3CB86F8D4465CB","13562435","0","checking C:\Users\steve\code\KillerPDF-Corpus\corpus\regression\arxiv-cc-2025-01-08-to-14-batch2\2406.16531v2.pdf PDF Version: 1.5 File is not encrypted File is not linearized No syntax or stream encoding errors found; the file may still contain errors that qpdf cannot detect"
"regression/arxiv-cc-2025-01-08-to-14-batch2/2406.16699v2.pdf","1D8F5BA6069C0EBAE112EDB91F229DF0D283BC4F5B9072F822B3C1DB389B5C47","785284","0","checking C:\Users\steve\code\KillerPDF-Corpus\corpus\regression\arxiv-cc-2025-01-08-to-14-batch2\2406.16699v2.pdf PDF Version: 1.5 File is not encrypted File is not linearized No syntax or stream encoding errors found; the file may still contain errors that qpdf cannot detect"
"regression/arxiv-cc-2025-01-08-to-14-batch2/2406.17546v3.pdf","EEE12ED452F055F9C6728D0FE6B0407AE74A3D85F8255DB813283FE79AE1EA79","3298564","0","checking C:\Users\steve\code\KillerPDF-Corpus\corpus\regression\arxiv-cc-2025-01-08-to-14-batch2\2406.17546v3.pdf PDF Version: 1.5 File is not encrypted File is not linearized No syntax or stream encoding errors found; the file may still contain errors that qpdf cannot detect"
"regression/arxiv-cc-2025-01-08-to-14-batch2/2406.17918v4.pdf","99044AF7710D3B1E6E8AD44966A01EB61009F13A4A98912C2A83B7DD9A07A6E4","962613","0","checking C:\Users\steve\code\KillerPDF-Corpus\corpus\regression\arxiv-cc-2025-01-08-to-14-batch2\2406.17918v4.pdf PDF Version: 1.5 File is not encrypted File is not linearized No syntax or stream encoding errors found; the file may still contain errors that qpdf cannot detect"
"regression/arxiv-cc-2025-01-08-to-14-batch2/2406.18177v4.pdf","F19970DF5C6248023397C2656D601ACEACFC5B7A7E2558B76D2070A8CB282EC1","1771593","0","checking C:\Users\steve\code\KillerPDF-Corpus\corpus\regression\arxiv-cc-2025-01-08-to-14-batch2\2406.18177v4.pdf PDF Version: 1.5 File is not encrypted File is not linearized No syntax or stream encoding errors found; the file may still contain errors that qpdf cannot detect"
"regression/arxiv-cc-2025-01-08-to-14-batch2/2406.18413v1.pdf","28BF153B9F02DC4D63A36C691464BB57A91F9ED796F250FB513401C20769D5A6","1515543","0","checking C:\Users\steve\code\KillerPDF-Corpus\corpus\regression\arxiv-cc-2025-01-08-to-14-batch2\2406.18413v1.pdf PDF Version: 1.5 File is not encrypted File is not linearized No syntax or stream encoding errors found; the file may still contain errors that qpdf cannot detect"
"regression/arxiv-cc-2025-01-08-to-14-batch2/2406.18448v1.pdf","7C75D40534A280DCB5C4AFF5466A4BA223AC16E17E9BF37F59B06448BB19D340","10086434","0","checking C:\Users\steve\code\KillerPDF-Corpus\corpus\regression\arxiv-cc-2025-01-08-to-14-batch2\2406.18448v1.pdf PDF Version: 1.5 File is not encrypted File is not linearized No syntax or stream encoding errors found; the file may still contain errors that qpdf cannot detect"
"regression/arxiv-cc-2025-01-08-to-14-batch2/2406.18525v1.pdf","C91B1ABE03A10B89704C7947CF53BAD0D6623805EEEC2245B9B817DEBC5F215C","1634333","0","checking C:\Users\steve\code\KillerPDF-Corpus\corpus\regression\arxiv-cc-2025-01-08-to-14-batch2\2406.18525v1.pdf PDF Version: 1.7 File is not encrypted File is not linearized No syntax or stream encoding errors found; the file may still contain errors that qpdf cannot detect"
"regression/arxiv-cc-2025-01-08-to-14-batch2/2406.18571v3.pdf","926F01395FB640F48BD47372AB3220A52A9F849C7AACEB35FE1DDCEC84A9B794","2785592","0","checking C:\Users\steve\code\KillerPDF-Corpus\corpus\regression\arxiv-cc-2025-01-08-to-14-batch2\2406.18571v3.pdf PDF Version: 1.5 File is not encrypted File is not linearized No syntax or stream encoding errors found; the file may still contain errors that qpdf cannot detect"
"regression/arxiv-cc-2025-01-08-to-14-batch2/2406.18821v1.pdf","830935556BFE7CB995CEA71AA846D620951C7FD03A9FE67C39D0658643571503","5649520","0","checking C:\Users\steve\code\KillerPDF-Corpus\corpus\regression\arxiv-cc-2025-01-08-to-14-batch2\2406.18821v1.pdf PDF Version: 1.5 File is not encrypted File is not linearized No syntax or stream encoding errors found; the file may still contain errors that qpdf cannot detect"
"regression/arxiv-cc-2025-01-08-to-14-batch2/2406.19197v3.pdf","07DF850EFB041EB62217FD3C95C14BFE27101E9D9C76AB380FB4FAB2B527E72F","3846208","0","checking C:\Users\steve\code\KillerPDF-Corpus\corpus\regression\arxiv-cc-2025-01-08-to-14-batch2\2406.19197v3.pdf PDF Version: 1.5 File is not encrypted File is not linearized No syntax or stream encoding errors found; the file may still contain errors that qpdf cannot detect"
"regression/arxiv-cc-2025-01-08-to-14-batch2/2406.19626v3.pdf","A0431F4C4FD8CE1E85776A3DF3AC1AC1FD980A0455EED5ADAF5904946F76C031","14460018","0","checking C:\Users\steve\code\KillerPDF-Corpus\corpus\regression\arxiv-cc-2025-01-08-to-14-batch2\2406.19626v3.pdf PDF Version: 1.5 File is not encrypted File is not linearized No syntax or stream encoding errors found; the file may still contain errors that qpdf cannot detect"
"regression/arxiv-cc-2025-01-08-to-14-batch2/2406.19669v2.pdf","999D31C4B916ABA69CA81602C9E2788361C6B987030D052C96F91ADE43542911","1182168","0","checking C:\Users\steve\code\KillerPDF-Corpus\corpus\regression\arxiv-cc-2025-01-08-to-14-batch2\2406.19669v2.pdf PDF Version: 1.5 File is not encrypted File is not linearized No syntax or stream encoding errors found; the file may still contain errors that qpdf cannot detect"
"regression/arxiv-cc-2025-01-08-to-14-batch2/2407.00039v1.pdf","13421FFE16EC3DA84CBBA58BBE8B809077BE4685DD391D2476300DD229A1684B","316630","0","checking C:\Users\steve\code\KillerPDF-Corpus\corpus\regression\arxiv-cc-2025-01-08-to-14-batch2\2407.00039v1.pdf PDF Version: 1.7 File is not encrypted File is not linearized No syntax or stream encoding errors found; the file may still contain errors that qpdf cannot detect"
"regression/arxiv-cc-2025-01-08-to-14-batch2/2407.00662v2.pdf","81307EACE634C841B6EA3900D85B3EABEA64DAB69CA9E675CDAC3321C493366F","1345977","0","checking C:\Users\steve\code\KillerPDF-Corpus\corpus\regression\arxiv-cc-2025-01-08-to-14-batch2\2407.00662v2.pdf PDF Version: 1.5 File is not encrypted File is not linearized No syntax or stream encoding errors found; the file may still contain errors that qpdf cannot detect"
"regression/arxiv-cc-2025-01-08-to-14-batch2/2407.00857v2.pdf","2EDBB7B21925160692A0D6B39549CAE54A336248646545FE2B13F096123A3E05","188077","0","checking C:\Users\steve\code\KillerPDF-Corpus\corpus\regression\arxiv-cc-2025-01-08-to-14-batch2\2407.00857v2.pdf PDF Version: 1.4 File is not encrypted File is not linearized No syntax or stream encoding errors found; the file may still contain errors that qpdf cannot detect"
"regression/arxiv-cc-2025-01-08-to-14-batch2/2407.01025v1.pdf","B8B240E3C630A25C4D893B16C03D2D52CAEC2BA2990F1993B051727042BD219D","792139","0","checking C:\Users\steve\code\KillerPDF-Corpus\corpus\regression\arxiv-cc-2025-01-08-to-14-batch2\2407.01025v1.pdf PDF Version: 1.5 File is not encrypted File is not linearized No syntax or stream encoding errors found; the file may still contain errors that qpdf cannot detect"
"regression/arxiv-cc-2025-01-08-to-14-batch2/2407.01120v1.pdf","FEA5D8371F310140D8809707A6D747F6FDFDE4C2AB8ACA0CEA719AC0C5B092CD","691469","0","checking C:\Users\steve\code\KillerPDF-Corpus\corpus\regression\arxiv-cc-2025-01-08-to-14-batch2\2407.01120v1.pdf PDF Version: 1.5 File is not encrypted File is not linearized No syntax or stream encoding errors found; the file may still contain errors that qpdf cannot detect"
"regression/arxiv-cc-2025-01-08-to-14-batch2/2407.01329v3.pdf","3141AE62BE4DD1D2E0332CA6489F91562DA8CBC0F7ABD947F824B104D1C5B2E5","2494221","0","checking C:\Users\steve\code\KillerPDF-Corpus\corpus\regression\arxiv-cc-2025-01-08-to-14-batch2\2407.01329v3.pdf PDF Version: 1.5 File is not encrypted File is not linearized No syntax or stream encoding errors found; the file may still contain errors that qpdf cannot detect"
"regression/arxiv-cc-2025-01-08-to-14-batch2/2407.01783v2.pdf","6E4731404E2D2576ECA1478CAA70E26E21771DD024255F8AEED91A3755884BEE","776626","0","checking C:\Users\steve\code\KillerPDF-Corpus\corpus\regression\arxiv-cc-2025-01-08-to-14-batch2\2407.01783v2.pdf PDF Version: 1.5 File is not encrypted File is not linearized No syntax or stream encoding errors found; the file may still contain errors that qpdf cannot detect"
"regression/arxiv-cc-2025-01-08-to-14-batch2/2407.02103v2.pdf","84A9B90B3023526D769D2CC9129606BA3930778BE0CE6FCAF035C7FA33420D7A","387567","0","checking C:\Users\steve\code\KillerPDF-Corpus\corpus\regression\arxiv-cc-2025-01-08-to-14-batch2\2407.02103v2.pdf PDF Version: 1.4 File is not encrypted File is not linearized No syntax or stream encoding errors found; the file may still contain errors that qpdf cannot detect"
"regression/arxiv-cc-2025-01-08-to-14-batch2/2407.02234v2.pdf","F153090A0D4EC3CD7B0847A5EC90026BEE2C2126319E92A0B256F551F4162097","2001536","3","checking C:\Users\steve\code\KillerPDF-Corpus\corpus\regression\arxiv-cc-2025-01-08-to-14-batch2\2407.02234v2.pdf PDF Version: 1.5 File is not encrypted File is not linearized WARNING: C:\Users\steve\code\KillerPDF-Corpus\corpus\regression\arxiv-cc-2025-01-08-to-14-batch2\2407.02234v2.pdf (offset 23859): input stream is complete but output may still be valid WARNING: C:\Users\steve\code\KillerPDF-Corpus\corpus\regression\arxiv-cc-2025-01-08-to-14-batch2\2407.02234v2.pdf (offset 30796): input stream is complete but output may still be valid WARNING: C:\Users\steve\code\KillerPDF-Corpus\corpus\regression\arxiv-cc-2025-01-08-to-14-batch2\2407.02234v2.pdf (offset 589290): input stream is complete but output may still be valid WARNING: C:\Users\steve\code\KillerPDF-Corpus\corpus\regression\arxiv-cc-2025-01-08-to-14-batch2\2407.02234v2.pdf (offset 600683): input stream is complete but output may still be valid WARNING: C:\Users\steve\code\KillerPDF-Corpus\corpus\regression\arxiv-cc-2025-01-08-to-14-batch2\2407.02234v2.pdf (offset 600953): input stream is complete but output may still be valid WARNING: C:\Users\steve\code\KillerPDF-Corpus\corpus\regression\arxiv-cc-2025-01-08-to-14-batch2\2407.02234v2.pdf (offset 602125): input stream is complete but output may still be valid WARNING: C:\Users\steve\code\KillerPDF-Corpus\corpus\regression\arxiv-cc-2025-01-08-to-14-batch2\2407.02234v2.pdf (offset 602384): input stream is complete but output may still be valid WARNING: C:\Users\steve\code\KillerPDF-Corpus\corpus\regression\arxiv-cc-2025-01-08-to-14-batch2\2407.02234v2.pdf (offset 370771): input stream is complete but output may still be valid qpdf: operation succeeded with warnings"
"regression/arxiv-cc-2025-01-08-to-14-batch2/2407.02297v2.pdf","4321A5D975701A7A351D286F25D0E7AAD2C3B2A6D513666C230DF30C760215C2","3402809","0","checking C:\Users\steve\code\KillerPDF-Corpus\corpus\regression\arxiv-cc-2025-01-08-to-14-batch2\2407.02297v2.pdf PDF Version: 1.5 File is not encrypted File is not linearized No syntax or stream encoding errors found; the file may still contain errors that qpdf cannot detect"
"regression/arxiv-cc-2025-01-08-to-14-batch2/2407.02605v2.pdf","3898371B3D8E1365A98F4F378BE6EE217D8949530BD367A07E16051DEE1AB5A0","325754","0","checking C:\Users\steve\code\KillerPDF-Corpus\corpus\regression\arxiv-cc-2025-01-08-to-14-batch2\2407.02605v2.pdf PDF Version: 1.5 File is not encrypted File is not linearized No syntax or stream encoding errors found; the file may still contain errors that qpdf cannot detect"
"regression/arxiv-cc-2025-01-08-to-14-batch2/2407.03098v4.pdf","3E34E7F6DD72FAA7760CDDEE41F900E66B409FF82E9C6C4518187E375BE8C015","535064","0","checking C:\Users\steve\code\KillerPDF-Corpus\corpus\regression\arxiv-cc-2025-01-08-to-14-batch2\2407.03098v4.pdf PDF Version: 1.4 File is not encrypted File is not linearized No syntax or stream encoding errors found; the file may still contain errors that qpdf cannot detect"
"regression/arxiv-cc-2025-01-08-to-14-batch2/2407.03182v2.pdf","C919B3E65A9338AAF3978D1B663986C9AA243DF88CAECD9B1FBEC448191BD5E8","1553365","0","checking C:\Users\steve\code\KillerPDF-Corpus\corpus\regression\arxiv-cc-2025-01-08-to-14-batch2\2407.03182v2.pdf PDF Version: 1.5 File is not encrypted File is not linearized No syntax or stream encoding errors found; the file may still contain errors that qpdf cannot detect"
"regression/arxiv-cc-2025-01-08-to-14-batch2/2407.03404v1.pdf","8F96A6AB764BE2C5F737FB28B77B52E57B8F5F00C1830586E663AC7B9C186D3E","4569729","0","checking C:\Users\steve\code\KillerPDF-Corpus\corpus\regression\arxiv-cc-2025-01-08-to-14-batch2\2407.03404v1.pdf PDF Version: 1.5 File is not encrypted File is not linearized No syntax or stream encoding errors found; the file may still contain errors that qpdf cannot detect"
"regression/arxiv-cc-2025-01-08-to-14-batch2/2407.03424v2.pdf","1B74C3ECCC49733C3DCB0C884E6A405710A3380BF9E4B79C672BB82143787620","1648229","0","checking C:\Users\steve\code\KillerPDF-Corpus\corpus\regression\arxiv-cc-2025-01-08-to-14-batch2\2407.03424v2.pdf PDF Version: 1.5 File is not encrypted File is not linearized No syntax or stream encoding errors found; the file may still contain errors that qpdf cannot detect"
"regression/arxiv-cc-2025-01-08-to-14-batch2/2407.03532v2.pdf","53628111CAE4A96E7AB6F126B8D4CE2674B4DD74CD7B5AB877FBDE2DD0D2F656","824152","0","checking C:\Users\steve\code\KillerPDF-Corpus\corpus\regression\arxiv-cc-2025-01-08-to-14-batch2\2407.03532v2.pdf PDF Version: 1.5 File is not encrypted File is not linearized No syntax or stream encoding errors found; the file may still contain errors that qpdf cannot detect"
"regression/arxiv-cc-2025-01-08-to-14-batch2/2407.03657v3.pdf","ACC0B79A5507AAB43AA1F681CEDE512F29C04205D51236D5AC375795E6871DDE","573797","0","checking C:\Users\steve\code\KillerPDF-Corpus\corpus\regression\arxiv-cc-2025-01-08-to-14-batch2\2407.03657v3.pdf PDF Version: 1.5 File is not encrypted File is not linearized No syntax or stream encoding errors found; the file may still contain errors that qpdf cannot detect"
"regression/arxiv-cc-2025-01-08-to-14-batch2/2407.04103v2.pdf","41A21AFB4A90756103DE47B0CD2AC0EAAD86DE027FC43911AF1182F60E625384","2299680","0","checking C:\Users\steve\code\KillerPDF-Corpus\corpus\regression\arxiv-cc-2025-01-08-to-14-batch2\2407.04103v2.pdf PDF Version: 1.5 File is not encrypted File is not linearized No syntax or stream encoding errors found; the file may still contain errors that qpdf cannot detect"
"regression/arxiv-cc-2025-01-08-to-14-batch2/2407.04165v2.pdf","F6C093F48C94E8B806058FA0982A415C9A782F86A49DB92697CFF874F98C5580","2028399","0","checking C:\Users\steve\code\KillerPDF-Corpus\corpus\regression\arxiv-cc-2025-01-08-to-14-batch2\2407.04165v2.pdf PDF Version: 1.5 File is not encrypted File is not linearized No syntax or stream encoding errors found; the file may still contain errors that qpdf cannot detect"
"regression/arxiv-cc-2025-01-08-to-14-batch2/2407.04505v1.pdf","301287F988BF486E71FDD3DD000EB1799337103AAAD6227B482D973EE8D5AE84","4171302","0","checking C:\Users\steve\code\KillerPDF-Corpus\corpus\regression\arxiv-cc-2025-01-08-to-14-batch2\2407.04505v1.pdf PDF Version: 1.5 File is not encrypted File is not linearized No syntax or stream encoding errors found; the file may still contain errors that qpdf cannot detect"
"regression/arxiv-cc-2025-01-08-to-14-batch2/2407.04548v2.pdf","B17989BFD424D577665DD586527FEE5BF380AA50F60A0B68EF15AB2FE9CE7D58","504568","0","checking C:\Users\steve\code\KillerPDF-Corpus\corpus\regression\arxiv-cc-2025-01-08-to-14-batch2\2407.04548v2.pdf PDF Version: 1.5 File is not encrypted File is not linearized No syntax or stream encoding errors found; the file may still contain errors that qpdf cannot detect"
"regression/arxiv-cc-2025-01-08-to-14-batch2/2407.04670v4.pdf","146DB1C999A2026504EF86B21A2DFA2EB3002DBEA1D61DBCCFA1AB96B32F6349","8180496","0","checking C:\Users\steve\code\KillerPDF-Corpus\corpus\regression\arxiv-cc-2025-01-08-to-14-batch2\2407.04670v4.pdf PDF Version: 1.5 File is not encrypted File is not linearized No syntax or stream encoding errors found; the file may still contain errors that qpdf cannot detect"
"regression/arxiv-cc-2025-01-08-to-14-batch2/2407.04772v2.pdf","C72E49F7734775E6E8C2480567EBDB54B304F143C5B396C7E91DC109CB5DB21D","1634637","0","checking C:\Users\steve\code\KillerPDF-Corpus\corpus\regression\arxiv-cc-2025-01-08-to-14-batch2\2407.04772v2.pdf PDF Version: 1.5 File is not encrypted File is not linearized No syntax or stream encoding errors found; the file may still contain errors that qpdf cannot detect"
"regression/arxiv-cc-2025-01-08-to-14-batch2/2407.04976v3.pdf","AD1C7C559D9B006BE95EE2187FBA38E1BA55BE8BD95439A674432363F4D30CE0","767907","0","checking C:\Users\steve\code\KillerPDF-Corpus\corpus\regression\arxiv-cc-2025-01-08-to-14-batch2\2407.04976v3.pdf PDF Version: 1.5 File is not encrypted File is not linearized No syntax or stream encoding errors found; the file may still contain errors that qpdf cannot detect"
"regression/arxiv-cc-2025-01-08-to-14-batch2/2407.05172v2.pdf","5F4BD0CE9F84344D117BD50640579D6E51B3B057D1541ADEEC37C2A5B8994CE8","248686","0","checking C:\Users\steve\code\KillerPDF-Corpus\corpus\regression\arxiv-cc-2025-01-08-to-14-batch2\2407.05172v2.pdf PDF Version: 1.4 File is not encrypted File is not linearized No syntax or stream encoding errors found; the file may still contain errors that qpdf cannot detect"
"regression/arxiv-cc-2025-01-08-to-14-batch2/2407.05429v2.pdf","60A80F8FD7EB0EB2C2F4BCE94D621F8E2E115B6CBBAF3BA105507C12675E2DBC","203344","0","checking C:\Users\steve\code\KillerPDF-Corpus\corpus\regression\arxiv-cc-2025-01-08-to-14-batch2\2407.05429v2.pdf PDF Version: 1.4 File is not encrypted File is not linearized No syntax or stream encoding errors found; the file may still contain errors that qpdf cannot detect"
"regression/arxiv-cc-2025-01-08-to-14-batch2/2407.05495v3.pdf","11BF8552E47F05BB00C52515101586433B322B2502D9DD521B842491A11DC098","340146","0","checking C:\Users\steve\code\KillerPDF-Corpus\corpus\regression\arxiv-cc-2025-01-08-to-14-batch2\2407.05495v3.pdf PDF Version: 1.4 File is not encrypted File is not linearized No syntax or stream encoding errors found; the file may still contain errors that qpdf cannot detect"
"regression/arxiv-cc-2025-01-08-to-14-batch2/2407.05631v2.pdf","36254D5C613796240CF5316163D4E0DC5E8DC3A8EFCA1162260E0610CCD83177","846114","0","checking C:\Users\steve\code\KillerPDF-Corpus\corpus\regression\arxiv-cc-2025-01-08-to-14-batch2\2407.05631v2.pdf PDF Version: 1.5 File is not encrypted File is not linearized No syntax or stream encoding errors found; the file may still contain errors that qpdf cannot detect"
"regression/arxiv-cc-2025-01-08-to-14-batch2/2407.05730v2.pdf","1207EBE6151B62A6A753471441494FEFF04DC7258AEF65629A7A7B065FBF6FC8","249501","0","checking C:\Users\steve\code\KillerPDF-Corpus\corpus\regression\arxiv-cc-2025-01-08-to-14-batch2\2407.05730v2.pdf PDF Version: 1.4 File is not encrypted File is not linearized No syntax or stream encoding errors found; the file may still contain errors that qpdf cannot detect"
"regression/arxiv-cc-2025-01-08-to-14-batch2/2407.06161v1.pdf","310FB6138CF8C109900A119074D2DCBD121BF42BA9B5344F27B870800FDBEDEB","1017820","0","checking C:\Users\steve\code\KillerPDF-Corpus\corpus\regression\arxiv-cc-2025-01-08-to-14-batch2\2407.06161v1.pdf PDF Version: 1.5 File is not encrypted File is not linearized No syntax or stream encoding errors found; the file may still contain errors that qpdf cannot detect"
"regression/arxiv-cc-2025-01-08-to-14-batch2/2407.06258v1.pdf","CAD22B63760FD1006F03722410B55711F9C5868B5382E68A422E69652CB340AC","342326","0","checking C:\Users\steve\code\KillerPDF-Corpus\corpus\regression\arxiv-cc-2025-01-08-to-14-batch2\2407.06258v1.pdf PDF Version: 1.4 File is not encrypted File is not linearized No syntax or stream encoding errors found; the file may still contain errors that qpdf cannot detect"
"regression/arxiv-cc-2025-01-08-to-14-batch2/2407.06650v3.pdf","8235C1B25CB09C2253F7C57FF9408C36F04E11DAD4C0A039097C348C4D50B84D","518131","0","checking C:\Users\steve\code\KillerPDF-Corpus\corpus\regression\arxiv-cc-2025-01-08-to-14-batch2\2407.06650v3.pdf PDF Version: 1.5 File is not encrypted File is not linearized No syntax or stream encoding errors found; the file may still contain errors that qpdf cannot detect"
"regression/arxiv-cc-2025-01-08-to-14-batch2/2407.07255v2.pdf","79962A126BAB86608D6448DBFBF5B2043CAE239D59FF1351035BD7E0F0F68393","694355","0","checking C:\Users\steve\code\KillerPDF-Corpus\corpus\regression\arxiv-cc-2025-01-08-to-14-batch2\2407.07255v2.pdf PDF Version: 1.4 File is not encrypted File is not linearized No syntax or stream encoding errors found; the file may still contain errors that qpdf cannot detect"
"regression/arxiv-cc-2025-01-08-to-14-batch2/2407.07646v3.pdf","DFFB3974E5A19A2EA11A9E35C0766F74A9988C406A2A550ED106BB3519ABB558","4780254","3","checking C:\Users\steve\code\KillerPDF-Corpus\corpus\regression\arxiv-cc-2025-01-08-to-14-batch2\2407.07646v3.pdf PDF Version: 1.6 File is not encrypted File is linearized WARNING: C:\Users\steve\code\KillerPDF-Corpus\corpus\regression\arxiv-cc-2025-01-08-to-14-batch2\2407.07646v3.pdf: linearized file contains an uncompressed object after a compressed one in a cross-reference stream WARNING: C:\Users\steve\code\KillerPDF-Corpus\corpus\regression\arxiv-cc-2025-01-08-to-14-batch2\2407.07646v3.pdf: first shared object number mismatch: hint table = 184; computed = 30 WARNING: C:\Users\steve\code\KillerPDF-Corpus\corpus\regression\arxiv-cc-2025-01-08-to-14-batch2\2407.07646v3.pdf: first shared object offset mismatch: hint table = 4551257; computed = 4550339 WARNING: C:\Users\steve\code\KillerPDF-Corpus\corpus\regression\arxiv-cc-2025-01-08-to-14-batch2\2407.07646v3.pdf: page 0 has shared identifier entries WARNING: C:\Users\steve\code\KillerPDF-Corpus\corpus\regression\arxiv-cc-2025-01-08-to-14-batch2\2407.07646v3.pdf: page 0: shared object 2016: in hint table but not computed list WARNING: C:\Users\steve\code\KillerPDF-Corpus\corpus\regression\arxiv-cc-2025-01-08-to-14-batch2\2407.07646v3.pdf: page 3: shared object 214: in computed list but not hint table WARNING: C:\Users\steve\code\KillerPDF-Corpus\corpus\regression\arxiv-cc-2025-01-08-to-14-batch2\2407.07646v3.pdf: page 3: shared object 216: in computed list but not hint table WARNING: C:\Users\steve\code\KillerPDF-Corpus\corpus\regression\arxiv-cc-2025-01-08-to-14-batch2\2407.07646v3.pdf: page 4: shared object 214: in computed list but not hint table WARNING: C:\Users\steve\code\KillerPDF-Corpus\corpus\regression\arxiv-cc-2025-01-08-to-14-batch2\2407.07646v3.pdf: object count mismatch for page 10: hint table = 6; computed = 5 WARNING: C:\Users\steve\code\KillerPDF-Corpus\corpus\regression\arxiv-cc-2025-01-08-to-14-batch2\2407.07646v3.pdf: page 10: shared object 30: in computed list but not hint table WARNING: C:\Users\steve\code\KillerPDF-Corpus\corpus\regression\arxiv-cc-2025-01-08-to-14-batch2\2407.07646v3.pdf: page 11: shared object 212: in computed list but not hint table WARNING: C:\Users\steve\code\KillerPDF-Corpus\corpus\regression\arxiv-cc-2025-01-08-to-14-batch2\2407.07646v3.pdf: page 12: shared object 212: in computed list but not hint table WARNING: C:\Users\steve\code\KillerPDF-Corpus\corpus\regression\arxiv-cc-2025-01-08-to-14-batch2\2407.07646v3.pdf: page 13: shared object 211: in computed list but not hint table WARNING: C:\Users\steve\code\KillerPDF-Corpus\corpus\regression\arxiv-cc-2025-01-08-to-14-batch2\2407.07646v3.pdf: page 27: shared object 211: in computed list but not hint table WARNING: C:\Users\steve\code\KillerPDF-Corpus\corpus\regression\arxiv-cc-2025-01-08-to-14-batch2\2407.07646v3.pdf: page 30: shared object 218: in computed list but not hint table WARNING: C:\Users\steve\code\KillerPDF-Corpus\corpus\regression\arxiv-cc-2025-01-08-to-14-batch2\2407.07646v3.pdf: page 36: shared object 30: in computed list but not hint table WARNING: C:\Users\steve\code\KillerPDF-Corpus\corpus\regression\arxiv-cc-2025-01-08-to-14-batch2\2407.07646v3.pdf: page 38: shared object 211: in computed list but not hint table WARNING: C:\Users\steve\code\KillerPDF-Corpus\corpus\regression\arxiv-cc-2025-01-08-to-14-batch2\2407.07646v3.pdf: page 39: shared object 30: in computed list but not hint table WARNING: C:\Users\steve\code\KillerPDF-Corpus\corpus\regression\arxiv-cc-2025-01-08-to-14-batch2\2407.07646v3.pdf: page 40: shared object 30: in computed list but not hint table WARNING: C:\Users\steve\code\KillerPDF-Corpus\corpus\regression\arxiv-cc-2025-01-08-to-14-batch2\2407.07646v3.pdf: page 42: shared object 30: in computed list but not hint table WARNING: C:\Users\steve\code\KillerPDF-Corpus\corpus\regression\arxiv-cc-2025-01-08-to-14-batch2\2407.07646v3.pdf: page 53: shared object 211: in computed list but not hint table WARNING: C:\Users\steve\code\KillerPDF-Corpus\corpus\regression\arxiv-cc-2025-01-08-to-14-batch2\2407.07646v3.pdf: page 60: shared object 211: in computed list but not hint table WARNING: C:\Users\steve\code\KillerPDF-Corpus\corpus\regression\arxiv-cc-2025-01-08-to-14-batch2\2407.07646v3.pdf: page 63: shared object 218: in computed list but not hint table WARNING: C:\Users\steve\code\KillerPDF-Corpus\corpus\regression\arxiv-cc-2025-01-08-to-14-batch2\2407.07646v3.pdf: page 64: shared object 217: in computed list but not hint table WARNING: C:\Users\steve\code\KillerPDF-Corpus\corpus\regression\arxiv-cc-2025-01-08-to-14-batch2\2407.07646v3.pdf: page 65: shared object 217: in computed list but not hint table WARNING: C:\Users\steve\code\KillerPDF-Corpus\corpus\regression\arxiv-cc-2025-01-08-to-14-batch2\2407.07646v3.pdf: page 66: shared object 216: in computed list but not hint table WARNING: C:\Users\steve\code\KillerPDF-Corpus\corpus\regression\arxiv-cc-2025-01-08-to-14-batch2\2407.07646v3.pdf: page 66: shared object 217: in computed list but not hint table WARNING: C:\Users\steve\code\KillerPDF-Corpus\corpus\regression\arxiv-cc-2025-01-08-to-14-batch2\2407.07646v3.pdf: incorrect offset in outlines table: hint table = 4738708; computed = 4737790 qpdf: operation succeeded with warnings"
"regression/arxiv-cc-2025-01-08-to-14-batch2/2407.08195v2.pdf","D37BA12E9AF423B36F7F4C5257E79477D1BEE4F1765E993BC9EBFCE37708D733","4000961","0","checking C:\Users\steve\code\KillerPDF-Corpus\corpus\regression\arxiv-cc-2025-01-08-to-14-batch2\2407.08195v2.pdf PDF Version: 1.5 File is not encrypted File is not linearized No syntax or stream encoding errors found; the file may still contain errors that qpdf cannot detect"
"regression/arxiv-cc-2025-01-08-to-14-batch2/2407.09413v3.pdf","DCAB6EB0E54BACD1D94EEFF6B8694E0D4DAC11DE49B4BA56D44516196EB5A609","23456729","0","checking C:\Users\steve\code\KillerPDF-Corpus\corpus\regression\arxiv-cc-2025-01-08-to-14-batch2\2407.09413v3.pdf PDF Version: 1.5 File is not encrypted File is not linearized No syntax or stream encoding errors found; the file may still contain errors that qpdf cannot detect"
"regression/arxiv-cc-2025-01-08-to-14-batch2/2407.09479v1.pdf","CE7EBC45904FC0C29BCFC7FA659405865EE73A01814743F31645B17B1D570571","569103","0","checking C:\Users\steve\code\KillerPDF-Corpus\corpus\regression\arxiv-cc-2025-01-08-to-14-batch2\2407.09479v1.pdf PDF Version: 1.4 File is not encrypted File is not linearized No syntax or stream encoding errors found; the file may still contain errors that qpdf cannot detect"
"regression/arxiv-cc-2025-01-08-to-14-batch2/2407.10031v2.pdf","C06F31776B782CF329FC529C85D6B5054F7C42B9D4485CEDD80024500B8D0C4F","13839916","0","checking C:\Users\steve\code\KillerPDF-Corpus\corpus\regression\arxiv-cc-2025-01-08-to-14-batch2\2407.10031v2.pdf PDF Version: 1.5 File is not encrypted File is not linearized No syntax or stream encoding errors found; the file may still contain errors that qpdf cannot detect"
"regression/arxiv-cc-2025-01-08-to-14-batch2/2407.10547v2.pdf","6AEE70759A5BF8ED20BF5834E090D52F68BCF8392E8B187CF0A9F8D7922AB492","3354933","0","checking C:\Users\steve\code\KillerPDF-Corpus\corpus\regression\arxiv-cc-2025-01-08-to-14-batch2\2407.10547v2.pdf PDF Version: 1.5 File is not encrypted File is not linearized No syntax or stream encoding errors found; the file may still contain errors that qpdf cannot detect"
"regression/arxiv-cc-2025-01-08-to-14-batch2/2407.10661v2.pdf","92FDE706A99D8DA01927E7539E8D80A1938DE191B926C259F36FF9E8DAB5C295","3875991","0","checking C:\Users\steve\code\KillerPDF-Corpus\corpus\regression\arxiv-cc-2025-01-08-to-14-batch2\2407.10661v2.pdf PDF Version: 1.5 File is not encrypted File is not linearized No syntax or stream encoding errors found; the file may still contain errors that qpdf cannot detect"
"regression/arxiv-cc-2025-01-08-to-14-batch2/2407.11126v2.pdf","66FD4244B3AC9398EB9588EA51191A1BD894D079EE3513E33D78E836D6851CF9","1351460","0","checking C:\Users\steve\code\KillerPDF-Corpus\corpus\regression\arxiv-cc-2025-01-08-to-14-batch2\2407.11126v2.pdf PDF Version: 1.5 File is not encrypted File is not linearized No syntax or stream encoding errors found; the file may still contain errors that qpdf cannot detect"
"regression/arxiv-cc-2025-01-08-to-14-batch2/2407.12152v1.pdf","F28338FA6D3345DEEAD76E2E70278757CFB9B42CA4BD36CD903927F870927430","519363","0","checking C:\Users\steve\code\KillerPDF-Corpus\corpus\regression\arxiv-cc-2025-01-08-to-14-batch2\2407.12152v1.pdf PDF Version: 1.5 File is not encrypted File is not linearized No syntax or stream encoding errors found; the file may still contain errors that qpdf cannot detect"
"regression/arxiv-cc-2025-01-08-to-14-batch2/2407.12408v2.pdf","585FEE814B985B8266A3DC877E5063BBDD13486A452DCDD4FD86CD7634DCE2C1","12526990","0","checking C:\Users\steve\code\KillerPDF-Corpus\corpus\regression\arxiv-cc-2025-01-08-to-14-batch2\2407.12408v2.pdf PDF Version: 1.5 File is not encrypted File is not linearized No syntax or stream encoding errors found; the file may still contain errors that qpdf cannot detect"
"regression/arxiv-cc-2025-01-08-to-14-batch2/2407.12578v1.pdf","9A0DDF4F0B8EDC56155AA38E5C773714D06FB1D8042A07109B6DD750E4A43E63","1684985","3","checking C:\Users\steve\code\KillerPDF-Corpus\corpus\regression\arxiv-cc-2025-01-08-to-14-batch2\2407.12578v1.pdf PDF Version: 1.3 File is not encrypted File is not linearized WARNING: C:\Users\steve\code\KillerPDF-Corpus\corpus\regression\arxiv-cc-2025-01-08-to-14-batch2\2407.12578v1.pdf (object 6 0): object has offset 0 - a common error handled correctly by qpdf and most other applications WARNING: C:\Users\steve\code\KillerPDF-Corpus\corpus\regression\arxiv-cc-2025-01-08-to-14-batch2\2407.12578v1.pdf (object 8 0): object has offset 0 - a common error handled correctly by qpdf and most other applications WARNING: C:\Users\steve\code\KillerPDF-Corpus\corpus\regression\arxiv-cc-2025-01-08-to-14-batch2\2407.12578v1.pdf (object 10 0): object has offset 0 - a common error handled correctly by qpdf and most other applications WARNING: C:\Users\steve\code\KillerPDF-Corpus\corpus\regression\arxiv-cc-2025-01-08-to-14-batch2\2407.12578v1.pdf (object 12 0): object has offset 0 - a common error handled correctly by qpdf and most other applications WARNING: C:\Users\steve\code\KillerPDF-Corpus\corpus\regression\arxiv-cc-2025-01-08-to-14-batch2\2407.12578v1.pdf (object 14 0): object has offset 0 - a common error handled correctly by qpdf and most other applications WARNING: C:\Users\steve\code\KillerPDF-Corpus\corpus\regression\arxiv-cc-2025-01-08-to-14-batch2\2407.12578v1.pdf (object 16 0): object has offset 0 - a common error handled correctly by qpdf and most other applications WARNING: C:\Users\steve\code\KillerPDF-Corpus\corpus\regression\arxiv-cc-2025-01-08-to-14-batch2\2407.12578v1.pdf (object 18 0): object has offset 0 - a common error handled correctly by qpdf and most other applications WARNING: C:\Users\steve\code\KillerPDF-Corpus\corpus\regression\arxiv-cc-2025-01-08-to-14-batch2\2407.12578v1.pdf (object 20 0): object has offset 0 - a common error handled correctly by qpdf and most other applications WARNING: C:\Users\steve\code\KillerPDF-Corpus\corpus\regression\arxiv-cc-2025-01-08-to-14-batch2\2407.12578v1.pdf (object 26 0): object has offset 0 - a common error handled correctly by qpdf and most other applications WARNING: C:\Users\steve\code\KillerPDF-Corpus\corpus\regression\arxiv-cc-2025-01-08-to-14-batch2\2407.12578v1.pdf (object 28 0): object has offset 0 - a common error handled correctly by qpdf and most other applications WARNING: C:\Users\steve\code\KillerPDF-Corpus\corpus\regression\arxiv-cc-2025-01-08-to-14-batch2\2407.12578v1.pdf (object 34 0): object has offset 0 - a common error handled correctly by qpdf and most other applications WARNING: C:\Users\steve\code\KillerPDF-Corpus\corpus\regression\arxiv-cc-2025-01-08-to-14-batch2\2407.12578v1.pdf (object 68 0): object has offset 0 - a common error handled correctly by qpdf and most other applications qpdf: operation succeeded with warnings"
"regression/arxiv-cc-2025-01-08-to-14-batch2/2407.13020v2.pdf","79D7692BD276084934F71DEF38D34F62BF77FD8F9AABC876D7F43FF29F8A8872","1800752","0","checking C:\Users\steve\code\KillerPDF-Corpus\corpus\regression\arxiv-cc-2025-01-08-to-14-batch2\2407.13020v2.pdf PDF Version: 1.5 File is not encrypted File is not linearized No syntax or stream encoding errors found; the file may still contain errors that qpdf cannot detect"
"regression/arxiv-cc-2025-01-08-to-14-batch2/2407.13287v2.pdf","8E4F065D671F0FE0924CB7D63228A6A2F026ECA71062EFB2F91C403C6D97B23A","525941","0","checking C:\Users\steve\code\KillerPDF-Corpus\corpus\regression\arxiv-cc-2025-01-08-to-14-batch2\2407.13287v2.pdf PDF Version: 1.4 File is not encrypted File is not linearized No syntax or stream encoding errors found; the file may still contain errors that qpdf cannot detect"
"regression/arxiv-cc-2025-01-08-to-14-batch2/2407.13719v2.pdf","EA3387D35F87AC207E62553B2C8DB5E855FD21F6673228D3BC40176E89DF5428","7561315","0","checking C:\Users\steve\code\KillerPDF-Corpus\corpus\regression\arxiv-cc-2025-01-08-to-14-batch2\2407.13719v2.pdf PDF Version: 1.5 File is not encrypted File is not linearized No syntax or stream encoding errors found; the file may still contain errors that qpdf cannot detect"
"regression/arxiv-cc-2025-01-08-to-14-batch2/2407.14128v2.pdf","B241DE1C732E9EA70BE2D3436B0378ED0A1EEF09AAEC4987CA3EDA9B82651301","8515812","0","checking C:\Users\steve\code\KillerPDF-Corpus\corpus\regression\arxiv-cc-2025-01-08-to-14-batch2\2407.14128v2.pdf PDF Version: 1.5 File is not encrypted File is not linearized No syntax or stream encoding errors found; the file may still contain errors that qpdf cannot detect"
"regression/arxiv-cc-2025-01-08-to-14-batch2/2407.14661v1.pdf","C01E41A9C99BD19EEE6B5206056471F5603A8F2E4DD10CA8711A7BB270E677DB","3275064","0","checking C:\Users\steve\code\KillerPDF-Corpus\corpus\regression\arxiv-cc-2025-01-08-to-14-batch2\2407.14661v1.pdf PDF Version: 1.5 File is not encrypted File is not linearized No syntax or stream encoding errors found; the file may still contain errors that qpdf cannot detect"
"regression/arxiv-cc-2025-01-08-to-14-batch2/2407.15507v2.pdf","E97825E1268FDFBDE99DCB035FDBFAF6262D3EE0DC2EF435A1A52BA223135F2F","28811066","0","checking C:\Users\steve\code\KillerPDF-Corpus\corpus\regression\arxiv-cc-2025-01-08-to-14-batch2\2407.15507v2.pdf PDF Version: 1.5 File is not encrypted File is not linearized No syntax or stream encoding errors found; the file may still contain errors that qpdf cannot detect"
"regression/arxiv-cc-2025-01-08-to-14-batch2/2407.15652v1.pdf","6D501C924B274D0AE1D4F0BC88D1CED4C8CE88C05559CDB47295BC97AEDB0EE0","7564261","0","checking C:\Users\steve\code\KillerPDF-Corpus\corpus\regression\arxiv-cc-2025-01-08-to-14-batch2\2407.15652v1.pdf PDF Version: 1.5 File is not encrypted File is not linearized No syntax or stream encoding errors found; the file may still contain errors that qpdf cannot detect"
"regression/arxiv-cc-2025-01-08-to-14-batch2/2407.15857v2.pdf","1F43125012FF01ADDF0FAD2C9777BF6F7FC5C2FE29842F0FE6FDECCA90EE494B","886120","0","checking C:\Users\steve\code\KillerPDF-Corpus\corpus\regression\arxiv-cc-2025-01-08-to-14-batch2\2407.15857v2.pdf PDF Version: 1.5 File is not encrypted File is not linearized No syntax or stream encoding errors found; the file may still contain errors that qpdf cannot detect"
"regression/arxiv-cc-2025-01-08-to-14-batch2/2407.15874v1.pdf","3FDD60FEA8B2CA6988D03CD15AD788981B361E0C21721D2180D485CAB6D7FB3D","608695","0","checking C:\Users\steve\code\KillerPDF-Corpus\corpus\regression\arxiv-cc-2025-01-08-to-14-batch2\2407.15874v1.pdf PDF Version: 1.5 File is not encrypted File is not linearized No syntax or stream encoding errors found; the file may still contain errors that qpdf cannot detect"
"regression/arxiv-cc-2025-01-08-to-14-batch2/2407.15879v2.pdf","E8DE75C89648EC7C8B0DF1DEBF13B7090F2E6124BE47F49768D74222D178766A","548792","0","checking C:\Users\steve\code\KillerPDF-Corpus\corpus\regression\arxiv-cc-2025-01-08-to-14-batch2\2407.15879v2.pdf PDF Version: 1.5 File is not encrypted File is not linearized No syntax or stream encoding errors found; the file may still contain errors that qpdf cannot detect"
"regression/arxiv-cc-2025-01-08-to-14-batch2/2407.15938v2.pdf","E18FB607F28B53480A0F7202C11C4AE8654A4E30FB9241B9592863FEFC6FDF22","8831528","0","checking C:\Users\steve\code\KillerPDF-Corpus\corpus\regression\arxiv-cc-2025-01-08-to-14-batch2\2407.15938v2.pdf PDF Version: 1.5 File is not encrypted File is not linearized No syntax or stream encoding errors found; the file may still contain errors that qpdf cannot detect"
"regression/arxiv-cc-2025-01-08-to-14-batch2/2407.16075v2.pdf","B5B462F7C77D577D10C369D6DE8C16BAB185C14AAB663DBDB0086A7D2943CA98","201000","0","checking C:\Users\steve\code\KillerPDF-Corpus\corpus\regression\arxiv-cc-2025-01-08-to-14-batch2\2407.16075v2.pdf PDF Version: 1.4 File is not encrypted File is not linearized No syntax or stream encoding errors found; the file may still contain errors that qpdf cannot detect"
"regression/arxiv-cc-2025-01-08-to-14-batch2/2407.16380v1.pdf","C344E2623311CEBA1DDF3A09BC133335E057FBEBE3E2D6D763080CBD33D66103","8241759","0","checking C:\Users\steve\code\KillerPDF-Corpus\corpus\regression\arxiv-cc-2025-01-08-to-14-batch2\2407.16380v1.pdf PDF Version: 1.5 File is not encrypted File is not linearized No syntax or stream encoding errors found; the file may still contain errors that qpdf cannot detect"
"regression/arxiv-cc-2025-01-08-to-14-batch2/2407.16427v2.pdf","FD48303EC9A11586318356D0B46F5FBE8BD81279714E742CB1291DBD1E86CBDC","1732583","0","checking C:\Users\steve\code\KillerPDF-Corpus\corpus\regression\arxiv-cc-2025-01-08-to-14-batch2\2407.16427v2.pdf PDF Version: 1.5 File is not encrypted File is not linearized No syntax or stream encoding errors found; the file may still contain errors that qpdf cannot detect"
"regression/arxiv-cc-2025-01-08-to-14-batch2/2407.17309v2.pdf","73F66D92CC564CB13CDDF6C2C632C2BEE52F42EAE2DFE8C90B5767266A9FD095","3227249","0","checking C:\Users\steve\code\KillerPDF-Corpus\corpus\regression\arxiv-cc-2025-01-08-to-14-batch2\2407.17309v2.pdf PDF Version: 1.5 File is not encrypted File is not linearized No syntax or stream encoding errors found; the file may still contain errors that qpdf cannot detect"
"regression/arxiv-cc-2025-01-08-to-14-batch2/2407.18243v3.pdf","F6DC556CBE599E12EB438D044633C407D5A0F5E056015304FF2F70AF80E146B5","3172641","0","checking C:\Users\steve\code\KillerPDF-Corpus\corpus\regression\arxiv-cc-2025-01-08-to-14-batch2\2407.18243v3.pdf PDF Version: 1.6 File is not encrypted File is not linearized No syntax or stream encoding errors found; the file may still contain errors that qpdf cannot detect"
"regression/arxiv-cc-2025-01-08-to-14-batch2/2407.18268v1.pdf","AE1FB55E0195436BDD511B6B670B9377A75F318CAE0FC612BAE73E382CB36718","2721885","0","checking C:\Users\steve\code\KillerPDF-Corpus\corpus\regression\arxiv-cc-2025-01-08-to-14-batch2\2407.18268v1.pdf PDF Version: 1.5 File is not encrypted File is not linearized No syntax or stream encoding errors found; the file may still contain errors that qpdf cannot detect"
"regression/arxiv-cc-2025-01-08-to-14-batch2/2407.18528v2.pdf","EDFE98E9989ED15911A15BD03BEA6238A9EA2F60924C4A515D64B9E57A5F4997","28008280","0","checking C:\Users\steve\code\KillerPDF-Corpus\corpus\regression\arxiv-cc-2025-01-08-to-14-batch2\2407.18528v2.pdf PDF Version: 1.5 File is not encrypted File is not linearized No syntax or stream encoding errors found; the file may still contain errors that qpdf cannot detect"
"regression/arxiv-cc-2025-01-08-to-14-batch2/2407.19295v2.pdf","147C2CDC4245B2582CF93F4E2F3C2F086D6DCAE807E0D7BA2FBA93B8501B715E","428787","0","checking C:\Users\steve\code\KillerPDF-Corpus\corpus\regression\arxiv-cc-2025-01-08-to-14-batch2\2407.19295v2.pdf PDF Version: 1.5 File is not encrypted File is not linearized No syntax or stream encoding errors found; the file may still contain errors that qpdf cannot detect"
"regression/arxiv-cc-2025-01-08-to-14-batch2/2407.19489v3.pdf","5970CA15A554055C51D7E59B5EE7E5EDBEDBE7ACEEDE426429166A06B5AB2DCD","1724894","0","checking C:\Users\steve\code\KillerPDF-Corpus\corpus\regression\arxiv-cc-2025-01-08-to-14-batch2\2407.19489v3.pdf PDF Version: 1.5 File is not encrypted File is not linearized No syntax or stream encoding errors found; the file may still contain errors that qpdf cannot detect"
"regression/arxiv-cc-2025-01-08-to-14-batch2/2407.19536v2.pdf","329E1FA5D0D702E1EC48436C713B36EB621E0A663E92A5D17CD0F163F5449246","420952","0","checking C:\Users\steve\code\KillerPDF-Corpus\corpus\regression\arxiv-cc-2025-01-08-to-14-batch2\2407.19536v2.pdf PDF Version: 1.5 File is not encrypted File is not linearized No syntax or stream encoding errors found; the file may still contain errors that qpdf cannot detect"
"regression/arxiv-cc-2025-01-08-to-14-batch2/2407.19549v2.pdf","C135410C212AE3594D478A71B6A43B8D8685B8330D56CDBA9C25F779D0DADBE8","3981556","0","checking C:\Users\steve\code\KillerPDF-Corpus\corpus\regression\arxiv-cc-2025-01-08-to-14-batch2\2407.19549v2.pdf PDF Version: 1.5 File is not encrypted File is not linearized No syntax or stream encoding errors found; the file may still contain errors that qpdf cannot detect"
"regression/arxiv-cc-2025-01-08-to-14-batch2/2407.19919v1.pdf","8235FCCBF87E809DE51328116EB5BC465DB43FDE15799034DA9AFD01180F1BC6","2976008","0","checking C:\Users\steve\code\KillerPDF-Corpus\corpus\regression\arxiv-cc-2025-01-08-to-14-batch2\2407.19919v1.pdf PDF Version: 1.5 File is not encrypted File is not linearized No syntax or stream encoding errors found; the file may still contain errors that qpdf cannot detect"
"regression/arxiv-cc-2025-01-08-to-14-batch2/2407.20169v2.pdf","65FA85B4E499AB261D78D2F72374ADFB33AF2C91FBB0D72D3E371B4AD8F65E14","1584784","0","checking C:\Users\steve\code\KillerPDF-Corpus\corpus\regression\arxiv-cc-2025-01-08-to-14-batch2\2407.20169v2.pdf PDF Version: 1.7 File is not encrypted File is not linearized No syntax or stream encoding errors found; the file may still contain errors that qpdf cannot detect"
"regression/arxiv-cc-2025-01-08-to-14-batch2/2407.20340v2.pdf","3C82BE4EF772451EFAB8CCB27BEBE219B6802176FAC68D60B22E08AB2DAF0782","745254","0","checking C:\Users\steve\code\KillerPDF-Corpus\corpus\regression\arxiv-cc-2025-01-08-to-14-batch2\2407.20340v2.pdf PDF Version: 1.5 File is not encrypted File is not linearized No syntax or stream encoding errors found; the file may still contain errors that qpdf cannot detect"
"regression/arxiv-cc-2025-01-08-to-14-batch2/2407.20425v2.pdf","F056939D882328ED80E9256EEFA68F0D30DDFFB8ED8471A6CEC5F56E9FE492FB","8199209","0","checking C:\Users\steve\code\KillerPDF-Corpus\corpus\regression\arxiv-cc-2025-01-08-to-14-batch2\2407.20425v2.pdf PDF Version: 1.5 File is not encrypted File is not linearized No syntax or stream encoding errors found; the file may still contain errors that qpdf cannot detect"
"regression/arxiv-cc-2025-01-08-to-14-batch2/2407.21013v1.pdf","D020C0D07FCF974A4796DB4AC6E3F73358191B332FA32150627DCEF1165ADCFD","1824735","0","checking C:\Users\steve\code\KillerPDF-Corpus\corpus\regression\arxiv-cc-2025-01-08-to-14-batch2\2407.21013v1.pdf PDF Version: 1.5 File is not encrypted File is not linearized No syntax or stream encoding errors found; the file may still contain errors that qpdf cannot detect"
"regression/arxiv-cc-2025-01-08-to-14-batch2/2407.21218v3.pdf","91F112C2D4C5A28EEF1A411DA84DEBCA4D955762F1CDFADC3959A903059269E4","272220","0","checking C:\Users\steve\code\KillerPDF-Corpus\corpus\regression\arxiv-cc-2025-01-08-to-14-batch2\2407.21218v3.pdf PDF Version: 1.4 File is not encrypted File is not linearized No syntax or stream encoding errors found; the file may still contain errors that qpdf cannot detect"
"regression/arxiv-cc-2025-01-08-to-14-batch2/2407.21349v3.pdf","1D8FA21FED3BA551E0F4094B8BD30D6A8F74EC990515970032969D5E9DDD7DC5","332198","0","checking C:\Users\steve\code\KillerPDF-Corpus\corpus\regression\arxiv-cc-2025-01-08-to-14-batch2\2407.21349v3.pdf PDF Version: 1.5 File is not encrypted File is not linearized No syntax or stream encoding errors found; the file may still contain errors that qpdf cannot detect"
"regression/arxiv-cc-2025-01-08-to-14-batch2/2407.21533v2.pdf","7B369913FE59F5F25DB34667547BF106E5C0F3A6E8570261E1C35BC46F8C3FB4","5259008","0","checking C:\Users\steve\code\KillerPDF-Corpus\corpus\regression\arxiv-cc-2025-01-08-to-14-batch2\2407.21533v2.pdf PDF Version: 1.5 File is not encrypted File is not linearized No syntax or stream encoding errors found; the file may still contain errors that qpdf cannot detect"
"regression/arxiv-cc-2025-01-08-to-14-batch2/2407.21534v6.pdf","5A76E857EB42EEA48E08FE11F7C3B0C6A7468299B1016EFB00E4C09E56A74C5A","6870705","0","checking C:\Users\steve\code\KillerPDF-Corpus\corpus\regression\arxiv-cc-2025-01-08-to-14-batch2\2407.21534v6.pdf PDF Version: 1.5 File is not encrypted File is not linearized No syntax or stream encoding errors found; the file may still contain errors that qpdf cannot detect"
"regression/arxiv-cc-2025-01-08-to-14-batch2/2407.21552v3.pdf","5D3A20FEBD29845D290DA6B470C934EB2C20DD6E9CDE4C9BA5FE741BD3876BC3","2713264","0","checking C:\Users\steve\code\KillerPDF-Corpus\corpus\regression\arxiv-cc-2025-01-08-to-14-batch2\2407.21552v3.pdf PDF Version: 1.7 File is not encrypted File is not linearized No syntax or stream encoding errors found; the file may still contain errors that qpdf cannot detect"
"regression/arxiv-cc-2025-01-08-to-14-batch2/2408.00139v2.pdf","B2F4324AE003C5BB5F9270C8C1BED299550533C466937E9C7CDBD9482EF8555A","4951040","0","checking C:\Users\steve\code\KillerPDF-Corpus\corpus\regression\arxiv-cc-2025-01-08-to-14-batch2\2408.00139v2.pdf PDF Version: 1.5 File is not encrypted File is not linearized No syntax or stream encoding errors found; the file may still contain errors that qpdf cannot detect"
"regression/arxiv-cc-2025-01-08-to-14-batch2/2408.00806v1.pdf","AE538960AF0913CB7A6190794FB77CCC785701793B42422B0AC61C102B0190DF","433537","0","checking C:\Users\steve\code\KillerPDF-Corpus\corpus\regression\arxiv-cc-2025-01-08-to-14-batch2\2408.00806v1.pdf PDF Version: 1.5 File is not encrypted File is not linearized No syntax or stream encoding errors found; the file may still contain errors that qpdf cannot detect"
"regression/arxiv-cc-2025-01-08-to-14-batch2/2408.00823v2.pdf","946ACC191CC2E8A03EFE174AAE7855E2CA5BB55C242B48DC2B0B554D6ED2ADC7","587546","0","checking C:\Users\steve\code\KillerPDF-Corpus\corpus\regression\arxiv-cc-2025-01-08-to-14-batch2\2408.00823v2.pdf PDF Version: 1.4 File is not encrypted File is not linearized No syntax or stream encoding errors found; the file may still contain errors that qpdf cannot detect"
"regression/arxiv-cc-2025-01-08-to-14-batch2/2408.01399v2.pdf","75EE057CB503AB9D5DEA9192938EB6428DE35CD030CB17B444E5BAF3035F8EFF","483427","0","checking C:\Users\steve\code\KillerPDF-Corpus\corpus\regression\arxiv-cc-2025-01-08-to-14-batch2\2408.01399v2.pdf PDF Version: 1.5 File is not encrypted File is not linearized No syntax or stream encoding errors found; the file may still contain errors that qpdf cannot detect"
"regression/arxiv-cc-2025-01-08-to-14-batch2/2408.01496v3.pdf","7894883FDE5955D3DF3DA98C14C33451B035DAF73560EBBB0D3C2004534592C0","3650227","0","checking C:\Users\steve\code\KillerPDF-Corpus\corpus\regression\arxiv-cc-2025-01-08-to-14-batch2\2408.01496v3.pdf PDF Version: 1.5 File is not encrypted File is not linearized No syntax or stream encoding errors found; the file may still contain errors that qpdf cannot detect"
"regression/arxiv-cc-2025-01-08-to-14-batch2/2408.01894v2.pdf","779D57BE0B38C11121DD9F7B991F4CC16072AF4427190142E7F21319D4A81BF8","9257230","0","checking C:\Users\steve\code\KillerPDF-Corpus\corpus\regression\arxiv-cc-2025-01-08-to-14-batch2\2408.01894v2.pdf PDF Version: 1.5 File is not encrypted File is not linearized No syntax or stream encoding errors found; the file may still contain errors that qpdf cannot detect"
"regression/arxiv-cc-2025-01-08-to-14-batch2/2408.01999v2.pdf","FD2CF73A888D22ADC6D5AA9C238ED77F5B70C3E65D9DAC96E2FB3648A245B475","4937658","0","checking C:\Users\steve\code\KillerPDF-Corpus\corpus\regression\arxiv-cc-2025-01-08-to-14-batch2\2408.01999v2.pdf PDF Version: 1.5 File is not encrypted File is linearized No syntax or stream encoding errors found; the file may still contain errors that qpdf cannot detect"
"regression/arxiv-cc-2025-01-08-to-14-batch2/2408.02348v1.pdf","8F16703EE1C9E023080EBAB90EA338831351D0437D916FEF45DA1BADECF564C6","10884200","0","checking C:\Users\steve\code\KillerPDF-Corpus\corpus\regression\arxiv-cc-2025-01-08-to-14-batch2\2408.02348v1.pdf PDF Version: 1.5 File is not encrypted File is not linearized No syntax or stream encoding errors found; the file may still contain errors that qpdf cannot detect"
"regression/arxiv-cc-2025-01-08-to-14-batch2/2408.02415v2.pdf","237E3A561EE577CD77292FE96CDDB0A854F7731A8E5599708F40C8434904867C","1823657","0","checking C:\Users\steve\code\KillerPDF-Corpus\corpus\regression\arxiv-cc-2025-01-08-to-14-batch2\2408.02415v2.pdf PDF Version: 1.4 File is not encrypted File is not linearized No syntax or stream encoding errors found; the file may still contain errors that qpdf cannot detect"
"regression/arxiv-cc-2025-01-08-to-14-batch2/2408.02473v2.pdf","580A0577B68ADE77EDC1B6F0CDF4E41F3DA3F25EC6639D2B680DE585F964DA2D","441662","0","checking C:\Users\steve\code\KillerPDF-Corpus\corpus\regression\arxiv-cc-2025-01-08-to-14-batch2\2408.02473v2.pdf PDF Version: 1.5 File is not encrypted File is not linearized No syntax or stream encoding errors found; the file may still contain errors that qpdf cannot detect"
"regression/arxiv-cc-2025-01-08-to-14-batch2/2408.02590v2.pdf","14AEC4A93E7D0AAC8D7A5C4650AB18AB1A68DB5B22C62BE2F8621492E793D4B8","1323877","0","checking C:\Users\steve\code\KillerPDF-Corpus\corpus\regression\arxiv-cc-2025-01-08-to-14-batch2\2408.02590v2.pdf PDF Version: 1.5 File is not encrypted File is not linearized No syntax or stream encoding errors found; the file may still contain errors that qpdf cannot detect"
"regression/arxiv-cc-2025-01-08-to-14-batch2/2408.02910v1.pdf","6C51A01BA7EB3EB17C5AB0611B767F3A144EEFB8F8CB38F1BD7689329CC5224C","411693","0","checking C:\Users\steve\code\KillerPDF-Corpus\corpus\regression\arxiv-cc-2025-01-08-to-14-batch2\2408.02910v1.pdf PDF Version: 1.5 File is not encrypted File is not linearized No syntax or stream encoding errors found; the file may still contain errors that qpdf cannot detect"
"regression/arxiv-cc-2025-01-08-to-14-batch2/2408.03330v3.pdf","C0E2F44E6FE80B7942E8E8A7F95002BDC6E30ACA2AF72FE1A6520BE356BAD76A","3107440","0","checking C:\Users\steve\code\KillerPDF-Corpus\corpus\regression\arxiv-cc-2025-01-08-to-14-batch2\2408.03330v3.pdf PDF Version: 1.5 File is not encrypted File is not linearized No syntax or stream encoding errors found; the file may still contain errors that qpdf cannot detect"
"regression/arxiv-cc-2025-01-08-to-14-batch2/2408.03368v2.pdf","87DA350B8FF0B710DCC373342F38C8F1E14C0720699997B25A0BD20F67AD7FB4","6188391","0","checking C:\Users\steve\code\KillerPDF-Corpus\corpus\regression\arxiv-cc-2025-01-08-to-14-batch2\2408.03368v2.pdf PDF Version: 1.5 File is not encrypted File is not linearized No syntax or stream encoding errors found; the file may still contain errors that qpdf cannot detect"
"regression/arxiv-cc-2025-01-08-to-14-batch2/2408.03548v3.pdf","E707ABB553A83F89A65E88C491308DCE2B0849A5BF5C78F44798B0D2B109421D","3908766","0","checking C:\Users\steve\code\KillerPDF-Corpus\corpus\regression\arxiv-cc-2025-01-08-to-14-batch2\2408.03548v3.pdf PDF Version: 1.5 File is not encrypted File is not linearized No syntax or stream encoding errors found; the file may still contain errors that qpdf cannot detect"
"regression/arxiv-cc-2025-01-08-to-14-batch2/2408.04016v2.pdf","5665DC2011AC9C83DDE3E21DC6A273D288C6889123A7F979B8542013C1D62CBB","1487442","0","checking C:\Users\steve\code\KillerPDF-Corpus\corpus\regression\arxiv-cc-2025-01-08-to-14-batch2\2408.04016v2.pdf PDF Version: 1.5 File is not encrypted File is not linearized No syntax or stream encoding errors found; the file may still contain errors that qpdf cannot detect"
"regression/arxiv-cc-2025-01-08-to-14-batch2/2408.04561v3.pdf","7C33A41CA2E9E744F36C43774ED13C04C025C621A2CE77CB05D5320236474EE3","319347","0","checking C:\Users\steve\code\KillerPDF-Corpus\corpus\regression\arxiv-cc-2025-01-08-to-14-batch2\2408.04561v3.pdf PDF Version: 1.4 File is not encrypted File is not linearized No syntax or stream encoding errors found; the file may still contain errors that qpdf cannot detect"
"regression/arxiv-cc-2025-01-08-to-14-batch2/2408.04726v1.pdf","B87F4806E79AC185C80730F7B14D00152AA97F6F9D42655BA1C91DD366FDFFDB","742634","0","checking C:\Users\steve\code\KillerPDF-Corpus\corpus\regression\arxiv-cc-2025-01-08-to-14-batch2\2408.04726v1.pdf PDF Version: 1.5 File is not encrypted File is not linearized No syntax or stream encoding errors found; the file may still contain errors that qpdf cannot detect"
"regression/arxiv-cc-2025-01-08-to-14-batch2/2408.04999v1.pdf","F7C01C7F58CC54859B6401EA65E5B7DE0A4B8114507426236D498EF70B4BBC1D","158097","0","checking C:\Users\steve\code\KillerPDF-Corpus\corpus\regression\arxiv-cc-2025-01-08-to-14-batch2\2408.04999v1.pdf PDF Version: 1.4 File is not encrypted File is not linearized No syntax or stream encoding errors found; the file may still contain errors that qpdf cannot detect"
"regression/arxiv-cc-2025-01-08-to-14-batch2/2408.05022v5.pdf","91B1C1911A41C2D5C4CF07F33352178B4D97A97AF7EFE5FA7C5B04C04FD53F1D","1633048","0","checking C:\Users\steve\code\KillerPDF-Corpus\corpus\regression\arxiv-cc-2025-01-08-to-14-batch2\2408.05022v5.pdf PDF Version: 1.7 File is not encrypted File is not linearized No syntax or stream encoding errors found; the file may still contain errors that qpdf cannot detect"
"regression/arxiv-cc-2025-01-08-to-14-batch2/2408.05331v1.pdf","5DE79509BEE523FFAF8199E13A40C6515F462F47945F08642CAD2247EABC0938","68191","0","checking C:\Users\steve\code\KillerPDF-Corpus\corpus\regression\arxiv-cc-2025-01-08-to-14-batch2\2408.05331v1.pdf PDF Version: 1.4 File is not encrypted File is not linearized No syntax or stream encoding errors found; the file may still contain errors that qpdf cannot detect"
"regression/arxiv-cc-2025-01-08-to-14-batch2/2408.06067v2.pdf","3EC749A3FAD4F0773C247D24A5900644502D8F9E5F5431B0818C92533F76A954","6484094","0","checking C:\Users\steve\code\KillerPDF-Corpus\corpus\regression\arxiv-cc-2025-01-08-to-14-batch2\2408.06067v2.pdf PDF Version: 1.5 File is not encrypted File is not linearized No syntax or stream encoding errors found; the file may still contain errors that qpdf cannot detect"
"regression/arxiv-cc-2025-01-08-to-14-batch2/2408.06554v1.pdf","E4AEA6D5FC0D02161D7049D83D81FCABBD229BEE323D389A429DDFC906D9300C","446202","0","checking C:\Users\steve\code\KillerPDF-Corpus\corpus\regression\arxiv-cc-2025-01-08-to-14-batch2\2408.06554v1.pdf PDF Version: 1.5 File is not encrypted File is not linearized No syntax or stream encoding errors found; the file may still contain errors that qpdf cannot detect"
"regression/arxiv-cc-2025-01-08-to-14-batch2/2408.06954v2.pdf","EDD1D82D33482497A31A462E21C72373312074DB35292F759FFB0A641DEC285C","2527521","0","checking C:\Users\steve\code\KillerPDF-Corpus\corpus\regression\arxiv-cc-2025-01-08-to-14-batch2\2408.06954v2.pdf PDF Version: 1.5 File is not encrypted File is not linearized No syntax or stream encoding errors found; the file may still contain errors that qpdf cannot detect"
"regression/arxiv-cc-2025-01-08-to-14-batch2/2408.07345v2.pdf","E0ADEC8E180C6F6AEEE7A93843F6F7CB43E1C4CC225C94080C8782012474E810","961443","0","checking C:\Users\steve\code\KillerPDF-Corpus\corpus\regression\arxiv-cc-2025-01-08-to-14-batch2\2408.07345v2.pdf PDF Version: 1.5 File is not encrypted File is not linearized No syntax or stream encoding errors found; the file may still contain errors that qpdf cannot detect"
"regression/arxiv-cc-2025-01-08-to-14-batch2/2408.07412v1.pdf","D227FAC3E85AAC150CBBBDA721C2042BE095520B09632DC5BA67278847918E3B","404017","0","checking C:\Users\steve\code\KillerPDF-Corpus\corpus\regression\arxiv-cc-2025-01-08-to-14-batch2\2408.07412v1.pdf PDF Version: 1.7 File is not encrypted File is not linearized No syntax or stream encoding errors found; the file may still contain errors that qpdf cannot detect"
"regression/arxiv-cc-2025-01-08-to-14-batch2/2408.07594v2.pdf","9206221FC4B64061436B6EEB0B837D58F865516CDEB7772D2B81DF5C9EC72DC7","628245","0","checking C:\Users\steve\code\KillerPDF-Corpus\corpus\regression\arxiv-cc-2025-01-08-to-14-batch2\2408.07594v2.pdf PDF Version: 1.5 File is not encrypted File is not linearized No syntax or stream encoding errors found; the file may still contain errors that qpdf cannot detect"
"regression/arxiv-cc-2025-01-08-to-14-batch2/2408.08597v3.pdf","A21A2054E1B2B1EA27898C76E30CAF8EFDC46DB66E502F62D2B18E396E034A56","518207","0","checking C:\Users\steve\code\KillerPDF-Corpus\corpus\regression\arxiv-cc-2025-01-08-to-14-batch2\2408.08597v3.pdf PDF Version: 1.5 File is not encrypted File is not linearized No syntax or stream encoding errors found; the file may still contain errors that qpdf cannot detect"
"regression/arxiv-cc-2025-01-08-to-14-batch2/2408.08763v3.pdf","09AE45A68E806FABDC1B73B4024354812BBEC77848CFF92FAF17B080AEBCE3BD","12460489","0","checking C:\Users\steve\code\KillerPDF-Corpus\corpus\regression\arxiv-cc-2025-01-08-to-14-batch2\2408.08763v3.pdf PDF Version: 1.5 File is not encrypted File is not linearized No syntax or stream encoding errors found; the file may still contain errors that qpdf cannot detect"
"regression/arxiv-cc-2025-01-08-to-14-batch2/2408.08981v3.pdf","079AFFC690C543EC6E027BC32AEF6642BBB790F6C5BDB05E90F7C41107DFBD81","862901","0","checking C:\Users\steve\code\KillerPDF-Corpus\corpus\regression\arxiv-cc-2025-01-08-to-14-batch2\2408.08981v3.pdf PDF Version: 1.5 File is not encrypted File is not linearized No syntax or stream encoding errors found; the file may still contain errors that qpdf cannot detect"
"regression/arxiv-cc-2025-01-08-to-14-batch2/2408.09016v2.pdf","5E36F85188055F0593793E951F4C7CB08391058E9C77C4213A9C88304051B54D","781940","0","checking C:\Users\steve\code\KillerPDF-Corpus\corpus\regression\arxiv-cc-2025-01-08-to-14-batch2\2408.09016v2.pdf PDF Version: 1.4 File is not encrypted File is not linearized No syntax or stream encoding errors found; the file may still contain errors that qpdf cannot detect"
"regression/arxiv-cc-2025-01-08-to-14-batch2/2408.09172v4.pdf","9D8C7EBE213CCB8D68A3CF9A48727D109ED95580798E595ACED270287B64677F","1337386","0","checking C:\Users\steve\code\KillerPDF-Corpus\corpus\regression\arxiv-cc-2025-01-08-to-14-batch2\2408.09172v4.pdf PDF Version: 1.5 File is not encrypted File is not linearized No syntax or stream encoding errors found; the file may still contain errors that qpdf cannot detect"
"regression/arxiv-cc-2025-01-08-to-14-batch2/2408.09447v3.pdf","5FA919AAE04352ECC06EADF23CAEF3B540544668C9EC07CD926D1215A2AD44D7","10960687","0","checking C:\Users\steve\code\KillerPDF-Corpus\corpus\regression\arxiv-cc-2025-01-08-to-14-batch2\2408.09447v3.pdf PDF Version: 1.5 File is not encrypted File is not linearized No syntax or stream encoding errors found; the file may still contain errors that qpdf cannot detect"
"regression/arxiv-cc-2025-01-08-to-14-batch2/2408.09529v2.pdf","91FEAB19DA2E148DC46C8E473ECB970AE1D66D6D4EAF406E67F72C7B0E71B88A","1647763","0","checking C:\Users\steve\code\KillerPDF-Corpus\corpus\regression\arxiv-cc-2025-01-08-to-14-batch2\2408.09529v2.pdf PDF Version: 1.5 File is not encrypted File is not linearized No syntax or stream encoding errors found; the file may still contain errors that qpdf cannot detect"
"regression/arxiv-cc-2025-01-08-to-14-batch2/2408.09614v2.pdf","1BAF5AEC5A7B740DD0D61676C3B0B5DF1ACA165B201A75796978119F095C0DAB","8463388","0","checking C:\Users\steve\code\KillerPDF-Corpus\corpus\regression\arxiv-cc-2025-01-08-to-14-batch2\2408.09614v2.pdf PDF Version: 1.5 File is not encrypted File is not linearized No syntax or stream encoding errors found; the file may still contain errors that qpdf cannot detect"
"regression/arxiv-cc-2025-01-08-to-14-batch2/2408.09781v1.pdf","195CC8D937F5FFBB0426730EF57C6CB41C296CA4A257A91EF0D9EA5B28DF6F1A","1132540","0","checking C:\Users\steve\code\KillerPDF-Corpus\corpus\regression\arxiv-cc-2025-01-08-to-14-batch2\2408.09781v1.pdf PDF Version: 1.5 File is not encrypted File is not linearized No syntax or stream encoding errors found; the file may still contain errors that qpdf cannot detect"
"regression/arxiv-cc-2025-01-08-to-14-batch2/2408.09791v2.pdf","462F5577968E8959AF48EDFA247CD17D49DC328AF0AC58DC87738842D710C194","958004","0","checking C:\Users\steve\code\KillerPDF-Corpus\corpus\regression\arxiv-cc-2025-01-08-to-14-batch2\2408.09791v2.pdf PDF Version: 1.5 File is not encrypted File is not linearized No syntax or stream encoding errors found; the file may still contain errors that qpdf cannot detect"
"regression/arxiv-cc-2025-01-08-to-14-batch2/2408.09870v2.pdf","4EA69527D1E948337FD18353AF2E2B5D2EB02C8B06E26932926FDEF592AD0DB0","746245","0","checking C:\Users\steve\code\KillerPDF-Corpus\corpus\regression\arxiv-cc-2025-01-08-to-14-batch2\2408.09870v2.pdf PDF Version: 1.5 File is not encrypted File is not linearized No syntax or stream encoding errors found; the file may still contain errors that qpdf cannot detect"
"regression/arxiv-cc-2025-01-08-to-14-batch2/2408.10035v1.pdf","A9614B584517831682C39ABC9745D5A186CDAF32845B0AD3A15C412DAB621BBB","6673772","0","checking C:\Users\steve\code\KillerPDF-Corpus\corpus\regression\arxiv-cc-2025-01-08-to-14-batch2\2408.10035v1.pdf PDF Version: 1.5 File is not encrypted File is not linearized No syntax or stream encoding errors found; the file may still contain errors that qpdf cannot detect"
"regression/arxiv-cc-2025-01-08-to-14-batch2/2408.10660v2.pdf","75E3B234A5ABB9E12604209988BFFBC7DBFBF007F2ABABADAE688F8809E80729","169837","0","checking C:\Users\steve\code\KillerPDF-Corpus\corpus\regression\arxiv-cc-2025-01-08-to-14-batch2\2408.10660v2.pdf PDF Version: 1.4 File is not encrypted File is not linearized No syntax or stream encoding errors found; the file may still contain errors that qpdf cannot detect"
"regression/arxiv-cc-2025-01-08-to-14-batch2/2408.11050v1.pdf","A6A4DAF9EB8F1A893D72DBB182CA2B91FA8A2E506A33896812D28F976CA02BF5","556130","0","checking C:\Users\steve\code\KillerPDF-Corpus\corpus\regression\arxiv-cc-2025-01-08-to-14-batch2\2408.11050v1.pdf PDF Version: 1.5 File is not encrypted File is not linearized No syntax or stream encoding errors found; the file may still contain errors that qpdf cannot detect"
"regression/arxiv-cc-2025-01-08-to-14-batch2/2408.11099v2.pdf","7EB7CC1FC4675F79AA7790E7FB92AF2142F01A673BA3941BF0A0A28F1A966262","5485218","0","checking C:\Users\steve\code\KillerPDF-Corpus\corpus\regression\arxiv-cc-2025-01-08-to-14-batch2\2408.11099v2.pdf PDF Version: 1.5 File is not encrypted File is not linearized No syntax or stream encoding errors found; the file may still contain errors that qpdf cannot detect"
"regression/arxiv-cc-2025-01-08-to-14-batch2/2408.11559v4.pdf","06B3ADC8C6EC3E3FCEA051E2AE30415B4943D3815C5D4E1C7BBEC3FF52175CB1","25507665","0","checking C:\Users\steve\code\KillerPDF-Corpus\corpus\regression\arxiv-cc-2025-01-08-to-14-batch2\2408.11559v4.pdf PDF Version: 1.5 File is not encrypted File is not linearized No syntax or stream encoding errors found; the file may still contain errors that qpdf cannot detect"
"regression/arxiv-cc-2025-01-08-to-14-batch2/2408.11876v2.pdf","2A30105C3BB5EFA09155559A378186DB6793172DC527FEF266BEC6418FEE80AA","32292174","3","checking C:\Users\steve\code\KillerPDF-Corpus\corpus\regression\arxiv-cc-2025-01-08-to-14-batch2\2408.11876v2.pdf PDF Version: 1.4 File is not encrypted File is not linearized WARNING: C:\Users\steve\code\KillerPDF-Corpus\corpus\regression\arxiv-cc-2025-01-08-to-14-batch2\2408.11876v2.pdf (object 522 0, offset 32131122): dictionary has duplicated key /h.e2dkjrvgtd6m; last occurrence overrides earlier ones WARNING: C:\Users\steve\code\KillerPDF-Corpus\corpus\regression\arxiv-cc-2025-01-08-to-14-batch2\2408.11876v2.pdf (object 522 0, offset 32131122): dictionary has duplicated key /h.1v8p1igyecx0; last occurrence overrides earlier ones WARNING: C:\Users\steve\code\KillerPDF-Corpus\corpus\regression\arxiv-cc-2025-01-08-to-14-batch2\2408.11876v2.pdf (object 522 0, offset 32131122): dictionary has duplicated key /h.f0z8ker4wks5; last occurrence overrides earlier ones WARNING: C:\Users\steve\code\KillerPDF-Corpus\corpus\regression\arxiv-cc-2025-01-08-to-14-batch2\2408.11876v2.pdf (object 522 0, offset 32131122): dictionary has duplicated key /h.15pp61h9n711; last occurrence overrides earlier ones WARNING: C:\Users\steve\code\KillerPDF-Corpus\corpus\regression\arxiv-cc-2025-01-08-to-14-batch2\2408.11876v2.pdf (object 522 0, offset 32131122): dictionary has duplicated key /h.zft9m8ipuk54; last occurrence overrides earlier ones WARNING: C:\Users\steve\code\KillerPDF-Corpus\corpus\regression\arxiv-cc-2025-01-08-to-14-batch2\2408.11876v2.pdf (object 522 0, offset 32131122): dictionary has duplicated key /h.zft9m8ipuk54; last occurrence overrides earlier ones WARNING: C:\Users\steve\code\KillerPDF-Corpus\corpus\regression\arxiv-cc-2025-01-08-to-14-batch2\2408.11876v2.pdf (object 522 0, offset 32131122): dictionary has duplicated key /h.zft9m8ipuk54; last occurrence overrides earlier ones WARNING: C:\Users\steve\code\KillerPDF-Corpus\corpus\regression\arxiv-cc-2025-01-08-to-14-batch2\2408.11876v2.pdf (object 522 0, offset 32131122): dictionary has duplicated key /h.zft9m8ipuk54; last occurrence overrides earlier ones WARNING: C:\Users\steve\code\KillerPDF-Corpus\corpus\regression\arxiv-cc-2025-01-08-to-14-batch2\2408.11876v2.pdf (object 522 0, offset 32131122): dictionary has duplicated key /h.zft9m8ipuk54; last occurrence overrides earlier ones WARNING: C:\Users\steve\code\KillerPDF-Corpus\corpus\regression\arxiv-cc-2025-01-08-to-14-batch2\2408.11876v2.pdf (object 522 0, offset 32131122): dictionary has duplicated key /h.zft9m8ipuk54; last occurrence overrides earlier ones WARNING: C:\Users\steve\code\KillerPDF-Corpus\corpus\regression\arxiv-cc-2025-01-08-to-14-batch2\2408.11876v2.pdf (object 522 0, offset 32131122): dictionary has duplicated key /h.onfqe6mmphxk; last occurrence overrides earlier ones WARNING: C:\Users\steve\code\KillerPDF-Corpus\corpus\regression\arxiv-cc-2025-01-08-to-14-batch2\2408.11876v2.pdf (object 522 0, offset 32131122): dictionary has duplicated key /h.onfqe6mmphxk; last occurrence overrides earlier ones WARNING: C:\Users\steve\code\KillerPDF-Corpus\corpus\regression\arxiv-cc-2025-01-08-to-14-batch2\2408.11876v2.pdf (object 522 0, offset 32131122): dictionary has duplicated key /h.onfqe6mmphxk; last occurrence overrides earlier ones WARNING: C:\Users\steve\code\KillerPDF-Corpus\corpus\regression\arxiv-cc-2025-01-08-to-14-batch2\2408.11876v2.pdf (object 522 0, offset 32131122): dictionary has duplicated key /h.onfqe6mmphxk; last occurrence overrides earlier ones WARNING: C:\Users\steve\code\KillerPDF-Corpus\corpus\regression\arxiv-cc-2025-01-08-to-14-batch2\2408.11876v2.pdf (object 522 0, offset 32131122): dictionary has duplicated key /h.onfqe6mmphxk; last occurrence overrides earlier ones WARNING: C:\Users\steve\code\KillerPDF-Corpus\corpus\regression\arxiv-cc-2025-01-08-to-14-batch2\2408.11876v2.pdf (object 522 0, offset 32131122): dictionary has duplicated key /h.onfqe6mmphxk; last occurrence overrides earlier ones WARNING: C:\Users\steve\code\KillerPDF-Corpus\corpus\regression\arxiv-cc-2025-01-08-to-14-batch2\2408.11876v2.pdf (object 522 0, offset 32131122): dictionary has duplicated key /h.onfqe6mmphxk; last occurrence overrides earlier ones WARNING: C:\Users\steve\code\KillerPDF-Corpus\corpus\regression\arxiv-cc-2025-01-08-to-14-batch2\2408.11876v2.pdf (object 522 0, offset 32131122): dictionary has duplicated key /h.onfqe6mmphxk; last occurrence overrides earlier ones WARNING: C:\Users\steve\code\KillerPDF-Corpus\corpus\regression\arxiv-cc-2025-01-08-to-14-batch2\2408.11876v2.pdf (object 522 0, offset 32131122): dictionary has duplicated key /h.onfqe6mmphxk; last occurrence overrides earlier ones WARNING: C:\Users\steve\code\KillerPDF-Corpus\corpus\regression\arxiv-cc-2025-01-08-to-14-batch2\2408.11876v2.pdf (object 522 0, offset 32131122): dictionary has duplicated key /h.onfqe6mmphxk; last occurrence overrides earlier ones WARNING: C:\Users\steve\code\KillerPDF-Corpus\corpus\regression\arxiv-cc-2025-01-08-to-14-batch2\2408.11876v2.pdf (object 522 0, offset 32131122): dictionary has duplicated key /h.onfqe6mmphxk; last occurrence overrides earlier ones WARNING: C:\Users\steve\code\KillerPDF-Corpus\corpus\regression\arxiv-cc-2025-01-08-to-14-batch2\2408.11876v2.pdf (object 522 0, offset 32131122): dictionary has duplicated key /h.onfqe6mmphxk; last occurrence overrides earlier ones WARNING: C:\Users\steve\code\KillerPDF-Corpus\corpus\regression\arxiv-cc-2025-01-08-to-14-batch2\2408.11876v2.pdf (object 522 0, offset 32131122): dictionary has duplicated key /h.onfqe6mmphxk; last occurrence overrides earlier ones WARNING: C:\Users\steve\code\KillerPDF-Corpus\corpus\regression\arxiv-cc-2025-01-08-to-14-batch2\2408.11876v2.pdf (object 522 0, offset 32131122): dictionary has duplicated key /h.onfqe6mmphxk; last occurrence overrides earlier ones WARNING: C:\Users\steve\code\KillerPDF-Corpus\corpus\regression\arxiv-cc-2025-01-08-to-14-batch2\2408.11876v2.pdf (object 522 0, offset 32131122): dictionary has duplicated key /h.onfqe6mmphxk; last occurrence overrides earlier ones WARNING: C:\Users\steve\code\KillerPDF-Corpus\corpus\regression\arxiv-cc-2025-01-08-to-14-batch2\2408.11876v2.pdf (object 522 0, offset 32131122): dictionary has duplicated key /h.6bxv1f88b09e; last occurrence overrides earlier ones qpdf: operation succeeded with warnings"
"regression/arxiv-cc-2025-01-08-to-14-batch2/2408.12508v2.pdf","E11246A3CD322A8578E45AD1C8A3B2E83AE6D44C70391E798A9C6A8213720555","739015","0","checking C:\Users\steve\code\KillerPDF-Corpus\corpus\regression\arxiv-cc-2025-01-08-to-14-batch2\2408.12508v2.pdf PDF Version: 1.5 File is not encrypted File is not linearized No syntax or stream encoding errors found; the file may still contain errors that qpdf cannot detect"
"regression/arxiv-cc-2025-01-08-to-14-batch2/2408.13007v2.pdf","3E2B916C4B0416595009569CBBF7D78F75A6EC2E15117195C6C5159E69FAB3ED","826839","0","checking C:\Users\steve\code\KillerPDF-Corpus\corpus\regression\arxiv-cc-2025-01-08-to-14-batch2\2408.13007v2.pdf PDF Version: 1.5 File is not encrypted File is not linearized No syntax or stream encoding errors found; the file may still contain errors that qpdf cannot detect"
"regression/arxiv-cc-2025-01-08-to-14-batch2/2408.13139v3.pdf","6B44425D9FA266AD80AE157EA9FAC1F3188DBBFD8179561CD2446FD7026E13DE","942773","0","checking C:\Users\steve\code\KillerPDF-Corpus\corpus\regression\arxiv-cc-2025-01-08-to-14-batch2\2408.13139v3.pdf PDF Version: 1.5 File is not encrypted File is not linearized No syntax or stream encoding errors found; the file may still contain errors that qpdf cannot detect"
"regression/arxiv-cc-2025-01-08-to-14-batch2/2408.13586v2.pdf","F0D6AF3706653FD14A2E4B6F2C10004711CA6AAFDC46DCC0A844826B19C66F04","979403","0","checking C:\Users\steve\code\KillerPDF-Corpus\corpus\regression\arxiv-cc-2025-01-08-to-14-batch2\2408.13586v2.pdf PDF Version: 1.5 File is not encrypted File is not linearized No syntax or stream encoding errors found; the file may still contain errors that qpdf cannot detect"
"regression/arxiv-cc-2025-01-08-to-14-batch2/2408.13713v3.pdf","CF18D4292C05FC2ED1325FACA8DE7BF21039DAE5EA50A3E2A2BC8B723AF818D4","380318","0","checking C:\Users\steve\code\KillerPDF-Corpus\corpus\regression\arxiv-cc-2025-01-08-to-14-batch2\2408.13713v3.pdf PDF Version: 1.5 File is not encrypted File is not linearized No syntax or stream encoding errors found; the file may still contain errors that qpdf cannot detect"
"regression/arxiv-cc-2025-01-08-to-14-batch2/2408.14117v2.pdf","54745A0D52CCCC996718BD9412925A84820F317949DC21A9455B68DB753AC07C","211258","0","checking C:\Users\steve\code\KillerPDF-Corpus\corpus\regression\arxiv-cc-2025-01-08-to-14-batch2\2408.14117v2.pdf PDF Version: 1.4 File is not encrypted File is not linearized No syntax or stream encoding errors found; the file may still contain errors that qpdf cannot detect"
"regression/arxiv-cc-2025-01-08-to-14-batch2/2408.14280v5.pdf","2D993FDCC80C5F5139C4AC7914A3761FD08F2CF651F8AB4BF8ECA801EF9F23D8","483365","0","checking C:\Users\steve\code\KillerPDF-Corpus\corpus\regression\arxiv-cc-2025-01-08-to-14-batch2\2408.14280v5.pdf PDF Version: 1.5 File is not encrypted File is not linearized No syntax or stream encoding errors found; the file may still contain errors that qpdf cannot detect"
"regression/arxiv-cc-2025-01-08-to-14-batch2/2408.14318v3.pdf","3CFD019982E130322C687A95622C98595D8498673E1D1BF9B08300926827F8DA","3338909","0","checking C:\Users\steve\code\KillerPDF-Corpus\corpus\regression\arxiv-cc-2025-01-08-to-14-batch2\2408.14318v3.pdf PDF Version: 1.5 File is not encrypted File is not linearized No syntax or stream encoding errors found; the file may still contain errors that qpdf cannot detect"
"regression/arxiv-cc-2025-01-08-to-14-batch2/2408.14524v2.pdf","76CF465CC4E661E942F0C63BD81A6A529AB1EA3CE3FC704AA4E652BFC7CB2A08","176766","0","checking C:\Users\steve\code\KillerPDF-Corpus\corpus\regression\arxiv-cc-2025-01-08-to-14-batch2\2408.14524v2.pdf PDF Version: 1.4 File is not encrypted File is not linearized No syntax or stream encoding errors found; the file may still contain errors that qpdf cannot detect"
"regression/arxiv-cc-2025-01-08-to-14-batch2/2408.15264v1.pdf","43697494256E9C6DFA5F4A619406619CDDC7748B179811E6537C8E8131E278BA","664107","3","checking C:\Users\steve\code\KillerPDF-Corpus\corpus\regression\arxiv-cc-2025-01-08-to-14-batch2\2408.15264v1.pdf PDF Version: 1.3 File is not encrypted File is not linearized WARNING: C:\Users\steve\code\KillerPDF-Corpus\corpus\regression\arxiv-cc-2025-01-08-to-14-batch2\2408.15264v1.pdf (object 9 0): object has offset 0 - a common error handled correctly by qpdf and most other applications WARNING: C:\Users\steve\code\KillerPDF-Corpus\corpus\regression\arxiv-cc-2025-01-08-to-14-batch2\2408.15264v1.pdf (object 11 0): object has offset 0 - a common error handled correctly by qpdf and most other applications WARNING: C:\Users\steve\code\KillerPDF-Corpus\corpus\regression\arxiv-cc-2025-01-08-to-14-batch2\2408.15264v1.pdf (object 13 0): object has offset 0 - a common error handled correctly by qpdf and most other applications WARNING: C:\Users\steve\code\KillerPDF-Corpus\corpus\regression\arxiv-cc-2025-01-08-to-14-batch2\2408.15264v1.pdf (object 15 0): object has offset 0 - a common error handled correctly by qpdf and most other applications WARNING: C:\Users\steve\code\KillerPDF-Corpus\corpus\regression\arxiv-cc-2025-01-08-to-14-batch2\2408.15264v1.pdf (object 23 0): object has offset 0 - a common error handled correctly by qpdf and most other applications WARNING: C:\Users\steve\code\KillerPDF-Corpus\corpus\regression\arxiv-cc-2025-01-08-to-14-batch2\2408.15264v1.pdf (object 39 0): object has offset 0 - a common error handled correctly by qpdf and most other applications qpdf: operation succeeded with warnings"
"regression/arxiv-cc-2025-01-08-to-14-batch2/2408.15359v2.pdf","B0D7CDC470D951237F8C60569DF6B448E66DC6396A73D816A1DE18D1C4E710D3","9989689","0","checking C:\Users\steve\code\KillerPDF-Corpus\corpus\regression\arxiv-cc-2025-01-08-to-14-batch2\2408.15359v2.pdf PDF Version: 1.5 File is not encrypted File is not linearized No syntax or stream encoding errors found; the file may still contain errors that qpdf cannot detect"
"regression/arxiv-cc-2025-01-08-to-14-batch2/2408.15865v1.pdf","EF1723956CC94C85F4ACA18025C20B02BCBDDA71B73739272BB572B88EC2CB6D","2919163","0","checking C:\Users\steve\code\KillerPDF-Corpus\corpus\regression\arxiv-cc-2025-01-08-to-14-batch2\2408.15865v1.pdf PDF Version: 1.5 File is not encrypted File is not linearized No syntax or stream encoding errors found; the file may still contain errors that qpdf cannot detect"
"regression/arxiv-cc-2025-01-08-to-14-batch2/2408.16228v1.pdf","4F80ED8E2ACAD264D34E78BD3D41E5A589F9921B73F5D2E24007229618E31BDC","29162481","0","checking C:\Users\steve\code\KillerPDF-Corpus\corpus\regression\arxiv-cc-2025-01-08-to-14-batch2\2408.16228v1.pdf PDF Version: 1.5 File is not encrypted File is not linearized No syntax or stream encoding errors found; the file may still contain errors that qpdf cannot detect"
"regression/arxiv-cc-2025-01-08-to-14-batch2/2408.16519v1.pdf","0F84071825F73AEC4B7EFE516E4F898137E87DE103C211B67E0CF41D8E56AC6A","12527309","0","checking C:\Users\steve\code\KillerPDF-Corpus\corpus\regression\arxiv-cc-2025-01-08-to-14-batch2\2408.16519v1.pdf PDF Version: 1.5 File is not encrypted File is not linearized No syntax or stream encoding errors found; the file may still contain errors that qpdf cannot detect"
"regression/arxiv-cc-2025-01-08-to-14-batch2/2409.00481v5.pdf","9F89EB27CDF65906F5E63DF1BBA4A1F37245259D667CFB245003027C04900618","5619332","0","checking C:\Users\steve\code\KillerPDF-Corpus\corpus\regression\arxiv-cc-2025-01-08-to-14-batch2\2409.00481v5.pdf PDF Version: 1.5 File is not encrypted File is not linearized No syntax or stream encoding errors found; the file may still contain errors that qpdf cannot detect"
"regression/arxiv-cc-2025-01-08-to-14-batch2/2409.00683v1.pdf","42B9CDD2AEDE151F466DD936DD60614504552052DB8EEAE48920192CB080251B","27488216","0","checking C:\Users\steve\code\KillerPDF-Corpus\corpus\regression\arxiv-cc-2025-01-08-to-14-batch2\2409.00683v1.pdf PDF Version: 1.5 File is not encrypted File is not linearized No syntax or stream encoding errors found; the file may still contain errors that qpdf cannot detect"
"regression/arxiv-cc-2025-01-08-to-14-batch2/2409.00698v2.pdf","FF6647B92F1897B4A3140F4A930E72F8DEDF0BC6A6CF10B381B2E138ED7E6042","453792","0","checking C:\Users\steve\code\KillerPDF-Corpus\corpus\regression\arxiv-cc-2025-01-08-to-14-batch2\2409.00698v2.pdf PDF Version: 1.5 File is not encrypted File is not linearized No syntax or stream encoding errors found; the file may still contain errors that qpdf cannot detect"
"regression/arxiv-cc-2025-01-08-to-14-batch2/2409.00699v2.pdf","55680E6CA6CC4EB517C73BAD659132C687218B4FCB4E77013E6EB14247D206F0","739470","0","checking C:\Users\steve\code\KillerPDF-Corpus\corpus\regression\arxiv-cc-2025-01-08-to-14-batch2\2409.00699v2.pdf PDF Version: 1.4 File is not encrypted File is not linearized No syntax or stream encoding errors found; the file may still contain errors that qpdf cannot detect"
"regression/arxiv-cc-2025-01-08-to-14-batch2/2409.00717v3.pdf","19B2C36F05AC4F5A2CD3AEB4BC8027E21AF705F6CDA13EE2480E455A6E9A296A","2189035","0","checking C:\Users\steve\code\KillerPDF-Corpus\corpus\regression\arxiv-cc-2025-01-08-to-14-batch2\2409.00717v3.pdf PDF Version: 1.5 File is not encrypted File is not linearized No syntax or stream encoding errors found; the file may still contain errors that qpdf cannot detect"
"regression/arxiv-cc-2025-01-08-to-14-batch2/2409.01203v2.pdf","659A78E044BBF9D6D06075EE4898CFA89DB3F93F826080C88D61C79646818B78","279408","0","checking C:\Users\steve\code\KillerPDF-Corpus\corpus\regression\arxiv-cc-2025-01-08-to-14-batch2\2409.01203v2.pdf PDF Version: 1.5 File is not encrypted File is not linearized No syntax or stream encoding errors found; the file may still contain errors that qpdf cannot detect"
"regression/arxiv-cc-2025-01-08-to-14-batch2/2409.01541v2.pdf","043A90D18B7F6E855BAEB0A79D5A5EAD4C924CED65206F29A634B6F4CE16D0F1","5378384","0","checking C:\Users\steve\code\KillerPDF-Corpus\corpus\regression\arxiv-cc-2025-01-08-to-14-batch2\2409.01541v2.pdf PDF Version: 1.5 File is not encrypted File is not linearized No syntax or stream encoding errors found; the file may still contain errors that qpdf cannot detect"
"regression/arxiv-cc-2025-01-08-to-14-batch2/2409.01554v3.pdf","1AD75AAC279C08EEE7996C0AC36ED7B4FBAB2961797C772E2CCF8851DF6EACE8","665415","0","checking C:\Users\steve\code\KillerPDF-Corpus\corpus\regression\arxiv-cc-2025-01-08-to-14-batch2\2409.01554v3.pdf PDF Version: 1.5 File is not encrypted File is not linearized No syntax or stream encoding errors found; the file may still contain errors that qpdf cannot detect"
"regression/arxiv-cc-2025-01-08-to-14-batch2/2409.01577v2.pdf","D122B104BC282B8FF01A4546DC02016BC6AD4B55123EE5C28FF8EB77F51C9004","4941935","0","checking C:\Users\steve\code\KillerPDF-Corpus\corpus\regression\arxiv-cc-2025-01-08-to-14-batch2\2409.01577v2.pdf PDF Version: 1.5 File is not encrypted File is not linearized No syntax or stream encoding errors found; the file may still contain errors that qpdf cannot detect"
"regression/arxiv-cc-2025-01-08-to-14-batch2/2409.01590v2.pdf","FEA65E2A1D48AA5848604D3DAF9DB036FE857E356C3DE21C5526363E8CBEEDD7","1553651","0","checking C:\Users\steve\code\KillerPDF-Corpus\corpus\regression\arxiv-cc-2025-01-08-to-14-batch2\2409.01590v2.pdf PDF Version: 1.4 File is not encrypted File is not linearized No syntax or stream encoding errors found; the file may still contain errors that qpdf cannot detect"
"regression/arxiv-cc-2025-01-08-to-14-batch2/2409.01971v2.pdf","7DC4D7E5C995E0263D3848AB07013FE5CD1DD557B144F20266A65BBA50BA479F","2899935","0","checking C:\Users\steve\code\KillerPDF-Corpus\corpus\regression\arxiv-cc-2025-01-08-to-14-batch2\2409.01971v2.pdf PDF Version: 1.5 File is not encrypted File is not linearized No syntax or stream encoding errors found; the file may still contain errors that qpdf cannot detect"
"regression/arxiv-cc-2025-01-08-to-14-batch2/2409.02029v2.pdf","67C95DCBD7C81C7BEEE82F1F643A4CA55FA82CC99C335FF83CD83E2F03B73056","12014239","0","checking C:\Users\steve\code\KillerPDF-Corpus\corpus\regression\arxiv-cc-2025-01-08-to-14-batch2\2409.02029v2.pdf PDF Version: 1.5 File is not encrypted File is not linearized No syntax or stream encoding errors found; the file may still contain errors that qpdf cannot detect"
"regression/arxiv-cc-2025-01-08-to-14-batch2/2409.02183v2.pdf","D14F74A2D5CC788BBACE6D7DAD175C923E9EEA66A9FFA632C8D35DB6C507AB1A","7695381","0","checking C:\Users\steve\code\KillerPDF-Corpus\corpus\regression\arxiv-cc-2025-01-08-to-14-batch2\2409.02183v2.pdf PDF Version: 1.5 File is not encrypted File is not linearized No syntax or stream encoding errors found; the file may still contain errors that qpdf cannot detect"
"regression/arxiv-cc-2025-01-08-to-14-batch2/2409.02207v2.pdf","C4436A99246BA96B3F071ED78C6B22533E15A4B4E7A3396BA52A5F7C941FDEE6","1066620","0","checking C:\Users\steve\code\KillerPDF-Corpus\corpus\regression\arxiv-cc-2025-01-08-to-14-batch2\2409.02207v2.pdf PDF Version: 1.5 File is not encrypted File is not linearized No syntax or stream encoding errors found; the file may still contain errors that qpdf cannot detect"
"regression/arxiv-cc-2025-01-08-to-14-batch2/2409.02212v2.pdf","11D7D77BC26D7E78A0C28829FDC79FDCEBD544A616C4CA8385931788EC15BE6A","1369073","0","checking C:\Users\steve\code\KillerPDF-Corpus\corpus\regression\arxiv-cc-2025-01-08-to-14-batch2\2409.02212v2.pdf PDF Version: 1.5 File is not encrypted File is not linearized No syntax or stream encoding errors found; the file may still contain errors that qpdf cannot detect"
"regression/arxiv-cc-2025-01-08-to-14-batch2/2409.02444v3.pdf","BC1E4FB18A7A6356509ED0F009CB9083FF3D7A3C3372323C4F4A26023BA17B74","1753443","0","checking C:\Users\steve\code\KillerPDF-Corpus\corpus\regression\arxiv-cc-2025-01-08-to-14-batch2\2409.02444v3.pdf PDF Version: 1.5 File is not encrypted File is not linearized No syntax or stream encoding errors found; the file may still contain errors that qpdf cannot detect"
"regression/arxiv-cc-2025-01-08-to-14-batch2/2409.02759v2.pdf","631A9D2817B93F159A0E2F32609ADE16CCBE2DAAF74649CDAB976A0F14335C76","2526669","0","checking C:\Users\steve\code\KillerPDF-Corpus\corpus\regression\arxiv-cc-2025-01-08-to-14-batch2\2409.02759v2.pdf PDF Version: 1.5 File is not encrypted File is not linearized No syntax or stream encoding errors found; the file may still contain errors that qpdf cannot detect"
"regression/arxiv-cc-2025-01-08-to-14-batch2/2409.02880v3.pdf","4C7350843414020BC4F73209ABD2A87A68F3790CC853044DBB458C8D43BCA2B6","1279236","0","checking C:\Users\steve\code\KillerPDF-Corpus\corpus\regression\arxiv-cc-2025-01-08-to-14-batch2\2409.02880v3.pdf PDF Version: 1.7 File is not encrypted File is not linearized No syntax or stream encoding errors found; the file may still contain errors that qpdf cannot detect"
"regression/arxiv-cc-2025-01-08-to-14-batch2/2409.02988v2.pdf","69DE903DE5ADF0B60F91746AAF75E1676AEEB36E678C861FCCF38B0C08F844E0","422963","0","checking C:\Users\steve\code\KillerPDF-Corpus\corpus\regression\arxiv-cc-2025-01-08-to-14-batch2\2409.02988v2.pdf PDF Version: 1.4 File is not encrypted File is not linearized No syntax or stream encoding errors found; the file may still contain errors that qpdf cannot detect"
"regression/arxiv-cc-2025-01-08-to-14-batch2/2409.03208v1.pdf","7BE69133CD526ADD29CBF66BE9FA454E08DAC8DE33867B944FC3AB0201062ABE","1611867","0","checking C:\Users\steve\code\KillerPDF-Corpus\corpus\regression\arxiv-cc-2025-01-08-to-14-batch2\2409.03208v1.pdf PDF Version: 1.5 File is not encrypted File is not linearized No syntax or stream encoding errors found; the file may still contain errors that qpdf cannot detect"
"regression/arxiv-cc-2025-01-08-to-14-batch2/2409.03415v1.pdf","AE9ED3488DE260912D880E44A3773831AAC910029A17085E619EC338C4DA0B0F","12839691","0","checking C:\Users\steve\code\KillerPDF-Corpus\corpus\regression\arxiv-cc-2025-01-08-to-14-batch2\2409.03415v1.pdf PDF Version: 1.5 File is not encrypted File is not linearized No syntax or stream encoding errors found; the file may still contain errors that qpdf cannot detect"
"regression/arxiv-cc-2025-01-08-to-14-batch2/2409.03584v1.pdf","B9DBFA7AFE8F53E4BD9238D11885BB580DD2598A2EB9D178954F7B5AD0127948","20223168","0","checking C:\Users\steve\code\KillerPDF-Corpus\corpus\regression\arxiv-cc-2025-01-08-to-14-batch2\2409.03584v1.pdf PDF Version: 1.5 File is not encrypted File is not linearized No syntax or stream encoding errors found; the file may still contain errors that qpdf cannot detect"
"regression/arxiv-cc-2025-01-08-to-14-batch2/2409.03673v3.pdf","AAFBBC7860CA512284A2B161460593B5FCFF734FC5DE1B91E0C64C6CB6AC1D0A","2875609","0","checking C:\Users\steve\code\KillerPDF-Corpus\corpus\regression\arxiv-cc-2025-01-08-to-14-batch2\2409.03673v3.pdf PDF Version: 1.4 File is not encrypted File is not linearized No syntax or stream encoding errors found; the file may still contain errors that qpdf cannot detect"
"regression/arxiv-cc-2025-01-08-to-14-batch2/2409.03826v1.pdf","26AD8319FD80ACC9FF8F1E849DB7CBCEE9CF954ECC78DDECC20412E7E541173C","1271176","0","checking C:\Users\steve\code\KillerPDF-Corpus\corpus\regression\arxiv-cc-2025-01-08-to-14-batch2\2409.03826v1.pdf PDF Version: 1.5 File is not encrypted File is not linearized No syntax or stream encoding errors found; the file may still contain errors that qpdf cannot detect"
"regression/arxiv-cc-2025-01-08-to-14-batch2/2409.04311v2.pdf","6A39288680091451C3AB5503950AAE1E5802EA4F0389B903E506CCBA4EC42735","3830546","0","checking C:\Users\steve\code\KillerPDF-Corpus\corpus\regression\arxiv-cc-2025-01-08-to-14-batch2\2409.04311v2.pdf PDF Version: 1.5 File is not encrypted File is not linearized No syntax or stream encoding errors found; the file may still contain errors that qpdf cannot detect"
"regression/arxiv-cc-2025-01-08-to-14-batch2/2409.04546v2.pdf","44E49B54B332C30E2D5CA9D5C5D0DBBD0632AEADBC7F01BFA83AC83E3E94C9FA","205183","0","checking C:\Users\steve\code\KillerPDF-Corpus\corpus\regression\arxiv-cc-2025-01-08-to-14-batch2\2409.04546v2.pdf PDF Version: 1.4 File is not encrypted File is not linearized No syntax or stream encoding errors found; the file may still contain errors that qpdf cannot detect"
"regression/arxiv-cc-2025-01-08-to-14-batch2/2409.04669v4.pdf","95B52E2577A9FDAF541D460E88376264F9BA4DEEA53665623D911006EE13A7E9","740863","0","checking C:\Users\steve\code\KillerPDF-Corpus\corpus\regression\arxiv-cc-2025-01-08-to-14-batch2\2409.04669v4.pdf PDF Version: 1.5 File is not encrypted File is not linearized No syntax or stream encoding errors found; the file may still contain errors that qpdf cannot detect"
"regression/arxiv-cc-2025-01-08-to-14-batch2/2409.04847v2.pdf","1E54A27ECBECE7AE2C524B8DBFD78F5728EF278BD2D477FE9E8B770E7371BADE","3090366","0","checking C:\Users\steve\code\KillerPDF-Corpus\corpus\regression\arxiv-cc-2025-01-08-to-14-batch2\2409.04847v2.pdf PDF Version: 1.5 File is not encrypted File is not linearized No syntax or stream encoding errors found; the file may still contain errors that qpdf cannot detect"
"regression/arxiv-cc-2025-01-08-to-14-batch2/2409.04907v2.pdf","701FFE61DCF5780D2E4BAEC7851EB39518849903C0529FC686092FF8A4C46829","424047","0","checking C:\Users\steve\code\KillerPDF-Corpus\corpus\regression\arxiv-cc-2025-01-08-to-14-batch2\2409.04907v2.pdf PDF Version: 1.4 File is not encrypted File is not linearized No syntax or stream encoding errors found; the file may still contain errors that qpdf cannot detect"
"regression/arxiv-cc-2025-01-08-to-14-batch2/2409.05376v2.pdf","B26D123CC2938C5030958A70CEC2418018BA09606326FF978E79DCAB770FC0E6","232599","0","checking C:\Users\steve\code\KillerPDF-Corpus\corpus\regression\arxiv-cc-2025-01-08-to-14-batch2\2409.05376v2.pdf PDF Version: 1.4 File is not encrypted File is not linearized No syntax or stream encoding errors found; the file may still contain errors that qpdf cannot detect"
"regression/arxiv-cc-2025-01-08-to-14-batch2/2409.05944v3.pdf","6A6B5DEEA07392751ED2F1831802EA1FB128E62F71BE375C76AC00BCE2C6FEC9","1309222","0","checking C:\Users\steve\code\KillerPDF-Corpus\corpus\regression\arxiv-cc-2025-01-08-to-14-batch2\2409.05944v3.pdf PDF Version: 1.5 File is not encrypted File is not linearized No syntax or stream encoding errors found; the file may still contain errors that qpdf cannot detect"
"regression/arxiv-cc-2025-01-08-to-14-batch2/2409.05951v3.pdf","F657DD51DEA930B7DCFAA50CCE9E1B03DE47D2A22DED22449F43D5490B71649D","3834250","0","checking C:\Users\steve\code\KillerPDF-Corpus\corpus\regression\arxiv-cc-2025-01-08-to-14-batch2\2409.05951v3.pdf PDF Version: 1.5 File is not encrypted File is not linearized No syntax or stream encoding errors found; the file may still contain errors that qpdf cannot detect"
"regression/arxiv-cc-2025-01-08-to-14-batch2/2409.05963v2.pdf","8911AB7B6DAF357FA5367A4D7C9570FBDD7E0DDE9F306212DBE8898336B9CEA8","700849","0","checking C:\Users\steve\code\KillerPDF-Corpus\corpus\regression\arxiv-cc-2025-01-08-to-14-batch2\2409.05963v2.pdf PDF Version: 1.5 File is not encrypted File is not linearized No syntax or stream encoding errors found; the file may still contain errors that qpdf cannot detect"
"regression/arxiv-cc-2025-01-08-to-14-batch2/2409.06096v4.pdf","FF2DB115A8CC467AE64A4D3012BB46D5076DDB31853913DDCCCA713F610DA3CA","190062","0","checking C:\Users\steve\code\KillerPDF-Corpus\corpus\regression\arxiv-cc-2025-01-08-to-14-batch2\2409.06096v4.pdf PDF Version: 1.4 File is not encrypted File is not linearized No syntax or stream encoding errors found; the file may still contain errors that qpdf cannot detect"
"regression/arxiv-cc-2025-01-08-to-14-batch2/2409.06267v2.pdf","73E62440FD82B13F918FF047BA33DE01731FBFC0EA3DF376070EDDCD9848758C","21636057","0","checking C:\Users\steve\code\KillerPDF-Corpus\corpus\regression\arxiv-cc-2025-01-08-to-14-batch2\2409.06267v2.pdf PDF Version: 1.5 File is not encrypted File is not linearized No syntax or stream encoding errors found; the file may still contain errors that qpdf cannot detect"
"regression/arxiv-cc-2025-01-08-to-14-batch2/2409.06537v2.pdf","5DCD928238D615B86F72FF7CA5880EB24FC8ABCA00704D86905915E507FE5525","679383","0","checking C:\Users\steve\code\KillerPDF-Corpus\corpus\regression\arxiv-cc-2025-01-08-to-14-batch2\2409.06537v2.pdf PDF Version: 1.5 File is not encrypted File is not linearized No syntax or stream encoding errors found; the file may still contain errors that qpdf cannot detect"
"regression/arxiv-cc-2025-01-08-to-14-batch2/2409.06710v2.pdf","15B2EB8FD5D943D2E9EDFC45AC412E5B17B76CB0E5CC02B45887B5AEF2915D8B","42652809","0","checking C:\Users\steve\code\KillerPDF-Corpus\corpus\regression\arxiv-cc-2025-01-08-to-14-batch2\2409.06710v2.pdf PDF Version: 1.6 File is not encrypted File is not linearized No syntax or stream encoding errors found; the file may still contain errors that qpdf cannot detect"
"regression/arxiv-cc-2025-01-08-to-14-batch2/2409.06768v3.pdf","962F4268355D71286D0689D59D26E54EEC48EA2122EB4219886352C4DD674916","1829980","0","checking C:\Users\steve\code\KillerPDF-Corpus\corpus\regression\arxiv-cc-2025-01-08-to-14-batch2\2409.06768v3.pdf PDF Version: 1.5 File is not encrypted File is not linearized No syntax or stream encoding errors found; the file may still contain errors that qpdf cannot detect"
"regression/arxiv-cc-2025-01-08-to-14-batch2/2409.07196v3.pdf","B57829EB4FF72FBECA4F8C18620E8EA740E6B67A828B1035F09018379D85A9D5","5324192","0","checking C:\Users\steve\code\KillerPDF-Corpus\corpus\regression\arxiv-cc-2025-01-08-to-14-batch2\2409.07196v3.pdf PDF Version: 1.5 File is not encrypted File is not linearized No syntax or stream encoding errors found; the file may still contain errors that qpdf cannot detect"
"regression/arxiv-cc-2025-01-08-to-14-batch2/2409.07312v2.pdf","BE4E2398E6CCCCFD6D13FC1C72BFD0CA2E7C19E7AE91F92AE644772990183BA8","5059571","0","checking C:\Users\steve\code\KillerPDF-Corpus\corpus\regression\arxiv-cc-2025-01-08-to-14-batch2\2409.07312v2.pdf PDF Version: 1.5 File is not encrypted File is not linearized No syntax or stream encoding errors found; the file may still contain errors that qpdf cannot detect"
"regression/arxiv-cc-2025-01-08-to-14-batch2/2409.07387v2.pdf","E89F93A3F5E533E9A581D812B79CF9B183E8A9BDAA36F8537AB4835BC49C22BA","1224229","0","checking C:\Users\steve\code\KillerPDF-Corpus\corpus\regression\arxiv-cc-2025-01-08-to-14-batch2\2409.07387v2.pdf PDF Version: 1.5 File is not encrypted File is not linearized No syntax or stream encoding errors found; the file may still contain errors that qpdf cannot detect"
"regression/arxiv-cc-2025-01-08-to-14-batch2/2409.07403v2.pdf","CBC2A3EDFA8A6E0BBD8F0A752E3F5350623593B7122192B79A12A6BED055E44D","262913","0","checking C:\Users\steve\code\KillerPDF-Corpus\corpus\regression\arxiv-cc-2025-01-08-to-14-batch2\2409.07403v2.pdf PDF Version: 1.4 File is not encrypted File is not linearized No syntax or stream encoding errors found; the file may still contain errors that qpdf cannot detect"
"regression/arxiv-cc-2025-01-08-to-14-batch2/2409.07614v3.pdf","C69282F401938961AE790AFE50448E363893D45B64BECD67A2350405CD5BA0C1","1522645","0","checking C:\Users\steve\code\KillerPDF-Corpus\corpus\regression\arxiv-cc-2025-01-08-to-14-batch2\2409.07614v3.pdf PDF Version: 1.5 File is not encrypted File is not linearized No syntax or stream encoding errors found; the file may still contain errors that qpdf cannot detect"
"regression/arxiv-cc-2025-01-08-to-14-batch2/2409.08153v3.pdf","0873AB1C2A28C674948C49D89A3D0A0B832C1F0465677A6A921A08CC5EE1B3E5","574211","0","checking C:\Users\steve\code\KillerPDF-Corpus\corpus\regression\arxiv-cc-2025-01-08-to-14-batch2\2409.08153v3.pdf PDF Version: 1.5 File is not encrypted File is not linearized No syntax or stream encoding errors found; the file may still contain errors that qpdf cannot detect"
"regression/arxiv-cc-2025-01-08-to-14-batch2/2409.08437v2.pdf","CF5FDAF4E41E3273583285F7FFC0E59228FC59EE4160A374FFF5550E8C822D6E","8463658","0","checking C:\Users\steve\code\KillerPDF-Corpus\corpus\regression\arxiv-cc-2025-01-08-to-14-batch2\2409.08437v2.pdf PDF Version: 1.5 File is not encrypted File is not linearized No syntax or stream encoding errors found; the file may still contain errors that qpdf cannot detect"
"regression/arxiv-cc-2025-01-08-to-14-batch2/2409.08466v2.pdf","207E34CFB2D7C767D99D645678DB94AEA2B468F514D38036DA32461F18575317","2898145","0","checking C:\Users\steve\code\KillerPDF-Corpus\corpus\regression\arxiv-cc-2025-01-08-to-14-batch2\2409.08466v2.pdf PDF Version: 1.5 File is not encrypted File is not linearized No syntax or stream encoding errors found; the file may still contain errors that qpdf cannot detect"
"regression/arxiv-cc-2025-01-08-to-14-batch2/2409.08550v2.pdf","83A3C41B0587B3C65EB5E24363A4368FF021388B4388D8A7109E7BD8F8B9D6E7","24207556","0","checking C:\Users\steve\code\KillerPDF-Corpus\corpus\regression\arxiv-cc-2025-01-08-to-14-batch2\2409.08550v2.pdf PDF Version: 1.5 File is not encrypted File is not linearized No syntax or stream encoding errors found; the file may still contain errors that qpdf cannot detect"
"regression/arxiv-cc-2025-01-08-to-14-batch2/2409.08672v2.pdf","4BE7533A7727C85882785AD82053E6F0204C141336A37A569AE8B1FFAF7B0DE5","3987620","0","checking C:\Users\steve\code\KillerPDF-Corpus\corpus\regression\arxiv-cc-2025-01-08-to-14-batch2\2409.08672v2.pdf PDF Version: 1.5 File is not encrypted File is not linearized No syntax or stream encoding errors found; the file may still contain errors that qpdf cannot detect"
"regression/arxiv-cc-2025-01-08-to-14-batch2/2409.08682v2.pdf","37F69DF29894BDCF076D3BBD7514F4A39685E64E9C499A3247D16F050C7CF6A0","169391","0","checking C:\Users\steve\code\KillerPDF-Corpus\corpus\regression\arxiv-cc-2025-01-08-to-14-batch2\2409.08682v2.pdf PDF Version: 1.4 File is not encrypted File is not linearized No syntax or stream encoding errors found; the file may still contain errors that qpdf cannot detect"
"regression/arxiv-cc-2025-01-08-to-14-batch2/2409.09352v2.pdf","9659BCF1DA3A4F4ECC5AC794707E66E41C060CBA584A0E2F292206F8792E02A6","1043941","0","checking C:\Users\steve\code\KillerPDF-Corpus\corpus\regression\arxiv-cc-2025-01-08-to-14-batch2\2409.09352v2.pdf PDF Version: 1.5 File is not encrypted File is not linearized No syntax or stream encoding errors found; the file may still contain errors that qpdf cannot detect"
"regression/arxiv-cc-2025-01-08-to-14-batch2/2409.09379v2.pdf","F78C81D1C0663B37123BB9404FD63B8026E039388A6963CE79A3BAD4EBFA11E2","3772410","0","checking C:\Users\steve\code\KillerPDF-Corpus\corpus\regression\arxiv-cc-2025-01-08-to-14-batch2\2409.09379v2.pdf PDF Version: 1.5 File is not encrypted File is not linearized No syntax or stream encoding errors found; the file may still contain errors that qpdf cannot detect"
"regression/arxiv-cc-2025-01-08-to-14-batch2/2409.09424v3.pdf","EB6F38D5AA3AB1919E241415F3E55284F412B09BBABC7ABEA688E07F73683CF3","774659","0","checking C:\Users\steve\code\KillerPDF-Corpus\corpus\regression\arxiv-cc-2025-01-08-to-14-batch2\2409.09424v3.pdf PDF Version: 1.5 File is not encrypted File is not linearized No syntax or stream encoding errors found; the file may still contain errors that qpdf cannot detect"
"regression/arxiv-cc-2025-01-08-to-14-batch2/2409.09502v2.pdf","CF28A3EFC19984DB53FC4A093B8E9E2588B45712220566AF5AD1CDF6D65295FD","19666755","0","checking C:\Users\steve\code\KillerPDF-Corpus\corpus\regression\arxiv-cc-2025-01-08-to-14-batch2\2409.09502v2.pdf PDF Version: 1.5 File is not encrypted File is not linearized No syntax or stream encoding errors found; the file may still contain errors that qpdf cannot detect"
"regression/arxiv-cc-2025-01-08-to-14-batch2/2409.09566v3.pdf","994372B3C7F89D8BE963D659F2334B332D687C43EF7E1F21A2D3ECA48D72BC76","47799132","0","checking C:\Users\steve\code\KillerPDF-Corpus\corpus\regression\arxiv-cc-2025-01-08-to-14-batch2\2409.09566v3.pdf PDF Version: 1.5 File is not encrypted File is not linearized No syntax or stream encoding errors found; the file may still contain errors that qpdf cannot detect"
"regression/arxiv-cc-2025-01-08-to-14-batch2/2409.09876v2.pdf","C083F49E71D47131BBDC39AEEB06B7F9CA97E3864D927F5FA3FB23D422CA58F7","12082839","0","checking C:\Users\steve\code\KillerPDF-Corpus\corpus\regression\arxiv-cc-2025-01-08-to-14-batch2\2409.09876v2.pdf PDF Version: 1.5 File is not encrypted File is not linearized No syntax or stream encoding errors found; the file may still contain errors that qpdf cannot detect"
"regression/arxiv-cc-2025-01-08-to-14-batch2/2409.10159v2.pdf","D2914EFB8876CC7C7AE9B61B69E924ECBE55B91950B30BB3DCC0C5722A6027C8","188781","0","checking C:\Users\steve\code\KillerPDF-Corpus\corpus\regression\arxiv-cc-2025-01-08-to-14-batch2\2409.10159v2.pdf PDF Version: 1.4 File is not encrypted File is not linearized No syntax or stream encoding errors found; the file may still contain errors that qpdf cannot detect"
"regression/arxiv-cc-2025-01-08-to-14-batch2/2409.10233v2.pdf","A361DDED5768FE64365E04725E7AEE15C406915C09F7FB25A8E2EF8B54A7D43F","4838419","0","checking C:\Users\steve\code\KillerPDF-Corpus\corpus\regression\arxiv-cc-2025-01-08-to-14-batch2\2409.10233v2.pdf PDF Version: 1.5 File is not encrypted File is not linearized No syntax or stream encoding errors found; the file may still contain errors that qpdf cannot detect"
"regression/arxiv-cc-2025-01-08-to-14-batch2/2409.10466v1.pdf","AE366A3F9791BB0A69F98B780B1BAB315A0CABA5CCD4C978B8D1790BD229294C","8384927","0","checking C:\Users\steve\code\KillerPDF-Corpus\corpus\regression\arxiv-cc-2025-01-08-to-14-batch2\2409.10466v1.pdf PDF Version: 1.5 File is not encrypted File is not linearized No syntax or stream encoding errors found; the file may still contain errors that qpdf cannot detect"
"regression/arxiv-cc-2025-01-08-to-14-batch2/2409.10503v2.pdf","19254386F62544EFCE88061A2A45B67F50B018DF972F8D8A75B3C25651E579C9","2695280","0","checking C:\Users\steve\code\KillerPDF-Corpus\corpus\regression\arxiv-cc-2025-01-08-to-14-batch2\2409.10503v2.pdf PDF Version: 1.5 File is not encrypted File is not linearized No syntax or stream encoding errors found; the file may still contain errors that qpdf cannot detect"
"regression/arxiv-cc-2025-01-08-to-14-batch2/2409.10673v2.pdf","8B639ADBF9FC6E438E497F7AAE486416282366CD9881B566FC98D8B971BCCFF0","436207","0","checking C:\Users\steve\code\KillerPDF-Corpus\corpus\regression\arxiv-cc-2025-01-08-to-14-batch2\2409.10673v2.pdf PDF Version: 1.5 File is not encrypted File is not linearized No syntax or stream encoding errors found; the file may still contain errors that qpdf cannot detect"
"regression/arxiv-cc-2025-01-08-to-14-batch2/2409.10676v1.pdf","88323577F0FC7A0DF8A8BCF8C52A4BCA17938D00C9DF827D70C5C7F87747B5D5","743106","0","checking C:\Users\steve\code\KillerPDF-Corpus\corpus\regression\arxiv-cc-2025-01-08-to-14-batch2\2409.10676v1.pdf PDF Version: 1.5 File is not encrypted File is not linearized No syntax or stream encoding errors found; the file may still contain errors that qpdf cannot detect"
"regression/arxiv-cc-2025-01-08-to-14-batch2/2409.10677v1.pdf","32EE0EEBC4830A0967012DDBEA81E9C34A04A943D628C3D6A3E314363C2122D0","773815","0","checking C:\Users\steve\code\KillerPDF-Corpus\corpus\regression\arxiv-cc-2025-01-08-to-14-batch2\2409.10677v1.pdf PDF Version: 1.5 File is not encrypted File is not linearized No syntax or stream encoding errors found; the file may still contain errors that qpdf cannot detect"
"regression/arxiv-cc-2025-01-08-to-14-batch2/2409.10985v2.pdf","3C2E5C9748AA3FC54B8F81FFCE761369C55A754511F7E0B394EACDC9ACAC0EAE","520463","0","checking C:\Users\steve\code\KillerPDF-Corpus\corpus\regression\arxiv-cc-2025-01-08-to-14-batch2\2409.10985v2.pdf PDF Version: 1.5 File is not encrypted File is not linearized No syntax or stream encoding errors found; the file may still contain errors that qpdf cannot detect"
"regression/arxiv-cc-2025-01-08-to-14-batch2/2409.11067v2.pdf","5F13DD6229ACCAD3F726D5DB8199DC76D6B40702F26A949BD90933AA2D69F983","3656350","0","checking C:\Users\steve\code\KillerPDF-Corpus\corpus\regression\arxiv-cc-2025-01-08-to-14-batch2\2409.11067v2.pdf PDF Version: 1.5 File is not encrypted File is not linearized No syntax or stream encoding errors found; the file may still contain errors that qpdf cannot detect"
"regression/arxiv-cc-2025-01-08-to-14-batch2/2409.11135v1.pdf","88A5D04FE4DC573CE8A97B0E5F937A1C867FF17F5C1FFCE8E3F45210346F4B67","992418","0","checking C:\Users\steve\code\KillerPDF-Corpus\corpus\regression\arxiv-cc-2025-01-08-to-14-batch2\2409.11135v1.pdf PDF Version: 1.5 File is not encrypted File is not linearized No syntax or stream encoding errors found; the file may still contain errors that qpdf cannot detect"
"regression/arxiv-cc-2025-01-08-to-14-batch2/2409.11359v1.pdf","F5A91E09E1AAF9FD88195632B9D752C9694A45E799DCC5D1C1ECBB09B4100906","1169323","0","checking C:\Users\steve\code\KillerPDF-Corpus\corpus\regression\arxiv-cc-2025-01-08-to-14-batch2\2409.11359v1.pdf PDF Version: 1.5 File is not encrypted File is not linearized No syntax or stream encoding errors found; the file may still contain errors that qpdf cannot detect"
"regression/arxiv-cc-2025-01-08-to-14-batch2/2409.11486v2.pdf","45AD8C5234E4723319C263D730F6E1925A7EBBA23E8C498895CAAEC8AD258A8A","12570795","0","checking C:\Users\steve\code\KillerPDF-Corpus\corpus\regression\arxiv-cc-2025-01-08-to-14-batch2\2409.11486v2.pdf PDF Version: 1.5 File is not encrypted File is not linearized No syntax or stream encoding errors found; the file may still contain errors that qpdf cannot detect"
"regression/arxiv-cc-2025-01-08-to-14-batch2/2409.11832v1.pdf","773C86A05B29ADAEC0A9ADFD99002ECDDC5C4E3503192EEE7C27AD39C515B896","618637","0","checking C:\Users\steve\code\KillerPDF-Corpus\corpus\regression\arxiv-cc-2025-01-08-to-14-batch2\2409.11832v1.pdf PDF Version: 1.5 File is not encrypted File is not linearized No syntax or stream encoding errors found; the file may still contain errors that qpdf cannot detect"
"regression/arxiv-cc-2025-01-08-to-14-batch2/2409.11914v2.pdf","DB65A32870DD549F31CE2C67EFE2A533C136C83DCD293CA625081845F5CA1167","1364131","0","checking C:\Users\steve\code\KillerPDF-Corpus\corpus\regression\arxiv-cc-2025-01-08-to-14-batch2\2409.11914v2.pdf PDF Version: 1.5 File is not encrypted File is not linearized No syntax or stream encoding errors found; the file may still contain errors that qpdf cannot detect"
"regression/arxiv-cc-2025-01-08-to-14-batch2/2409.12271v2.pdf","55338C32562757B4A2A94D2F23E8B7B015C76B88F63310E900D4398CF21325CC","4187372","0","checking C:\Users\steve\code\KillerPDF-Corpus\corpus\regression\arxiv-cc-2025-01-08-to-14-batch2\2409.12271v2.pdf PDF Version: 1.5 File is not encrypted File is not linearized No syntax or stream encoding errors found; the file may still contain errors that qpdf cannot detect"
"regression/arxiv-cc-2025-01-08-to-14-batch2/2409.12386v2.pdf","D33C179F5C425C7E162B9BF0B4089275D0AEEE2082FB39C1F9ADD695A5E575F8","1802433","0","checking C:\Users\steve\code\KillerPDF-Corpus\corpus\regression\arxiv-cc-2025-01-08-to-14-batch2\2409.12386v2.pdf PDF Version: 1.5 File is not encrypted File is not linearized No syntax or stream encoding errors found; the file may still contain errors that qpdf cannot detect"
"regression/arxiv-cc-2025-01-08-to-14-batch2/2409.12494v1.pdf","66B078FEA55AEA810E799038E5EC8D56ACF0C955C0CD842D496D240B02355D1F","576373","0","checking C:\Users\steve\code\KillerPDF-Corpus\corpus\regression\arxiv-cc-2025-01-08-to-14-batch2\2409.12494v1.pdf PDF Version: 1.5 File is not encrypted File is not linearized No syntax or stream encoding errors found; the file may still contain errors that qpdf cannot detect"
"regression/arxiv-cc-2025-01-08-to-14-batch2/2409.12627v2.pdf","C9608D96103B6345CF658B78539BFED0AF355DC15372E804AC360A190AFC5BDE","269362","0","checking C:\Users\steve\code\KillerPDF-Corpus\corpus\regression\arxiv-cc-2025-01-08-to-14-batch2\2409.12627v2.pdf PDF Version: 1.4 File is not encrypted File is not linearized No syntax or stream encoding errors found; the file may still contain errors that qpdf cannot detect"
"regression/arxiv-cc-2025-01-08-to-14-batch2/2409.12662v1.pdf","9D000B2A4A9217A209F2A8174434B6312BEAB6A0609C5D0D9018BC00AB359FD4","507916","0","checking C:\Users\steve\code\KillerPDF-Corpus\corpus\regression\arxiv-cc-2025-01-08-to-14-batch2\2409.12662v1.pdf PDF Version: 1.5 File is not encrypted File is not linearized No syntax or stream encoding errors found; the file may still contain errors that qpdf cannot detect"
"regression/arxiv-cc-2025-01-08-to-14-batch2/2409.12697v2.pdf","80DCECD5482383454F14B3AA86655E65A36A401FB23CB430A53C24608BA09FC5","637011","0","checking C:\Users\steve\code\KillerPDF-Corpus\corpus\regression\arxiv-cc-2025-01-08-to-14-batch2\2409.12697v2.pdf PDF Version: 1.5 File is not encrypted File is not linearized No syntax or stream encoding errors found; the file may still contain errors that qpdf cannot detect"
"regression/arxiv-cc-2025-01-08-to-14-batch2/2409.12953v4.pdf","C05E352CFD6680B385B0C8E168D4F632186F44D3A91F8D1045A5F1D2871F5619","31001088","0","checking C:\Users\steve\code\KillerPDF-Corpus\corpus\regression\arxiv-cc-2025-01-08-to-14-batch2\2409.12953v4.pdf PDF Version: 1.5 File is not encrypted File is not linearized No syntax or stream encoding errors found; the file may still contain errors that qpdf cannot detect"
"regression/arxiv-cc-2025-01-08-to-14-batch2/2409.13241v2.pdf","80893A1F4A74222465950814EB6DCF244132E71EB393F3B2B181B788B4D0AE1F","459271","0","checking C:\Users\steve\code\KillerPDF-Corpus\corpus\regression\arxiv-cc-2025-01-08-to-14-batch2\2409.13241v2.pdf PDF Version: 1.4 File is not encrypted File is not linearized No syntax or stream encoding errors found; the file may still contain errors that qpdf cannot detect"
"regression/arxiv-cc-2025-01-08-to-14-batch2/2409.13292v2.pdf","8CF9961DAEAFE6BBBA429AEC9156B061576AD1F2E2A6E427A953039A2FA7EBAA","640355","0","checking C:\Users\steve\code\KillerPDF-Corpus\corpus\regression\arxiv-cc-2025-01-08-to-14-batch2\2409.13292v2.pdf PDF Version: 1.5 File is not encrypted File is not linearized No syntax or stream encoding errors found; the file may still contain errors that qpdf cannot detect"
"regression/arxiv-cc-2025-01-08-to-14-batch2/2409.14297v2.pdf","AB261D1BD744714AD3CECEA523C2DF20767F2F54644A542C8EAD207BA53E457F","870946","0","checking C:\Users\steve\code\KillerPDF-Corpus\corpus\regression\arxiv-cc-2025-01-08-to-14-batch2\2409.14297v2.pdf PDF Version: 1.5 File is not encrypted File is not linearized No syntax or stream encoding errors found; the file may still contain errors that qpdf cannot detect"
"regression/arxiv-cc-2025-01-08-to-14-batch2/2409.14333v2.pdf","0FD269C6587B65874D1D402FEEF4E0E80CA1931E3BBB289DD50F5DABA7C4CEA9","3132020","3","checking C:\Users\steve\code\KillerPDF-Corpus\corpus\regression\arxiv-cc-2025-01-08-to-14-batch2\2409.14333v2.pdf PDF Version: 1.5 File is not encrypted File is not linearized WARNING: C:\Users\steve\code\KillerPDF-Corpus\corpus\regression\arxiv-cc-2025-01-08-to-14-batch2\2409.14333v2.pdf (offset 395943): input stream is complete but output may still be valid qpdf: operation succeeded with warnings"
"regression/arxiv-cc-2025-01-08-to-14-batch2/2409.14978v2.pdf","AE853B9636700A91E4B4C3F2F2E8537579AFACA3DD25B5CA6752AF3EE4131CF3","1173657","0","checking C:\Users\steve\code\KillerPDF-Corpus\corpus\regression\arxiv-cc-2025-01-08-to-14-batch2\2409.14978v2.pdf PDF Version: 1.5 File is not encrypted File is not linearized No syntax or stream encoding errors found; the file may still contain errors that qpdf cannot detect"
"regression/arxiv-cc-2025-01-08-to-14-batch2/2409.15093v2.pdf","A5CEB70CDA095D414AA70E0068BC09DCA759251CD529660D99B25EC1FC68DD69","4626199","0","checking C:\Users\steve\code\KillerPDF-Corpus\corpus\regression\arxiv-cc-2025-01-08-to-14-batch2\2409.15093v2.pdf PDF Version: 1.5 File is not encrypted File is not linearized No syntax or stream encoding errors found; the file may still contain errors that qpdf cannot detect"
"regression/arxiv-cc-2025-01-08-to-14-batch2/2409.15410v3.pdf","11C7B2D93769B05F2EC3A55CE8CE559468159D81ECB37C578960914B8824758F","403103","0","checking C:\Users\steve\code\KillerPDF-Corpus\corpus\regression\arxiv-cc-2025-01-08-to-14-batch2\2409.15410v3.pdf PDF Version: 1.4 File is not encrypted File is not linearized No syntax or stream encoding errors found; the file may still contain errors that qpdf cannot detect"
"regression/arxiv-cc-2025-01-08-to-14-batch2/2409.15589v2.pdf","4A66DCAD829F2531789E4F4E1620D14CD04D4F6BDABD2DCF9215EFDB8F2D8B6B","3309378","0","checking C:\Users\steve\code\KillerPDF-Corpus\corpus\regression\arxiv-cc-2025-01-08-to-14-batch2\2409.15589v2.pdf PDF Version: 1.5 File is not encrypted File is not linearized No syntax or stream encoding errors found; the file may still contain errors that qpdf cannot detect"
"regression/arxiv-cc-2025-01-08-to-14-batch2/2409.15864v3.pdf","B695340C172934BEA45CBE9FFD680F8EFFD78B0AA9691A947DDE9FE6E166ABF4","714397","0","checking C:\Users\steve\code\KillerPDF-Corpus\corpus\regression\arxiv-cc-2025-01-08-to-14-batch2\2409.15864v3.pdf PDF Version: 1.4 File is not encrypted File is not linearized No syntax or stream encoding errors found; the file may still contain errors that qpdf cannot detect"
"regression/arxiv-cc-2025-01-08-to-14-batch2/2409.15943v2.pdf","6D325F2BB2F447ED0D175B2DF7DF503730433519C0E153E4C00A5B10D9E205CF","3547915","0","checking C:\Users\steve\code\KillerPDF-Corpus\corpus\regression\arxiv-cc-2025-01-08-to-14-batch2\2409.15943v2.pdf PDF Version: 1.5 File is not encrypted File is not linearized No syntax or stream encoding errors found; the file may still contain errors that qpdf cannot detect"
"regression/arxiv-cc-2025-01-08-to-14-batch2/2409.16438v3.pdf","FF203500BB147C3CEDBF1935B620416A36F07C561A4BAA45FCC38EB3FC1FD74A","3128552","0","checking C:\Users\steve\code\KillerPDF-Corpus\corpus\regression\arxiv-cc-2025-01-08-to-14-batch2\2409.16438v3.pdf PDF Version: 1.5 File is not encrypted File is not linearized No syntax or stream encoding errors found; the file may still contain errors that qpdf cannot detect"
"regression/arxiv-cc-2025-01-08-to-14-batch2/2409.16586v2.pdf","A28EFCB913F5F301C17910E28DA39B7DA62280FF79C773760E6D1E7854BE0CDB","4342555","0","checking C:\Users\steve\code\KillerPDF-Corpus\corpus\regression\arxiv-cc-2025-01-08-to-14-batch2\2409.16586v2.pdf PDF Version: 1.5 File is not encrypted File is not linearized No syntax or stream encoding errors found; the file may still contain errors that qpdf cannot detect"
"regression/arxiv-cc-2025-01-08-to-14-batch2/2409.16670v2.pdf","715EF03486BC7D77921DA45A3CF7B4D660BFDA973894FF3AC6AE70B6CD302B4D","5913728","0","checking C:\Users\steve\code\KillerPDF-Corpus\corpus\regression\arxiv-cc-2025-01-08-to-14-batch2\2409.16670v2.pdf PDF Version: 1.5 File is not encrypted File is not linearized No syntax or stream encoding errors found; the file may still contain errors that qpdf cannot detect"
"regression/arxiv-cc-2025-01-08-to-14-batch2/2409.16809v2.pdf","E6CDB7B107C5DEC5CC3A8FB58F90991AD354618512EC141BA2E94BA89C3E35E2","1075243","0","checking C:\Users\steve\code\KillerPDF-Corpus\corpus\regression\arxiv-cc-2025-01-08-to-14-batch2\2409.16809v2.pdf PDF Version: 1.5 File is not encrypted File is not linearized No syntax or stream encoding errors found; the file may still contain errors that qpdf cannot detect"
"regression/arxiv-cc-2025-01-08-to-14-batch2/2409.19288v2.pdf","66E3A23C4CCEA4BEFF9FB4BF069C62D099DA7F21301C1EFFCBF0268B01693462","9413861","0","checking C:\Users\steve\code\KillerPDF-Corpus\corpus\regression\arxiv-cc-2025-01-08-to-14-batch2\2409.19288v2.pdf PDF Version: 1.5 File is not encrypted File is not linearized No syntax or stream encoding errors found; the file may still contain errors that qpdf cannot detect"
"regression/arxiv-cc-2025-01-08-to-14-batch2/2409.20169v1.pdf","3F54BB96DF51F6D67F5C6F7A11C7B8384A68ACD992A3D728430635846BA8F034","2058108","0","checking C:\Users\steve\code\KillerPDF-Corpus\corpus\regression\arxiv-cc-2025-01-08-to-14-batch2\2409.20169v1.pdf PDF Version: 1.5 File is not encrypted File is not linearized No syntax or stream encoding errors found; the file may still contain errors that qpdf cannot detect"
"regression/arxiv-cc-2025-01-08-to-14-batch2/2409.20194v2.pdf","3261D65927EA1201EA7CFECDBBCB09A8AFBE38A9C24532A3F896783A055EAE39","2837192","0","checking C:\Users\steve\code\KillerPDF-Corpus\corpus\regression\arxiv-cc-2025-01-08-to-14-batch2\2409.20194v2.pdf PDF Version: 1.5 File is not encrypted File is not linearized No syntax or stream encoding errors found; the file may still contain errors that qpdf cannot detect"
"regression/arxiv-cc-2025-01-08-to-14-batch2/2409.20214v2.pdf","BCF555464AB1D61F751377DD1E4D991B9EF2C878FBAE2BD5FAE54CF2893DA9AC","495550","0","checking C:\Users\steve\code\KillerPDF-Corpus\corpus\regression\arxiv-cc-2025-01-08-to-14-batch2\2409.20214v2.pdf PDF Version: 1.5 File is not encrypted File is not linearized No syntax or stream encoding errors found; the file may still contain errors that qpdf cannot detect"
"regression/arxiv-cc-2025-01-08-to-14-batch2/2410.00190v3.pdf","67D6B3DB18D998FC3A14632F5CFCE2AF74AD733FFB8F3402A345DD49B88636C0","1569796","0","checking C:\Users\steve\code\KillerPDF-Corpus\corpus\regression\arxiv-cc-2025-01-08-to-14-batch2\2410.00190v3.pdf PDF Version: 1.5 File is not encrypted File is not linearized No syntax or stream encoding errors found; the file may still contain errors that qpdf cannot detect"
"regression/arxiv-cc-2025-01-08-to-14-batch2/2410.00494v1.pdf","92A0C0A3BB873122C45E43AA9EE942E87E55DDC093EEE52F64A09812C9D8AD7F","22402440","0","checking C:\Users\steve\code\KillerPDF-Corpus\corpus\regression\arxiv-cc-2025-01-08-to-14-batch2\2410.00494v1.pdf PDF Version: 1.5 File is not encrypted File is not linearized No syntax or stream encoding errors found; the file may still contain errors that qpdf cannot detect"
"regression/arxiv-cc-2025-01-08-to-14-batch2/2410.01471v2.pdf","7BC20AF97B895414489CE5D359D408C711D0C7A2C8E698F225D8264DE277B6FC","353298","0","checking C:\Users\steve\code\KillerPDF-Corpus\corpus\regression\arxiv-cc-2025-01-08-to-14-batch2\2410.01471v2.pdf PDF Version: 1.5 File is not encrypted File is not linearized No syntax or stream encoding errors found; the file may still contain errors that qpdf cannot detect"
"regression/arxiv-cc-2025-01-08-to-14-batch2/2410.01602v3.pdf","E1A4A322676F2522E57F7AB9DED4899CC560723A6A8007D865CD6F3B4C6A80AE","612016","0","checking C:\Users\steve\code\KillerPDF-Corpus\corpus\regression\arxiv-cc-2025-01-08-to-14-batch2\2410.01602v3.pdf PDF Version: 1.4 File is not encrypted File is not linearized No syntax or stream encoding errors found; the file may still contain errors that qpdf cannot detect"
"regression/arxiv-cc-2025-01-08-to-14-batch2/2410.02022v2.pdf","29EABBAF5024BFA7A6BE9886B14067E2A989C82DDF166258C023C778D7124955","926016","0","checking C:\Users\steve\code\KillerPDF-Corpus\corpus\regression\arxiv-cc-2025-01-08-to-14-batch2\2410.02022v2.pdf PDF Version: 1.5 File is not encrypted File is not linearized No syntax or stream encoding errors found; the file may still contain errors that qpdf cannot detect"
"regression/arxiv-cc-2025-01-08-to-14-batch2/2410.02849v2.pdf","3F17B7EC13CF316AA1B397217F9DD0DF244F5E973B3689942CB3E0C64F4FD93C","2065101","0","checking C:\Users\steve\code\KillerPDF-Corpus\corpus\regression\arxiv-cc-2025-01-08-to-14-batch2\2410.02849v2.pdf PDF Version: 1.5 File is not encrypted File is not linearized No syntax or stream encoding errors found; the file may still contain errors that qpdf cannot detect"
"regression/arxiv-cc-2025-01-08-to-14-batch2/2410.02987v2.pdf","95CDD1CF1D870DB099F537B7B2C89ECA96AC793354DD7EAAF321926B44D6973C","942398","0","checking C:\Users\steve\code\KillerPDF-Corpus\corpus\regression\arxiv-cc-2025-01-08-to-14-batch2\2410.02987v2.pdf PDF Version: 1.5 File is not encrypted File is not linearized No syntax or stream encoding errors found; the file may still contain errors that qpdf cannot detect"
"regression/arxiv-cc-2025-01-08-to-14-batch2/2410.03240v2.pdf","8FC1B5556D6AE18E5F9EAC86822214C2DD0CF91F6B3008D9A5F71F852F8E9968","717571","0","checking C:\Users\steve\code\KillerPDF-Corpus\corpus\regression\arxiv-cc-2025-01-08-to-14-batch2\2410.03240v2.pdf PDF Version: 1.5 File is not encrypted File is not linearized No syntax or stream encoding errors found; the file may still contain errors that qpdf cannot detect"
"regression/arxiv-cc-2025-01-08-to-14-batch2/2410.04307v2.pdf","8FC697DDA990B79767A8145C698DC70BAC237B95B93921E8B5A8B7DCB971777F","118285","0","checking C:\Users\steve\code\KillerPDF-Corpus\corpus\regression\arxiv-cc-2025-01-08-to-14-batch2\2410.04307v2.pdf PDF Version: 1.4 File is not encrypted File is not linearized No syntax or stream encoding errors found; the file may still contain errors that qpdf cannot detect"
"regression/arxiv-cc-2025-01-08-to-14-batch2/2410.04516v2.pdf","25DE244B12A70D6940EAD50C0D3C2E37FB363C53A46C8292FB1DE298E3502881","487228","0","checking C:\Users\steve\code\KillerPDF-Corpus\corpus\regression\arxiv-cc-2025-01-08-to-14-batch2\2410.04516v2.pdf PDF Version: 1.5 File is not encrypted File is not linearized No syntax or stream encoding errors found; the file may still contain errors that qpdf cannot detect"
"regression/arxiv-cc-2025-01-08-to-14-batch2/2410.04625v3.pdf","4A178A39CC9DE8C4CF2BAA0C50B561CBE1854B070DA4DA1FAA8E6FF48C3356FE","387490","0","checking C:\Users\steve\code\KillerPDF-Corpus\corpus\regression\arxiv-cc-2025-01-08-to-14-batch2\2410.04625v3.pdf PDF Version: 1.4 File is not encrypted File is not linearized No syntax or stream encoding errors found; the file may still contain errors that qpdf cannot detect"
"regression/arxiv-cc-2025-01-08-to-14-batch2/2410.04836v2.pdf","B2BA7544E0422F5FD9DD4302BD3828630E5F421D5737B7D5FEF15440DE88B5F8","1397501","0","checking C:\Users\steve\code\KillerPDF-Corpus\corpus\regression\arxiv-cc-2025-01-08-to-14-batch2\2410.04836v2.pdf PDF Version: 1.5 File is not encrypted File is not linearized No syntax or stream encoding errors found; the file may still contain errors that qpdf cannot detect"
"regression/arxiv-cc-2025-01-08-to-14-batch2/2410.05315v2.pdf","C4FA4536082B149969F19D564667B60116750B0C1C90DF60FF5D7659DD030FDF","6281648","0","checking C:\Users\steve\code\KillerPDF-Corpus\corpus\regression\arxiv-cc-2025-01-08-to-14-batch2\2410.05315v2.pdf PDF Version: 1.5 File is not encrypted File is not linearized No syntax or stream encoding errors found; the file may still contain errors that qpdf cannot detect"
"regression/arxiv-cc-2025-01-08-to-14-batch2/2410.05379v3.pdf","61CEADA165519B387110969896B75BD8F7282086B026C9EECA0455F26C58B9C5","3648491","0","checking C:\Users\steve\code\KillerPDF-Corpus\corpus\regression\arxiv-cc-2025-01-08-to-14-batch2\2410.05379v3.pdf PDF Version: 1.5 File is not encrypted File is not linearized No syntax or stream encoding errors found; the file may still contain errors that qpdf cannot detect"
"regression/arxiv-cc-2025-01-08-to-14-batch2/2410.05541v2.pdf","977980425F18D98B8B4D62C10B1EB39F6F38BAC8A15C714DD182FA889AB8E739","42853375","3","checking C:\Users\steve\code\KillerPDF-Corpus\corpus\regression\arxiv-cc-2025-01-08-to-14-batch2\2410.05541v2.pdf PDF Version: 1.7 File is not encrypted File is linearized WARNING: C:\Users\steve\code\KillerPDF-Corpus\corpus\regression\arxiv-cc-2025-01-08-to-14-batch2\2410.05541v2.pdf: linearized file contains an uncompressed object after a compressed one in a cross-reference stream WARNING: C:\Users\steve\code\KillerPDF-Corpus\corpus\regression\arxiv-cc-2025-01-08-to-14-batch2\2410.05541v2.pdf: first shared object offset mismatch: hint table = 42755732; computed = 42755232 WARNING: C:\Users\steve\code\KillerPDF-Corpus\corpus\regression\arxiv-cc-2025-01-08-to-14-batch2\2410.05541v2.pdf: page 0 has shared identifier entries WARNING: C:\Users\steve\code\KillerPDF-Corpus\corpus\regression\arxiv-cc-2025-01-08-to-14-batch2\2410.05541v2.pdf: page 0: shared object 106: in hint table but not computed list qpdf: operation succeeded with warnings"
"regression/arxiv-cc-2025-01-08-to-14-batch2/2410.05838v2.pdf","4EE13C2243E72DCF2C3A8F99A82701601F41C4034BEC2CFB6CE56F2869657435","2528412","0","checking C:\Users\steve\code\KillerPDF-Corpus\corpus\regression\arxiv-cc-2025-01-08-to-14-batch2\2410.05838v2.pdf PDF Version: 1.5 File is not encrypted File is not linearized No syntax or stream encoding errors found; the file may still contain errors that qpdf cannot detect"
"regression/arxiv-cc-2025-01-08-to-14-batch2/2410.05993v4.pdf","5C6CE7D359A320DD50B6B0544608D35453C3167FF89EDA75FD86F0DD58D193FB","14163551","0","checking C:\Users\steve\code\KillerPDF-Corpus\corpus\regression\arxiv-cc-2025-01-08-to-14-batch2\2410.05993v4.pdf PDF Version: 1.5 File is not encrypted File is not linearized No syntax or stream encoding errors found; the file may still contain errors that qpdf cannot detect"
"regression/arxiv-cc-2025-01-08-to-14-batch2/2410.06189v2.pdf","19D00002BBDB23E1A258CD686F644790298BD96EA7A30B39F852D98EAA55CC85","1057118","0","checking C:\Users\steve\code\KillerPDF-Corpus\corpus\regression\arxiv-cc-2025-01-08-to-14-batch2\2410.06189v2.pdf PDF Version: 1.5 File is not encrypted File is not linearized No syntax or stream encoding errors found; the file may still contain errors that qpdf cannot detect"
"regression/arxiv-cc-2025-01-08-to-14-batch2/2410.06417v2.pdf","7E7E2F586AB8DF7E36FE2C2CF5A78D3ACE5DBE8B7EF4A07D769B23232AC1CF97","28640635","0","checking C:\Users\steve\code\KillerPDF-Corpus\corpus\regression\arxiv-cc-2025-01-08-to-14-batch2\2410.06417v2.pdf PDF Version: 1.5 File is not encrypted File is not linearized No syntax or stream encoding errors found; the file may still contain errors that qpdf cannot detect"
"regression/arxiv-cc-2025-01-08-to-14-batch2/2410.06832v2.pdf","3AF5948BA311DEFDC428A16161F81780C88E566CC3C17E8FDDC83FC411158217","795206","0","checking C:\Users\steve\code\KillerPDF-Corpus\corpus\regression\arxiv-cc-2025-01-08-to-14-batch2\2410.06832v2.pdf PDF Version: 1.5 File is not encrypted File is not linearized No syntax or stream encoding errors found; the file may still contain errors that qpdf cannot detect"
"regression/arxiv-cc-2025-01-08-to-14-batch2/2410.06850v4.pdf","811AB72DF664718BE590E3075B01C1D5F0643902E55D358AA62ED13E581B3F5C","6069381","0","checking C:\Users\steve\code\KillerPDF-Corpus\corpus\regression\arxiv-cc-2025-01-08-to-14-batch2\2410.06850v4.pdf PDF Version: 1.5 File is not encrypted File is not linearized No syntax or stream encoding errors found; the file may still contain errors that qpdf cannot detect"
"regression/arxiv-cc-2025-01-08-to-14-batch2/2410.06861v2.pdf","8913BFC0FD10C9065C6A6A2B1D31986ADC16AC915DCBCE11DD539566DD211F28","3537751","0","checking C:\Users\steve\code\KillerPDF-Corpus\corpus\regression\arxiv-cc-2025-01-08-to-14-batch2\2410.06861v2.pdf PDF Version: 1.5 File is not encrypted File is not linearized No syntax or stream encoding errors found; the file may still contain errors that qpdf cannot detect"
"regression/arxiv-cc-2025-01-08-to-14-batch2/2410.07016v2.pdf","A81024649EB47F7376D1212CCBCD842AFE887D558522AEAA506F7CD2A0A874F4","18088653","0","checking C:\Users\steve\code\KillerPDF-Corpus\corpus\regression\arxiv-cc-2025-01-08-to-14-batch2\2410.07016v2.pdf PDF Version: 1.5 File is not encrypted File is not linearized No syntax or stream encoding errors found; the file may still contain errors that qpdf cannot detect"
"regression/arxiv-cc-2025-01-08-to-14-batch2/2410.07050v3.pdf","732C8EE8F01DCD3C5770B9C09804F9A3C6E4128D0FBC303D86C2E032B2764F79","13566640","0","checking C:\Users\steve\code\KillerPDF-Corpus\corpus\regression\arxiv-cc-2025-01-08-to-14-batch2\2410.07050v3.pdf PDF Version: 1.5 File is not encrypted File is not linearized No syntax or stream encoding errors found; the file may still contain errors that qpdf cannot detect"
"regression/arxiv-cc-2025-01-08-to-14-batch2/2410.07350v2.pdf","19F09C27D238EFC7BBA3FA9B7EB51E2A79D2154C0D31FD3273BC88B6C92994A6","1173347","0","checking C:\Users\steve\code\KillerPDF-Corpus\corpus\regression\arxiv-cc-2025-01-08-to-14-batch2\2410.07350v2.pdf PDF Version: 1.5 File is not encrypted File is not linearized No syntax or stream encoding errors found; the file may still contain errors that qpdf cannot detect"
"regression/arxiv-cc-2025-01-08-to-14-batch2/2410.08224v1.pdf","1505699460C22475FE0702B599C41DA7FE74B51D3E28681E5C1D34F69FBDFF22","964019","0","checking C:\Users\steve\code\KillerPDF-Corpus\corpus\regression\arxiv-cc-2025-01-08-to-14-batch2\2410.08224v1.pdf PDF Version: 1.5 File is not encrypted File is not linearized No syntax or stream encoding errors found; the file may still contain errors that qpdf cannot detect"
"regression/arxiv-cc-2025-01-08-to-14-batch2/2410.08279v2.pdf","58D9D6AF6073912E7044B15246AC9155C56A6B2077B58205216BD140995E2AAE","10486290","0","checking C:\Users\steve\code\KillerPDF-Corpus\corpus\regression\arxiv-cc-2025-01-08-to-14-batch2\2410.08279v2.pdf PDF Version: 1.5 File is not encrypted File is not linearized No syntax or stream encoding errors found; the file may still contain errors that qpdf cannot detect"
"regression/arxiv-cc-2025-01-08-to-14-batch2/2410.08405v2.pdf","BB89631519E8C24856F835D741F0269F739E8027F07E819AFFC9AFF544F6B99A","8612088","0","checking C:\Users\steve\code\KillerPDF-Corpus\corpus\regression\arxiv-cc-2025-01-08-to-14-batch2\2410.08405v2.pdf PDF Version: 1.5 File is not encrypted File is not linearized No syntax or stream encoding errors found; the file may still contain errors that qpdf cannot detect"
"regression/arxiv-cc-2025-01-08-to-14-batch2/2410.08849v2.pdf","97AADE60D6039288F8DCF62BB3C371BBF4AA7784FF0B08910AB99F4570D51567","296138","0","checking C:\Users\steve\code\KillerPDF-Corpus\corpus\regression\arxiv-cc-2025-01-08-to-14-batch2\2410.08849v2.pdf PDF Version: 1.4 File is not encrypted File is not linearized No syntax or stream encoding errors found; the file may still contain errors that qpdf cannot detect"
"regression/arxiv-cc-2025-01-08-to-14-batch2/2410.08926v3.pdf","B2BB8085F2F96EE6B07FC08933D2A51BEE17210AE46257DA4D30FA44C7D99BFD","2112730","0","checking C:\Users\steve\code\KillerPDF-Corpus\corpus\regression\arxiv-cc-2025-01-08-to-14-batch2\2410.08926v3.pdf PDF Version: 1.5 File is not encrypted File is not linearized No syntax or stream encoding errors found; the file may still contain errors that qpdf cannot detect"
"regression/arxiv-cc-2025-01-08-to-14-batch2/2410.09050v3.pdf","3452A6427DE94C51FEBAF01335D0BF1BA7C1973A62D41BB081001B72D9A1B485","2256315","0","checking C:\Users\steve\code\KillerPDF-Corpus\corpus\regression\arxiv-cc-2025-01-08-to-14-batch2\2410.09050v3.pdf PDF Version: 1.5 File is not encrypted File is not linearized No syntax or stream encoding errors found; the file may still contain errors that qpdf cannot detect"
"regression/arxiv-cc-2025-01-08-to-14-batch2/2410.09376v2.pdf","6C398896092720F00B618B3848E1CD483414AF0A6B4CE59102ABFD77546F945E","606185","0","checking C:\Users\steve\code\KillerPDF-Corpus\corpus\regression\arxiv-cc-2025-01-08-to-14-batch2\2410.09376v2.pdf PDF Version: 1.5 File is not encrypted File is not linearized No syntax or stream encoding errors found; the file may still contain errors that qpdf cannot detect"
"regression/arxiv-cc-2025-01-08-to-14-batch2/2410.09827v1.pdf","9EF284D96FCE794D938C00A938C5A4A28E7CDFACCA34816909F0B648C8728AAC","2772080","0","checking C:\Users\steve\code\KillerPDF-Corpus\corpus\regression\arxiv-cc-2025-01-08-to-14-batch2\2410.09827v1.pdf PDF Version: 1.5 File is not encrypted File is not linearized No syntax or stream encoding errors found; the file may still contain errors that qpdf cannot detect"
"regression/arxiv-cc-2025-01-08-to-14-batch2/2410.10362v3.pdf","B39FABE8BA9D87C7A5087ADF0EA03FD37C3CE85B7D31154D22926EDC80D86566","770098","0","checking C:\Users\steve\code\KillerPDF-Corpus\corpus\regression\arxiv-cc-2025-01-08-to-14-batch2\2410.10362v3.pdf PDF Version: 1.5 File is not encrypted File is not linearized No syntax or stream encoding errors found; the file may still contain errors that qpdf cannot detect"
"regression/arxiv-cc-2025-01-08-to-14-batch2/2410.10701v2.pdf","03311D85CFF40EC87E78A75208988EAC2F0D65DCA86BE59EAE1A0DDE7D0846A3","1480680","0","checking C:\Users\steve\code\KillerPDF-Corpus\corpus\regression\arxiv-cc-2025-01-08-to-14-batch2\2410.10701v2.pdf PDF Version: 1.5 File is not encrypted File is not linearized No syntax or stream encoding errors found; the file may still contain errors that qpdf cannot detect"
"regression/arxiv-cc-2025-01-08-to-14-batch2/2410.11047v2.pdf","F71A7F35F42CC279407F92982F8D0B3AFA6CB87D98BB28B2229DFB832261CCC3","121644","0","checking C:\Users\steve\code\KillerPDF-Corpus\corpus\regression\arxiv-cc-2025-01-08-to-14-batch2\2410.11047v2.pdf PDF Version: 1.4 File is not encrypted File is not linearized No syntax or stream encoding errors found; the file may still contain errors that qpdf cannot detect"
"regression/arxiv-cc-2025-01-08-to-14-batch2/2410.11547v2.pdf","F555B9D7800BC960F52E0D0B44F5A6DDA4ADCFD3D95F62C7990168CF8E751E5C","411416","0","checking C:\Users\steve\code\KillerPDF-Corpus\corpus\regression\arxiv-cc-2025-01-08-to-14-batch2\2410.11547v2.pdf PDF Version: 1.5 File is not encrypted File is not linearized No syntax or stream encoding errors found; the file may still contain errors that qpdf cannot detect"
"regression/arxiv-cc-2025-01-08-to-14-batch2/2410.11573v2.pdf","6A7583303205EF6365BBE82A9E74779F4067E01FF5FA34D7660198C8C6593135","1402227","0","checking C:\Users\steve\code\KillerPDF-Corpus\corpus\regression\arxiv-cc-2025-01-08-to-14-batch2\2410.11573v2.pdf PDF Version: 1.5 File is not encrypted File is not linearized No syntax or stream encoding errors found; the file may still contain errors that qpdf cannot detect"
"regression/arxiv-cc-2025-01-08-to-14-batch2/2410.11956v2.pdf","2D810ADACC3AB64DC37C063EF0740E21CDDA66AFB16B7AA66B48C2D88DAE8035","718143","0","checking C:\Users\steve\code\KillerPDF-Corpus\corpus\regression\arxiv-cc-2025-01-08-to-14-batch2\2410.11956v2.pdf PDF Version: 1.5 File is not encrypted File is not linearized No syntax or stream encoding errors found; the file may still contain errors that qpdf cannot detect"
"regression/arxiv-cc-2025-01-08-to-14-batch2/2410.12427v2.pdf","E1436ED1C5211555E32CFF9A1590A4A220E64B994F2DD9AC8ADCEFB142017E31","520834","0","checking C:\Users\steve\code\KillerPDF-Corpus\corpus\regression\arxiv-cc-2025-01-08-to-14-batch2\2410.12427v2.pdf PDF Version: 1.5 File is not encrypted File is not linearized No syntax or stream encoding errors found; the file may still contain errors that qpdf cannot detect"
"regression/arxiv-cc-2025-01-08-to-14-batch2/2410.12488v2.pdf","C10B1398C53106B00E84B6164A51CF27CB6704EDD9CD672E3AF2C5F51EC84E79","205311","0","checking C:\Users\steve\code\KillerPDF-Corpus\corpus\regression\arxiv-cc-2025-01-08-to-14-batch2\2410.12488v2.pdf PDF Version: 1.4 File is not encrypted File is not linearized No syntax or stream encoding errors found; the file may still contain errors that qpdf cannot detect"
"regression/arxiv-cc-2025-01-08-to-14-batch2/2410.12751v4.pdf","C202D0984766943FD3533BA8876AE5F82AF72819A1CB674622438D71B091F1A1","1464264","0","checking C:\Users\steve\code\KillerPDF-Corpus\corpus\regression\arxiv-cc-2025-01-08-to-14-batch2\2410.12751v4.pdf PDF Version: 1.5 File is not encrypted File is not linearized No syntax or stream encoding errors found; the file may still contain errors that qpdf cannot detect"
"regression/arxiv-cc-2025-01-08-to-14-batch2/2410.12873v8.pdf","B7D6E98ACF1356C0845DD57DE4255E9CC17ED61E34633694264029A115CD9116","168788","0","checking C:\Users\steve\code\KillerPDF-Corpus\corpus\regression\arxiv-cc-2025-01-08-to-14-batch2\2410.12873v8.pdf PDF Version: 1.4 File is not encrypted File is not linearized No syntax or stream encoding errors found; the file may still contain errors that qpdf cannot detect"
"regression/arxiv-cc-2025-01-08-to-14-batch2/2410.13159v2.pdf","E78A4286E3950A0DE69A12932E9B648A9034106D001C691D6FAAD8358F33848E","1527742","0","checking C:\Users\steve\code\KillerPDF-Corpus\corpus\regression\arxiv-cc-2025-01-08-to-14-batch2\2410.13159v2.pdf PDF Version: 1.5 File is not encrypted File is not linearized No syntax or stream encoding errors found; the file may still contain errors that qpdf cannot detect"
"regression/arxiv-cc-2025-01-08-to-14-batch2/2410.14440v2.pdf","686CD404FC9CD191DE310A390D705561EACEE4C5CA90FA77CF61466B13463DC0","823233","0","checking C:\Users\steve\code\KillerPDF-Corpus\corpus\regression\arxiv-cc-2025-01-08-to-14-batch2\2410.14440v2.pdf PDF Version: 1.5 File is not encrypted File is not linearized No syntax or stream encoding errors found; the file may still contain errors that qpdf cannot detect"
"regression/arxiv-cc-2025-01-08-to-14-batch2/2410.14549v3.pdf","6938C03462C29DC5F82E9D1F2DCB7E17F75138E8489AF83488DC879E52F53F74","46077147","0","checking C:\Users\steve\code\KillerPDF-Corpus\corpus\regression\arxiv-cc-2025-01-08-to-14-batch2\2410.14549v3.pdf PDF Version: 1.5 File is not encrypted File is not linearized No syntax or stream encoding errors found; the file may still contain errors that qpdf cannot detect"
"regression/arxiv-cc-2025-01-08-to-14-batch2/2410.14562v1.pdf","C742D3859E6633E6656F80D5666D50F06DF9F44917521941629D68CB0B5076D1","2557472","0","checking C:\Users\steve\code\KillerPDF-Corpus\corpus\regression\arxiv-cc-2025-01-08-to-14-batch2\2410.14562v1.pdf PDF Version: 1.5 File is not encrypted File is not linearized No syntax or stream encoding errors found; the file may still contain errors that qpdf cannot detect"
"regression/arxiv-cc-2025-01-08-to-14-batch2/2410.15028v3.pdf","B860BC1A414DC620723601E7031893C3656F320E7789D09E056A9BA473EE18F3","1405695","3","checking C:\Users\steve\code\KillerPDF-Corpus\corpus\regression\arxiv-cc-2025-01-08-to-14-batch2\2410.15028v3.pdf PDF Version: 1.6 File is not encrypted File is not linearized WARNING: C:\Users\steve\code\KillerPDF-Corpus\corpus\regression\arxiv-cc-2025-01-08-to-14-batch2\2410.15028v3.pdf: xref entry for the xref stream itself is missing - a common error handled correctly by qpdf and most other applications qpdf: operation succeeded with warnings"
"regression/arxiv-cc-2025-01-08-to-14-batch2/2410.15410v3.pdf","C5738EE1F84A7978B810BDC0447FE6DA11566008482669704A69FD08793BAC2B","1378049","0","checking C:\Users\steve\code\KillerPDF-Corpus\corpus\regression\arxiv-cc-2025-01-08-to-14-batch2\2410.15410v3.pdf PDF Version: 1.5 File is not encrypted File is not linearized No syntax or stream encoding errors found; the file may still contain errors that qpdf cannot detect"
"regression/arxiv-cc-2025-01-08-to-14-batch2/2410.15647v3.pdf","DAA9C9DB00281CAF438D8A63EAEE69EEA0AE1DD976D168FDCE0EA1466615E28A","8235576","0","checking C:\Users\steve\code\KillerPDF-Corpus\corpus\regression\arxiv-cc-2025-01-08-to-14-batch2\2410.15647v3.pdf PDF Version: 1.5 File is not encrypted File is not linearized No syntax or stream encoding errors found; the file may still contain errors that qpdf cannot detect"
"regression/arxiv-cc-2025-01-08-to-14-batch2/2410.15911v2.pdf","33DA6ADF751A8BEAA4112E45E4EB2926DEB29CE2BA5ED3EC40FCD82412136090","4245582","0","checking C:\Users\steve\code\KillerPDF-Corpus\corpus\regression\arxiv-cc-2025-01-08-to-14-batch2\2410.15911v2.pdf PDF Version: 1.5 File is not encrypted File is not linearized No syntax or stream encoding errors found; the file may still contain errors that qpdf cannot detect"
"regression/arxiv-cc-2025-01-08-to-14-batch2/2410.16003v2.pdf","421B4BE505B5CC101CD1F3BEE5630ADC00DAFF62C0BB5D444BB6BCB70126AF09","5420431","0","checking C:\Users\steve\code\KillerPDF-Corpus\corpus\regression\arxiv-cc-2025-01-08-to-14-batch2\2410.16003v2.pdf PDF Version: 1.5 File is not encrypted File is not linearized No syntax or stream encoding errors found; the file may still contain errors that qpdf cannot detect"
"regression/arxiv-cc-2025-01-08-to-14-batch2/2410.16536v2.pdf","FDA8F4385B21A94C1490D80DB6CEC501CD20CAAEF9F11BAE97454A08DA2719F4","157825","0","checking C:\Users\steve\code\KillerPDF-Corpus\corpus\regression\arxiv-cc-2025-01-08-to-14-batch2\2410.16536v2.pdf PDF Version: 1.4 File is not encrypted File is not linearized No syntax or stream encoding errors found; the file may still contain errors that qpdf cannot detect"
"regression/arxiv-cc-2025-01-08-to-14-batch2/2410.16921v2.pdf","62D3F4658461E69171E702444B74838111803CB6130A461ED0E99FD5F047D401","244278","0","checking C:\Users\steve\code\KillerPDF-Corpus\corpus\regression\arxiv-cc-2025-01-08-to-14-batch2\2410.16921v2.pdf PDF Version: 1.4 File is not encrypted File is not linearized No syntax or stream encoding errors found; the file may still contain errors that qpdf cannot detect"
"regression/arxiv-cc-2025-01-08-to-14-batch2/2410.17093v2.pdf","E1AA526C86B5301DEDBC5BECC8C9BE6022CE64B5D3569FD40B0E7D6A3E1E2717","784235","0","checking C:\Users\steve\code\KillerPDF-Corpus\corpus\regression\arxiv-cc-2025-01-08-to-14-batch2\2410.17093v2.pdf PDF Version: 1.4 File is not encrypted File is not linearized No syntax or stream encoding errors found; the file may still contain errors that qpdf cannot detect"
"regression/arxiv-cc-2025-01-08-to-14-batch2/2410.17232v2.pdf","EEA029652D1892CF2DB71D3F22939DBDEF4C1F792CE85128836693712C0D33CD","2828996","0","checking C:\Users\steve\code\KillerPDF-Corpus\corpus\regression\arxiv-cc-2025-01-08-to-14-batch2\2410.17232v2.pdf PDF Version: 1.5 File is not encrypted File is not linearized No syntax or stream encoding errors found; the file may still contain errors that qpdf cannot detect"
"regression/arxiv-cc-2025-01-08-to-14-batch2/2410.17387v1.pdf","4D75940DC9CEBA59B0CB6FE2E51AA6168D539A9836B643C1E85FBB8ADB74819A","16677805","0","checking C:\Users\steve\code\KillerPDF-Corpus\corpus\regression\arxiv-cc-2025-01-08-to-14-batch2\2410.17387v1.pdf PDF Version: 1.5 File is not encrypted File is not linearized No syntax or stream encoding errors found; the file may still contain errors that qpdf cannot detect"
"regression/arxiv-cc-2025-01-08-to-14-batch2/2410.17728v2.pdf","B5972AD3BC3B5534565C576C6F823B9FFC029F9777D55B8C04BBDE5C329CB433","787450","0","checking C:\Users\steve\code\KillerPDF-Corpus\corpus\regression\arxiv-cc-2025-01-08-to-14-batch2\2410.17728v2.pdf PDF Version: 1.5 File is not encrypted File is not linearized No syntax or stream encoding errors found; the file may still contain errors that qpdf cannot detect"
"regression/arxiv-cc-2025-01-08-to-14-batch2/2410.18046v2.pdf","C45892689F75CFB42CB9A374EC8A2A1981B831089E7AC9AF4E80328DA0525A08","812429","0","checking C:\Users\steve\code\KillerPDF-Corpus\corpus\regression\arxiv-cc-2025-01-08-to-14-batch2\2410.18046v2.pdf PDF Version: 1.5 File is not encrypted File is not linearized No syntax or stream encoding errors found; the file may still contain errors that qpdf cannot detect"
"regression/arxiv-cc-2025-01-08-to-14-batch2/2410.18101v2.pdf","90DA47919A2FCBABCC728722E5815F414ECBFA5927D2C964DC2CEA456B64A9FF","1175055","0","checking C:\Users\steve\code\KillerPDF-Corpus\corpus\regression\arxiv-cc-2025-01-08-to-14-batch2\2410.18101v2.pdf PDF Version: 1.5 File is not encrypted File is not linearized No syntax or stream encoding errors found; the file may still contain errors that qpdf cannot detect"
"regression/arxiv-cc-2025-01-08-to-14-batch2/2410.19155v3.pdf","64FF7DF260962777FEEC8029E276C0707CADDE5AEF27E76A0E42A5B51F4815B3","1818648","0","checking C:\Users\steve\code\KillerPDF-Corpus\corpus\regression\arxiv-cc-2025-01-08-to-14-batch2\2410.19155v3.pdf PDF Version: 1.5 File is not encrypted File is not linearized No syntax or stream encoding errors found; the file may still contain errors that qpdf cannot detect"
"regression/arxiv-cc-2025-01-08-to-14-batch2/2410.19197v1.pdf","F3AC59DAF90EA1817C123FAB616FEE3F2637611E313EDD7817554FBA9DE8F428","2306879","0","checking C:\Users\steve\code\KillerPDF-Corpus\corpus\regression\arxiv-cc-2025-01-08-to-14-batch2\2410.19197v1.pdf PDF Version: 1.5 File is not encrypted File is not linearized No syntax or stream encoding errors found; the file may still contain errors that qpdf cannot detect"
"regression/arxiv-cc-2025-01-08-to-14-batch2/2410.19751v2.pdf","4338E9F6350F157CBFCFB3BED53262D4868D127A477A99B03BD0C0A63CE84183","2605515","0","checking C:\Users\steve\code\KillerPDF-Corpus\corpus\regression\arxiv-cc-2025-01-08-to-14-batch2\2410.19751v2.pdf PDF Version: 1.5 File is not encrypted File is not linearized No syntax or stream encoding errors found; the file may still contain errors that qpdf cannot detect"
"regression/arxiv-cc-2025-01-08-to-14-batch2/2410.19900v2.pdf","5FEF36C2C47D99507F33490C6AB8B92A0F3D2F1DBAB9567FBFB7AE93205E42BD","7672779","0","checking C:\Users\steve\code\KillerPDF-Corpus\corpus\regression\arxiv-cc-2025-01-08-to-14-batch2\2410.19900v2.pdf PDF Version: 1.5 File is not encrypted File is not linearized No syntax or stream encoding errors found; the file may still contain errors that qpdf cannot detect"
"regression/arxiv-cc-2025-01-08-to-14-batch2/2410.20234v2.pdf","175CA3948C315C30084ABFFE2273620CF801201670279436B11F5CA8385ED24F","595785","0","checking C:\Users\steve\code\KillerPDF-Corpus\corpus\regression\arxiv-cc-2025-01-08-to-14-batch2\2410.20234v2.pdf PDF Version: 1.5 File is not encrypted File is not linearized No syntax or stream encoding errors found; the file may still contain errors that qpdf cannot detect"
"regression/arxiv-cc-2025-01-08-to-14-batch2/2410.20974v2.pdf","2566F1F4FECEFC90A8C049DD0E36C7B7E0351C3FDECA60E2014CE31D9280DCC9","8706805","0","checking C:\Users\steve\code\KillerPDF-Corpus\corpus\regression\arxiv-cc-2025-01-08-to-14-batch2\2410.20974v2.pdf PDF Version: 1.5 File is not encrypted File is not linearized No syntax or stream encoding errors found; the file may still contain errors that qpdf cannot detect"
"regression/arxiv-cc-2025-01-08-to-14-batch2/2410.21963v2.pdf","2DCD2AC9A6AFC6E6E5F746EABD5C6D053A2E80951AE6E38E31AAE39216139389","1639694","0","checking C:\Users\steve\code\KillerPDF-Corpus\corpus\regression\arxiv-cc-2025-01-08-to-14-batch2\2410.21963v2.pdf PDF Version: 1.5 File is not encrypted File is not linearized No syntax or stream encoding errors found; the file may still contain errors that qpdf cannot detect"
"regression/arxiv-cc-2025-01-08-to-14-batch2/2410.22257v2.pdf","F77FA132C67E74716B6F9A9CCA888775AB72023A927D0C52BEC88F9FAB765664","1775626","0","checking C:\Users\steve\code\KillerPDF-Corpus\corpus\regression\arxiv-cc-2025-01-08-to-14-batch2\2410.22257v2.pdf PDF Version: 1.5 File is not encrypted File is not linearized No syntax or stream encoding errors found; the file may still contain errors that qpdf cannot detect"
"regression/arxiv-cc-2025-01-08-to-14-batch2/2410.22420v2.pdf","8D9C11ADA32B2BD05533D306FCFFC04C9F63828A41A1D016663AB217ACD2F856","5820891","0","checking C:\Users\steve\code\KillerPDF-Corpus\corpus\regression\arxiv-cc-2025-01-08-to-14-batch2\2410.22420v2.pdf PDF Version: 1.5 File is not encrypted File is not linearized No syntax or stream encoding errors found; the file may still contain errors that qpdf cannot detect"
"regression/arxiv-cc-2025-01-08-to-14-batch2/2410.22829v2.pdf","D18E80A3DE8263E14B452674EC6B8E2A9679F777EBEA568D92080841052E856B","24493419","0","checking C:\Users\steve\code\KillerPDF-Corpus\corpus\regression\arxiv-cc-2025-01-08-to-14-batch2\2410.22829v2.pdf PDF Version: 1.5 File is not encrypted File is not linearized No syntax or stream encoding errors found; the file may still contain errors that qpdf cannot detect"
"regression/arxiv-cc-2025-01-08-to-14-batch2/2410.23307v1.pdf","9ADFE6B0A1D0F0A9339722BC7E4D10C790EEF004022675E7CA01BA5670DED1BD","1240503","0","checking C:\Users\steve\code\KillerPDF-Corpus\corpus\regression\arxiv-cc-2025-01-08-to-14-batch2\2410.23307v1.pdf PDF Version: 1.5 File is not encrypted File is not linearized No syntax or stream encoding errors found; the file may still contain errors that qpdf cannot detect"
"regression/arxiv-cc-2025-01-08-to-14-batch2/2410.23541v2.pdf","E7356C10E95B464CD657A7433E6F01FB21C7CFC04261C4B1870E4A99E70F8906","1583807","0","checking C:\Users\steve\code\KillerPDF-Corpus\corpus\regression\arxiv-cc-2025-01-08-to-14-batch2\2410.23541v2.pdf PDF Version: 1.5 File is not encrypted File is not linearized No syntax or stream encoding errors found; the file may still contain errors that qpdf cannot detect"
"regression/arxiv-cc-2025-01-08-to-14-batch2/2410.23635v2.pdf","BF4268263189D7FBEF84F3D9D68B75BA8C21B0A6202A7C8A3DEE47AA2C65CB4A","2935064","0","checking C:\Users\steve\code\KillerPDF-Corpus\corpus\regression\arxiv-cc-2025-01-08-to-14-batch2\2410.23635v2.pdf PDF Version: 1.5 File is not encrypted File is not linearized No syntax or stream encoding errors found; the file may still contain errors that qpdf cannot detect"
"regression/arxiv-cc-2025-01-08-to-14-batch2/2410.24080v2.pdf","A9080731B501DA23066B5AFC0747BCB0749D51B6742D9AD273DE2A0625AADE43","734169","0","checking C:\Users\steve\code\KillerPDF-Corpus\corpus\regression\arxiv-cc-2025-01-08-to-14-batch2\2410.24080v2.pdf PDF Version: 1.7 File is not encrypted File is not linearized No syntax or stream encoding errors found; the file may still contain errors that qpdf cannot detect"
"regression/arxiv-cc-2025-01-08-to-14-batch2/2410.24091v2.pdf","2DC12F709EADBFE976321192D9C75F443A0313BBF65BFED7B9CB08F565689351","9808396","0","checking C:\Users\steve\code\KillerPDF-Corpus\corpus\regression\arxiv-cc-2025-01-08-to-14-batch2\2410.24091v2.pdf PDF Version: 1.5 File is not encrypted File is not linearized No syntax or stream encoding errors found; the file may still contain errors that qpdf cannot detect"
"regression/arxiv-cc-2025-01-08-to-14-batch2/2411.00314v3.pdf","FF4699B0DAA4D05E097F3A77DDBB98BBF782CDB71CBD8501B9A1B464A35A4648","471908","0","checking C:\Users\steve\code\KillerPDF-Corpus\corpus\regression\arxiv-cc-2025-01-08-to-14-batch2\2411.00314v3.pdf PDF Version: 1.5 File is not encrypted File is not linearized No syntax or stream encoding errors found; the file may still contain errors that qpdf cannot detect"
"regression/arxiv-cc-2025-01-08-to-14-batch2/2411.01006v3.pdf","3AB34C88DE38D4F97E94584C8DB01F424F8D514611FD835ECD3EA73D22F1EE58","3231374","0","checking C:\Users\steve\code\KillerPDF-Corpus\corpus\regression\arxiv-cc-2025-01-08-to-14-batch2\2411.01006v3.pdf PDF Version: 1.5 File is not encrypted File is not linearized No syntax or stream encoding errors found; the file may still contain errors that qpdf cannot detect"
"regression/arxiv-cc-2025-01-08-to-14-batch2/2411.01174v2.pdf","AEBA52C2F121027560F3F18BF9435F811D36D43E6E6515CAA1BD78358E33C080","947849","0","checking C:\Users\steve\code\KillerPDF-Corpus\corpus\regression\arxiv-cc-2025-01-08-to-14-batch2\2411.01174v2.pdf PDF Version: 1.5 File is not encrypted File is not linearized No syntax or stream encoding errors found; the file may still contain errors that qpdf cannot detect"
"regression/arxiv-cc-2025-01-08-to-14-batch2/2411.01835v2.pdf","A968552080E833407FC4053E8A32C67FCCF41E2AC1D6BD8E360CF3F2CF89D8EF","350599","0","checking C:\Users\steve\code\KillerPDF-Corpus\corpus\regression\arxiv-cc-2025-01-08-to-14-batch2\2411.01835v2.pdf PDF Version: 1.4 File is not encrypted File is not linearized No syntax or stream encoding errors found; the file may still contain errors that qpdf cannot detect"
"regression/arxiv-cc-2025-01-08-to-14-batch2/2411.02095v2.pdf","42E32BF854077B7941F00F65C88D71C172040B33D565C5608EAB70C5A9DCA9B3","472948","3","checking C:\Users\steve\code\KillerPDF-Corpus\corpus\regression\arxiv-cc-2025-01-08-to-14-batch2\2411.02095v2.pdf PDF Version: 1.6 File is not encrypted File is linearized WARNING: C:\Users\steve\code\KillerPDF-Corpus\corpus\regression\arxiv-cc-2025-01-08-to-14-batch2\2411.02095v2.pdf: linearized file contains an uncompressed object after a compressed one in a cross-reference stream WARNING: C:\Users\steve\code\KillerPDF-Corpus\corpus\regression\arxiv-cc-2025-01-08-to-14-batch2\2411.02095v2.pdf: end of first page section (/E) mismatch: /E = 319447; computed = 468056..468057 WARNING: C:\Users\steve\code\KillerPDF-Corpus\corpus\regression\arxiv-cc-2025-01-08-to-14-batch2\2411.02095v2.pdf: part 8 is empty but nshared_total > nshared_first_page WARNING: C:\Users\steve\code\KillerPDF-Corpus\corpus\regression\arxiv-cc-2025-01-08-to-14-batch2\2411.02095v2.pdf: object count mismatch for page 0: hint table = 30; computed = 31 WARNING: C:\Users\steve\code\KillerPDF-Corpus\corpus\regression\arxiv-cc-2025-01-08-to-14-batch2\2411.02095v2.pdf: page 0 has shared identifier entries WARNING: C:\Users\steve\code\KillerPDF-Corpus\corpus\regression\arxiv-cc-2025-01-08-to-14-batch2\2411.02095v2.pdf: page 0: shared object 235: in hint table but not computed list WARNING: C:\Users\steve\code\KillerPDF-Corpus\corpus\regression\arxiv-cc-2025-01-08-to-14-batch2\2411.02095v2.pdf: object count mismatch for page 3: hint table = 7; computed = 8 WARNING: C:\Users\steve\code\KillerPDF-Corpus\corpus\regression\arxiv-cc-2025-01-08-to-14-batch2\2411.02095v2.pdf: page 3: shared object 23: in hint table but not computed list WARNING: C:\Users\steve\code\KillerPDF-Corpus\corpus\regression\arxiv-cc-2025-01-08-to-14-batch2\2411.02095v2.pdf: page 7: shared object 26: in computed list but not hint table qpdf: operation succeeded with warnings"
"regression/arxiv-cc-2025-01-08-to-14-batch2/2411.02522v3.pdf","F94B9543B4BBBB589F76966E5BE35F6942257D6B9735AE1328E26279A4D46EB0","1540298","0","checking C:\Users\steve\code\KillerPDF-Corpus\corpus\regression\arxiv-cc-2025-01-08-to-14-batch2\2411.02522v3.pdf PDF Version: 1.5 File is not encrypted File is not linearized No syntax or stream encoding errors found; the file may still contain errors that qpdf cannot detect"
"regression/arxiv-cc-2025-01-08-to-14-batch2/2411.03334v3.pdf","7E74E894E035F99A5CC0BA5F7D32985844C80D3CC082E188ABAD7AD40A0EAA11","1626067","0","checking C:\Users\steve\code\KillerPDF-Corpus\corpus\regression\arxiv-cc-2025-01-08-to-14-batch2\2411.03334v3.pdf PDF Version: 1.5 File is not encrypted File is not linearized No syntax or stream encoding errors found; the file may still contain errors that qpdf cannot detect"
"regression/arxiv-cc-2025-01-08-to-14-batch2/2411.03381v2.pdf","4E25A8FD5758E6BC9A35AE95E7B3D2770A1CBDAAF507AC67A0D5A38FE06BADE3","1593540","0","checking C:\Users\steve\code\KillerPDF-Corpus\corpus\regression\arxiv-cc-2025-01-08-to-14-batch2\2411.03381v2.pdf PDF Version: 1.5 File is not encrypted File is not linearized No syntax or stream encoding errors found; the file may still contain errors that qpdf cannot detect"
"regression/arxiv-cc-2025-01-08-to-14-batch2/2411.03703v2.pdf","FC7D475E2116463E3C885DB21D0C262579C33378A1CBBBF0CBF4053EB9074D63","126594","0","checking C:\Users\steve\code\KillerPDF-Corpus\corpus\regression\arxiv-cc-2025-01-08-to-14-batch2\2411.03703v2.pdf PDF Version: 1.4 File is not encrypted File is not linearized No syntax or stream encoding errors found; the file may still contain errors that qpdf cannot detect"
"regression/arxiv-cc-2025-01-08-to-14-batch2/2411.04446v2.pdf","1CFB49C57EDAEAF6C57AD845F9CB06EB634DC329A87FFCDF04F919F780FFCC43","4415035","0","checking C:\Users\steve\code\KillerPDF-Corpus\corpus\regression\arxiv-cc-2025-01-08-to-14-batch2\2411.04446v2.pdf PDF Version: 1.5 File is not encrypted File is not linearized No syntax or stream encoding errors found; the file may still contain errors that qpdf cannot detect"
"regression/arxiv-cc-2025-01-08-to-14-batch2/2411.04470v1.pdf","58E8BCF65C827E5688439DDC7FC2B9C96000AE90F5A4B75AD4E30F7E5F9C65CB","1386188","0","checking C:\Users\steve\code\KillerPDF-Corpus\corpus\regression\arxiv-cc-2025-01-08-to-14-batch2\2411.04470v1.pdf PDF Version: 1.5 File is not encrypted File is not linearized No syntax or stream encoding errors found; the file may still contain errors that qpdf cannot detect"
"regression/arxiv-cc-2025-01-08-to-14-batch2/2411.05579v2.pdf","8A19B98C92CA608B24079C0B873E78EFD544B210785FDE3F2EACA43C9F9EB38C","3967563","0","checking C:\Users\steve\code\KillerPDF-Corpus\corpus\regression\arxiv-cc-2025-01-08-to-14-batch2\2411.05579v2.pdf PDF Version: 1.5 File is not encrypted File is not linearized No syntax or stream encoding errors found; the file may still contain errors that qpdf cannot detect"
"regression/arxiv-cc-2025-01-08-to-14-batch2/2411.05622v2.pdf","B6C636D6A7C6D9C51BE4F3E6BFB35C791EBDB950F4F1D2D821F731AF02801309","1151830","3","checking C:\Users\steve\code\KillerPDF-Corpus\corpus\regression\arxiv-cc-2025-01-08-to-14-batch2\2411.05622v2.pdf PDF Version: 1.4 File is not encrypted File is not linearized WARNING: C:\Users\steve\code\KillerPDF-Corpus\corpus\regression\arxiv-cc-2025-01-08-to-14-batch2\2411.05622v2.pdf (object 285 0, offset 858074): dictionary has duplicated key /h.7yxflbpavweg; last occurrence overrides earlier ones WARNING: C:\Users\steve\code\KillerPDF-Corpus\corpus\regression\arxiv-cc-2025-01-08-to-14-batch2\2411.05622v2.pdf (object 285 0, offset 858074): dictionary has duplicated key /h.mt16w8720nwl; last occurrence overrides earlier ones WARNING: C:\Users\steve\code\KillerPDF-Corpus\corpus\regression\arxiv-cc-2025-01-08-to-14-batch2\2411.05622v2.pdf (object 285 0, offset 858074): dictionary has duplicated key /h.fw38vgd1xhb6; last occurrence overrides earlier ones WARNING: C:\Users\steve\code\KillerPDF-Corpus\corpus\regression\arxiv-cc-2025-01-08-to-14-batch2\2411.05622v2.pdf (object 285 0, offset 858074): dictionary has duplicated key /h.7bkjogjlu7ck; last occurrence overrides earlier ones WARNING: C:\Users\steve\code\KillerPDF-Corpus\corpus\regression\arxiv-cc-2025-01-08-to-14-batch2\2411.05622v2.pdf (object 285 0, offset 858074): dictionary has duplicated key /h.n1yeri75eu6g; last occurrence overrides earlier ones qpdf: operation succeeded with warnings"
"regression/arxiv-cc-2025-01-08-to-14-batch2/2411.05657v2.pdf","BC197FFF1B2C1F30A0A580058A7AEC31F004EF9799FD8335CD6CC44817A09B1E","19142415","0","checking C:\Users\steve\code\KillerPDF-Corpus\corpus\regression\arxiv-cc-2025-01-08-to-14-batch2\2411.05657v2.pdf PDF Version: 1.5 File is not encrypted File is not linearized No syntax or stream encoding errors found; the file may still contain errors that qpdf cannot detect"
"regression/arxiv-cc-2025-01-08-to-14-batch2/2411.05711v1.pdf","96ADD6326C5D2F64A4AE8C749F83C048A184020B06DAC07B32D270BDA774F2B0","12777814","0","checking C:\Users\steve\code\KillerPDF-Corpus\corpus\regression\arxiv-cc-2025-01-08-to-14-batch2\2411.05711v1.pdf PDF Version: 1.5 File is not encrypted File is not linearized No syntax or stream encoding errors found; the file may still contain errors that qpdf cannot detect"
"regression/arxiv-cc-2025-01-08-to-14-batch2/2411.06157v1.pdf","F7DC6538ED0B959261F8D9C0CF61941EB58DA66CE76D4515516F5B7886BA9B5C","9236509","0","checking C:\Users\steve\code\KillerPDF-Corpus\corpus\regression\arxiv-cc-2025-01-08-to-14-batch2\2411.06157v1.pdf PDF Version: 1.5 File is not encrypted File is not linearized No syntax or stream encoding errors found; the file may still contain errors that qpdf cannot detect"
"regression/arxiv-cc-2025-01-08-to-14-batch2/2411.06265v2.pdf","9ECD31E3F05DFF86C2F2A2C3B1FED3CCEE37B049AFD111678439946844651ECB","166235","0","checking C:\Users\steve\code\KillerPDF-Corpus\corpus\regression\arxiv-cc-2025-01-08-to-14-batch2\2411.06265v2.pdf PDF Version: 1.5 File is not encrypted File is not linearized No syntax or stream encoding errors found; the file may still contain errors that qpdf cannot detect"
"regression/arxiv-cc-2025-01-08-to-14-batch2/2411.06647v2.pdf","93CD3881E7BEAA27A6F097647E30402C11B04914A8C3E1AC853BDA885CB01AE6","2480784","0","checking C:\Users\steve\code\KillerPDF-Corpus\corpus\regression\arxiv-cc-2025-01-08-to-14-batch2\2411.06647v2.pdf PDF Version: 1.5 File is not encrypted File is not linearized No syntax or stream encoding errors found; the file may still contain errors that qpdf cannot detect"
"regression/arxiv-cc-2025-01-08-to-14-batch2/2411.06814v2.pdf","6012DB9701EAC40A7AE4602BEEBED2C2857D3205158F2C758E5ABB070EC661BF","4269846","0","checking C:\Users\steve\code\KillerPDF-Corpus\corpus\regression\arxiv-cc-2025-01-08-to-14-batch2\2411.06814v2.pdf PDF Version: 1.5 File is not encrypted File is not linearized No syntax or stream encoding errors found; the file may still contain errors that qpdf cannot detect"
"regression/arxiv-cc-2025-01-08-to-14-batch2/2411.07033v2.pdf","C76F8458689991F03F6B102E5A58E2D9B369BCECEB797E24771FC9C1E4D58DF3","599289","0","checking C:\Users\steve\code\KillerPDF-Corpus\corpus\regression\arxiv-cc-2025-01-08-to-14-batch2\2411.07033v2.pdf PDF Version: 1.4 File is not encrypted File is not linearized No syntax or stream encoding errors found; the file may still contain errors that qpdf cannot detect"
"regression/arxiv-cc-2025-01-08-to-14-batch2/2411.07073v1.pdf","1CC2C218004B852DAA9DD83F231C4AC4CA73C66E56F90D56C3E4DEE367051125","872848","0","checking C:\Users\steve\code\KillerPDF-Corpus\corpus\regression\arxiv-cc-2025-01-08-to-14-batch2\2411.07073v1.pdf PDF Version: 1.4 File is not encrypted File is not linearized No syntax or stream encoding errors found; the file may still contain errors that qpdf cannot detect"
"regression/arxiv-cc-2025-01-08-to-14-batch2/2411.07159v2.pdf","9A956F288D0F3176CD349068F60D4D525B3BC26C21051A3288DD73661A31C9FA","633174","0","checking C:\Users\steve\code\KillerPDF-Corpus\corpus\regression\arxiv-cc-2025-01-08-to-14-batch2\2411.07159v2.pdf PDF Version: 1.4 File is not encrypted File is not linearized No syntax or stream encoding errors found; the file may still contain errors that qpdf cannot detect"
"regression/arxiv-cc-2025-01-08-to-14-batch2/2411.07464v2.pdf","99B711C8F5EF321292EB8BB3DA5108FE7946125DFFCCDAF9643BF300C9B3214B","960898","0","checking C:\Users\steve\code\KillerPDF-Corpus\corpus\regression\arxiv-cc-2025-01-08-to-14-batch2\2411.07464v2.pdf PDF Version: 1.5 File is not encrypted File is not linearized No syntax or stream encoding errors found; the file may still contain errors that qpdf cannot detect"
"regression/arxiv-cc-2025-01-08-to-14-batch2/2411.08431v2.pdf","575AAA5E0815125ECDCEA287AD0AD0B92CBAD6FB08B802AF9CD7F818731C71B8","792580","0","checking C:\Users\steve\code\KillerPDF-Corpus\corpus\regression\arxiv-cc-2025-01-08-to-14-batch2\2411.08431v2.pdf PDF Version: 1.5 File is not encrypted File is not linearized No syntax or stream encoding errors found; the file may still contain errors that qpdf cannot detect"
"regression/arxiv-cc-2025-01-08-to-14-batch2/2411.08485v2.pdf","50939ED33E3BD19E8549CF757CBEF291E910259C2DD3EF41E9ABFBDA4D2004B0","2451219","0","checking C:\Users\steve\code\KillerPDF-Corpus\corpus\regression\arxiv-cc-2025-01-08-to-14-batch2\2411.08485v2.pdf PDF Version: 1.5 File is not encrypted File is not linearized No syntax or stream encoding errors found; the file may still contain errors that qpdf cannot detect"
"regression/arxiv-cc-2025-01-08-to-14-batch2/2411.08958v1.pdf","E298C2CCC1BAC5EDFF6C6F9D19C25C58FE182EBA5B64297D7768CD056DC7D3B7","2581961","0","checking C:\Users\steve\code\KillerPDF-Corpus\corpus\regression\arxiv-cc-2025-01-08-to-14-batch2\2411.08958v1.pdf PDF Version: 1.5 File is not encrypted File is not linearized No syntax or stream encoding errors found; the file may still contain errors that qpdf cannot detect"
"regression/arxiv-cc-2025-01-08-to-14-batch2/2411.08991v1.pdf","7B55A5099DB66A8C66C9A313F1D7C84119902F112A536D2C0FA4C50567C19C1C","12179474","0","checking C:\Users\steve\code\KillerPDF-Corpus\corpus\regression\arxiv-cc-2025-01-08-to-14-batch2\2411.08991v1.pdf PDF Version: 1.5 File is not encrypted File is not linearized No syntax or stream encoding errors found; the file may still contain errors that qpdf cannot detect"
"regression/arxiv-cc-2025-01-08-to-14-batch2/2411.09275v2.pdf","1B381A11EF2DBD5772D91D578BDAD0AB73CD2F52AFF723C62E49AC55D4BE973A","2962221","0","checking C:\Users\steve\code\KillerPDF-Corpus\corpus\regression\arxiv-cc-2025-01-08-to-14-batch2\2411.09275v2.pdf PDF Version: 1.5 File is not encrypted File is not linearized No syntax or stream encoding errors found; the file may still contain errors that qpdf cannot detect"
"regression/arxiv-cc-2025-01-08-to-14-batch2/2411.09690v1.pdf","572477EA8DA0C05F55134BEB510AA0281566742C512202E60B1039DA01558277","1752139","0","checking C:\Users\steve\code\KillerPDF-Corpus\corpus\regression\arxiv-cc-2025-01-08-to-14-batch2\2411.09690v1.pdf PDF Version: 1.5 File is not encrypted File is not linearized No syntax or stream encoding errors found; the file may still contain errors that qpdf cannot detect"
"regression/arxiv-cc-2025-01-08-to-14-batch2/2411.10106v2.pdf","D0C32992EFF2C2341727E693E88E6AF16757E273D77F1E53AC360E6441B9E47A","402755","0","checking C:\Users\steve\code\KillerPDF-Corpus\corpus\regression\arxiv-cc-2025-01-08-to-14-batch2\2411.10106v2.pdf PDF Version: 1.5 File is not encrypted File is not linearized No syntax or stream encoding errors found; the file may still contain errors that qpdf cannot detect"
"regression/arxiv-cc-2025-01-08-to-14-batch2/2411.10185v3.pdf","9A432A28A44B2EB02B14B24C70F4A87897806DC6849227E20B3F107D7E06CE34","11264039","0","checking C:\Users\steve\code\KillerPDF-Corpus\corpus\regression\arxiv-cc-2025-01-08-to-14-batch2\2411.10185v3.pdf PDF Version: 1.5 File is not encrypted File is not linearized No syntax or stream encoding errors found; the file may still contain errors that qpdf cannot detect"
"regression/arxiv-cc-2025-01-08-to-14-batch2/2411.10616v2.pdf","6FD00B33F7ACF1930F64A5CC04827225E800B33F10BB2E75EF14AE4220621FEF","2818890","0","checking C:\Users\steve\code\KillerPDF-Corpus\corpus\regression\arxiv-cc-2025-01-08-to-14-batch2\2411.10616v2.pdf PDF Version: 1.5 File is not encrypted File is not linearized No syntax or stream encoding errors found; the file may still contain errors that qpdf cannot detect"
"regression/arxiv-cc-2025-01-08-to-14-batch2/2411.10950v2.pdf","70E8F5CBEC3CB033035C2518657526171C67A34CC78560701B9020D2AF703F1F","10788831","0","checking C:\Users\steve\code\KillerPDF-Corpus\corpus\regression\arxiv-cc-2025-01-08-to-14-batch2\2411.10950v2.pdf PDF Version: 1.5 File is not encrypted File is not linearized No syntax or stream encoding errors found; the file may still contain errors that qpdf cannot detect"
"regression/arxiv-cc-2025-01-08-to-14-batch2/2411.11032v2.pdf","6C0059B16B29B3EDAC7EEB8746CB78F72458C4D1A16F96D6083C7AD835C951FD","765963","0","checking C:\Users\steve\code\KillerPDF-Corpus\corpus\regression\arxiv-cc-2025-01-08-to-14-batch2\2411.11032v2.pdf PDF Version: 1.5 File is not encrypted File is not linearized No syntax or stream encoding errors found; the file may still contain errors that qpdf cannot detect"
"regression/arxiv-cc-2025-01-08-to-14-batch2/2411.11200v2.pdf","BFDB59D8C9275589ED56F65F670372D7A2A05E8FEF44C55443C6A7E3A2C110CD","2968485","0","checking C:\Users\steve\code\KillerPDF-Corpus\corpus\regression\arxiv-cc-2025-01-08-to-14-batch2\2411.11200v2.pdf PDF Version: 1.5 File is not encrypted File is not linearized No syntax or stream encoding errors found; the file may still contain errors that qpdf cannot detect"
"regression/arxiv-cc-2025-01-08-to-14-batch2/2411.11222v2.pdf","3B26FF60D5500D6FD0A9BE7B77D5A678CEB1F2D53B4BD452BE374C7305CDDC31","13848760","0","checking C:\Users\steve\code\KillerPDF-Corpus\corpus\regression\arxiv-cc-2025-01-08-to-14-batch2\2411.11222v2.pdf PDF Version: 1.5 File is not encrypted File is not linearized No syntax or stream encoding errors found; the file may still contain errors that qpdf cannot detect"
"regression/arxiv-cc-2025-01-08-to-14-batch2/2411.11584v2.pdf","2772F2F97EBF0551CD10DAE53A1645454A495E8C81E157B5345EE59DFDAC16F4","6552262","0","checking C:\Users\steve\code\KillerPDF-Corpus\corpus\regression\arxiv-cc-2025-01-08-to-14-batch2\2411.11584v2.pdf PDF Version: 1.5 File is not encrypted File is not linearized No syntax or stream encoding errors found; the file may still contain errors that qpdf cannot detect"
"regression/arxiv-cc-2025-01-08-to-14-batch2/2411.11759v2.pdf","731F8B3D4B8F6B244EA843E5C54B3DBC55A693B5EB1389A414969F92605FE133","563024","0","checking C:\Users\steve\code\KillerPDF-Corpus\corpus\regression\arxiv-cc-2025-01-08-to-14-batch2\2411.11759v2.pdf PDF Version: 1.4 File is not encrypted File is not linearized No syntax or stream encoding errors found; the file may still contain errors that qpdf cannot detect"
"regression/arxiv-cc-2025-01-08-to-14-batch2/2411.13455v1.pdf","AE5B8290AAD247EAE6E3C2DF8DF9A33586908791D5B061C2269AB0D639D94960","703724","0","checking C:\Users\steve\code\KillerPDF-Corpus\corpus\regression\arxiv-cc-2025-01-08-to-14-batch2\2411.13455v1.pdf PDF Version: 1.5 File is not encrypted File is not linearized No syntax or stream encoding errors found; the file may still contain errors that qpdf cannot detect"
"regression/arxiv-cc-2025-01-08-to-14-batch2/2411.13659v1.pdf","6D47BE907581F0AF4F00D47A3BC83912E4CCE37A395C366A8D2986417B01252F","6066062","0","checking C:\Users\steve\code\KillerPDF-Corpus\corpus\regression\arxiv-cc-2025-01-08-to-14-batch2\2411.13659v1.pdf PDF Version: 1.5 File is not encrypted File is not linearized No syntax or stream encoding errors found; the file may still contain errors that qpdf cannot detect"
"regression/arxiv-cc-2025-01-08-to-14-batch2/2411.14416v4.pdf","6D7623C8792FE0E0B8AD6EC847FC878029E2D5D815204134C919FC2F1529F0C0","492335","0","checking C:\Users\steve\code\KillerPDF-Corpus\corpus\regression\arxiv-cc-2025-01-08-to-14-batch2\2411.14416v4.pdf PDF Version: 1.4 File is not encrypted File is not linearized No syntax or stream encoding errors found; the file may still contain errors that qpdf cannot detect"
"regression/arxiv-cc-2025-01-08-to-14-batch2/2411.14528v1.pdf","40C247508D2D39430056FE6D19AB02DBD71265987096771AF08B62EFDE71111F","560438","0","checking C:\Users\steve\code\KillerPDF-Corpus\corpus\regression\arxiv-cc-2025-01-08-to-14-batch2\2411.14528v1.pdf PDF Version: 1.5 File is not encrypted File is not linearized No syntax or stream encoding errors found; the file may still contain errors that qpdf cannot detect"
"regression/arxiv-cc-2025-01-08-to-14-batch2/2411.14635v2.pdf","A3E71E287FEB85988A40BD446815C89E9616BB3D24941E33851276F7CFEF4898","1791448","0","checking C:\Users\steve\code\KillerPDF-Corpus\corpus\regression\arxiv-cc-2025-01-08-to-14-batch2\2411.14635v2.pdf PDF Version: 1.5 File is not encrypted File is not linearized No syntax or stream encoding errors found; the file may still contain errors that qpdf cannot detect"
"regression/arxiv-cc-2025-01-08-to-14-batch2/2411.14840v2.pdf","48FD87625B6C0C54108FAF73ED6F0F85BE0DEC407ED5D8EA9A23038D13E0B505","361672","0","checking C:\Users\steve\code\KillerPDF-Corpus\corpus\regression\arxiv-cc-2025-01-08-to-14-batch2\2411.14840v2.pdf PDF Version: 1.4 File is not encrypted File is not linearized No syntax or stream encoding errors found; the file may still contain errors that qpdf cannot detect"
"regression/arxiv-cc-2025-01-08-to-14-batch2/2411.14911v2.pdf","02CC1F33D56710A74BF1DA24F1DC2CACCBB74A13C9EBA64C817F18CCD6E4F87D","3198000","0","checking C:\Users\steve\code\KillerPDF-Corpus\corpus\regression\arxiv-cc-2025-01-08-to-14-batch2\2411.14911v2.pdf PDF Version: 1.5 File is not encrypted File is not linearized No syntax or stream encoding errors found; the file may still contain errors that qpdf cannot detect"
"regression/arxiv-cc-2025-01-08-to-14-batch2/2411.15473v2.pdf","E7C35C35322498455CB2990CC45FEADA729491C13A64A7124C278F8A89E6AEEB","402715","0","checking C:\Users\steve\code\KillerPDF-Corpus\corpus\regression\arxiv-cc-2025-01-08-to-14-batch2\2411.15473v2.pdf PDF Version: 1.4 File is not encrypted File is not linearized No syntax or stream encoding errors found; the file may still contain errors that qpdf cannot detect"
"regression/arxiv-cc-2025-01-08-to-14-batch2/2411.15754v1.pdf","9236EBB5DF3FEBB538D5830D00EBC6C4AEE52FCF739F0BECC10FDEAE588D3094","5429913","0","checking C:\Users\steve\code\KillerPDF-Corpus\corpus\regression\arxiv-cc-2025-01-08-to-14-batch2\2411.15754v1.pdf PDF Version: 1.5 File is not encrypted File is not linearized No syntax or stream encoding errors found; the file may still contain errors that qpdf cannot detect"
"regression/arxiv-cc-2025-01-08-to-14-batch2/2411.16307v2.pdf","AB17650744A3E5EC9D18BCBB422A285C92BBD79097570097F404C3294F21AF0D","182918","0","checking C:\Users\steve\code\KillerPDF-Corpus\corpus\regression\arxiv-cc-2025-01-08-to-14-batch2\2411.16307v2.pdf PDF Version: 1.4 File is not encrypted File is not linearized No syntax or stream encoding errors found; the file may still contain errors that qpdf cannot detect"
"regression/arxiv-cc-2025-01-08-to-14-batch2/2411.16343v2.pdf","715878B5F954C946569EFD626D93D220AD47977868BF7FBAD7B241041CAD6F0F","617994","0","checking C:\Users\steve\code\KillerPDF-Corpus\corpus\regression\arxiv-cc-2025-01-08-to-14-batch2\2411.16343v2.pdf PDF Version: 1.5 File is not encrypted File is not linearized No syntax or stream encoding errors found; the file may still contain errors that qpdf cannot detect"
"regression/arxiv-cc-2025-01-08-to-14-batch2/2411.16352v3.pdf","A2C38D63AE1DA98B07C41B20A08AD8EEF625A1D248D99B224E38C9CDDF03CCFD","2542299","0","checking C:\Users\steve\code\KillerPDF-Corpus\corpus\regression\arxiv-cc-2025-01-08-to-14-batch2\2411.16352v3.pdf PDF Version: 1.5 File is not encrypted File is not linearized No syntax or stream encoding errors found; the file may still contain errors that qpdf cannot detect"
"regression/arxiv-cc-2025-01-08-to-14-batch2/2411.16684v1.pdf","21E159831D61136EB59234C00F63166924CC6183A603E933B4962DA653FCE0ED","2705379","0","checking C:\Users\steve\code\KillerPDF-Corpus\corpus\regression\arxiv-cc-2025-01-08-to-14-batch2\2411.16684v1.pdf PDF Version: 1.5 File is not encrypted File is not linearized No syntax or stream encoding errors found; the file may still contain errors that qpdf cannot detect"
"regression/arxiv-cc-2025-01-08-to-14-batch2/2411.16846v2.pdf","34986A848E0872D58202B36999F2CDE97C607C04FC50263EC73864A30B82C722","2380349","0","checking C:\Users\steve\code\KillerPDF-Corpus\corpus\regression\arxiv-cc-2025-01-08-to-14-batch2\2411.16846v2.pdf PDF Version: 1.5 File is not encrypted File is not linearized No syntax or stream encoding errors found; the file may still contain errors that qpdf cannot detect"
"regression/arxiv-cc-2025-01-08-to-14-batch2/2411.16853v1.pdf","A66103C1583B786A51AEED8055956D0E296BDB44BC86B735EAAF5AB804C51ADF","9811615","0","checking C:\Users\steve\code\KillerPDF-Corpus\corpus\regression\arxiv-cc-2025-01-08-to-14-batch2\2411.16853v1.pdf PDF Version: 1.5 File is not encrypted File is not linearized No syntax or stream encoding errors found; the file may still contain errors that qpdf cannot detect"
"regression/arxiv-cc-2025-01-08-to-14-batch2/2411.17437v2.pdf","B35EA4B55B7D605128ADD1F38C88B6F3792077E050C28479C18119AD2A4D93F6","689641","0","checking C:\Users\steve\code\KillerPDF-Corpus\corpus\regression\arxiv-cc-2025-01-08-to-14-batch2\2411.17437v2.pdf PDF Version: 1.5 File is not encrypted File is not linearized No syntax or stream encoding errors found; the file may still contain errors that qpdf cannot detect"
"regression/arxiv-cc-2025-01-08-to-14-batch2/2411.17448v2.pdf","984F88FB36E8E27D1F6A22492986C5F1B5C13BE7EC32CE120308CB267A2AFD1F","508653","0","checking C:\Users\steve\code\KillerPDF-Corpus\corpus\regression\arxiv-cc-2025-01-08-to-14-batch2\2411.17448v2.pdf PDF Version: 1.4 File is not encrypted File is not linearized No syntax or stream encoding errors found; the file may still contain errors that qpdf cannot detect"
"regression/arxiv-cc-2025-01-08-to-14-batch2/2411.17925v2.pdf","E164745AE135818B6AC538FC290F3F997118F096B39BEC7DAFCE9C86E95A53FE","1205388","0","checking C:\Users\steve\code\KillerPDF-Corpus\corpus\regression\arxiv-cc-2025-01-08-to-14-batch2\2411.17925v2.pdf PDF Version: 1.5 File is not encrypted File is not linearized No syntax or stream encoding errors found; the file may still contain errors that qpdf cannot detect"
"regression/arxiv-cc-2025-01-08-to-14-batch2/2411.18576v2.pdf","06CA29F7B60F0652F24C925423F09E9490BB52119D3FEA5A1E67ACD79290D3C9","335097","0","checking C:\Users\steve\code\KillerPDF-Corpus\corpus\regression\arxiv-cc-2025-01-08-to-14-batch2\2411.18576v2.pdf PDF Version: 1.4 File is not encrypted File is not linearized No syntax or stream encoding errors found; the file may still contain errors that qpdf cannot detect"
"regression/arxiv-cc-2025-01-08-to-14-batch2/2411.19349v2.pdf","0B1C08D3B2CEFD56FD81876F4D4A13B03583B33256F6A052EDD0F50F75375C6D","251466","0","checking C:\Users\steve\code\KillerPDF-Corpus\corpus\regression\arxiv-cc-2025-01-08-to-14-batch2\2411.19349v2.pdf PDF Version: 1.4 File is not encrypted File is not linearized No syntax or stream encoding errors found; the file may still contain errors that qpdf cannot detect"
"regression/arxiv-cc-2025-01-08-to-14-batch2/2411.19714v2.pdf","D264440D314E3A8364EB58068687B322B1FC2B1F03FB1C7B9675D0BBD252C548","29492911","0","checking C:\Users\steve\code\KillerPDF-Corpus\corpus\regression\arxiv-cc-2025-01-08-to-14-batch2\2411.19714v2.pdf PDF Version: 1.5 File is not encrypted File is not linearized No syntax or stream encoding errors found; the file may still contain errors that qpdf cannot detect"
"regression/arxiv-cc-2025-01-08-to-14-batch2/2411.19741v1.pdf","397BE0751DDA1C5EFBDF0C46FDA7891B5C78A883B05A2CE43182CDA751039044","5375250","0","checking C:\Users\steve\code\KillerPDF-Corpus\corpus\regression\arxiv-cc-2025-01-08-to-14-batch2\2411.19741v1.pdf PDF Version: 1.5 File is not encrypted File is not linearized No syntax or stream encoding errors found; the file may still contain errors that qpdf cannot detect"
"regression/arxiv-cc-2025-01-08-to-14-batch2/2411.19837v2.pdf","0663C9B3E7FE08EFA75F7479BF30EA6A4D88A140AA37A2191943F9287BBD0CB1","171485","0","checking C:\Users\steve\code\KillerPDF-Corpus\corpus\regression\arxiv-cc-2025-01-08-to-14-batch2\2411.19837v2.pdf PDF Version: 1.4 File is not encrypted File is not linearized No syntax or stream encoding errors found; the file may still contain errors that qpdf cannot detect"
"regression/arxiv-cc-2025-01-08-to-14-batch2/2411.19876v3.pdf","A0D74179255E61CD57954EADDFAD930F0743FD09DED6B1FDCC002DCB20CC66C0","1033225","0","checking C:\Users\steve\code\KillerPDF-Corpus\corpus\regression\arxiv-cc-2025-01-08-to-14-batch2\2411.19876v3.pdf PDF Version: 1.5 File is not encrypted File is not linearized No syntax or stream encoding errors found; the file may still contain errors that qpdf cannot detect"
"regression/arxiv-cc-2025-01-08-to-14-batch2/2412.00088v2.pdf","DAF7B33969493421E1B6BB3B4B60B82EA9122544DA1772EEF3877F294B5F9B0B","1328551","0","checking C:\Users\steve\code\KillerPDF-Corpus\corpus\regression\arxiv-cc-2025-01-08-to-14-batch2\2412.00088v2.pdf PDF Version: 1.5 File is not encrypted File is not linearized No syntax or stream encoding errors found; the file may still contain errors that qpdf cannot detect"
"regression/arxiv-cc-2025-01-08-to-14-batch2/2412.00188v2.pdf","616CE6BE50254E48FB72336E9899056331FBA235E913242ECCDD3EAD2453F972","1753327","0","checking C:\Users\steve\code\KillerPDF-Corpus\corpus\regression\arxiv-cc-2025-01-08-to-14-batch2\2412.00188v2.pdf PDF Version: 1.5 File is not encrypted File is not linearized No syntax or stream encoding errors found; the file may still contain errors that qpdf cannot detect"
"regression/arxiv-cc-2025-01-08-to-14-batch2/2412.00305v2.pdf","37C3F7D40B0300D479FDDCD3FEE5E6A07E55D2D01507C81B770174FA230805E8","4141758","0","checking C:\Users\steve\code\KillerPDF-Corpus\corpus\regression\arxiv-cc-2025-01-08-to-14-batch2\2412.00305v2.pdf PDF Version: 1.5 File is not encrypted File is not linearized No syntax or stream encoding errors found; the file may still contain errors that qpdf cannot detect"
"regression/arxiv-cc-2025-01-08-to-14-batch2/2412.01238v2.pdf","97C28D4E119FCF9F24ED63FBAC49D6786B7CCB43681D5AA50D7DC9791209EEE2","9882154","0","checking C:\Users\steve\code\KillerPDF-Corpus\corpus\regression\arxiv-cc-2025-01-08-to-14-batch2\2412.01238v2.pdf PDF Version: 1.5 File is not encrypted File is not linearized No syntax or stream encoding errors found; the file may still contain errors that qpdf cannot detect"
"regression/arxiv-cc-2025-01-08-to-14-batch2/2412.01602v2.pdf","A327E16588D426D1CEAC8A136A9CEB69D52C6218370A0237872EA3D79CB8B506","764075","0","checking C:\Users\steve\code\KillerPDF-Corpus\corpus\regression\arxiv-cc-2025-01-08-to-14-batch2\2412.01602v2.pdf PDF Version: 1.5 File is not encrypted File is not linearized No syntax or stream encoding errors found; the file may still contain errors that qpdf cannot detect"
"regression/arxiv-cc-2025-01-08-to-14-batch2/2412.02671v2.pdf","688B286E427AA43E503B4BD80195EA355D1CD1297F53EAA81FE146CE45337922","517600","0","checking C:\Users\steve\code\KillerPDF-Corpus\corpus\regression\arxiv-cc-2025-01-08-to-14-batch2\2412.02671v2.pdf PDF Version: 1.5 File is not encrypted File is not linearized No syntax or stream encoding errors found; the file may still contain errors that qpdf cannot detect"
"regression/arxiv-cc-2025-01-08-to-14-batch2/2412.02801v3.pdf","EC7A2325050C6B909FA76CDBF70F2FC7083A330ABCADE5EF79068807981A0460","948381","0","checking C:\Users\steve\code\KillerPDF-Corpus\corpus\regression\arxiv-cc-2025-01-08-to-14-batch2\2412.02801v3.pdf PDF Version: 1.5 File is not encrypted File is not linearized No syntax or stream encoding errors found; the file may still contain errors that qpdf cannot detect"
"regression/arxiv-cc-2025-01-08-to-14-batch2/2412.03316v2.pdf","A13CC40809D78ECEAE236E02DCA1E9057D6CD492F5E8D43DB6AE67B12AD3910C","785818","0","checking C:\Users\steve\code\KillerPDF-Corpus\corpus\regression\arxiv-cc-2025-01-08-to-14-batch2\2412.03316v2.pdf PDF Version: 1.5 File is not encrypted File is not linearized No syntax or stream encoding errors found; the file may still contain errors that qpdf cannot detect"
"regression/arxiv-cc-2025-01-08-to-14-batch2/2412.03511v2.pdf","9883CB46745E2CEAFF1CDE9979B4E95F5554858981F360E7E588499BCC3987FA","234368","0","checking C:\Users\steve\code\KillerPDF-Corpus\corpus\regression\arxiv-cc-2025-01-08-to-14-batch2\2412.03511v2.pdf PDF Version: 1.4 File is not encrypted File is not linearized No syntax or stream encoding errors found; the file may still contain errors that qpdf cannot detect"
"regression/arxiv-cc-2025-01-08-to-14-batch2/2412.03675v2.pdf","2D25CBA97F7C0501D3D735F1C713CC2A94184FBD86E1B193FA9DFC509BE466A5","35402592","0","checking C:\Users\steve\code\KillerPDF-Corpus\corpus\regression\arxiv-cc-2025-01-08-to-14-batch2\2412.03675v2.pdf PDF Version: 1.5 File is not encrypted File is not linearized No syntax or stream encoding errors found; the file may still contain errors that qpdf cannot detect"
"regression/arxiv-cc-2025-01-08-to-14-batch2/2412.04247v2.pdf","C390ED9D81F603D5B9327BD9E9B28C09BB5FD2218AE990A20536310DD62160E6","11161943","0","checking C:\Users\steve\code\KillerPDF-Corpus\corpus\regression\arxiv-cc-2025-01-08-to-14-batch2\2412.04247v2.pdf PDF Version: 1.5 File is not encrypted File is not linearized No syntax or stream encoding errors found; the file may still contain errors that qpdf cannot detect"
"regression/arxiv-cc-2025-01-08-to-14-batch2/2412.05545v3.pdf","593FA6863699EB318AA4334EAC6E6FCFD96948DED8E6B9FC4D4DB972C96D3E27","439060","0","checking C:\Users\steve\code\KillerPDF-Corpus\corpus\regression\arxiv-cc-2025-01-08-to-14-batch2\2412.05545v3.pdf PDF Version: 1.4 File is not encrypted File is not linearized No syntax or stream encoding errors found; the file may still contain errors that qpdf cannot detect"
"regression/arxiv-cc-2025-01-08-to-14-batch2/2412.06006v1.pdf","CCD2D744DC33B4B6A09F334CA3DEFA23FE451035E6DCE87FD4778C22C0E7152C","4801515","0","checking C:\Users\steve\code\KillerPDF-Corpus\corpus\regression\arxiv-cc-2025-01-08-to-14-batch2\2412.06006v1.pdf PDF Version: 1.5 File is not encrypted File is not linearized No syntax or stream encoding errors found; the file may still contain errors that qpdf cannot detect"
"regression/arxiv-cc-2025-01-08-to-14-batch2/2412.06297v1.pdf","89337F8C458C3759E97E2E835871A5B9978A65D0390F0A8307FDC63CC03966CA","819076","0","checking C:\Users\steve\code\KillerPDF-Corpus\corpus\regression\arxiv-cc-2025-01-08-to-14-batch2\2412.06297v1.pdf PDF Version: 1.5 File is not encrypted File is not linearized No syntax or stream encoding errors found; the file may still contain errors that qpdf cannot detect"
"regression/arxiv-cc-2025-01-08-to-14-batch2/2412.06386v1.pdf","54E2C82B33B85254C256BFD27D2D4CBD1BC0C77EAF3E638D89851CD90543E5BC","994999","0","checking C:\Users\steve\code\KillerPDF-Corpus\corpus\regression\arxiv-cc-2025-01-08-to-14-batch2\2412.06386v1.pdf PDF Version: 1.5 File is not encrypted File is not linearized No syntax or stream encoding errors found; the file may still contain errors that qpdf cannot detect"
"regression/arxiv-cc-2025-01-08-to-14-batch2/2412.06627v2.pdf","458D8706DABD6EECA7CA3A7EAACB617A83BDCF1963A60D3E76EBE749F5678A91","316308","0","checking C:\Users\steve\code\KillerPDF-Corpus\corpus\regression\arxiv-cc-2025-01-08-to-14-batch2\2412.06627v2.pdf PDF Version: 1.5 File is not encrypted File is not linearized No syntax or stream encoding errors found; the file may still contain errors that qpdf cannot detect"
"regression/arxiv-cc-2025-01-08-to-14-batch2/2412.06668v3.pdf","81BE482665D33F847909DDE7464C176BD710BF2512AD00C2C4050C5B653C8B1B","3265477","0","checking C:\Users\steve\code\KillerPDF-Corpus\corpus\regression\arxiv-cc-2025-01-08-to-14-batch2\2412.06668v3.pdf PDF Version: 1.5 File is not encrypted File is not linearized No syntax or stream encoding errors found; the file may still contain errors that qpdf cannot detect"
"regression/arxiv-cc-2025-01-08-to-14-batch2/2412.06927v2.pdf","285C937A020819FA4C8D0A5EB1BCA1A047D244F8E7FC90B99466413293FD2CF0","150623","0","checking C:\Users\steve\code\KillerPDF-Corpus\corpus\regression\arxiv-cc-2025-01-08-to-14-batch2\2412.06927v2.pdf PDF Version: 1.4 File is not encrypted File is not linearized No syntax or stream encoding errors found; the file may still contain errors that qpdf cannot detect"
"regression/arxiv-cc-2025-01-08-to-14-batch2/2412.07312v2.pdf","83032856289A5BDB1BD727E90341FDC80FD966DD6EA0EB41342A394E8AB53781","8297557","0","checking C:\Users\steve\code\KillerPDF-Corpus\corpus\regression\arxiv-cc-2025-01-08-to-14-batch2\2412.07312v2.pdf PDF Version: 1.5 File is not encrypted File is not linearized No syntax or stream encoding errors found; the file may still contain errors that qpdf cannot detect"
"regression/arxiv-cc-2025-01-08-to-14-batch2/2412.07320v2.pdf","01446D27BE1674F4438644C38A4FAF55AA72DFC7E10BAFBDA4DF911F842B30AD","16742905","0","checking C:\Users\steve\code\KillerPDF-Corpus\corpus\regression\arxiv-cc-2025-01-08-to-14-batch2\2412.07320v2.pdf PDF Version: 1.5 File is not encrypted File is not linearized No syntax or stream encoding errors found; the file may still contain errors that qpdf cannot detect"
"regression/arxiv-cc-2025-01-08-to-14-batch2/2412.07523v2.pdf","FF7F9B0303B152D4B3C4EFB7C51E680FC2CC3BFC01C23984AFA2AE853C0BCB2E","3526269","0","checking C:\Users\steve\code\KillerPDF-Corpus\corpus\regression\arxiv-cc-2025-01-08-to-14-batch2\2412.07523v2.pdf PDF Version: 1.5 File is not encrypted File is not linearized No syntax or stream encoding errors found; the file may still contain errors that qpdf cannot detect"
"regression/arxiv-cc-2025-01-08-to-14-batch2/2412.07627v2.pdf","F702E95BF75338B76B34489117C7F94116E943C7ECAAD1645FE05BE36C51676E","846899","0","checking C:\Users\steve\code\KillerPDF-Corpus\corpus\regression\arxiv-cc-2025-01-08-to-14-batch2\2412.07627v2.pdf PDF Version: 1.7 File is not encrypted File is not linearized No syntax or stream encoding errors found; the file may still contain errors that qpdf cannot detect"
"regression/arxiv-cc-2025-01-08-to-14-batch2/2412.07924v2.pdf","7085E1E15F68CF135EBB83EBAE2C0B04C7A28C9166A34F232BFA900C3A6F2CA7","15244169","0","checking C:\Users\steve\code\KillerPDF-Corpus\corpus\regression\arxiv-cc-2025-01-08-to-14-batch2\2412.07924v2.pdf PDF Version: 1.5 File is not encrypted File is not linearized No syntax or stream encoding errors found; the file may still contain errors that qpdf cannot detect"
"regression/arxiv-cc-2025-01-08-to-14-batch2/2412.08563v2.pdf","F3E181A8EB49FC060FA9610308A941CA3A2B90E1D5AEF629A49BD4766BC562FE","634248","3","checking C:\Users\steve\code\KillerPDF-Corpus\corpus\regression\arxiv-cc-2025-01-08-to-14-batch2\2412.08563v2.pdf PDF Version: 1.7 File is not encrypted File is linearized WARNING: C:\Users\steve\code\KillerPDF-Corpus\corpus\regression\arxiv-cc-2025-01-08-to-14-batch2\2412.08563v2.pdf: linearized file contains an uncompressed object after a compressed one in a cross-reference stream WARNING: C:\Users\steve\code\KillerPDF-Corpus\corpus\regression\arxiv-cc-2025-01-08-to-14-batch2\2412.08563v2.pdf: end of first page section (/E) mismatch: /E = 192790; computed = 630225..630226 WARNING: C:\Users\steve\code\KillerPDF-Corpus\corpus\regression\arxiv-cc-2025-01-08-to-14-batch2\2412.08563v2.pdf: page 0 has shared identifier entries WARNING: C:\Users\steve\code\KillerPDF-Corpus\corpus\regression\arxiv-cc-2025-01-08-to-14-batch2\2412.08563v2.pdf: page 0: shared object 646: in hint table but not computed list WARNING: C:\Users\steve\code\KillerPDF-Corpus\corpus\regression\arxiv-cc-2025-01-08-to-14-batch2\2412.08563v2.pdf: page 1: shared object 647: in hint table but not computed list WARNING: C:\Users\steve\code\KillerPDF-Corpus\corpus\regression\arxiv-cc-2025-01-08-to-14-batch2\2412.08563v2.pdf: page 2: shared object 647: in hint table but not computed list WARNING: C:\Users\steve\code\KillerPDF-Corpus\corpus\regression\arxiv-cc-2025-01-08-to-14-batch2\2412.08563v2.pdf: page 3: shared object 647: in hint table but not computed list WARNING: C:\Users\steve\code\KillerPDF-Corpus\corpus\regression\arxiv-cc-2025-01-08-to-14-batch2\2412.08563v2.pdf: page 4: shared object 647: in hint table but not computed list WARNING: C:\Users\steve\code\KillerPDF-Corpus\corpus\regression\arxiv-cc-2025-01-08-to-14-batch2\2412.08563v2.pdf: page 5: shared object 647: in hint table but not computed list WARNING: C:\Users\steve\code\KillerPDF-Corpus\corpus\regression\arxiv-cc-2025-01-08-to-14-batch2\2412.08563v2.pdf: page 6: shared object 647: in hint table but not computed list WARNING: C:\Users\steve\code\KillerPDF-Corpus\corpus\regression\arxiv-cc-2025-01-08-to-14-batch2\2412.08563v2.pdf: page 7: shared object 647: in hint table but not computed list WARNING: C:\Users\steve\code\KillerPDF-Corpus\corpus\regression\arxiv-cc-2025-01-08-to-14-batch2\2412.08563v2.pdf: page 8: shared object 647: in hint table but not computed list WARNING: C:\Users\steve\code\KillerPDF-Corpus\corpus\regression\arxiv-cc-2025-01-08-to-14-batch2\2412.08563v2.pdf: page 8: shared object 59: in computed list but not hint table WARNING: C:\Users\steve\code\KillerPDF-Corpus\corpus\regression\arxiv-cc-2025-01-08-to-14-batch2\2412.08563v2.pdf: page 8: shared object 60: in computed list but not hint table WARNING: C:\Users\steve\code\KillerPDF-Corpus\corpus\regression\arxiv-cc-2025-01-08-to-14-batch2\2412.08563v2.pdf: page 9: shared object 647: in hint table but not computed list WARNING: C:\Users\steve\code\KillerPDF-Corpus\corpus\regression\arxiv-cc-2025-01-08-to-14-batch2\2412.08563v2.pdf: page 9: shared object 59: in computed list but not hint table qpdf: operation succeeded with warnings"
"regression/arxiv-cc-2025-01-08-to-14-batch2/2412.08638v2.pdf","D5248DC84B5E27C982577291DDE3AEBE9F142DA9AC8697541047B1CA3AC1CA47","2992277","0","checking C:\Users\steve\code\KillerPDF-Corpus\corpus\regression\arxiv-cc-2025-01-08-to-14-batch2\2412.08638v2.pdf PDF Version: 1.5 File is not encrypted File is not linearized No syntax or stream encoding errors found; the file may still contain errors that qpdf cannot detect"
"regression/arxiv-cc-2025-01-08-to-14-batch2/2412.09047v2.pdf","6DE798A86A32ADE9AFA522C1A39ADE73C5883EF30075538EAD6280DADF992EAA","816490","0","checking C:\Users\steve\code\KillerPDF-Corpus\corpus\regression\arxiv-cc-2025-01-08-to-14-batch2\2412.09047v2.pdf PDF Version: 1.4 File is not encrypted File is not linearized No syntax or stream encoding errors found; the file may still contain errors that qpdf cannot detect"
"regression/arxiv-cc-2025-01-08-to-14-batch2/2412.09484v2.pdf","5257CD161953D0FF6B82C9A20E80731E55ECDE49B0A36F46A449BFF209773C94","2744623","0","checking C:\Users\steve\code\KillerPDF-Corpus\corpus\regression\arxiv-cc-2025-01-08-to-14-batch2\2412.09484v2.pdf PDF Version: 1.5 File is not encrypted File is not linearized No syntax or stream encoding errors found; the file may still contain errors that qpdf cannot detect"
"regression/arxiv-cc-2025-01-08-to-14-batch2/2412.09522v2.pdf","65CE99B58293D609D0E55744963B0BBAE55CF834553108BCB2EA852AB3163D02","4396843","3","checking C:\Users\steve\code\KillerPDF-Corpus\corpus\regression\arxiv-cc-2025-01-08-to-14-batch2\2412.09522v2.pdf PDF Version: 1.3 File is not encrypted File is not linearized WARNING: C:\Users\steve\code\KillerPDF-Corpus\corpus\regression\arxiv-cc-2025-01-08-to-14-batch2\2412.09522v2.pdf (object 6 0): object has offset 0 - a common error handled correctly by qpdf and most other applications WARNING: C:\Users\steve\code\KillerPDF-Corpus\corpus\regression\arxiv-cc-2025-01-08-to-14-batch2\2412.09522v2.pdf (object 8 0): object has offset 0 - a common error handled correctly by qpdf and most other applications WARNING: C:\Users\steve\code\KillerPDF-Corpus\corpus\regression\arxiv-cc-2025-01-08-to-14-batch2\2412.09522v2.pdf (object 10 0): object has offset 0 - a common error handled correctly by qpdf and most other applications WARNING: C:\Users\steve\code\KillerPDF-Corpus\corpus\regression\arxiv-cc-2025-01-08-to-14-batch2\2412.09522v2.pdf (object 12 0): object has offset 0 - a common error handled correctly by qpdf and most other applications WARNING: C:\Users\steve\code\KillerPDF-Corpus\corpus\regression\arxiv-cc-2025-01-08-to-14-batch2\2412.09522v2.pdf (object 14 0): object has offset 0 - a common error handled correctly by qpdf and most other applications WARNING: C:\Users\steve\code\KillerPDF-Corpus\corpus\regression\arxiv-cc-2025-01-08-to-14-batch2\2412.09522v2.pdf (object 16 0): object has offset 0 - a common error handled correctly by qpdf and most other applications WARNING: C:\Users\steve\code\KillerPDF-Corpus\corpus\regression\arxiv-cc-2025-01-08-to-14-batch2\2412.09522v2.pdf (object 18 0): object has offset 0 - a common error handled correctly by qpdf and most other applications WARNING: C:\Users\steve\code\KillerPDF-Corpus\corpus\regression\arxiv-cc-2025-01-08-to-14-batch2\2412.09522v2.pdf (object 27 0): object has offset 0 - a common error handled correctly by qpdf and most other applications WARNING: C:\Users\steve\code\KillerPDF-Corpus\corpus\regression\arxiv-cc-2025-01-08-to-14-batch2\2412.09522v2.pdf (object 29 0): object has offset 0 - a common error handled correctly by qpdf and most other applications WARNING: C:\Users\steve\code\KillerPDF-Corpus\corpus\regression\arxiv-cc-2025-01-08-to-14-batch2\2412.09522v2.pdf (object 31 0): object has offset 0 - a common error handled correctly by qpdf and most other applications WARNING: C:\Users\steve\code\KillerPDF-Corpus\corpus\regression\arxiv-cc-2025-01-08-to-14-batch2\2412.09522v2.pdf (object 46 0): object has offset 0 - a common error handled correctly by qpdf and most other applications WARNING: C:\Users\steve\code\KillerPDF-Corpus\corpus\regression\arxiv-cc-2025-01-08-to-14-batch2\2412.09522v2.pdf (object 48 0): object has offset 0 - a common error handled correctly by qpdf and most other applications WARNING: C:\Users\steve\code\KillerPDF-Corpus\corpus\regression\arxiv-cc-2025-01-08-to-14-batch2\2412.09522v2.pdf (object 86 0): object has offset 0 - a common error handled correctly by qpdf and most other applications WARNING: C:\Users\steve\code\KillerPDF-Corpus\corpus\regression\arxiv-cc-2025-01-08-to-14-batch2\2412.09522v2.pdf (object 97 0): object has offset 0 - a common error handled correctly by qpdf and most other applications WARNING: C:\Users\steve\code\KillerPDF-Corpus\corpus\regression\arxiv-cc-2025-01-08-to-14-batch2\2412.09522v2.pdf (object 112 0): object has offset 0 - a common error handled correctly by qpdf and most other applications qpdf: operation succeeded with warnings"
"regression/arxiv-cc-2025-01-08-to-14-batch2/2412.10425v3.pdf","C8DD91BCBC862907BE3B4AFC1612951E9727C8866A4C32C19A6FBF0FA60585B7","2655602","0","checking C:\Users\steve\code\KillerPDF-Corpus\corpus\regression\arxiv-cc-2025-01-08-to-14-batch2\2412.10425v3.pdf PDF Version: 1.5 File is not encrypted File is not linearized No syntax or stream encoding errors found; the file may still contain errors that qpdf cannot detect"
"regression/arxiv-cc-2025-01-08-to-14-batch2/2412.10584v1.pdf","31258BC3093D490206089C603C76A671F80255FE25FD98DBDD8C0B88C71785E8","5814350","0","checking C:\Users\steve\code\KillerPDF-Corpus\corpus\regression\arxiv-cc-2025-01-08-to-14-batch2\2412.10584v1.pdf PDF Version: 1.5 File is not encrypted File is not linearized No syntax or stream encoding errors found; the file may still contain errors that qpdf cannot detect"
"regression/arxiv-cc-2025-01-08-to-14-batch2/2412.10832v2.pdf","FBC0300D502D764FBFE61890A12E28C1F9CE932042D3C59AFE95EC2F59D7C58F","624863","0","checking C:\Users\steve\code\KillerPDF-Corpus\corpus\regression\arxiv-cc-2025-01-08-to-14-batch2\2412.10832v2.pdf PDF Version: 1.5 File is not encrypted File is not linearized No syntax or stream encoding errors found; the file may still contain errors that qpdf cannot detect"
"regression/arxiv-cc-2025-01-08-to-14-batch2/2412.11353v1.pdf","318B003903871F5C120D43C87B96E6CFEF56CA5F15BA63A8C2E873D9C6CBDBEC","6703889","0","checking C:\Users\steve\code\KillerPDF-Corpus\corpus\regression\arxiv-cc-2025-01-08-to-14-batch2\2412.11353v1.pdf PDF Version: 1.5 File is not encrypted File is not linearized No syntax or stream encoding errors found; the file may still contain errors that qpdf cannot detect"
"regression/arxiv-cc-2025-01-08-to-14-batch2/2412.11624v1.pdf","C9EFE7245DA140F310ADFC7428D59519915B8852559161FAB54DD3F29268907B","1637152","0","checking C:\Users\steve\code\KillerPDF-Corpus\corpus\regression\arxiv-cc-2025-01-08-to-14-batch2\2412.11624v1.pdf PDF Version: 1.5 File is not encrypted File is not linearized No syntax or stream encoding errors found; the file may still contain errors that qpdf cannot detect"
"regression/arxiv-cc-2025-01-08-to-14-batch2/2412.11698v2.pdf","F3AA3395134232113FCEBC6011C98C2B932CCCD55F91E403DB5E588852C137EF","216144","0","checking C:\Users\steve\code\KillerPDF-Corpus\corpus\regression\arxiv-cc-2025-01-08-to-14-batch2\2412.11698v2.pdf PDF Version: 1.4 File is not encrypted File is not linearized No syntax or stream encoding errors found; the file may still contain errors that qpdf cannot detect"
"regression/arxiv-cc-2025-01-08-to-14-batch2/2412.11701v2.pdf","2EE8C426F6AC4F48ED23A1494C3CCA9DF0AEC2139492EED46FB5AC1C04EA066F","317108","0","checking C:\Users\steve\code\KillerPDF-Corpus\corpus\regression\arxiv-cc-2025-01-08-to-14-batch2\2412.11701v2.pdf PDF Version: 1.4 File is not encrypted File is not linearized No syntax or stream encoding errors found; the file may still contain errors that qpdf cannot detect"
"regression/arxiv-cc-2025-01-08-to-14-batch2/2412.11724v1.pdf","9D485A1BA8F2E0015B8C37268270EAD66C0AFFDA5E2B7B101114DD576ED0FCFE","6899134","0","checking C:\Users\steve\code\KillerPDF-Corpus\corpus\regression\arxiv-cc-2025-01-08-to-14-batch2\2412.11724v1.pdf PDF Version: 1.5 File is not encrypted File is not linearized No syntax or stream encoding errors found; the file may still contain errors that qpdf cannot detect"
"regression/arxiv-cc-2025-01-08-to-14-batch2/2412.11872v1.pdf","D03D9924EBFECA1E21E29D4BB5E02AC8793489000792AE3E8F6E889656AC2250","1550725","0","checking C:\Users\steve\code\KillerPDF-Corpus\corpus\regression\arxiv-cc-2025-01-08-to-14-batch2\2412.11872v1.pdf PDF Version: 1.5 File is not encrypted File is not linearized No syntax or stream encoding errors found; the file may still contain errors that qpdf cannot detect"
"regression/arxiv-cc-2025-01-08-to-14-batch2/2412.12245v2.pdf","4AD27ED7E3CA044F68D33DBA063A1C62CD6751CD37D779056B2F0BE208204658","665149","0","checking C:\Users\steve\code\KillerPDF-Corpus\corpus\regression\arxiv-cc-2025-01-08-to-14-batch2\2412.12245v2.pdf PDF Version: 1.5 File is not encrypted File is not linearized No syntax or stream encoding errors found; the file may still contain errors that qpdf cannot detect"
"regression/arxiv-cc-2025-01-08-to-14-batch2/2412.12573v2.pdf","3CE1748CBBD901D9B3EF2A49B411F14C5A29FEA62E3C7CBD5AA764903DED1205","1083492","0","checking C:\Users\steve\code\KillerPDF-Corpus\corpus\regression\arxiv-cc-2025-01-08-to-14-batch2\2412.12573v2.pdf PDF Version: 1.5 File is not encrypted File is not linearized No syntax or stream encoding errors found; the file may still contain errors that qpdf cannot detect"
"regression/arxiv-cc-2025-01-08-to-14-batch2/2412.12760v2.pdf","4D308CE0CCC4EAA5A3DA488325A31155B3F1976E296986D0295C3247A9D7A8D8","417506","0","checking C:\Users\steve\code\KillerPDF-Corpus\corpus\regression\arxiv-cc-2025-01-08-to-14-batch2\2412.12760v2.pdf PDF Version: 1.5 File is not encrypted File is not linearized No syntax or stream encoding errors found; the file may still contain errors that qpdf cannot detect"
"regression/arxiv-cc-2025-01-08-to-14-batch2/2412.13066v2.pdf","B380FBCDAB5835F7D8E4AE0308D116E862108DF56BD241FC4CEF2F0128035715","416444","0","checking C:\Users\steve\code\KillerPDF-Corpus\corpus\regression\arxiv-cc-2025-01-08-to-14-batch2\2412.13066v2.pdf PDF Version: 1.4 File is not encrypted File is not linearized No syntax or stream encoding errors found; the file may still contain errors that qpdf cannot detect"
"regression/arxiv-cc-2025-01-08-to-14-batch2/2412.13190v3.pdf","3FED2BE21100219B43CCD5E86C2051D2EB9A1E6F4182E6A43B41D8915038F83C","3170663","3","checking C:\Users\steve\code\KillerPDF-Corpus\corpus\regression\arxiv-cc-2025-01-08-to-14-batch2\2412.13190v3.pdf PDF Version: 1.5 File is not encrypted File is not linearized WARNING: C:\Users\steve\code\KillerPDF-Corpus\corpus\regression\arxiv-cc-2025-01-08-to-14-batch2\2412.13190v3.pdf (offset 277550): input stream is complete but output may still be valid WARNING: C:\Users\steve\code\KillerPDF-Corpus\corpus\regression\arxiv-cc-2025-01-08-to-14-batch2\2412.13190v3.pdf (offset 351662): input stream is complete but output may still be valid WARNING: C:\Users\steve\code\KillerPDF-Corpus\corpus\regression\arxiv-cc-2025-01-08-to-14-batch2\2412.13190v3.pdf (offset 2913157): input stream is complete but output may still be valid qpdf: operation succeeded with warnings"
"regression/arxiv-cc-2025-01-08-to-14-batch2/2412.14238v2.pdf","3D5369DD9A1EE6C3B84378BF42DD6367CADA401F7EEA723DB0963A280F2B4F28","1332046","0","checking C:\Users\steve\code\KillerPDF-Corpus\corpus\regression\arxiv-cc-2025-01-08-to-14-batch2\2412.14238v2.pdf PDF Version: 1.5 File is not encrypted File is not linearized No syntax or stream encoding errors found; the file may still contain errors that qpdf cannot detect"
"regression/arxiv-cc-2025-01-08-to-14-batch2/2412.14523v2.pdf","AA15F97FF17D6EE3CD494AD3670C19CCE7B308C890AE36F75A6F7C6F2DCC7EEB","1412151","0","checking C:\Users\steve\code\KillerPDF-Corpus\corpus\regression\arxiv-cc-2025-01-08-to-14-batch2\2412.14523v2.pdf PDF Version: 1.7 File is not encrypted File is not linearized No syntax or stream encoding errors found; the file may still contain errors that qpdf cannot detect"
"regression/arxiv-cc-2025-01-08-to-14-batch2/2412.14549v1.pdf","BB591C7D2B772BB77B5E827B5124BC3EE862E2DC04C321686C0FA3513A50F778","437934","0","checking C:\Users\steve\code\KillerPDF-Corpus\corpus\regression\arxiv-cc-2025-01-08-to-14-batch2\2412.14549v1.pdf PDF Version: 1.4 File is not encrypted File is not linearized No syntax or stream encoding errors found; the file may still contain errors that qpdf cannot detect"
"regression/arxiv-cc-2025-01-08-to-14-batch2/2412.14760v2.pdf","14A7F5F2C9062B8B2822F93379E821837D3D4D6661E0D00995840E27EE33A6F4","1499087","0","checking C:\Users\steve\code\KillerPDF-Corpus\corpus\regression\arxiv-cc-2025-01-08-to-14-batch2\2412.14760v2.pdf PDF Version: 1.5 File is not encrypted File is not linearized No syntax or stream encoding errors found; the file may still contain errors that qpdf cannot detect"
"regression/arxiv-cc-2025-01-08-to-14-batch2/2412.14889v3.pdf","92BB4B054DD37C7C7A6F83731D15FFDFD6C04344FCC6BCD5F8D56DD01E01991E","1914709","0","checking C:\Users\steve\code\KillerPDF-Corpus\corpus\regression\arxiv-cc-2025-01-08-to-14-batch2\2412.14889v3.pdf PDF Version: 1.5 File is not encrypted File is not linearized No syntax or stream encoding errors found; the file may still contain errors that qpdf cannot detect"
"regression/arxiv-cc-2025-01-08-to-14-batch2/2412.16055v2.pdf","C6A907197AFF834A504D30BC5A7C0F5A31666C4C5859DBE399D1857F9B8942C2","118625","0","checking C:\Users\steve\code\KillerPDF-Corpus\corpus\regression\arxiv-cc-2025-01-08-to-14-batch2\2412.16055v2.pdf PDF Version: 1.4 File is not encrypted File is not linearized No syntax or stream encoding errors found; the file may still contain errors that qpdf cannot detect"
"regression/arxiv-cc-2025-01-08-to-14-batch2/2412.16220v3.pdf","3D3110BD754EEA51782C894694D6DC808A12CDAAB7FB27725ADE366C2C2B818C","1007059","0","checking C:\Users\steve\code\KillerPDF-Corpus\corpus\regression\arxiv-cc-2025-01-08-to-14-batch2\2412.16220v3.pdf PDF Version: 1.5 File is not encrypted File is not linearized No syntax or stream encoding errors found; the file may still contain errors that qpdf cannot detect"
"regression/arxiv-cc-2025-01-08-to-14-batch2/2412.16339v2.pdf","BAA269BCA96556970A7D26D00CD1B20CE2CF59F51D5CB0F5FC230A1A71663AE2","2439335","0","checking C:\Users\steve\code\KillerPDF-Corpus\corpus\regression\arxiv-cc-2025-01-08-to-14-batch2\2412.16339v2.pdf PDF Version: 1.5 File is not encrypted File is not linearized No syntax or stream encoding errors found; the file may still contain errors that qpdf cannot detect"
"regression/arxiv-cc-2025-01-08-to-14-batch2/2412.16567v1.pdf","88ED64C1B15925D07640E58272EA2EEFCB71B1BD314F5BBF6B4B59C68243B72E","1026507","0","checking C:\Users\steve\code\KillerPDF-Corpus\corpus\regression\arxiv-cc-2025-01-08-to-14-batch2\2412.16567v1.pdf PDF Version: 1.7 File is not encrypted File is not linearized No syntax or stream encoding errors found; the file may still contain errors that qpdf cannot detect"
"regression/arxiv-cc-2025-01-08-to-14-batch2/2412.16605v2.pdf","5D2EC58166514AE1F6DED51E186EB5DEB24224EBDEE6F86B1D434F684EFE2463","1283216","0","checking C:\Users\steve\code\KillerPDF-Corpus\corpus\regression\arxiv-cc-2025-01-08-to-14-batch2\2412.16605v2.pdf PDF Version: 1.5 File is not encrypted File is not linearized No syntax or stream encoding errors found; the file may still contain errors that qpdf cannot detect"
"regression/arxiv-cc-2025-01-08-to-14-batch2/2412.16610v2.pdf","B0CBD63348489E4981DB28BA6C25D531AC3EBE18E5DDFA0D67BBFB017A82608A","850776","0","checking C:\Users\steve\code\KillerPDF-Corpus\corpus\regression\arxiv-cc-2025-01-08-to-14-batch2\2412.16610v2.pdf PDF Version: 1.5 File is not encrypted File is not linearized No syntax or stream encoding errors found; the file may still contain errors that qpdf cannot detect"
"regression/arxiv-cc-2025-01-08-to-14-batch2/2412.17114v3.pdf","050A5A907DFBE6443206835B2526906CCD930DF45B27B3B728048F700AFD18D9","196361","0","checking C:\Users\steve\code\KillerPDF-Corpus\corpus\regression\arxiv-cc-2025-01-08-to-14-batch2\2412.17114v3.pdf PDF Version: 1.4 File is not encrypted File is not linearized No syntax or stream encoding errors found; the file may still contain errors that qpdf cannot detect"
"regression/arxiv-cc-2025-01-08-to-14-batch2/2412.17298v2.pdf","AB237931D1EBC95C829605A60E685A5E8BE1E0EBBAD6B19BC349EBEC88D5BF59","621130","0","checking C:\Users\steve\code\KillerPDF-Corpus\corpus\regression\arxiv-cc-2025-01-08-to-14-batch2\2412.17298v2.pdf PDF Version: 1.5 File is not encrypted File is not linearized No syntax or stream encoding errors found; the file may still contain errors that qpdf cannot detect"
"regression/arxiv-cc-2025-01-08-to-14-batch2/2412.17547v2.pdf","EE3E9A465766BED14AE37BCD30B19C8A834E8E121C2D88B3FD01F1575413B5BE","1351962","0","checking C:\Users\steve\code\KillerPDF-Corpus\corpus\regression\arxiv-cc-2025-01-08-to-14-batch2\2412.17547v2.pdf PDF Version: 1.5 File is not encrypted File is not linearized No syntax or stream encoding errors found; the file may still contain errors that qpdf cannot detect"
"regression/arxiv-cc-2025-01-08-to-14-batch2/2412.17713v2.pdf","C2EB397D3B7BBDC1CE88EC8CF4988FFD12314D02322CDFBA88D534AD761BF1CD","417830","0","checking C:\Users\steve\code\KillerPDF-Corpus\corpus\regression\arxiv-cc-2025-01-08-to-14-batch2\2412.17713v2.pdf PDF Version: 1.4 File is not encrypted File is not linearized No syntax or stream encoding errors found; the file may still contain errors that qpdf cannot detect"
"regression/arxiv-cc-2025-01-08-to-14-batch2/2412.17795v2.pdf","F338701764F9D0AE1C1CE3C54644502CFF29DBD852BC0DF8453AD1620D047913","179492","0","checking C:\Users\steve\code\KillerPDF-Corpus\corpus\regression\arxiv-cc-2025-01-08-to-14-batch2\2412.17795v2.pdf PDF Version: 1.4 File is not encrypted File is not linearized No syntax or stream encoding errors found; the file may still contain errors that qpdf cannot detect"
"regression/arxiv-cc-2025-01-08-to-14-batch2/2412.18234v2.pdf","B7EC6534726A5006352C0D94E4D6CE117F86FF4AD7B1CCC38F134BFBA0AC3CD8","500584","0","checking C:\Users\steve\code\KillerPDF-Corpus\corpus\regression\arxiv-cc-2025-01-08-to-14-batch2\2412.18234v2.pdf PDF Version: 1.5 File is not encrypted File is not linearized No syntax or stream encoding errors found; the file may still contain errors that qpdf cannot detect"
"regression/arxiv-cc-2025-01-08-to-14-batch2/2412.18368v2.pdf","2637374C5093865549938367750FF707772A5175DFE4C88ECC6ACF870D6ED10B","141726","0","checking C:\Users\steve\code\KillerPDF-Corpus\corpus\regression\arxiv-cc-2025-01-08-to-14-batch2\2412.18368v2.pdf PDF Version: 1.4 File is not encrypted File is not linearized No syntax or stream encoding errors found; the file may still contain errors that qpdf cannot detect"
"regression/arxiv-cc-2025-01-08-to-14-batch2/2412.18413v2.pdf","C834B28B742EA88296A9C298585EED67E1C82BFB304E576031CAD59394AE5E80","726022","0","checking C:\Users\steve\code\KillerPDF-Corpus\corpus\regression\arxiv-cc-2025-01-08-to-14-batch2\2412.18413v2.pdf PDF Version: 1.5 File is not encrypted File is not linearized No syntax or stream encoding errors found; the file may still contain errors that qpdf cannot detect"
"regression/arxiv-cc-2025-01-08-to-14-batch2/2412.18544v2.pdf","C2514BB78402A41AF560127D6012EAD3A0788A9F9CC295FC1041F1D7BDA0F3AB","1475465","0","checking C:\Users\steve\code\KillerPDF-Corpus\corpus\regression\arxiv-cc-2025-01-08-to-14-batch2\2412.18544v2.pdf PDF Version: 1.5 File is not encrypted File is not linearized No syntax or stream encoding errors found; the file may still contain errors that qpdf cannot detect"
"regression/arxiv-cc-2025-01-08-to-14-batch2/2412.18930v2.pdf","8C19CD749B7F1BD6F6F07FCD6D57BAA12C0BC258D10732FF9D1C95CB0D44101E","13327268","0","checking C:\Users\steve\code\KillerPDF-Corpus\corpus\regression\arxiv-cc-2025-01-08-to-14-batch2\2412.18930v2.pdf PDF Version: 1.6 File is not encrypted File is not linearized No syntax or stream encoding errors found; the file may still contain errors that qpdf cannot detect"
"regression/arxiv-cc-2025-01-08-to-14-batch2/2412.18997v2.pdf","CBC0EE4BAF28D3A792F718DF4B80D3E340BF93143EC326B0655A3DB027D6EC2D","9949245","0","checking C:\Users\steve\code\KillerPDF-Corpus\corpus\regression\arxiv-cc-2025-01-08-to-14-batch2\2412.18997v2.pdf PDF Version: 1.5 File is not encrypted File is not linearized No syntax or stream encoding errors found; the file may still contain errors that qpdf cannot detect"
"regression/arxiv-cc-2025-01-08-to-14-batch2/2412.19139v2.pdf","7DBDA8E72E145D1C0D0AFD6C1B0F8940154170628D4DD89E8F46F6CF26518663","530800","0","checking C:\Users\steve\code\KillerPDF-Corpus\corpus\regression\arxiv-cc-2025-01-08-to-14-batch2\2412.19139v2.pdf PDF Version: 1.5 File is not encrypted File is not linearized No syntax or stream encoding errors found; the file may still contain errors that qpdf cannot detect"
"regression/arxiv-cc-2025-01-08-to-14-batch2/2412.19236v2.pdf","988E62FB0D45D0748FDA850B132D623D87C2BE83E59C5849E5DBCECCD1015218","472597","0","checking C:\Users\steve\code\KillerPDF-Corpus\corpus\regression\arxiv-cc-2025-01-08-to-14-batch2\2412.19236v2.pdf PDF Version: 1.4 File is not encrypted File is not linearized No syntax or stream encoding errors found; the file may still contain errors that qpdf cannot detect"
"regression/arxiv-cc-2025-01-08-to-14-batch2/2412.19292v2.pdf","CBD64061E6822A395E05BF1199D990E92F86DE614064FDFC1AAF50464F288BF6","1129504","0","checking C:\Users\steve\code\KillerPDF-Corpus\corpus\regression\arxiv-cc-2025-01-08-to-14-batch2\2412.19292v2.pdf PDF Version: 1.5 File is not encrypted File is not linearized No syntax or stream encoding errors found; the file may still contain errors that qpdf cannot detect"
"regression/arxiv-cc-2025-01-08-to-14-batch2/2412.19543v2.pdf","766FAA85AA3B7D946A263DDCCE2230CBE9094DB63D69D2F50EC69F34411571FD","44648291","0","checking C:\Users\steve\code\KillerPDF-Corpus\corpus\regression\arxiv-cc-2025-01-08-to-14-batch2\2412.19543v2.pdf PDF Version: 1.5 File is not encrypted File is not linearized No syntax or stream encoding errors found; the file may still contain errors that qpdf cannot detect"
"regression/arxiv-cc-2025-01-08-to-14-batch2/2412.19717v1.pdf","2FBE4E72765D17018C37437FFF1641B5C30043215CAB2EC542D26C35FDDDA297","3566876","0","checking C:\Users\steve\code\KillerPDF-Corpus\corpus\regression\arxiv-cc-2025-01-08-to-14-batch2\2412.19717v1.pdf PDF Version: 1.5 File is not encrypted File is not linearized No syntax or stream encoding errors found; the file may still contain errors that qpdf cannot detect"
"regression/arxiv-cc-2025-01-08-to-14-batch2/2412.19810v2.pdf","3DA4311262513EA4AC1DA880B9A9F7DF0B966BF2DC85C9CFEA87D6C36C8087C7","838746","0","checking C:\Users\steve\code\KillerPDF-Corpus\corpus\regression\arxiv-cc-2025-01-08-to-14-batch2\2412.19810v2.pdf PDF Version: 1.5 File is not encrypted File is not linearized No syntax or stream encoding errors found; the file may still contain errors that qpdf cannot detect"
"regression/arxiv-cc-2025-01-08-to-14-batch2/2412.20531v2.pdf","E0C1BF5909E01D488C50157B9D36C981DDFC6E9CBC7AA8E2F9C4EB936C74710D","4005122","0","checking C:\Users\steve\code\KillerPDF-Corpus\corpus\regression\arxiv-cc-2025-01-08-to-14-batch2\2412.20531v2.pdf PDF Version: 1.5 File is not encrypted File is not linearized No syntax or stream encoding errors found; the file may still contain errors that qpdf cannot detect"
"regression/arxiv-cc-2025-01-08-to-14-batch2/2412.20597v3.pdf","FC57223DD55D96AA3C5EFE223D3E0567FA54A25AC56E5313E042E086B4FED286","1627217","0","checking C:\Users\steve\code\KillerPDF-Corpus\corpus\regression\arxiv-cc-2025-01-08-to-14-batch2\2412.20597v3.pdf PDF Version: 1.5 File is not encrypted File is not linearized No syntax or stream encoding errors found; the file may still contain errors that qpdf cannot detect"
"regression/arxiv-cc-2025-01-08-to-14-batch2/2412.20870v2.pdf","702B60901EF791D4098120798915B5C12881E432A3BB69C41E472F997B541EDD","9608237","0","checking C:\Users\steve\code\KillerPDF-Corpus\corpus\regression\arxiv-cc-2025-01-08-to-14-batch2\2412.20870v2.pdf PDF Version: 1.5 File is not encrypted File is not linearized No syntax or stream encoding errors found; the file may still contain errors that qpdf cannot detect"
"regression/arxiv-cc-2025-01-08-to-14-batch2/2501.00085v2.pdf","C6C0C5E1554A8967850CA567D7B52F1A55175995601909819FCB7F8CBA7DA345","271922","0","checking C:\Users\steve\code\KillerPDF-Corpus\corpus\regression\arxiv-cc-2025-01-08-to-14-batch2\2501.00085v2.pdf PDF Version: 1.7 File is not encrypted File is not linearized No syntax or stream encoding errors found; the file may still contain errors that qpdf cannot detect"
"regression/arxiv-cc-2025-01-08-to-14-batch2/2501.00229v1.pdf","85F0B66B72782357797C1B3DD0FBEB6AD05E844D9D769E6144B5B6F454BD8CA0","6924313","0","checking C:\Users\steve\code\KillerPDF-Corpus\corpus\regression\arxiv-cc-2025-01-08-to-14-batch2\2501.00229v1.pdf PDF Version: 1.5 File is not encrypted File is not linearized No syntax or stream encoding errors found; the file may still contain errors that qpdf cannot detect"
"regression/arxiv-cc-2025-01-08-to-14-batch2/2501.00320v2.pdf","F79BA7D7A5558BB44D35AC5A1CC7A2A88A11F779C9D120AE0AE9122A8CFFF62A","1443283","0","checking C:\Users\steve\code\KillerPDF-Corpus\corpus\regression\arxiv-cc-2025-01-08-to-14-batch2\2501.00320v2.pdf PDF Version: 1.5 File is not encrypted File is not linearized No syntax or stream encoding errors found; the file may still contain errors that qpdf cannot detect"
"regression/arxiv-cc-2025-01-08-to-14-batch2/2501.00530v2.pdf","FC9F8B61CC362AE99A9C416B56A216580D2FA4E024224BDF513577AF44B1D721","1023222","0","checking C:\Users\steve\code\KillerPDF-Corpus\corpus\regression\arxiv-cc-2025-01-08-to-14-batch2\2501.00530v2.pdf PDF Version: 1.5 File is not encrypted File is not linearized No syntax or stream encoding errors found; the file may still contain errors that qpdf cannot detect"
"regression/arxiv-cc-2025-01-08-to-14-batch2/2501.00534v2.pdf","B979AEBCE79A4F1C4AFB24DC6087C2DC0CC5E7C5D9A5BDEC7E112C3153C19A77","3702933","0","checking C:\Users\steve\code\KillerPDF-Corpus\corpus\regression\arxiv-cc-2025-01-08-to-14-batch2\2501.00534v2.pdf PDF Version: 1.5 File is not encrypted File is not linearized No syntax or stream encoding errors found; the file may still contain errors that qpdf cannot detect"
"regression/arxiv-cc-2025-01-08-to-14-batch2/2501.00588v2.pdf","1F00ADE423EB36BFC2A100CA63CB91E64723AD36A6A71E206CA8729EAE358ADE","981271","0","checking C:\Users\steve\code\KillerPDF-Corpus\corpus\regression\arxiv-cc-2025-01-08-to-14-batch2\2501.00588v2.pdf PDF Version: 1.5 File is not encrypted File is not linearized No syntax or stream encoding errors found; the file may still contain errors that qpdf cannot detect"
"regression/arxiv-cc-2025-01-08-to-14-batch2/2501.00618v2.pdf","943BD987E180D36D2BE2FE79DB2926F98122ED29985E28159B59662F674F5EB4","212270","0","checking C:\Users\steve\code\KillerPDF-Corpus\corpus\regression\arxiv-cc-2025-01-08-to-14-batch2\2501.00618v2.pdf PDF Version: 1.4 File is not encrypted File is not linearized No syntax or stream encoding errors found; the file may still contain errors that qpdf cannot detect"
"regression/arxiv-cc-2025-01-08-to-14-batch2/2501.00790v2.pdf","6BE070919150DE4A058F1F3AA76ADFD2AA0000AE792347D9CA032F52E2D4C5EE","1884874","0","checking C:\Users\steve\code\KillerPDF-Corpus\corpus\regression\arxiv-cc-2025-01-08-to-14-batch2\2501.00790v2.pdf PDF Version: 1.5 File is not encrypted File is not linearized No syntax or stream encoding errors found; the file may still contain errors that qpdf cannot detect"
"regression/arxiv-cc-2025-01-08-to-14-batch2/2501.00792v2.pdf","E86865A11D6F029CAF1DE20E6497B87F0E8439D111F1E4F27BF8743A477F60E6","1572724","0","checking C:\Users\steve\code\KillerPDF-Corpus\corpus\regression\arxiv-cc-2025-01-08-to-14-batch2\2501.00792v2.pdf PDF Version: 1.5 File is not encrypted File is not linearized No syntax or stream encoding errors found; the file may still contain errors that qpdf cannot detect"
"regression/arxiv-cc-2025-01-08-to-14-batch2/2501.00889v2.pdf","29C8130C0D91D0DC12AB3A835B4A20B83363AC4CCEF801C935F46CB20F201C32","3855328","0","checking C:\Users\steve\code\KillerPDF-Corpus\corpus\regression\arxiv-cc-2025-01-08-to-14-batch2\2501.00889v2.pdf PDF Version: 1.5 File is not encrypted File is not linearized No syntax or stream encoding errors found; the file may still contain errors that qpdf cannot detect"
"regression/arxiv-cc-2025-01-08-to-14-batch2/2501.00949v2.pdf","3A5C27FC413D6B6869C381FDF3D09CB622D8E275FAF76F0580D996F92E1EB8FE","826089","0","checking C:\Users\steve\code\KillerPDF-Corpus\corpus\regression\arxiv-cc-2025-01-08-to-14-batch2\2501.00949v2.pdf PDF Version: 1.5 File is not encrypted File is not linearized No syntax or stream encoding errors found; the file may still contain errors that qpdf cannot detect"
"regression/arxiv-cc-2025-01-08-to-14-batch2/2501.01076v2.pdf","0134D6E5EBFF8B719EF5BFA3CA53B8E32179E23DA143C922557D8C0E35C1EBBA","877004","0","checking C:\Users\steve\code\KillerPDF-Corpus\corpus\regression\arxiv-cc-2025-01-08-to-14-batch2\2501.01076v2.pdf PDF Version: 1.5 File is not encrypted File is not linearized No syntax or stream encoding errors found; the file may still contain errors that qpdf cannot detect"
"regression/arxiv-cc-2025-01-08-to-14-batch2/2501.01311v2.pdf","79C2BD77C52A661C2F859EC3608C222E79E527EAD85B9A8F486F097FB68C3445","7265285","0","checking C:\Users\steve\code\KillerPDF-Corpus\corpus\regression\arxiv-cc-2025-01-08-to-14-batch2\2501.01311v2.pdf PDF Version: 1.5 File is not encrypted File is not linearized No syntax or stream encoding errors found; the file may still contain errors that qpdf cannot detect"
"regression/arxiv-cc-2025-01-08-to-14-batch2/2501.01312v3.pdf","B761791FE432A5DD0EFA19B599D24F0E1C531FCC0E34C551BEF4603E81D3D495","1792001","0","checking C:\Users\steve\code\KillerPDF-Corpus\corpus\regression\arxiv-cc-2025-01-08-to-14-batch2\2501.01312v3.pdf PDF Version: 1.5 File is not encrypted File is not linearized No syntax or stream encoding errors found; the file may still contain errors that qpdf cannot detect"
"regression/arxiv-cc-2025-01-08-to-14-batch2/2501.01433v2.pdf","EEF17A6B2D1BDBABB108B56D3B2A2A0183B15A92200A36076EAC3A41205E4EE1","202288","0","checking C:\Users\steve\code\KillerPDF-Corpus\corpus\regression\arxiv-cc-2025-01-08-to-14-batch2\2501.01433v2.pdf PDF Version: 1.4 File is not encrypted File is not linearized No syntax or stream encoding errors found; the file may still contain errors that qpdf cannot detect"
"regression/arxiv-cc-2025-01-08-to-14-batch2/2501.01508v2.pdf","DAF734F6C53CD515C7226DDA11EC5C5AC7964A67DB5C1394F987B0C81D48420F","1934303","0","checking C:\Users\steve\code\KillerPDF-Corpus\corpus\regression\arxiv-cc-2025-01-08-to-14-batch2\2501.01508v2.pdf PDF Version: 1.5 File is not encrypted File is not linearized No syntax or stream encoding errors found; the file may still contain errors that qpdf cannot detect"
"regression/arxiv-cc-2025-01-08-to-14-batch2/2501.01534v1.pdf","8159B610FDB57BBE1F117F922F418BE2BFD5E58D62BB5AA469B4A2BC883F097A","280056","0","checking C:\Users\steve\code\KillerPDF-Corpus\corpus\regression\arxiv-cc-2025-01-08-to-14-batch2\2501.01534v1.pdf PDF Version: 1.5 File is not encrypted File is not linearized No syntax or stream encoding errors found; the file may still contain errors that qpdf cannot detect"
"regression/arxiv-cc-2025-01-08-to-14-batch2/2501.01767v2.pdf","1CCE216DF2FB226A286E3E1F8E82745DD7D391E30D6D693796807D5AFAF2A1CE","843635","0","checking C:\Users\steve\code\KillerPDF-Corpus\corpus\regression\arxiv-cc-2025-01-08-to-14-batch2\2501.01767v2.pdf PDF Version: 1.5 File is not encrypted File is not linearized No syntax or stream encoding errors found; the file may still contain errors that qpdf cannot detect"
"regression/arxiv-cc-2025-01-08-to-14-batch2/2501.01876v1.pdf","EC452DFD5144BEE7A19644ED407E8C1B5FAAD2F73C606B689EA10C8A719BC400","16294872","0","checking C:\Users\steve\code\KillerPDF-Corpus\corpus\regression\arxiv-cc-2025-01-08-to-14-batch2\2501.01876v1.pdf PDF Version: 1.5 File is not encrypted File is not linearized No syntax or stream encoding errors found; the file may still contain errors that qpdf cannot detect"
"regression/arxiv-cc-2025-01-08-to-14-batch2/2501.02024v2.pdf","319A0E5DA4DBB24B5E5DA735A8257EF32F90AC6586D3C58E83393558BAB50436","299191","0","checking C:\Users\steve\code\KillerPDF-Corpus\corpus\regression\arxiv-cc-2025-01-08-to-14-batch2\2501.02024v2.pdf PDF Version: 1.7 File is not encrypted File is not linearized No syntax or stream encoding errors found; the file may still contain errors that qpdf cannot detect"
"regression/arxiv-cc-2025-01-08-to-14-batch2/2501.02051v2.pdf","2DF555240440FB456EE1E693DDB0ABAD68ADF3D4E6E23F5F1C6AD993ACF1EC79","3120936","0","checking C:\Users\steve\code\KillerPDF-Corpus\corpus\regression\arxiv-cc-2025-01-08-to-14-batch2\2501.02051v2.pdf PDF Version: 1.5 File is not encrypted File is not linearized No syntax or stream encoding errors found; the file may still contain errors that qpdf cannot detect"
"regression/arxiv-cc-2025-01-08-to-14-batch2/2501.02080v1.pdf","A03377348F3C37BAFA7E984EA00EA38B0A4C6AAA871FECBCE62C89F8364271E0","45641577","0","checking C:\Users\steve\code\KillerPDF-Corpus\corpus\regression\arxiv-cc-2025-01-08-to-14-batch2\2501.02080v1.pdf PDF Version: 1.5 File is not encrypted File is not linearized No syntax or stream encoding errors found; the file may still contain errors that qpdf cannot detect"
"regression/arxiv-cc-2025-01-08-to-14-batch2/2501.02094v2.pdf","0FD8C21BACC6EC5FD43812A0E2FA213E0D50975E77AAFB81ED7B2F679DC3368A","643958","0","checking C:\Users\steve\code\KillerPDF-Corpus\corpus\regression\arxiv-cc-2025-01-08-to-14-batch2\2501.02094v2.pdf PDF Version: 1.5 File is not encrypted File is not linearized No syntax or stream encoding errors found; the file may still contain errors that qpdf cannot detect"
"regression/arxiv-cc-2025-01-08-to-14-batch2/2501.02132v2.pdf","3537AFC8AAB3587086B47F82C3A0F94938F6AD3138659270E5B087F03A9C6539","2347604","0","checking C:\Users\steve\code\KillerPDF-Corpus\corpus\regression\arxiv-cc-2025-01-08-to-14-batch2\2501.02132v2.pdf PDF Version: 1.5 File is not encrypted File is not linearized No syntax or stream encoding errors found; the file may still contain errors that qpdf cannot detect"
"regression/arxiv-cc-2025-01-08-to-14-batch2/2501.02156v3.pdf","FD9065F218FFDC09D54BB5847191256FF08812E13C66D287D192FE3C4B3AEAFF","920366","0","checking C:\Users\steve\code\KillerPDF-Corpus\corpus\regression\arxiv-cc-2025-01-08-to-14-batch2\2501.02156v3.pdf PDF Version: 1.5 File is not encrypted File is not linearized No syntax or stream encoding errors found; the file may still contain errors that qpdf cannot detect"
"regression/arxiv-cc-2025-01-08-to-14-batch2/2501.02225v1.pdf","3CBF8BA18BEBE5730126B38107818A6B2E9A6D151B7BD1E76B48B8708A781830","3666314","0","checking C:\Users\steve\code\KillerPDF-Corpus\corpus\regression\arxiv-cc-2025-01-08-to-14-batch2\2501.02225v1.pdf PDF Version: 1.5 File is not encrypted File is not linearized No syntax or stream encoding errors found; the file may still contain errors that qpdf cannot detect"
"regression/arxiv-cc-2025-01-08-to-14-batch2/2501.02278v2.pdf","2E43F07F596FBCBB8B51F7138C419285624E9F7CF556B3C9E11D8AFF32C23E57","1324711","0","checking C:\Users\steve\code\KillerPDF-Corpus\corpus\regression\arxiv-cc-2025-01-08-to-14-batch2\2501.02278v2.pdf PDF Version: 1.5 File is not encrypted File is not linearized No syntax or stream encoding errors found; the file may still contain errors that qpdf cannot detect"
"regression/arxiv-cc-2025-01-08-to-14-batch2/2501.02285v2.pdf","55C1B5D9E87F73CB06629CAD67C527C4D65B5DEAD22DC6C33044D0AB7F62E3B7","1005390","0","checking C:\Users\steve\code\KillerPDF-Corpus\corpus\regression\arxiv-cc-2025-01-08-to-14-batch2\2501.02285v2.pdf PDF Version: 1.6 File is not encrypted File is not linearized No syntax or stream encoding errors found; the file may still contain errors that qpdf cannot detect"
"regression/arxiv-cc-2025-01-08-to-14-batch2/2501.02293v2.pdf","3F746ACB6097F3396DBD75A6DE6325480C69D48AA3DD868A5C5CA3535A384F76","2578938","0","checking C:\Users\steve\code\KillerPDF-Corpus\corpus\regression\arxiv-cc-2025-01-08-to-14-batch2\2501.02293v2.pdf PDF Version: 1.5 File is not encrypted File is not linearized No syntax or stream encoding errors found; the file may still contain errors that qpdf cannot detect"
"regression/arxiv-cc-2025-01-08-to-14-batch2/2501.02425v2.pdf","92D2E7D5DB9B424A38CDC0E7E05225CFDC4F3E89D6C1C3542E5462370B24BA45","7529131","3","checking C:\Users\steve\code\KillerPDF-Corpus\corpus\regression\arxiv-cc-2025-01-08-to-14-batch2\2501.02425v2.pdf PDF Version: 1.5 File is not encrypted File is linearized WARNING: C:\Users\steve\code\KillerPDF-Corpus\corpus\regression\arxiv-cc-2025-01-08-to-14-batch2\2501.02425v2.pdf: linearized file contains an uncompressed object after a compressed one in a cross-reference stream WARNING: C:\Users\steve\code\KillerPDF-Corpus\corpus\regression\arxiv-cc-2025-01-08-to-14-batch2\2501.02425v2.pdf: first shared object offset mismatch: hint table = 7449598; computed = 7448901 WARNING: C:\Users\steve\code\KillerPDF-Corpus\corpus\regression\arxiv-cc-2025-01-08-to-14-batch2\2501.02425v2.pdf: page 0 has shared identifier entries WARNING: C:\Users\steve\code\KillerPDF-Corpus\corpus\regression\arxiv-cc-2025-01-08-to-14-batch2\2501.02425v2.pdf: page 0: shared object 563: in hint table but not computed list qpdf: operation succeeded with warnings"
"regression/arxiv-cc-2025-01-08-to-14-batch2/2501.02431v2.pdf","492232A60865F55F7495E998B0837A977237E754D09883825B9C137AA4E1B9A9","391262","0","checking C:\Users\steve\code\KillerPDF-Corpus\corpus\regression\arxiv-cc-2025-01-08-to-14-batch2\2501.02431v2.pdf PDF Version: 1.4 File is not encrypted File is not linearized No syntax or stream encoding errors found; the file may still contain errors that qpdf cannot detect"
"regression/arxiv-cc-2025-01-08-to-14-batch2/2501.02463v2.pdf","D44EF7A814ED53E43FBE69743C83E3A5A3D0CAB1625A6B164260F753CDD56F61","95397","0","checking C:\Users\steve\code\KillerPDF-Corpus\corpus\regression\arxiv-cc-2025-01-08-to-14-batch2\2501.02463v2.pdf PDF Version: 1.4 File is not encrypted File is not linearized No syntax or stream encoding errors found; the file may still contain errors that qpdf cannot detect"
"regression/arxiv-cc-2025-01-08-to-14-batch2/2501.02541v3.pdf","0ED3DD4FCDD4275D182E410D497031D9F6BB565F7DF02B21E8FC311D890BE0D7","593243","0","checking C:\Users\steve\code\KillerPDF-Corpus\corpus\regression\arxiv-cc-2025-01-08-to-14-batch2\2501.02541v3.pdf PDF Version: 1.5 File is not encrypted File is not linearized No syntax or stream encoding errors found; the file may still contain errors that qpdf cannot detect"
"regression/arxiv-cc-2025-01-08-to-14-batch2/2501.02561v2.pdf","6D081D1C23B971E697F6A88CA5ECB89494BF5286BEC6E0E3AD2D5961E60C2A7F","142783","0","checking C:\Users\steve\code\KillerPDF-Corpus\corpus\regression\arxiv-cc-2025-01-08-to-14-batch2\2501.02561v2.pdf PDF Version: 1.4 File is not encrypted File is not linearized No syntax or stream encoding errors found; the file may still contain errors that qpdf cannot detect"
"regression/arxiv-cc-2025-01-08-to-14-batch2/2501.02569v2.pdf","433274E88E3892FC63BFD6044B6859FC166974A1C93581CE93878C72661F2487","309671","0","checking C:\Users\steve\code\KillerPDF-Corpus\corpus\regression\arxiv-cc-2025-01-08-to-14-batch2\2501.02569v2.pdf PDF Version: 1.4 File is not encrypted File is not linearized No syntax or stream encoding errors found; the file may still contain errors that qpdf cannot detect"
"regression/arxiv-cc-2025-01-08-to-14-batch2/2501.02606v2.pdf","72AB9E455DD663B865E6EE8251741B4162586E0C43C6EC9A4C2C00EF307357CD","236768","0","checking C:\Users\steve\code\KillerPDF-Corpus\corpus\regression\arxiv-cc-2025-01-08-to-14-batch2\2501.02606v2.pdf PDF Version: 1.4 File is not encrypted File is not linearized No syntax or stream encoding errors found; the file may still contain errors that qpdf cannot detect"
"regression/arxiv-cc-2025-01-08-to-14-batch2/2501.02683v2.pdf","1E9827D35480336933ABD697ED61E900A1C1CEF423A000745155A5EB4AB2F50C","178454","0","checking C:\Users\steve\code\KillerPDF-Corpus\corpus\regression\arxiv-cc-2025-01-08-to-14-batch2\2501.02683v2.pdf PDF Version: 1.5 File is not encrypted File is not linearized No syntax or stream encoding errors found; the file may still contain errors that qpdf cannot detect"
