"File","SHA256","Bytes","QpdfExitCode","QpdfOutput"
"regression/arxiv-cc-2025-01-08-to-14-final/2501.05251v1.pdf","654D985125D2E9B2C07B903E4B3518E32D76CEB85D6F98DA05640F47AD777077","1761883","0","checking C:\Users\steve\code\KillerPDF-Corpus\corpus\regression\arxiv-cc-2025-01-08-to-14-final\2501.05251v1.pdf PDF Version: 1.5 File is not encrypted File is not linearized No syntax or stream encoding errors found; the file may still contain errors that qpdf cannot detect"
"regression/arxiv-cc-2025-01-08-to-14-final/2501.05252v1.pdf","D8E277F2C006A982FEFAD4F707DD54F77F8711D43AF8E303E1AEACB032AD5D99","109914","0","checking C:\Users\steve\code\KillerPDF-Corpus\corpus\regression\arxiv-cc-2025-01-08-to-14-final\2501.05252v1.pdf PDF Version: 1.4 File is not encrypted File is not linearized No syntax or stream encoding errors found; the file may still contain errors that qpdf cannot detect"
"regression/arxiv-cc-2025-01-08-to-14-final/2501.05253v1.pdf","EC1C8759AA033C87D91B42DEB916511B84A0272F1D39437797FCCD09C5B97C82","786040","0","checking C:\Users\steve\code\KillerPDF-Corpus\corpus\regression\arxiv-cc-2025-01-08-to-14-final\2501.05253v1.pdf PDF Version: 1.5 File is not encrypted File is not linearized No syntax or stream encoding errors found; the file may still contain errors that qpdf cannot detect"
"regression/arxiv-cc-2025-01-08-to-14-final/2501.05258v1.pdf","810840CA305CD3280A5BA13EAEB5DF5DFF2E518D24564CC68C041685D5BD276C","1410921","0","checking C:\Users\steve\code\KillerPDF-Corpus\corpus\regression\arxiv-cc-2025-01-08-to-14-final\2501.05258v1.pdf PDF Version: 1.5 File is not encrypted File is not linearized No syntax or stream encoding errors found; the file may still contain errors that qpdf cannot detect"
"regression/arxiv-cc-2025-01-08-to-14-final/2501.05260v1.pdf","C47A8C89BC2694F9F1AAB1F50F29990E4028372A13EC096D2441E69C01333EFD","567740","0","checking C:\Users\steve\code\KillerPDF-Corpus\corpus\regression\arxiv-cc-2025-01-08-to-14-final\2501.05260v1.pdf PDF Version: 1.5 File is not encrypted File is linearized No syntax or stream encoding errors found; the file may still contain errors that qpdf cannot detect"
"regression/arxiv-cc-2025-01-08-to-14-final/2501.05261v1.pdf","2F5CF772FC2674F4B7FA955763371DFB112817491F498F63160212D7E8BF5136","463333","0","checking C:\Users\steve\code\KillerPDF-Corpus\corpus\regression\arxiv-cc-2025-01-08-to-14-final\2501.05261v1.pdf PDF Version: 1.4 File is not encrypted File is not linearized No syntax or stream encoding errors found; the file may still contain errors that qpdf cannot detect"
"regression/arxiv-cc-2025-01-08-to-14-final/2501.05265v1.pdf","37E2C894217BC0DA043C0E5207995134EBF2460507BC1B121343D8B1CDBFDE3E","5177248","0","checking C:\Users\steve\code\KillerPDF-Corpus\corpus\regression\arxiv-cc-2025-01-08-to-14-final\2501.05265v1.pdf PDF Version: 1.5 File is not encrypted File is not linearized No syntax or stream encoding errors found; the file may still contain errors that qpdf cannot detect"
"regression/arxiv-cc-2025-01-08-to-14-final/2501.05278v1.pdf","53775112CDABB13919DD6425039A168FFBD05E991FE161284FE1BF71E92065A6","694936","0","checking C:\Users\steve\code\KillerPDF-Corpus\corpus\regression\arxiv-cc-2025-01-08-to-14-final\2501.05278v1.pdf PDF Version: 1.5 File is not encrypted File is not linearized No syntax or stream encoding errors found; the file may still contain errors that qpdf cannot detect"
"regression/arxiv-cc-2025-01-08-to-14-final/2501.05284v1.pdf","804CD50898299DD880C829BD5B086F2007F990ECC8BA09A20237A5D9699A367B","1324006","0","checking C:\Users\steve\code\KillerPDF-Corpus\corpus\regression\arxiv-cc-2025-01-08-to-14-final\2501.05284v1.pdf PDF Version: 1.5 File is not encrypted File is not linearized No syntax or stream encoding errors found; the file may still contain errors that qpdf cannot detect"
"regression/arxiv-cc-2025-01-08-to-14-final/2501.05287v1.pdf","9AC8A4A125D8ACF96B5F82CBBC5A4300F1F045BD8E5BFE635C52073D3CECB8F0","28389570","0","checking C:\Users\steve\code\KillerPDF-Corpus\corpus\regression\arxiv-cc-2025-01-08-to-14-final\2501.05287v1.pdf PDF Version: 1.5 File is not encrypted File is not linearized No syntax or stream encoding errors found; the file may still contain errors that qpdf cannot detect"
"regression/arxiv-cc-2025-01-08-to-14-final/2501.05289v1.pdf","41ACD0BC71BED64AF32A78033B911377C764BC3B282BD526EAB56D02A3405B9F","559807","0","checking C:\Users\steve\code\KillerPDF-Corpus\corpus\regression\arxiv-cc-2025-01-08-to-14-final\2501.05289v1.pdf PDF Version: 1.5 File is not encrypted File is not linearized No syntax or stream encoding errors found; the file may still contain errors that qpdf cannot detect"
"regression/arxiv-cc-2025-01-08-to-14-final/2501.05292v1.pdf","4C8FBB9CEC55E4D10AEBC41D426D243151CB1532B486EF04CA8F06BC388FD67D","1496229","0","checking C:\Users\steve\code\KillerPDF-Corpus\corpus\regression\arxiv-cc-2025-01-08-to-14-final\2501.05292v1.pdf PDF Version: 1.4 File is not encrypted File is not linearized No syntax or stream encoding errors found; the file may still contain errors that qpdf cannot detect"
"regression/arxiv-cc-2025-01-08-to-14-final/2501.05293v1.pdf","CBBA1C02C3585E5E22D21C60BCA537D276E2717C35F3911377693A87A278F9E6","3869702","0","checking C:\Users\steve\code\KillerPDF-Corpus\corpus\regression\arxiv-cc-2025-01-08-to-14-final\2501.05293v1.pdf PDF Version: 1.5 File is not encrypted File is not linearized No syntax or stream encoding errors found; the file may still contain errors that qpdf cannot detect"
"regression/arxiv-cc-2025-01-08-to-14-final/2501.05296v1.pdf","D54F6471862615498A7E85F65BD5B098A8B2999C789EF45FC7A698CA57BCCDC1","10097303","0","checking C:\Users\steve\code\KillerPDF-Corpus\corpus\regression\arxiv-cc-2025-01-08-to-14-final\2501.05296v1.pdf PDF Version: 1.5 File is not encrypted File is not linearized No syntax or stream encoding errors found; the file may still contain errors that qpdf cannot detect"
"regression/arxiv-cc-2025-01-08-to-14-final/2501.05297v1.pdf","FA0D2667EAB5A402F15EA68B5EEB5CAAB101B65960DD949A6B84B5FF9953D125","716076","0","checking C:\Users\steve\code\KillerPDF-Corpus\corpus\regression\arxiv-cc-2025-01-08-to-14-final\2501.05297v1.pdf PDF Version: 1.5 File is not encrypted File is not linearized No syntax or stream encoding errors found; the file may still contain errors that qpdf cannot detect"
"regression/arxiv-cc-2025-01-08-to-14-final/2501.05303v1.pdf","4CA58D1985C5562AD30ADB1BA15F8104C296099DED9B25D7766C396649A62D2E","1714869","0","checking C:\Users\steve\code\KillerPDF-Corpus\corpus\regression\arxiv-cc-2025-01-08-to-14-final\2501.05303v1.pdf PDF Version: 1.5 File is not encrypted File is not linearized No syntax or stream encoding errors found; the file may still contain errors that qpdf cannot detect"
"regression/arxiv-cc-2025-01-08-to-14-final/2501.05308v1.pdf","AE97E5CB84172569E20BB8AACEF70FFE99D4B752024E72268458236051FEC5AB","1715238","0","checking C:\Users\steve\code\KillerPDF-Corpus\corpus\regression\arxiv-cc-2025-01-08-to-14-final\2501.05308v1.pdf PDF Version: 1.5 File is not encrypted File is not linearized No syntax or stream encoding errors found; the file may still contain errors that qpdf cannot detect"
"regression/arxiv-cc-2025-01-08-to-14-final/2501.05312v1.pdf","586BE387ED8EB5B20C179FA8CA2F4AA377B2B213F8FE785D78D90E474C316521","7602232","0","checking C:\Users\steve\code\KillerPDF-Corpus\corpus\regression\arxiv-cc-2025-01-08-to-14-final\2501.05312v1.pdf PDF Version: 1.5 File is not encrypted File is not linearized No syntax or stream encoding errors found; the file may still contain errors that qpdf cannot detect"
"regression/arxiv-cc-2025-01-08-to-14-final/2501.05316v1.pdf","38060192BE6D0D6C4AF1130912B5A5EB8CA796C9DCDB84FB94195CC65E4A2334","2132491","0","checking C:\Users\steve\code\KillerPDF-Corpus\corpus\regression\arxiv-cc-2025-01-08-to-14-final\2501.05316v1.pdf PDF Version: 1.5 File is not encrypted File is not linearized No syntax or stream encoding errors found; the file may still contain errors that qpdf cannot detect"
"regression/arxiv-cc-2025-01-08-to-14-final/2501.05318v1.pdf","55B569E253911939CC7C20F360F4E3A7E11F15CE99B1BA528355C1423E53D2B0","127529","0","checking C:\Users\steve\code\KillerPDF-Corpus\corpus\regression\arxiv-cc-2025-01-08-to-14-final\2501.05318v1.pdf PDF Version: 1.4 File is not encrypted File is not linearized No syntax or stream encoding errors found; the file may still contain errors that qpdf cannot detect"
"regression/arxiv-cc-2025-01-08-to-14-final/2501.05324v1.pdf","AE1FB05A8BEC5B078BE88D90F891DC8D45E8EAD0BDAFF69CDD4976A8A6439F3B","992054","0","checking C:\Users\steve\code\KillerPDF-Corpus\corpus\regression\arxiv-cc-2025-01-08-to-14-final\2501.05324v1.pdf PDF Version: 1.7 File is not encrypted File is not linearized No syntax or stream encoding errors found; the file may still contain errors that qpdf cannot detect"
"regression/arxiv-cc-2025-01-08-to-14-final/2501.05335v1.pdf","BB60966A36CFCBA81A3D33B3712EA7846F453C2968A60220DDE601E5702A9322","3083970","0","checking C:\Users\steve\code\KillerPDF-Corpus\corpus\regression\arxiv-cc-2025-01-08-to-14-final\2501.05335v1.pdf PDF Version: 1.5 File is not encrypted File is not linearized No syntax or stream encoding errors found; the file may still contain errors that qpdf cannot detect"
"regression/arxiv-cc-2025-01-08-to-14-final/2501.05337v1.pdf","4EE67B83FC74967115CA41F396380311EB37D5361C8443C82A6E2305C7BF9BF3","5415217","3","checking C:\Users\steve\code\KillerPDF-Corpus\corpus\regression\arxiv-cc-2025-01-08-to-14-final\2501.05337v1.pdf PDF Version: 1.6 File is not encrypted File is linearized WARNING: C:\Users\steve\code\KillerPDF-Corpus\corpus\regression\arxiv-cc-2025-01-08-to-14-final\2501.05337v1.pdf: linearized file contains an uncompressed object after a compressed one in a cross-reference stream WARNING: C:\Users\steve\code\KillerPDF-Corpus\corpus\regression\arxiv-cc-2025-01-08-to-14-final\2501.05337v1.pdf: first shared object offset mismatch: hint table = 5256242; computed = 5255531 WARNING: C:\Users\steve\code\KillerPDF-Corpus\corpus\regression\arxiv-cc-2025-01-08-to-14-final\2501.05337v1.pdf: page 0 has shared identifier entries WARNING: C:\Users\steve\code\KillerPDF-Corpus\corpus\regression\arxiv-cc-2025-01-08-to-14-final\2501.05337v1.pdf: page 0: shared object 1137: in hint table but not computed list WARNING: C:\Users\steve\code\KillerPDF-Corpus\corpus\regression\arxiv-cc-2025-01-08-to-14-final\2501.05337v1.pdf: page 18: shared object 134: in computed list but not hint table WARNING: C:\Users\steve\code\KillerPDF-Corpus\corpus\regression\arxiv-cc-2025-01-08-to-14-final\2501.05337v1.pdf: page 26: shared object 134: in computed list but not hint table WARNING: C:\Users\steve\code\KillerPDF-Corpus\corpus\regression\arxiv-cc-2025-01-08-to-14-final\2501.05337v1.pdf: page 30: shared object 134: in computed list but not hint table WARNING: C:\Users\steve\code\KillerPDF-Corpus\corpus\regression\arxiv-cc-2025-01-08-to-14-final\2501.05337v1.pdf: page 31: shared object 133: in computed list but not hint table WARNING: C:\Users\steve\code\KillerPDF-Corpus\corpus\regression\arxiv-cc-2025-01-08-to-14-final\2501.05337v1.pdf: page 31: shared object 134: in computed list but not hint table WARNING: C:\Users\steve\code\KillerPDF-Corpus\corpus\regression\arxiv-cc-2025-01-08-to-14-final\2501.05337v1.pdf: page 32: shared object 133: in computed list but not hint table WARNING: C:\Users\steve\code\KillerPDF-Corpus\corpus\regression\arxiv-cc-2025-01-08-to-14-final\2501.05337v1.pdf: page 33: shared object 133: in computed list but not hint table WARNING: C:\Users\steve\code\KillerPDF-Corpus\corpus\regression\arxiv-cc-2025-01-08-to-14-final\2501.05337v1.pdf: page 34: shared object 132: in computed list but not hint table WARNING: C:\Users\steve\code\KillerPDF-Corpus\corpus\regression\arxiv-cc-2025-01-08-to-14-final\2501.05337v1.pdf: page 34: shared object 133: in computed list but not hint table WARNING: C:\Users\steve\code\KillerPDF-Corpus\corpus\regression\arxiv-cc-2025-01-08-to-14-final\2501.05337v1.pdf: page 35: shared object 132: in computed list but not hint table WARNING: C:\Users\steve\code\KillerPDF-Corpus\corpus\regression\arxiv-cc-2025-01-08-to-14-final\2501.05337v1.pdf: page 36: shared object 135: in computed list but not hint table WARNING: C:\Users\steve\code\KillerPDF-Corpus\corpus\regression\arxiv-cc-2025-01-08-to-14-final\2501.05337v1.pdf: page 37: shared object 135: in computed list but not hint table WARNING: C:\Users\steve\code\KillerPDF-Corpus\corpus\regression\arxiv-cc-2025-01-08-to-14-final\2501.05337v1.pdf: page 38: shared object 135: in computed list but not hint table qpdf: operation succeeded with warnings"
"regression/arxiv-cc-2025-01-08-to-14-final/2501.05338v1.pdf","F9606334FACE4335782CBA1FBD7C0B0C120352B2A0F78E2AF54943960AFC3A31","507248","0","checking C:\Users\steve\code\KillerPDF-Corpus\corpus\regression\arxiv-cc-2025-01-08-to-14-final\2501.05338v1.pdf PDF Version: 1.5 File is not encrypted File is not linearized No syntax or stream encoding errors found; the file may still contain errors that qpdf cannot detect"
"regression/arxiv-cc-2025-01-08-to-14-final/2501.05339v1.pdf","88F5763159110B4011B444E953DA4E27D352300331EB49B9A6A9D18540AD7321","1240445","0","checking C:\Users\steve\code\KillerPDF-Corpus\corpus\regression\arxiv-cc-2025-01-08-to-14-final\2501.05339v1.pdf PDF Version: 1.5 File is not encrypted File is not linearized No syntax or stream encoding errors found; the file may still contain errors that qpdf cannot detect"
"regression/arxiv-cc-2025-01-08-to-14-final/2501.05344v1.pdf","D11C9C47E5F68DEFCB5CD466B634D584D6269D9C5A2AFCB0693883E6F64C70AB","235315","0","checking C:\Users\steve\code\KillerPDF-Corpus\corpus\regression\arxiv-cc-2025-01-08-to-14-final\2501.05344v1.pdf PDF Version: 1.4 File is not encrypted File is not linearized No syntax or stream encoding errors found; the file may still contain errors that qpdf cannot detect"
"regression/arxiv-cc-2025-01-08-to-14-final/2501.05345v1.pdf","4AF00BBDA510A3EA4BC082E26839DED5E3D5780A760E630BF45E9BBC69F60925","1060717","0","checking C:\Users\steve\code\KillerPDF-Corpus\corpus\regression\arxiv-cc-2025-01-08-to-14-final\2501.05345v1.pdf PDF Version: 1.5 File is not encrypted File is not linearized No syntax or stream encoding errors found; the file may still contain errors that qpdf cannot detect"
"regression/arxiv-cc-2025-01-08-to-14-final/2501.05347v1.pdf","41773C3CED9D11C7D2EE14E40C0141FD04C3D9B992615D3DA3D6AAD565111F17","865525","0","checking C:\Users\steve\code\KillerPDF-Corpus\corpus\regression\arxiv-cc-2025-01-08-to-14-final\2501.05347v1.pdf PDF Version: 1.5 File is not encrypted File is not linearized No syntax or stream encoding errors found; the file may still contain errors that qpdf cannot detect"
"regression/arxiv-cc-2025-01-08-to-14-final/2501.05349v1.pdf","D1BD5B4E85547027700B351B6145671111A44BE33EC00A92DE1CB254552ECDA9","368789","0","checking C:\Users\steve\code\KillerPDF-Corpus\corpus\regression\arxiv-cc-2025-01-08-to-14-final\2501.05349v1.pdf PDF Version: 1.4 File is not encrypted File is not linearized No syntax or stream encoding errors found; the file may still contain errors that qpdf cannot detect"
"regression/arxiv-cc-2025-01-08-to-14-final/2501.05357v1.pdf","3A3A1A6E17FA3593F98D2C108ACD125117FBA0A47B82506D95512147252CAB81","1113041","0","checking C:\Users\steve\code\KillerPDF-Corpus\corpus\regression\arxiv-cc-2025-01-08-to-14-final\2501.05357v1.pdf PDF Version: 1.5 File is not encrypted File is not linearized No syntax or stream encoding errors found; the file may still contain errors that qpdf cannot detect"
"regression/arxiv-cc-2025-01-08-to-14-final/2501.05358v1.pdf","421E27D1D7267079D3BA16DBA54C73D23F30CCDD3E16D88BE09B0143A4A8F91C","4150183","0","checking C:\Users\steve\code\KillerPDF-Corpus\corpus\regression\arxiv-cc-2025-01-08-to-14-final\2501.05358v1.pdf PDF Version: 1.5 File is not encrypted File is not linearized No syntax or stream encoding errors found; the file may still contain errors that qpdf cannot detect"
"regression/arxiv-cc-2025-01-08-to-14-final/2501.05363v1.pdf","2033604B7A512171ED81CA8F8DD8E780F322F22A939676F914B71C8F23EBE3D3","6787280","0","checking C:\Users\steve\code\KillerPDF-Corpus\corpus\regression\arxiv-cc-2025-01-08-to-14-final\2501.05363v1.pdf PDF Version: 1.5 File is not encrypted File is not linearized No syntax or stream encoding errors found; the file may still contain errors that qpdf cannot detect"
"regression/arxiv-cc-2025-01-08-to-14-final/2501.05367v1.pdf","77F08E2F8E208A4103EBDEDA5A0ACE3B2A46609152E50E4CCE1C02D5817294A4","19045944","0","checking C:\Users\steve\code\KillerPDF-Corpus\corpus\regression\arxiv-cc-2025-01-08-to-14-final\2501.05367v1.pdf PDF Version: 1.5 File is not encrypted File is not linearized No syntax or stream encoding errors found; the file may still contain errors that qpdf cannot detect"
"regression/arxiv-cc-2025-01-08-to-14-final/2501.05373v1.pdf","47A9AF0C7AD8031CF65982BF8CE97517FA87A94C9D8178594F3B4B63CEC76090","401785","0","checking C:\Users\steve\code\KillerPDF-Corpus\corpus\regression\arxiv-cc-2025-01-08-to-14-final\2501.05373v1.pdf PDF Version: 1.4 File is not encrypted File is not linearized No syntax or stream encoding errors found; the file may still contain errors that qpdf cannot detect"
"regression/arxiv-cc-2025-01-08-to-14-final/2501.05379v2.pdf","0E2EA6DE61311CE18DDFC8CB5463CC72D5728D375592D635F9BDAD233EBA06BA","30981508","0","checking C:\Users\steve\code\KillerPDF-Corpus\corpus\regression\arxiv-cc-2025-01-08-to-14-final\2501.05379v2.pdf PDF Version: 1.5 File is not encrypted File is not linearized No syntax or stream encoding errors found; the file may still contain errors that qpdf cannot detect"
"regression/arxiv-cc-2025-01-08-to-14-final/2501.05384v1.pdf","6BE75C387FB85EBEE58A2FF0B06EC22483D524DDB2F51F02D5FFCC83496BE131","774533","0","checking C:\Users\steve\code\KillerPDF-Corpus\corpus\regression\arxiv-cc-2025-01-08-to-14-final\2501.05384v1.pdf PDF Version: 1.5 File is not encrypted File is not linearized No syntax or stream encoding errors found; the file may still contain errors that qpdf cannot detect"
"regression/arxiv-cc-2025-01-08-to-14-final/2501.05394v1.pdf","B604397CFE8E16A3A404048C2BF371708AC2F21D6BDC36ADB8624CE149C78E1C","327084","0","checking C:\Users\steve\code\KillerPDF-Corpus\corpus\regression\arxiv-cc-2025-01-08-to-14-final\2501.05394v1.pdf PDF Version: 1.4 File is not encrypted File is not linearized No syntax or stream encoding errors found; the file may still contain errors that qpdf cannot detect"
"regression/arxiv-cc-2025-01-08-to-14-final/2501.05399v1.pdf","135C8785BC51A9EF1EBD71B4A397CE362F1021F1334E446C7628B9276DD8B971","2174944","0","checking C:\Users\steve\code\KillerPDF-Corpus\corpus\regression\arxiv-cc-2025-01-08-to-14-final\2501.05399v1.pdf PDF Version: 1.5 File is not encrypted File is not linearized No syntax or stream encoding errors found; the file may still contain errors that qpdf cannot detect"
"regression/arxiv-cc-2025-01-08-to-14-final/2501.05402v1.pdf","FD52611AF062F97C79BDF53B7D6C0503F7C0624B64CC58AA94E20AC74AA6D1B1","6144318","0","checking C:\Users\steve\code\KillerPDF-Corpus\corpus\regression\arxiv-cc-2025-01-08-to-14-final\2501.05402v1.pdf PDF Version: 1.5 File is not encrypted File is not linearized No syntax or stream encoding errors found; the file may still contain errors that qpdf cannot detect"
"regression/arxiv-cc-2025-01-08-to-14-final/2501.05403v1.pdf","18007A875BCB50E637D1E78CD42C4DEB289BADF7B9629864BAA29820CE55B789","1113811","0","checking C:\Users\steve\code\KillerPDF-Corpus\corpus\regression\arxiv-cc-2025-01-08-to-14-final\2501.05403v1.pdf PDF Version: 1.5 File is not encrypted File is not linearized No syntax or stream encoding errors found; the file may still contain errors that qpdf cannot detect"
"regression/arxiv-cc-2025-01-08-to-14-final/2501.05417v1.pdf","586BF09F8A5E6F425D9E40FAF2B344E6B3ED039EED3F7776D04E5866BC1938AC","3516175","0","checking C:\Users\steve\code\KillerPDF-Corpus\corpus\regression\arxiv-cc-2025-01-08-to-14-final\2501.05417v1.pdf PDF Version: 1.5 File is not encrypted File is not linearized No syntax or stream encoding errors found; the file may still contain errors that qpdf cannot detect"
"regression/arxiv-cc-2025-01-08-to-14-final/2501.05423v1.pdf","67A2DE2FE1D3FA2305192AC2C82BE1BD1101F96048CAECA9D5F5164F350D3C67","1221906","0","checking C:\Users\steve\code\KillerPDF-Corpus\corpus\regression\arxiv-cc-2025-01-08-to-14-final\2501.05423v1.pdf PDF Version: 1.5 File is not encrypted File is not linearized No syntax or stream encoding errors found; the file may still contain errors that qpdf cannot detect"
"regression/arxiv-cc-2025-01-08-to-14-final/2501.05426v1.pdf","C281AAA12F2173A96E322FE33AD9977F12070A599959DA4566E08FC88A5A4238","1334235","0","checking C:\Users\steve\code\KillerPDF-Corpus\corpus\regression\arxiv-cc-2025-01-08-to-14-final\2501.05426v1.pdf PDF Version: 1.5 File is not encrypted File is not linearized No syntax or stream encoding errors found; the file may still contain errors that qpdf cannot detect"
"regression/arxiv-cc-2025-01-08-to-14-final/2501.05427v1.pdf","0B34E185FE1B28979D8F6A783A8563C2A9A2B05A2904DC811884653178EC0A59","12387494","0","checking C:\Users\steve\code\KillerPDF-Corpus\corpus\regression\arxiv-cc-2025-01-08-to-14-final\2501.05427v1.pdf PDF Version: 1.5 File is not encrypted File is not linearized No syntax or stream encoding errors found; the file may still contain errors that qpdf cannot detect"
"regression/arxiv-cc-2025-01-08-to-14-final/2501.05429v2.pdf","C1E2B8908474795F3EB6A11CCA24228960DDD1DD81326CD6C9C28D2F595D9654","979569","0","checking C:\Users\steve\code\KillerPDF-Corpus\corpus\regression\arxiv-cc-2025-01-08-to-14-final\2501.05429v2.pdf PDF Version: 1.5 File is not encrypted File is not linearized No syntax or stream encoding errors found; the file may still contain errors that qpdf cannot detect"
"regression/arxiv-cc-2025-01-08-to-14-final/2501.05445v1.pdf","B3BF84287BB64FA0C9091C2CB76E8F093E034CA40803A6FFB5C13C7E168DE528","36992793","0","checking C:\Users\steve\code\KillerPDF-Corpus\corpus\regression\arxiv-cc-2025-01-08-to-14-final\2501.05445v1.pdf PDF Version: 1.5 File is not encrypted File is not linearized No syntax or stream encoding errors found; the file may still contain errors that qpdf cannot detect"
"regression/arxiv-cc-2025-01-08-to-14-final/2501.05450v2.pdf","24B26A0D24C43D44D576F3B410E91C5FABE540B2656E6298CCFEE52114E99FD3","22953265","0","checking C:\Users\steve\code\KillerPDF-Corpus\corpus\regression\arxiv-cc-2025-01-08-to-14-final\2501.05450v2.pdf PDF Version: 1.5 File is not encrypted File is not linearized No syntax or stream encoding errors found; the file may still contain errors that qpdf cannot detect"
"regression/arxiv-cc-2025-01-08-to-14-final/2501.05455v1.pdf","301FDAE760EF36B3380F12D0FAA08724BE3ABEA4BEE5B2B5C9146944E8D2DEB1","2193464","3","checking C:\Users\steve\code\KillerPDF-Corpus\corpus\regression\arxiv-cc-2025-01-08-to-14-final\2501.05455v1.pdf PDF Version: 1.3 File is not encrypted File is not linearized WARNING: C:\Users\steve\code\KillerPDF-Corpus\corpus\regression\arxiv-cc-2025-01-08-to-14-final\2501.05455v1.pdf (object 6 0): object has offset 0 - a common error handled correctly by qpdf and most other applications WARNING: C:\Users\steve\code\KillerPDF-Corpus\corpus\regression\arxiv-cc-2025-01-08-to-14-final\2501.05455v1.pdf (object 16 0): object has offset 0 - a common error handled correctly by qpdf and most other applications WARNING: C:\Users\steve\code\KillerPDF-Corpus\corpus\regression\arxiv-cc-2025-01-08-to-14-final\2501.05455v1.pdf (object 18 0): object has offset 0 - a common error handled correctly by qpdf and most other applications WARNING: C:\Users\steve\code\KillerPDF-Corpus\corpus\regression\arxiv-cc-2025-01-08-to-14-final\2501.05455v1.pdf (object 20 0): object has offset 0 - a common error handled correctly by qpdf and most other applications WARNING: C:\Users\steve\code\KillerPDF-Corpus\corpus\regression\arxiv-cc-2025-01-08-to-14-final\2501.05455v1.pdf (object 29 0): object has offset 0 - a common error handled correctly by qpdf and most other applications WARNING: C:\Users\steve\code\KillerPDF-Corpus\corpus\regression\arxiv-cc-2025-01-08-to-14-final\2501.05455v1.pdf (object 36 0): object has offset 0 - a common error handled correctly by qpdf and most other applications qpdf: operation succeeded with warnings"
"regression/arxiv-cc-2025-01-08-to-14-final/2501.05456v1.pdf","23DE59AF1D38C0901242BA85C6D72B394AD9962065636FC99063B8CCC2A909AB","2065084","0","checking C:\Users\steve\code\KillerPDF-Corpus\corpus\regression\arxiv-cc-2025-01-08-to-14-final\2501.05456v1.pdf PDF Version: 1.5 File is not encrypted File is not linearized No syntax or stream encoding errors found; the file may still contain errors that qpdf cannot detect"
"regression/arxiv-cc-2025-01-08-to-14-final/2501.05462v1.pdf","16BCB11DFFB50B58CBB9D625162CD2EC6C81E4FAD4F3A183632DB0CA5678A61B","1630110","0","checking C:\Users\steve\code\KillerPDF-Corpus\corpus\regression\arxiv-cc-2025-01-08-to-14-final\2501.05462v1.pdf PDF Version: 1.5 File is not encrypted File is not linearized No syntax or stream encoding errors found; the file may still contain errors that qpdf cannot detect"
"regression/arxiv-cc-2025-01-08-to-14-final/2501.05463v1.pdf","8D9F2C14CA1ADCDADB13EF9FC45C084B15BEB9C19A4760091FFD3B601A55A667","200441","0","checking C:\Users\steve\code\KillerPDF-Corpus\corpus\regression\arxiv-cc-2025-01-08-to-14-final\2501.05463v1.pdf PDF Version: 1.5 File is not encrypted File is not linearized No syntax or stream encoding errors found; the file may still contain errors that qpdf cannot detect"
"regression/arxiv-cc-2025-01-08-to-14-final/2501.05467v1.pdf","BB425B6F0D65A0D28EB95ED010153EBCFE50618043550DDA008B8D4D454B4682","1270811","0","checking C:\Users\steve\code\KillerPDF-Corpus\corpus\regression\arxiv-cc-2025-01-08-to-14-final\2501.05467v1.pdf PDF Version: 1.4 File is not encrypted File is not linearized No syntax or stream encoding errors found; the file may still contain errors that qpdf cannot detect"
"regression/arxiv-cc-2025-01-08-to-14-final/2501.05469v1.pdf","4D8D91BE902B50B15E8712B429A66E72EC9BE6EF98D84A8945162D1B6498642A","413845","0","checking C:\Users\steve\code\KillerPDF-Corpus\corpus\regression\arxiv-cc-2025-01-08-to-14-final\2501.05469v1.pdf PDF Version: 1.4 File is not encrypted File is not linearized No syntax or stream encoding errors found; the file may still contain errors that qpdf cannot detect"
"regression/arxiv-cc-2025-01-08-to-14-final/2501.05470v1.pdf","76E522232954B75DC980569BC2364AC920A12F5784D5E0A100D9342DB2D28C5F","791158","0","checking C:\Users\steve\code\KillerPDF-Corpus\corpus\regression\arxiv-cc-2025-01-08-to-14-final\2501.05470v1.pdf PDF Version: 1.5 File is not encrypted File is not linearized No syntax or stream encoding errors found; the file may still contain errors that qpdf cannot detect"
"regression/arxiv-cc-2025-01-08-to-14-final/2501.05483v1.pdf","56CA839D31799A8AAF0BCCC0987E9D7A8B2C442243688FA1D0478E4AF9108E10","2796513","0","checking C:\Users\steve\code\KillerPDF-Corpus\corpus\regression\arxiv-cc-2025-01-08-to-14-final\2501.05483v1.pdf PDF Version: 1.5 File is not encrypted File is not linearized No syntax or stream encoding errors found; the file may still contain errors that qpdf cannot detect"
"regression/arxiv-cc-2025-01-08-to-14-final/2501.05484v1.pdf","DCAA6A4250E499FE7E74BE5EC1ADF56AD9D8A352544134AAE58E42EE4BD128EB","29778616","0","checking C:\Users\steve\code\KillerPDF-Corpus\corpus\regression\arxiv-cc-2025-01-08-to-14-final\2501.05484v1.pdf PDF Version: 1.5 File is not encrypted File is not linearized No syntax or stream encoding errors found; the file may still contain errors that qpdf cannot detect"
"regression/arxiv-cc-2025-01-08-to-14-final/2501.05486v1.pdf","C663175CB6AE9EDA0E98424F3A0AE935E0CA6AFD90898ADAEED797BC56F87AE1","1879775","0","checking C:\Users\steve\code\KillerPDF-Corpus\corpus\regression\arxiv-cc-2025-01-08-to-14-final\2501.05486v1.pdf PDF Version: 1.7 File is not encrypted File is not linearized No syntax or stream encoding errors found; the file may still contain errors that qpdf cannot detect"
"regression/arxiv-cc-2025-01-08-to-14-final/2501.05487v1.pdf","F510BFC9DAA0EE3F7615A40EEABDC983CAC072E0084B3E8E3C692F6BFFE975FD","358103","0","checking C:\Users\steve\code\KillerPDF-Corpus\corpus\regression\arxiv-cc-2025-01-08-to-14-final\2501.05487v1.pdf PDF Version: 1.5 File is not encrypted File is not linearized No syntax or stream encoding errors found; the file may still contain errors that qpdf cannot detect"
"regression/arxiv-cc-2025-01-08-to-14-final/2501.05492v1.pdf","4D1304D34DA693ACFA8CAA93C34B7E3D499078C3C7A6BF9C6B183196FAFF8F4D","597852","3","checking C:\Users\steve\code\KillerPDF-Corpus\corpus\regression\arxiv-cc-2025-01-08-to-14-final\2501.05492v1.pdf PDF Version: 1.7 File is not encrypted File is linearized WARNING: C:\Users\steve\code\KillerPDF-Corpus\corpus\regression\arxiv-cc-2025-01-08-to-14-final\2501.05492v1.pdf: linearized file contains an uncompressed object after a compressed one in a cross-reference stream WARNING: C:\Users\steve\code\KillerPDF-Corpus\corpus\regression\arxiv-cc-2025-01-08-to-14-final\2501.05492v1.pdf: first shared object number mismatch: hint table = 13; computed = 7 WARNING: C:\Users\steve\code\KillerPDF-Corpus\corpus\regression\arxiv-cc-2025-01-08-to-14-final\2501.05492v1.pdf: page 0 has shared identifier entries WARNING: C:\Users\steve\code\KillerPDF-Corpus\corpus\regression\arxiv-cc-2025-01-08-to-14-final\2501.05492v1.pdf: page 0: shared object 35: in hint table but not computed list WARNING: C:\Users\steve\code\KillerPDF-Corpus\corpus\regression\arxiv-cc-2025-01-08-to-14-final\2501.05492v1.pdf: object count mismatch for page 1: hint table = 7; computed = 6 WARNING: C:\Users\steve\code\KillerPDF-Corpus\corpus\regression\arxiv-cc-2025-01-08-to-14-final\2501.05492v1.pdf: page 1: shared object 7: in computed list but not hint table WARNING: C:\Users\steve\code\KillerPDF-Corpus\corpus\regression\arxiv-cc-2025-01-08-to-14-final\2501.05492v1.pdf: page 2: shared object 7: in computed list but not hint table qpdf: operation succeeded with warnings"
"regression/arxiv-cc-2025-01-08-to-14-final/2501.05497v1.pdf","2B0143136A6A0E30986B39CB7C886856D30AC0039EC4E74CC416CED5D980C454","844608","0","checking C:\Users\steve\code\KillerPDF-Corpus\corpus\regression\arxiv-cc-2025-01-08-to-14-final\2501.05497v1.pdf PDF Version: 1.7 File is not encrypted File is not linearized No syntax or stream encoding errors found; the file may still contain errors that qpdf cannot detect"
"regression/arxiv-cc-2025-01-08-to-14-final/2501.05498v1.pdf","9D8A18326F4A1FD7D2B31CBCF035448E013A7017820A7A1D1113E954A9203614","5381340","0","checking C:\Users\steve\code\KillerPDF-Corpus\corpus\regression\arxiv-cc-2025-01-08-to-14-final\2501.05498v1.pdf PDF Version: 1.5 File is not encrypted File is not linearized No syntax or stream encoding errors found; the file may still contain errors that qpdf cannot detect"
"regression/arxiv-cc-2025-01-08-to-14-final/2501.05500v1.pdf","E8798FE7663352684408AC3622F66EE31C2987A9727EC59D71E16926BE5E13FB","743702","0","checking C:\Users\steve\code\KillerPDF-Corpus\corpus\regression\arxiv-cc-2025-01-08-to-14-final\2501.05500v1.pdf PDF Version: 1.5 File is not encrypted File is not linearized No syntax or stream encoding errors found; the file may still contain errors that qpdf cannot detect"
"regression/arxiv-cc-2025-01-08-to-14-final/2501.05502v1.pdf","7DA4C4BB5528FF5F6C67FA90494ACCC9DD63D53BA530BDCC0D59BC7E22EFCC0D","798593","0","checking C:\Users\steve\code\KillerPDF-Corpus\corpus\regression\arxiv-cc-2025-01-08-to-14-final\2501.05502v1.pdf PDF Version: 1.5 File is not encrypted File is not linearized No syntax or stream encoding errors found; the file may still contain errors that qpdf cannot detect"
"regression/arxiv-cc-2025-01-08-to-14-final/2501.05503v1.pdf","6CEDE715F0CBB18ED14679468C0BC8A84DF72FD527ECE51043A956CC48F258B2","678000","0","checking C:\Users\steve\code\KillerPDF-Corpus\corpus\regression\arxiv-cc-2025-01-08-to-14-final\2501.05503v1.pdf PDF Version: 1.7 File is not encrypted File is not linearized No syntax or stream encoding errors found; the file may still contain errors that qpdf cannot detect"
"regression/arxiv-cc-2025-01-08-to-14-final/2501.05508v1.pdf","B56C933DCF0C744A5FA87588E2B3710AC152D217CC89007935B975FE9346D576","886680","0","checking C:\Users\steve\code\KillerPDF-Corpus\corpus\regression\arxiv-cc-2025-01-08-to-14-final\2501.05508v1.pdf PDF Version: 1.5 File is not encrypted File is not linearized No syntax or stream encoding errors found; the file may still contain errors that qpdf cannot detect"
"regression/arxiv-cc-2025-01-08-to-14-final/2501.05529v1.pdf","9F2A8FD73E640D92707265DBFA4E72C67FCD3814489D1E5E59082ADAA2F66786","9995963","0","checking C:\Users\steve\code\KillerPDF-Corpus\corpus\regression\arxiv-cc-2025-01-08-to-14-final\2501.05529v1.pdf PDF Version: 1.7 File is not encrypted File is not linearized No syntax or stream encoding errors found; the file may still contain errors that qpdf cannot detect"
"regression/arxiv-cc-2025-01-08-to-14-final/2501.05542v1.pdf","C2171107B69B07FB309D6B3A5CAD2C2DDCC143675EA8BF734A5B787E5EA9D135","286322","0","checking C:\Users\steve\code\KillerPDF-Corpus\corpus\regression\arxiv-cc-2025-01-08-to-14-final\2501.05542v1.pdf PDF Version: 1.7 File is not encrypted File is not linearized No syntax or stream encoding errors found; the file may still contain errors that qpdf cannot detect"
"regression/arxiv-cc-2025-01-08-to-14-final/2501.05551v1.pdf","C19C4250367E1DF13A43D7172F91D12E17DC0BDB21E69B4793883BBC21B10880","586919","0","checking C:\Users\steve\code\KillerPDF-Corpus\corpus\regression\arxiv-cc-2025-01-08-to-14-final\2501.05551v1.pdf PDF Version: 1.5 File is not encrypted File is not linearized No syntax or stream encoding errors found; the file may still contain errors that qpdf cannot detect"
"regression/arxiv-cc-2025-01-08-to-14-final/2501.05552v1.pdf","C9EC44D143AB2293262619354DC8EBC40189DEBCE2CC0106A427B1A497DC1275","204288","0","checking C:\Users\steve\code\KillerPDF-Corpus\corpus\regression\arxiv-cc-2025-01-08-to-14-final\2501.05552v1.pdf PDF Version: 1.7 File is not encrypted File is not linearized No syntax or stream encoding errors found; the file may still contain errors that qpdf cannot detect"
"regression/arxiv-cc-2025-01-08-to-14-final/2501.05558v1.pdf","114ACD846DE6D9C5CA470C6C8C92E9B59A45B043318E1C132D818B4555286C98","1239235","0","checking C:\Users\steve\code\KillerPDF-Corpus\corpus\regression\arxiv-cc-2025-01-08-to-14-final\2501.05558v1.pdf PDF Version: 1.5 File is not encrypted File is not linearized No syntax or stream encoding errors found; the file may still contain errors that qpdf cannot detect"
"regression/arxiv-cc-2025-01-08-to-14-final/2501.05561v1.pdf","AFC8AF45B72F4F5FBF0430F89CA0B51E543F149E15F29E3E5A06E2D0D7F5D987","905261","0","checking C:\Users\steve\code\KillerPDF-Corpus\corpus\regression\arxiv-cc-2025-01-08-to-14-final\2501.05561v1.pdf PDF Version: 1.7 File is not encrypted File is not linearized No syntax or stream encoding errors found; the file may still contain errors that qpdf cannot detect"
"regression/arxiv-cc-2025-01-08-to-14-final/2501.05564v1.pdf","D42A47FC82B5BF3AEF53C3EA7FA315F9F7FF004D3429E2CC4A47E5EB4DCF924D","1362479","0","checking C:\Users\steve\code\KillerPDF-Corpus\corpus\regression\arxiv-cc-2025-01-08-to-14-final\2501.05564v1.pdf PDF Version: 1.5 File is not encrypted File is not linearized No syntax or stream encoding errors found; the file may still contain errors that qpdf cannot detect"
"regression/arxiv-cc-2025-01-08-to-14-final/2501.05566v1.pdf","B5DE7D58B40C3A431FE7D4AF79C948A17E1738D3DCB9B6882166EB78B37E609E","1290246","0","checking C:\Users\steve\code\KillerPDF-Corpus\corpus\regression\arxiv-cc-2025-01-08-to-14-final\2501.05566v1.pdf PDF Version: 1.7 File is not encrypted File is not linearized No syntax or stream encoding errors found; the file may still contain errors that qpdf cannot detect"
"regression/arxiv-cc-2025-01-08-to-14-final/2501.05567v1.pdf","6650C23D05B1392D4D98D83233637BA5D5976D9E1AFA6B4DC35E0676B579FB7C","2422714","0","checking C:\Users\steve\code\KillerPDF-Corpus\corpus\regression\arxiv-cc-2025-01-08-to-14-final\2501.05567v1.pdf PDF Version: 1.5 File is not encrypted File is not linearized No syntax or stream encoding errors found; the file may still contain errors that qpdf cannot detect"
"regression/arxiv-cc-2025-01-08-to-14-final/2501.05570v1.pdf","E6E221782EDCC3DC07213E9FBFF74EC1DB45D89589AAA7F80E95CA5344B82249","816377","0","checking C:\Users\steve\code\KillerPDF-Corpus\corpus\regression\arxiv-cc-2025-01-08-to-14-final\2501.05570v1.pdf PDF Version: 1.5 File is not encrypted File is not linearized No syntax or stream encoding errors found; the file may still contain errors that qpdf cannot detect"
"regression/arxiv-cc-2025-01-08-to-14-final/2501.05579v1.pdf","927CDF803288F9E7B262DB3D5B6416612DAF1B6A92D63AF0B98AC8D1A2916375","1355780","0","checking C:\Users\steve\code\KillerPDF-Corpus\corpus\regression\arxiv-cc-2025-01-08-to-14-final\2501.05579v1.pdf PDF Version: 1.5 File is not encrypted File is not linearized No syntax or stream encoding errors found; the file may still contain errors that qpdf cannot detect"
"regression/arxiv-cc-2025-01-08-to-14-final/2501.05581v1.pdf","DB52D4CA408350685AFC0E9B60978B6C3F0A49F435B8983934C55B4A8F95DE53","3982720","0","checking C:\Users\steve\code\KillerPDF-Corpus\corpus\regression\arxiv-cc-2025-01-08-to-14-final\2501.05581v1.pdf PDF Version: 1.5 File is not encrypted File is not linearized No syntax or stream encoding errors found; the file may still contain errors that qpdf cannot detect"
"regression/arxiv-cc-2025-01-08-to-14-final/2501.05585v1.pdf","FF1CBB71432DBD8B5A00D84175D8B891F0F5E693EC20218D0DC64450A3156AC0","927776","0","checking C:\Users\steve\code\KillerPDF-Corpus\corpus\regression\arxiv-cc-2025-01-08-to-14-final\2501.05585v1.pdf PDF Version: 1.5 File is not encrypted File is not linearized No syntax or stream encoding errors found; the file may still contain errors that qpdf cannot detect"
"regression/arxiv-cc-2025-01-08-to-14-final/2501.05587v1.pdf","A6B0887F4C8F38B61C442418A6A4B1B0971DB4933D4526B38D900DD984271711","1032781","0","checking C:\Users\steve\code\KillerPDF-Corpus\corpus\regression\arxiv-cc-2025-01-08-to-14-final\2501.05587v1.pdf PDF Version: 1.5 File is not encrypted File is not linearized No syntax or stream encoding errors found; the file may still contain errors that qpdf cannot detect"
"regression/arxiv-cc-2025-01-08-to-14-final/2501.05588v1.pdf","7E5525F0D7E24467CD67D695C4808D6464AAE7B61E0EF49CEA89FB990AD292C5","2940944","0","checking C:\Users\steve\code\KillerPDF-Corpus\corpus\regression\arxiv-cc-2025-01-08-to-14-final\2501.05588v1.pdf PDF Version: 1.5 File is not encrypted File is not linearized No syntax or stream encoding errors found; the file may still contain errors that qpdf cannot detect"
"regression/arxiv-cc-2025-01-08-to-14-final/2501.05591v1.pdf","4A37D70F112B891EC1F74C33A2E06376DB0EAF9740F0043230A845F51F920474","4433426","0","checking C:\Users\steve\code\KillerPDF-Corpus\corpus\regression\arxiv-cc-2025-01-08-to-14-final\2501.05591v1.pdf PDF Version: 1.5 File is not encrypted File is not linearized No syntax or stream encoding errors found; the file may still contain errors that qpdf cannot detect"
"regression/arxiv-cc-2025-01-08-to-14-final/2501.05594v1.pdf","A08F106CCC9E9A4FE9474DA39E29885A1CBC6028A6BC8C39079425E272DA00B0","3048409","0","checking C:\Users\steve\code\KillerPDF-Corpus\corpus\regression\arxiv-cc-2025-01-08-to-14-final\2501.05594v1.pdf PDF Version: 1.5 File is not encrypted File is not linearized No syntax or stream encoding errors found; the file may still contain errors that qpdf cannot detect"
"regression/arxiv-cc-2025-01-08-to-14-final/2501.05598v1.pdf","B5395F74E162D18049CD66EC2E18CB976DD20FBA8E3903DC69C07A6F15D00EC2","2937505","0","checking C:\Users\steve\code\KillerPDF-Corpus\corpus\regression\arxiv-cc-2025-01-08-to-14-final\2501.05598v1.pdf PDF Version: 1.5 File is not encrypted File is not linearized No syntax or stream encoding errors found; the file may still contain errors that qpdf cannot detect"
"regression/arxiv-cc-2025-01-08-to-14-final/2501.05600v1.pdf","E7B7A4CC492C97D5673A22AC08B0486BE986A56DE8AAA66EDC4A196919E5972A","3954032","0","checking C:\Users\steve\code\KillerPDF-Corpus\corpus\regression\arxiv-cc-2025-01-08-to-14-final\2501.05600v1.pdf PDF Version: 1.5 File is not encrypted File is not linearized No syntax or stream encoding errors found; the file may still contain errors that qpdf cannot detect"
"regression/arxiv-cc-2025-01-08-to-14-final/2501.05605v1.pdf","DAE06685A50D5224A34F24FA39AAA643F49A6E3294EDC14FD7BAA0F5E0B062EB","270337","0","checking C:\Users\steve\code\KillerPDF-Corpus\corpus\regression\arxiv-cc-2025-01-08-to-14-final\2501.05605v1.pdf PDF Version: 1.5 File is not encrypted File is not linearized No syntax or stream encoding errors found; the file may still contain errors that qpdf cannot detect"
"regression/arxiv-cc-2025-01-08-to-14-final/2501.05606v1.pdf","52E2A5E68F015BBB240536226E273CCC3DA0A02FC4AE0F30058922C0D2633D24","631809","3","checking C:\Users\steve\code\KillerPDF-Corpus\corpus\regression\arxiv-cc-2025-01-08-to-14-final\2501.05606v1.pdf PDF Version: 1.3 File is not encrypted File is not linearized WARNING: C:\Users\steve\code\KillerPDF-Corpus\corpus\regression\arxiv-cc-2025-01-08-to-14-final\2501.05606v1.pdf (object 18 0): object has offset 0 - a common error handled correctly by qpdf and most other applications qpdf: operation succeeded with warnings"
"regression/arxiv-cc-2025-01-08-to-14-final/2501.05607v1.pdf","3B6F5169115CBA1F44205397B954CE0A907430494B22FC7CF3F8A3540DD8C39C","1756812","3","checking C:\Users\steve\code\KillerPDF-Corpus\corpus\regression\arxiv-cc-2025-01-08-to-14-final\2501.05607v1.pdf PDF Version: 1.4 File is not encrypted File is not linearized WARNING: C:\Users\steve\code\KillerPDF-Corpus\corpus\regression\arxiv-cc-2025-01-08-to-14-final\2501.05607v1.pdf (object 113 0, offset 1576810): dictionary has duplicated key /h.5xxxi17i48e; last occurrence overrides earlier ones qpdf: operation succeeded with warnings"
"regression/arxiv-cc-2025-01-08-to-14-final/2501.05609v1.pdf","6BFF7B9F00CE90A84CBF62C17C6409A1A6330B5F7C3DBF71E4A83ADE8CA92814","3051446","0","checking C:\Users\steve\code\KillerPDF-Corpus\corpus\regression\arxiv-cc-2025-01-08-to-14-final\2501.05609v1.pdf PDF Version: 1.5 File is not encrypted File is not linearized No syntax or stream encoding errors found; the file may still contain errors that qpdf cannot detect"
"regression/arxiv-cc-2025-01-08-to-14-final/2501.05617v1.pdf","F757E3BA593732ABBE3A2EBEDDDD5267502793E7F32ACC21DCA1855D41EDE64C","628427","0","checking C:\Users\steve\code\KillerPDF-Corpus\corpus\regression\arxiv-cc-2025-01-08-to-14-final\2501.05617v1.pdf PDF Version: 1.7 File is not encrypted File is not linearized No syntax or stream encoding errors found; the file may still contain errors that qpdf cannot detect"
"regression/arxiv-cc-2025-01-08-to-14-final/2501.05618v1.pdf","F18A87A490A6263CA7BFA0B34C9F4FC0375E79AC12DC761211A3B9397D3891FA","5426330","0","checking C:\Users\steve\code\KillerPDF-Corpus\corpus\regression\arxiv-cc-2025-01-08-to-14-final\2501.05618v1.pdf PDF Version: 1.5 File is not encrypted File is not linearized No syntax or stream encoding errors found; the file may still contain errors that qpdf cannot detect"
"regression/arxiv-cc-2025-01-08-to-14-final/2501.05619v1.pdf","629C1FA2FBF9D54AD86005A2E06DCB569958AD9124007515AA17FAF9A96184E1","949694","0","checking C:\Users\steve\code\KillerPDF-Corpus\corpus\regression\arxiv-cc-2025-01-08-to-14-final\2501.05619v1.pdf PDF Version: 1.5 File is not encrypted File is not linearized No syntax or stream encoding errors found; the file may still contain errors that qpdf cannot detect"
"regression/arxiv-cc-2025-01-08-to-14-final/2501.05621v1.pdf","F159BD8CAE281DAF3F08BEA492A76C255783D67A7369B513D35396ABF5BBAD98","211737","0","checking C:\Users\steve\code\KillerPDF-Corpus\corpus\regression\arxiv-cc-2025-01-08-to-14-final\2501.05621v1.pdf PDF Version: 1.4 File is not encrypted File is not linearized No syntax or stream encoding errors found; the file may still contain errors that qpdf cannot detect"
"regression/arxiv-cc-2025-01-08-to-14-final/2501.05624v1.pdf","897DF3CD1AEE975BB96B809A09FF6403824A242EB6AF39AC0B81536B59718795","967537","0","checking C:\Users\steve\code\KillerPDF-Corpus\corpus\regression\arxiv-cc-2025-01-08-to-14-final\2501.05624v1.pdf PDF Version: 1.5 File is not encrypted File is not linearized No syntax or stream encoding errors found; the file may still contain errors that qpdf cannot detect"
"regression/arxiv-cc-2025-01-08-to-14-final/2501.05629v1.pdf","0F5CAFB612C86E9FA5885A56120AC47954DA778C29A78F32BBE16B3DAB9F684C","1870162","0","checking C:\Users\steve\code\KillerPDF-Corpus\corpus\regression\arxiv-cc-2025-01-08-to-14-final\2501.05629v1.pdf PDF Version: 1.5 File is not encrypted File is not linearized No syntax or stream encoding errors found; the file may still contain errors that qpdf cannot detect"
"regression/arxiv-cc-2025-01-08-to-14-final/2501.05636v1.pdf","FB9B52A5890EF61E97362EA250E7ED6F4EEBDBEAB6DF87B697A7568DE51CE966","15707040","0","checking C:\Users\steve\code\KillerPDF-Corpus\corpus\regression\arxiv-cc-2025-01-08-to-14-final\2501.05636v1.pdf PDF Version: 1.5 File is not encrypted File is not linearized No syntax or stream encoding errors found; the file may still contain errors that qpdf cannot detect"
"regression/arxiv-cc-2025-01-08-to-14-final/2501.05639v1.pdf","0CD135BA00A1FF3FE27A58951B8B065311D3BEE37A346AD9C1EEB8CBF6FEC3FF","1947112","0","checking C:\Users\steve\code\KillerPDF-Corpus\corpus\regression\arxiv-cc-2025-01-08-to-14-final\2501.05639v1.pdf PDF Version: 1.5 File is not encrypted File is not linearized No syntax or stream encoding errors found; the file may still contain errors that qpdf cannot detect"
"regression/arxiv-cc-2025-01-08-to-14-final/2501.05640v1.pdf","58E014C9BE63E98E6D1A90F811D2DB0490487E8378622A1E1254396B7ED19C34","619670","0","checking C:\Users\steve\code\KillerPDF-Corpus\corpus\regression\arxiv-cc-2025-01-08-to-14-final\2501.05640v1.pdf PDF Version: 1.5 File is not encrypted File is not linearized No syntax or stream encoding errors found; the file may still contain errors that qpdf cannot detect"
"regression/arxiv-cc-2025-01-08-to-14-final/2501.05641v1.pdf","6C88607EB7A20FACABC31DA80951037F3ACEA1907149468128A12739597BCC61","195578","0","checking C:\Users\steve\code\KillerPDF-Corpus\corpus\regression\arxiv-cc-2025-01-08-to-14-final\2501.05641v1.pdf PDF Version: 1.4 File is not encrypted File is not linearized No syntax or stream encoding errors found; the file may still contain errors that qpdf cannot detect"
"regression/arxiv-cc-2025-01-08-to-14-final/2501.05646v1.pdf","B383BF7AB7A51DB13888B3A79762F69923732263920AE1599B3499AA6A4904D0","2908425","0","checking C:\Users\steve\code\KillerPDF-Corpus\corpus\regression\arxiv-cc-2025-01-08-to-14-final\2501.05646v1.pdf PDF Version: 1.5 File is not encrypted File is not linearized No syntax or stream encoding errors found; the file may still contain errors that qpdf cannot detect"
"regression/arxiv-cc-2025-01-08-to-14-final/2501.05656v1.pdf","979F02B61CAFE4528878E87069F53D7DB3E3BB4D33BC8B65D83407857202288F","2157943","0","checking C:\Users\steve\code\KillerPDF-Corpus\corpus\regression\arxiv-cc-2025-01-08-to-14-final\2501.05656v1.pdf PDF Version: 1.5 File is not encrypted File is not linearized No syntax or stream encoding errors found; the file may still contain errors that qpdf cannot detect"
"regression/arxiv-cc-2025-01-08-to-14-final/2501.05664v1.pdf","AD4F04B850970D46B66892B4ED32B77D8741FC61706ED37BFD897E09F4029D91","28222285","0","checking C:\Users\steve\code\KillerPDF-Corpus\corpus\regression\arxiv-cc-2025-01-08-to-14-final\2501.05664v1.pdf PDF Version: 1.5 File is not encrypted File is not linearized No syntax or stream encoding errors found; the file may still contain errors that qpdf cannot detect"
"regression/arxiv-cc-2025-01-08-to-14-final/2501.05673v1.pdf","DD3CA0E9DF9379BCAB87BA7319FC326ABD120B0C03E176682B309D25454519BB","2699605","0","checking C:\Users\steve\code\KillerPDF-Corpus\corpus\regression\arxiv-cc-2025-01-08-to-14-final\2501.05673v1.pdf PDF Version: 1.5 File is not encrypted File is not linearized No syntax or stream encoding errors found; the file may still contain errors that qpdf cannot detect"
"regression/arxiv-cc-2025-01-08-to-14-final/2501.05685v1.pdf","730CB38D515317EB636262B8F216572C4A5C8EB9ADE44653B5C010D9D0647507","37697507","0","checking C:\Users\steve\code\KillerPDF-Corpus\corpus\regression\arxiv-cc-2025-01-08-to-14-final\2501.05685v1.pdf PDF Version: 1.5 File is not encrypted File is not linearized No syntax or stream encoding errors found; the file may still contain errors that qpdf cannot detect"
"regression/arxiv-cc-2025-01-08-to-14-final/2501.05690v1.pdf","068778990726DD9F458F9499A542D20C45C1FC6C27FCC483955927A897AB01C9","549449","0","checking C:\Users\steve\code\KillerPDF-Corpus\corpus\regression\arxiv-cc-2025-01-08-to-14-final\2501.05690v1.pdf PDF Version: 1.4 File is not encrypted File is not linearized No syntax or stream encoding errors found; the file may still contain errors that qpdf cannot detect"
"regression/arxiv-cc-2025-01-08-to-14-final/2501.05696v1.pdf","8385BDA3C041AA84A53EF7884559FE5D8A277612B97F57F7258826A13ED008D1","162213","0","checking C:\Users\steve\code\KillerPDF-Corpus\corpus\regression\arxiv-cc-2025-01-08-to-14-final\2501.05696v1.pdf PDF Version: 1.4 File is not encrypted File is not linearized No syntax or stream encoding errors found; the file may still contain errors that qpdf cannot detect"
"regression/arxiv-cc-2025-01-08-to-14-final/2501.05700v1.pdf","4C5DBC52A10869CD76B45E40DDA16F8788752B928BDDCE3B90DE6A88609FEBB0","1096959","0","checking C:\Users\steve\code\KillerPDF-Corpus\corpus\regression\arxiv-cc-2025-01-08-to-14-final\2501.05700v1.pdf PDF Version: 1.5 File is not encrypted File is not linearized No syntax or stream encoding errors found; the file may still contain errors that qpdf cannot detect"
"regression/arxiv-cc-2025-01-08-to-14-final/2501.05703v1.pdf","512AD3188D2F13C6F12F739B79D09881F5C017D9BE0C1EF6EC730B933A25FAAB","369728","3","checking C:\Users\steve\code\KillerPDF-Corpus\corpus\regression\arxiv-cc-2025-01-08-to-14-final\2501.05703v1.pdf PDF Version: 1.3 File is not encrypted File is not linearized WARNING: C:\Users\steve\code\KillerPDF-Corpus\corpus\regression\arxiv-cc-2025-01-08-to-14-final\2501.05703v1.pdf (object 6 0): object has offset 0 - a common error handled correctly by qpdf and most other applications WARNING: C:\Users\steve\code\KillerPDF-Corpus\corpus\regression\arxiv-cc-2025-01-08-to-14-final\2501.05703v1.pdf (object 8 0): object has offset 0 - a common error handled correctly by qpdf and most other applications WARNING: C:\Users\steve\code\KillerPDF-Corpus\corpus\regression\arxiv-cc-2025-01-08-to-14-final\2501.05703v1.pdf (object 10 0): object has offset 0 - a common error handled correctly by qpdf and most other applications WARNING: C:\Users\steve\code\KillerPDF-Corpus\corpus\regression\arxiv-cc-2025-01-08-to-14-final\2501.05703v1.pdf (object 12 0): object has offset 0 - a common error handled correctly by qpdf and most other applications WARNING: C:\Users\steve\code\KillerPDF-Corpus\corpus\regression\arxiv-cc-2025-01-08-to-14-final\2501.05703v1.pdf (object 14 0): object has offset 0 - a common error handled correctly by qpdf and most other applications WARNING: C:\Users\steve\code\KillerPDF-Corpus\corpus\regression\arxiv-cc-2025-01-08-to-14-final\2501.05703v1.pdf (object 24 0): object has offset 0 - a common error handled correctly by qpdf and most other applications qpdf: operation succeeded with warnings"
"regression/arxiv-cc-2025-01-08-to-14-final/2501.05704v1.pdf","3713F393669F1A9A90D27D82B793DD641ACC837ED1C20EFD19620E58E8A7C81F","3627875","0","checking C:\Users\steve\code\KillerPDF-Corpus\corpus\regression\arxiv-cc-2025-01-08-to-14-final\2501.05704v1.pdf PDF Version: 1.5 File is not encrypted File is not linearized No syntax or stream encoding errors found; the file may still contain errors that qpdf cannot detect"
"regression/arxiv-cc-2025-01-08-to-14-final/2501.05722v1.pdf","806C02C8F0F4F1684910F04EE44364225E3B497B2AC03FE44354B6AE3188C751","305028","0","checking C:\Users\steve\code\KillerPDF-Corpus\corpus\regression\arxiv-cc-2025-01-08-to-14-final\2501.05722v1.pdf PDF Version: 1.7 File is not encrypted File is not linearized No syntax or stream encoding errors found; the file may still contain errors that qpdf cannot detect"
"regression/arxiv-cc-2025-01-08-to-14-final/2501.05723v2.pdf","A5AA70C4E742F119213215D4A8522F093676CE73DD9B90EB116EACF996D7F3C7","1144635","0","checking C:\Users\steve\code\KillerPDF-Corpus\corpus\regression\arxiv-cc-2025-01-08-to-14-final\2501.05723v2.pdf PDF Version: 1.5 File is not encrypted File is not linearized No syntax or stream encoding errors found; the file may still contain errors that qpdf cannot detect"
"regression/arxiv-cc-2025-01-08-to-14-final/2501.05724v1.pdf","2CE947A7BB301C08C394367A6D92552148BFF894F82F36971E17998D7BEA6687","1261184","0","checking C:\Users\steve\code\KillerPDF-Corpus\corpus\regression\arxiv-cc-2025-01-08-to-14-final\2501.05724v1.pdf PDF Version: 1.5 File is not encrypted File is not linearized No syntax or stream encoding errors found; the file may still contain errors that qpdf cannot detect"
"regression/arxiv-cc-2025-01-08-to-14-final/2501.05725v1.pdf","37F2A71AD931791EC106FC6C4F9CE3B364AAF0E02A6987799C77695FA5E5D551","11002559","0","checking C:\Users\steve\code\KillerPDF-Corpus\corpus\regression\arxiv-cc-2025-01-08-to-14-final\2501.05725v1.pdf PDF Version: 1.5 File is not encrypted File is not linearized No syntax or stream encoding errors found; the file may still contain errors that qpdf cannot detect"
"regression/arxiv-cc-2025-01-08-to-14-final/2501.05731v1.pdf","39A40F5F1D236DC0FAC4D96BF2AA6E5CA77DB1F9893F030F5A854619AFF92ED2","484923","0","checking C:\Users\steve\code\KillerPDF-Corpus\corpus\regression\arxiv-cc-2025-01-08-to-14-final\2501.05731v1.pdf PDF Version: 1.5 File is not encrypted File is not linearized No syntax or stream encoding errors found; the file may still contain errors that qpdf cannot detect"
"regression/arxiv-cc-2025-01-08-to-14-final/2501.05733v1.pdf","55E40141EB6AC86FC67DF6AA66C8435C1A0B69B884C450B1F4CABC3C4011C074","14988031","0","checking C:\Users\steve\code\KillerPDF-Corpus\corpus\regression\arxiv-cc-2025-01-08-to-14-final\2501.05733v1.pdf PDF Version: 1.5 File is not encrypted File is not linearized No syntax or stream encoding errors found; the file may still contain errors that qpdf cannot detect"
"regression/arxiv-cc-2025-01-08-to-14-final/2501.05739v2.pdf","66EFA29C8A25B54342FDD5774FE7FBEDE0409A19B1F90FECAAF7B59B96B02E5D","2633631","0","checking C:\Users\steve\code\KillerPDF-Corpus\corpus\regression\arxiv-cc-2025-01-08-to-14-final\2501.05739v2.pdf PDF Version: 1.5 File is not encrypted File is not linearized No syntax or stream encoding errors found; the file may still contain errors that qpdf cannot detect"
"regression/arxiv-cc-2025-01-08-to-14-final/2501.05745v1.pdf","EE436129C5C59B6A19ADBF8CB5BE5F3675170F9967C81963D6B7205957B6AA14","1052458","0","checking C:\Users\steve\code\KillerPDF-Corpus\corpus\regression\arxiv-cc-2025-01-08-to-14-final\2501.05745v1.pdf PDF Version: 1.5 File is not encrypted File is not linearized No syntax or stream encoding errors found; the file may still contain errors that qpdf cannot detect"
"regression/arxiv-cc-2025-01-08-to-14-final/2501.05747v1.pdf","DEC470148A10EAF9D51ACF58DE17D22B588038AE4D861823EF155C4B28BF85AF","1203327","3","checking C:\Users\steve\code\KillerPDF-Corpus\corpus\regression\arxiv-cc-2025-01-08-to-14-final\2501.05747v1.pdf PDF Version: 1.3 File is not encrypted File is not linearized WARNING: C:\Users\steve\code\KillerPDF-Corpus\corpus\regression\arxiv-cc-2025-01-08-to-14-final\2501.05747v1.pdf (object 11 0): object has offset 0 - a common error handled correctly by qpdf and most other applications WARNING: C:\Users\steve\code\KillerPDF-Corpus\corpus\regression\arxiv-cc-2025-01-08-to-14-final\2501.05747v1.pdf (object 29 0): object has offset 0 - a common error handled correctly by qpdf and most other applications WARNING: C:\Users\steve\code\KillerPDF-Corpus\corpus\regression\arxiv-cc-2025-01-08-to-14-final\2501.05747v1.pdf (object 36 0): object has offset 0 - a common error handled correctly by qpdf and most other applications WARNING: C:\Users\steve\code\KillerPDF-Corpus\corpus\regression\arxiv-cc-2025-01-08-to-14-final\2501.05747v1.pdf (object 38 0): object has offset 0 - a common error handled correctly by qpdf and most other applications WARNING: C:\Users\steve\code\KillerPDF-Corpus\corpus\regression\arxiv-cc-2025-01-08-to-14-final\2501.05747v1.pdf (object 51 0): object has offset 0 - a common error handled correctly by qpdf and most other applications WARNING: C:\Users\steve\code\KillerPDF-Corpus\corpus\regression\arxiv-cc-2025-01-08-to-14-final\2501.05747v1.pdf (object 80 0): object has offset 0 - a common error handled correctly by qpdf and most other applications WARNING: C:\Users\steve\code\KillerPDF-Corpus\corpus\regression\arxiv-cc-2025-01-08-to-14-final\2501.05747v1.pdf (object 161 0): object has offset 0 - a common error handled correctly by qpdf and most other applications WARNING: C:\Users\steve\code\KillerPDF-Corpus\corpus\regression\arxiv-cc-2025-01-08-to-14-final\2501.05747v1.pdf (object 163 0): object has offset 0 - a common error handled correctly by qpdf and most other applications qpdf: operation succeeded with warnings"
"regression/arxiv-cc-2025-01-08-to-14-final/2501.05749v1.pdf","3FBE4CCF1013BB22F3A8B20644CDAAE88737AE70F2248306771DD4F943554691","512568","0","checking C:\Users\steve\code\KillerPDF-Corpus\corpus\regression\arxiv-cc-2025-01-08-to-14-final\2501.05749v1.pdf PDF Version: 1.5 File is not encrypted File is not linearized No syntax or stream encoding errors found; the file may still contain errors that qpdf cannot detect"
"regression/arxiv-cc-2025-01-08-to-14-final/2501.05758v1.pdf","96962B388273C767C5488CEB1F4A55FF3C78A108FD4BCF9C5532C338F8B7CC49","199768","0","checking C:\Users\steve\code\KillerPDF-Corpus\corpus\regression\arxiv-cc-2025-01-08-to-14-final\2501.05758v1.pdf PDF Version: 1.4 File is not encrypted File is not linearized No syntax or stream encoding errors found; the file may still contain errors that qpdf cannot detect"
"regression/arxiv-cc-2025-01-08-to-14-final/2501.05762v1.pdf","C2C183255FCAFA14291405A5052D7D4472F035C9DD2363A1877E0FB77E6BD436","2652461","3","checking C:\Users\steve\code\KillerPDF-Corpus\corpus\regression\arxiv-cc-2025-01-08-to-14-final\2501.05762v1.pdf PDF Version: 1.4 File is not encrypted File is linearized WARNING: C:\Users\steve\code\KillerPDF-Corpus\corpus\regression\arxiv-cc-2025-01-08-to-14-final\2501.05762v1.pdf: shared object 0 length mismatch: hint table = 36; computed = 393 WARNING: C:\Users\steve\code\KillerPDF-Corpus\corpus\regression\arxiv-cc-2025-01-08-to-14-final\2501.05762v1.pdf: shared object 1 length mismatch: hint table = 393; computed = 173 WARNING: C:\Users\steve\code\KillerPDF-Corpus\corpus\regression\arxiv-cc-2025-01-08-to-14-final\2501.05762v1.pdf: shared object 2 length mismatch: hint table = 173; computed = 145 WARNING: C:\Users\steve\code\KillerPDF-Corpus\corpus\regression\arxiv-cc-2025-01-08-to-14-final\2501.05762v1.pdf: shared object 3 length mismatch: hint table = 145; computed = 22 WARNING: C:\Users\steve\code\KillerPDF-Corpus\corpus\regression\arxiv-cc-2025-01-08-to-14-final\2501.05762v1.pdf: shared object 4 length mismatch: hint table = 22; computed = 129 WARNING: C:\Users\steve\code\KillerPDF-Corpus\corpus\regression\arxiv-cc-2025-01-08-to-14-final\2501.05762v1.pdf: shared object 5 length mismatch: hint table = 129; computed = 148 WARNING: C:\Users\steve\code\KillerPDF-Corpus\corpus\regression\arxiv-cc-2025-01-08-to-14-final\2501.05762v1.pdf: shared object 6 length mismatch: hint table = 148; computed = 22 WARNING: C:\Users\steve\code\KillerPDF-Corpus\corpus\regression\arxiv-cc-2025-01-08-to-14-final\2501.05762v1.pdf: shared object 7 length mismatch: hint table = 22; computed = 130 WARNING: C:\Users\steve\code\KillerPDF-Corpus\corpus\regression\arxiv-cc-2025-01-08-to-14-final\2501.05762v1.pdf: shared object 8 length mismatch: hint table = 130; computed = 146 WARNING: C:\Users\steve\code\KillerPDF-Corpus\corpus\regression\arxiv-cc-2025-01-08-to-14-final\2501.05762v1.pdf: shared object 9 length mismatch: hint table = 146; computed = 22 WARNING: C:\Users\steve\code\KillerPDF-Corpus\corpus\regression\arxiv-cc-2025-01-08-to-14-final\2501.05762v1.pdf: shared object 10 length mismatch: hint table = 22; computed = 129 WARNING: C:\Users\steve\code\KillerPDF-Corpus\corpus\regression\arxiv-cc-2025-01-08-to-14-final\2501.05762v1.pdf: shared object 11 length mismatch: hint table = 129; computed = 148 WARNING: C:\Users\steve\code\KillerPDF-Corpus\corpus\regression\arxiv-cc-2025-01-08-to-14-final\2501.05762v1.pdf: shared object 12 length mismatch: hint table = 148; computed = 22 WARNING: C:\Users\steve\code\KillerPDF-Corpus\corpus\regression\arxiv-cc-2025-01-08-to-14-final\2501.05762v1.pdf: shared object 13 length mismatch: hint table = 22; computed = 130 WARNING: C:\Users\steve\code\KillerPDF-Corpus\corpus\regression\arxiv-cc-2025-01-08-to-14-final\2501.05762v1.pdf: shared object 14 length mismatch: hint table = 130; computed = 148 WARNING: C:\Users\steve\code\KillerPDF-Corpus\corpus\regression\arxiv-cc-2025-01-08-to-14-final\2501.05762v1.pdf: shared object 15 length mismatch: hint table = 148; computed = 22 WARNING: C:\Users\steve\code\KillerPDF-Corpus\corpus\regression\arxiv-cc-2025-01-08-to-14-final\2501.05762v1.pdf: shared object 16 length mismatch: hint table = 22; computed = 130 WARNING: C:\Users\steve\code\KillerPDF-Corpus\corpus\regression\arxiv-cc-2025-01-08-to-14-final\2501.05762v1.pdf: shared object 17 length mismatch: hint table = 130; computed = 148 WARNING: C:\Users\steve\code\KillerPDF-Corpus\corpus\regression\arxiv-cc-2025-01-08-to-14-final\2501.05762v1.pdf: shared object 18 length mismatch: hint table = 148; computed = 22 WARNING: C:\Users\steve\code\KillerPDF-Corpus\corpus\regression\arxiv-cc-2025-01-08-to-14-final\2501.05762v1.pdf: shared object 19 length mismatch: hint table = 22; computed = 130 WARNING: C:\Users\steve\code\KillerPDF-Corpus\corpus\regression\arxiv-cc-2025-01-08-to-14-final\2501.05762v1.pdf: shared object 20 length mismatch: hint table = 130; computed = 148 WARNING: C:\Users\steve\code\KillerPDF-Corpus\corpus\regression\arxiv-cc-2025-01-08-to-14-final\2501.05762v1.pdf: shared object 21 length mismatch: hint table = 148; computed = 22 WARNING: C:\Users\steve\code\KillerPDF-Corpus\corpus\regression\arxiv-cc-2025-01-08-to-14-final\2501.05762v1.pdf: shared object 22 length mismatch: hint table = 22; computed = 130 WARNING: C:\Users\steve\code\KillerPDF-Corpus\corpus\regression\arxiv-cc-2025-01-08-to-14-final\2501.05762v1.pdf: shared object 23 length mismatch: hint table = 130; computed = 148 WARNING: C:\Users\steve\code\KillerPDF-Corpus\corpus\regression\arxiv-cc-2025-01-08-to-14-final\2501.05762v1.pdf: shared object 24 length mismatch: hint table = 148; computed = 22 WARNING: C:\Users\steve\code\KillerPDF-Corpus\corpus\regression\arxiv-cc-2025-01-08-to-14-final\2501.05762v1.pdf: shared object 25 length mismatch: hint table = 22; computed = 130 WARNING: C:\Users\steve\code\KillerPDF-Corpus\corpus\regression\arxiv-cc-2025-01-08-to-14-final\2501.05762v1.pdf: shared object 26 length mismatch: hint table = 130; computed = 148 WARNING: C:\Users\steve\code\KillerPDF-Corpus\corpus\regression\arxiv-cc-2025-01-08-to-14-final\2501.05762v1.pdf: shared object 27 length mismatch: hint table = 148; computed = 22 WARNING: C:\Users\steve\code\KillerPDF-Corpus\corpus\regression\arxiv-cc-2025-01-08-to-14-final\2501.05762v1.pdf: shared object 28 length mismatch: hint table = 22; computed = 131 WARNING: C:\Users\steve\code\KillerPDF-Corpus\corpus\regression\arxiv-cc-2025-01-08-to-14-final\2501.05762v1.pdf: shared object 29 length mismatch: hint table = 131; computed = 148 WARNING: C:\Users\steve\code\KillerPDF-Corpus\corpus\regression\arxiv-cc-2025-01-08-to-14-final\2501.05762v1.pdf: shared object 30 length mismatch: hint table = 148; computed = 22 WARNING: C:\Users\steve\code\KillerPDF-Corpus\corpus\regression\arxiv-cc-2025-01-08-to-14-final\2501.05762v1.pdf: shared object 31 length mismatch: hint table = 22; computed = 131 WARNING: C:\Users\steve\code\KillerPDF-Corpus\corpus\regression\arxiv-cc-2025-01-08-to-14-final\2501.05762v1.pdf: shared object 32 length mismatch: hint table = 131; computed = 148 WARNING: C:\Users\steve\code\KillerPDF-Corpus\corpus\regression\arxiv-cc-2025-01-08-to-14-final\2501.05762v1.pdf: shared object 33 length mismatch: hint table = 148; computed = 22 WARNING: C:\Users\steve\code\KillerPDF-Corpus\corpus\regression\arxiv-cc-2025-01-08-to-14-final\2501.05762v1.pdf: shared object 34 length mismatch: hint table = 22; computed = 131 WARNING: C:\Users\steve\code\KillerPDF-Corpus\corpus\regression\arxiv-cc-2025-01-08-to-14-final\2501.05762v1.pdf: shared object 35 length mismatch: hint table = 131; computed = 146 WARNING: C:\Users\steve\code\KillerPDF-Corpus\corpus\regression\arxiv-cc-2025-01-08-to-14-final\2501.05762v1.pdf: shared object 36 length mismatch: hint table = 146; computed = 22 WARNING: C:\Users\steve\code\KillerPDF-Corpus\corpus\regression\arxiv-cc-2025-01-08-to-14-final\2501.05762v1.pdf: shared object 37 length mismatch: hint table = 22; computed = 130 WARNING: C:\Users\steve\code\KillerPDF-Corpus\corpus\regression\arxiv-cc-2025-01-08-to-14-final\2501.05762v1.pdf: shared object 38 length mismatch: hint table = 130; computed = 146 WARNING: C:\Users\steve\code\KillerPDF-Corpus\corpus\regression\arxiv-cc-2025-01-08-to-14-final\2501.05762v1.pdf: shared object 39 length mismatch: hint table = 146; computed = 22 WARNING: C:\Users\steve\code\KillerPDF-Corpus\corpus\regression\arxiv-cc-2025-01-08-to-14-final\2501.05762v1.pdf: shared object 40 length mismatch: hint table = 22; computed = 131 WARNING: C:\Users\steve\code\KillerPDF-Corpus\corpus\regression\arxiv-cc-2025-01-08-to-14-final\2501.05762v1.pdf: shared object 41 length mismatch: hint table = 131; computed = 148 WARNING: C:\Users\steve\code\KillerPDF-Corpus\corpus\regression\arxiv-cc-2025-01-08-to-14-final\2501.05762v1.pdf: shared object 42 length mismatch: hint table = 148; computed = 22 WARNING: C:\Users\steve\code\KillerPDF-Corpus\corpus\regression\arxiv-cc-2025-01-08-to-14-final\2501.05762v1.pdf: shared object 43 length mismatch: hint table = 22; computed = 131 WARNING: C:\Users\steve\code\KillerPDF-Corpus\corpus\regression\arxiv-cc-2025-01-08-to-14-final\2501.05762v1.pdf: shared object 44 length mismatch: hint table = 131; computed = 146 WARNING: C:\Users\steve\code\KillerPDF-Corpus\corpus\regression\arxiv-cc-2025-01-08-to-14-final\2501.05762v1.pdf: shared object 45 length mismatch: hint table = 146; computed = 22 WARNING: C:\Users\steve\code\KillerPDF-Corpus\corpus\regression\arxiv-cc-2025-01-08-to-14-final\2501.05762v1.pdf: shared object 46 length mismatch: hint table = 22; computed = 130 WARNING: C:\Users\steve\code\KillerPDF-Corpus\corpus\regression\arxiv-cc-2025-01-08-to-14-final\2501.05762v1.pdf: shared object 47 length mismatch: hint table = 130; computed = 146 WARNING: C:\Users\steve\code\KillerPDF-Corpus\corpus\regression\arxiv-cc-2025-01-08-to-14-final\2501.05762v1.pdf: shared object 48 length mismatch: hint table = 146; computed = 22 WARNING: C:\Users\steve\code\KillerPDF-Corpus\corpus\regression\arxiv-cc-2025-01-08-to-14-final\2501.05762v1.pdf: shared object 49 length mismatch: hint table = 22; computed = 131 WARNING: C:\Users\steve\code\KillerPDF-Corpus\corpus\regression\arxiv-cc-2025-01-08-to-14-final\2501.05762v1.pdf: shared object 50 length mismatch: hint table = 131; computed = 146 WARNING: C:\Users\steve\code\KillerPDF-Corpus\corpus\regression\arxiv-cc-2025-01-08-to-14-final\2501.05762v1.pdf: shared object 51 length mismatch: hint table = 146; computed = 22 WARNING: C:\Users\steve\code\KillerPDF-Corpus\corpus\regression\arxiv-cc-2025-01-08-to-14-final\2501.05762v1.pdf: shared object 52 length mismatch: hint table = 22; computed = 131 WARNING: C:\Users\steve\code\KillerPDF-Corpus\corpus\regression\arxiv-cc-2025-01-08-to-14-final\2501.05762v1.pdf: shared object 53 length mismatch: hint table = 131; computed = 146 WARNING: C:\Users\steve\code\KillerPDF-Corpus\corpus\regression\arxiv-cc-2025-01-08-to-14-final\2501.05762v1.pdf: shared object 54 length mismatch: hint table = 146; computed = 22 WARNING: C:\Users\steve\code\KillerPDF-Corpus\corpus\regression\arxiv-cc-2025-01-08-to-14-final\2501.05762v1.pdf: shared object 55 length mismatch: hint table = 22; computed = 131 WARNING: C:\Users\steve\code\KillerPDF-Corpus\corpus\regression\arxiv-cc-2025-01-08-to-14-final\2501.05762v1.pdf: shared object 56 length mismatch: hint table = 131; computed = 146 WARNING: C:\Users\steve\code\KillerPDF-Corpus\corpus\regression\arxiv-cc-2025-01-08-to-14-final\2501.05762v1.pdf: shared object 57 length mismatch: hint table = 146; computed = 22 WARNING: C:\Users\steve\code\KillerPDF-Corpus\corpus\regression\arxiv-cc-2025-01-08-to-14-final\2501.05762v1.pdf: shared object 58 length mismatch: hint table = 22; computed = 219 WARNING: C:\Users\steve\code\KillerPDF-Corpus\corpus\regression\arxiv-cc-2025-01-08-to-14-final\2501.05762v1.pdf: shared object 59 length mismatch: hint table = 219; computed = 146 WARNING: C:\Users\steve\code\KillerPDF-Corpus\corpus\regression\arxiv-cc-2025-01-08-to-14-final\2501.05762v1.pdf: shared object 60 length mismatch: hint table = 146; computed = 22 WARNING: C:\Users\steve\code\KillerPDF-Corpus\corpus\regression\arxiv-cc-2025-01-08-to-14-final\2501.05762v1.pdf: shared object 61 length mismatch: hint table = 22; computed = 323 WARNING: C:\Users\steve\code\KillerPDF-Corpus\corpus\regression\arxiv-cc-2025-01-08-to-14-final\2501.05762v1.pdf: shared object 62 length mismatch: hint table = 323; computed = 510 WARNING: C:\Users\steve\code\KillerPDF-Corpus\corpus\regression\arxiv-cc-2025-01-08-to-14-final\2501.05762v1.pdf: shared object 63 length mismatch: hint table = 510; computed = 524 WARNING: C:\Users\steve\code\KillerPDF-Corpus\corpus\regression\arxiv-cc-2025-01-08-to-14-final\2501.05762v1.pdf: shared object 64 length mismatch: hint table = 524; computed = 772 WARNING: C:\Users\steve\code\KillerPDF-Corpus\corpus\regression\arxiv-cc-2025-01-08-to-14-final\2501.05762v1.pdf: shared object 65 length mismatch: hint table = 772; computed = 906 WARNING: C:\Users\steve\code\KillerPDF-Corpus\corpus\regression\arxiv-cc-2025-01-08-to-14-final\2501.05762v1.pdf: shared object 66 length mismatch: hint table = 906; computed = 904 WARNING: C:\Users\steve\code\KillerPDF-Corpus\corpus\regression\arxiv-cc-2025-01-08-to-14-final\2501.05762v1.pdf: shared object 67 length mismatch: hint table = 904; computed = 37 WARNING: C:\Users\steve\code\KillerPDF-Corpus\corpus\regression\arxiv-cc-2025-01-08-to-14-final\2501.05762v1.pdf: shared object 68 length mismatch: hint table = 37; computed = 56 WARNING: C:\Users\steve\code\KillerPDF-Corpus\corpus\regression\arxiv-cc-2025-01-08-to-14-final\2501.05762v1.pdf: shared object 69 length mismatch: hint table = 56; computed = 103 WARNING: C:\Users\steve\code\KillerPDF-Corpus\corpus\regression\arxiv-cc-2025-01-08-to-14-final\2501.05762v1.pdf: shared object 70 length mismatch: hint table = 103; computed = 440 WARNING: C:\Users\steve\code\KillerPDF-Corpus\corpus\regression\arxiv-cc-2025-01-08-to-14-final\2501.05762v1.pdf: shared object 71 length mismatch: hint table = 440; computed = 10752 WARNING: C:\Users\steve\code\KillerPDF-Corpus\corpus\regression\arxiv-cc-2025-01-08-to-14-final\2501.05762v1.pdf: shared object 72 length mismatch: hint table = 10752; computed = 199 WARNING: C:\Users\steve\code\KillerPDF-Corpus\corpus\regression\arxiv-cc-2025-01-08-to-14-final\2501.05762v1.pdf: shared object 73 length mismatch: hint table = 199; computed = 520 WARNING: C:\Users\steve\code\KillerPDF-Corpus\corpus\regression\arxiv-cc-2025-01-08-to-14-final\2501.05762v1.pdf: shared object 74 length mismatch: hint table = 520; computed = 197 WARNING: C:\Users\steve\code\KillerPDF-Corpus\corpus\regression\arxiv-cc-2025-01-08-to-14-final\2501.05762v1.pdf: shared object 75 length mismatch: hint table = 197; computed = 198 WARNING: C:\Users\steve\code\KillerPDF-Corpus\corpus\regression\arxiv-cc-2025-01-08-to-14-final\2501.05762v1.pdf: shared object 76 length mismatch: hint table = 198; computed = 293 WARNING: C:\Users\steve\code\KillerPDF-Corpus\corpus\regression\arxiv-cc-2025-01-08-to-14-final\2501.05762v1.pdf: shared object 77 length mismatch: hint table = 293; computed = 8060 WARNING: C:\Users\steve\code\KillerPDF-Corpus\corpus\regression\arxiv-cc-2025-01-08-to-14-final\2501.05762v1.pdf: shared object 78 length mismatch: hint table = 8060; computed = 201 WARNING: C:\Users\steve\code\KillerPDF-Corpus\corpus\regression\arxiv-cc-2025-01-08-to-14-final\2501.05762v1.pdf: shared object 79 length mismatch: hint table = 201; computed = 2038 WARNING: C:\Users\steve\code\KillerPDF-Corpus\corpus\regression\arxiv-cc-2025-01-08-to-14-final\2501.05762v1.pdf: shared object 80 length mismatch: hint table = 2038; computed = 1880 WARNING: C:\Users\steve\code\KillerPDF-Corpus\corpus\regression\arxiv-cc-2025-01-08-to-14-final\2501.05762v1.pdf: shared object 81 length mismatch: hint table = 1880; computed = 1720 WARNING: C:\Users\steve\code\KillerPDF-Corpus\corpus\regression\arxiv-cc-2025-01-08-to-14-final\2501.05762v1.pdf: shared object 82 length mismatch: hint table = 1720; computed = 458 WARNING: C:\Users\steve\code\KillerPDF-Corpus\corpus\regression\arxiv-cc-2025-01-08-to-14-final\2501.05762v1.pdf: shared object 83 length mismatch: hint table = 458; computed = 241 WARNING: C:\Users\steve\code\KillerPDF-Corpus\corpus\regression\arxiv-cc-2025-01-08-to-14-final\2501.05762v1.pdf: shared object 84 length mismatch: hint table = 241; computed = 8363 WARNING: C:\Users\steve\code\KillerPDF-Corpus\corpus\regression\arxiv-cc-2025-01-08-to-14-final\2501.05762v1.pdf: shared object 85 length mismatch: hint table = 8363; computed = 484 WARNING: C:\Users\steve\code\KillerPDF-Corpus\corpus\regression\arxiv-cc-2025-01-08-to-14-final\2501.05762v1.pdf: shared object 86 length mismatch: hint table = 484; computed = 200 WARNING: C:\Users\steve\code\KillerPDF-Corpus\corpus\regression\arxiv-cc-2025-01-08-to-14-final\2501.05762v1.pdf: shared object 87 length mismatch: hint table = 200; computed = 1982 WARNING: C:\Users\steve\code\KillerPDF-Corpus\corpus\regression\arxiv-cc-2025-01-08-to-14-final\2501.05762v1.pdf: shared object 88 length mismatch: hint table = 1982; computed = 1887 WARNING: C:\Users\steve\code\KillerPDF-Corpus\corpus\regression\arxiv-cc-2025-01-08-to-14-final\2501.05762v1.pdf: shared object 89 length mismatch: hint table = 1887; computed = 1815 WARNING: C:\Users\steve\code\KillerPDF-Corpus\corpus\regression\arxiv-cc-2025-01-08-to-14-final\2501.05762v1.pdf: shared object 90 length mismatch: hint table = 1815; computed = 158 WARNING: C:\Users\steve\code\KillerPDF-Corpus\corpus\regression\arxiv-cc-2025-01-08-to-14-final\2501.05762v1.pdf: shared object 91 length mismatch: hint table = 158; computed = 66 WARNING: C:\Users\steve\code\KillerPDF-Corpus\corpus\regression\arxiv-cc-2025-01-08-to-14-final\2501.05762v1.pdf: shared object 92 length mismatch: hint table = 66; computed = 575 WARNING: C:\Users\steve\code\KillerPDF-Corpus\corpus\regression\arxiv-cc-2025-01-08-to-14-final\2501.05762v1.pdf: shared object 93 length mismatch: hint table = 575; computed = 195 WARNING: C:\Users\steve\code\KillerPDF-Corpus\corpus\regression\arxiv-cc-2025-01-08-to-14-final\2501.05762v1.pdf: shared object 94 length mismatch: hint table = 195; computed = 1710 WARNING: C:\Users\steve\code\KillerPDF-Corpus\corpus\regression\arxiv-cc-2025-01-08-to-14-final\2501.05762v1.pdf: shared object 95 length mismatch: hint table = 1710; computed = 1701 WARNING: C:\Users\steve\code\KillerPDF-Corpus\corpus\regression\arxiv-cc-2025-01-08-to-14-final\2501.05762v1.pdf: shared object 96 length mismatch: hint table = 1701; computed = 2693 WARNING: C:\Users\steve\code\KillerPDF-Corpus\corpus\regression\arxiv-cc-2025-01-08-to-14-final\2501.05762v1.pdf: shared object 97 length mismatch: hint table = 2693; computed = 956 WARNING: C:\Users\steve\code\KillerPDF-Corpus\corpus\regression\arxiv-cc-2025-01-08-to-14-final\2501.05762v1.pdf: shared object 98 length mismatch: hint table = 956; computed = 2328 WARNING: C:\Users\steve\code\KillerPDF-Corpus\corpus\regression\arxiv-cc-2025-01-08-to-14-final\2501.05762v1.pdf: shared object 99 length mismatch: hint table = 2328; computed = 2863 WARNING: C:\Users\steve\code\KillerPDF-Corpus\corpus\regression\arxiv-cc-2025-01-08-to-14-final\2501.05762v1.pdf: shared object 100 length mismatch: hint table = 2863; computed = 102 WARNING: C:\Users\steve\code\KillerPDF-Corpus\corpus\regression\arxiv-cc-2025-01-08-to-14-final\2501.05762v1.pdf: shared object 101 length mismatch: hint table = 102; computed = 2885 WARNING: C:\Users\steve\code\KillerPDF-Corpus\corpus\regression\arxiv-cc-2025-01-08-to-14-final\2501.05762v1.pdf: shared object 102 length mismatch: hint table = 2885; computed = 126 WARNING: C:\Users\steve\code\KillerPDF-Corpus\corpus\regression\arxiv-cc-2025-01-08-to-14-final\2501.05762v1.pdf: shared object 103 length mismatch: hint table = 126; computed = 20617 WARNING: C:\Users\steve\code\KillerPDF-Corpus\corpus\regression\arxiv-cc-2025-01-08-to-14-final\2501.05762v1.pdf: shared object 104 length mismatch: hint table = 20617; computed = 49 WARNING: C:\Users\steve\code\KillerPDF-Corpus\corpus\regression\arxiv-cc-2025-01-08-to-14-final\2501.05762v1.pdf: shared object 105 length mismatch: hint table = 49; computed = 2754 WARNING: C:\Users\steve\code\KillerPDF-Corpus\corpus\regression\arxiv-cc-2025-01-08-to-14-final\2501.05762v1.pdf: shared object 106 length mismatch: hint table = 2754; computed = 107 WARNING: C:\Users\steve\code\KillerPDF-Corpus\corpus\regression\arxiv-cc-2025-01-08-to-14-final\2501.05762v1.pdf: shared object 107 length mismatch: hint table = 107; computed = 2899 WARNING: C:\Users\steve\code\KillerPDF-Corpus\corpus\regression\arxiv-cc-2025-01-08-to-14-final\2501.05762v1.pdf: shared object 108 length mismatch: hint table = 2899; computed = 140 WARNING: C:\Users\steve\code\KillerPDF-Corpus\corpus\regression\arxiv-cc-2025-01-08-to-14-final\2501.05762v1.pdf: shared object 109 length mismatch: hint table = 140; computed = 21839 WARNING: C:\Users\steve\code\KillerPDF-Corpus\corpus\regression\arxiv-cc-2025-01-08-to-14-final\2501.05762v1.pdf: shared object 110 length mismatch: hint table = 21839; computed = 49 WARNING: C:\Users\steve\code\KillerPDF-Corpus\corpus\regression\arxiv-cc-2025-01-08-to-14-final\2501.05762v1.pdf: shared object 111 length mismatch: hint table = 49; computed = 53 WARNING: C:\Users\steve\code\KillerPDF-Corpus\corpus\regression\arxiv-cc-2025-01-08-to-14-final\2501.05762v1.pdf: shared object 112 length mismatch: hint table = 53; computed = 62 WARNING: C:\Users\steve\code\KillerPDF-Corpus\corpus\regression\arxiv-cc-2025-01-08-to-14-final\2501.05762v1.pdf: shared object 113 length mismatch: hint table = 62; computed = 89 WARNING: C:\Users\steve\code\KillerPDF-Corpus\corpus\regression\arxiv-cc-2025-01-08-to-14-final\2501.05762v1.pdf: shared object 114 length mismatch: hint table = 89; computed = 106 WARNING: C:\Users\steve\code\KillerPDF-Corpus\corpus\regression\arxiv-cc-2025-01-08-to-14-final\2501.05762v1.pdf: shared object 115 length mismatch: hint table = 106; computed = 10727 WARNING: C:\Users\steve\code\KillerPDF-Corpus\corpus\regression\arxiv-cc-2025-01-08-to-14-final\2501.05762v1.pdf: shared object 116 length mismatch: hint table = 10727; computed = 1843 WARNING: C:\Users\steve\code\KillerPDF-Corpus\corpus\regression\arxiv-cc-2025-01-08-to-14-final\2501.05762v1.pdf: first shared object number mismatch: hint table = 197; computed = 249 WARNING: C:\Users\steve\code\KillerPDF-Corpus\corpus\regression\arxiv-cc-2025-01-08-to-14-final\2501.05762v1.pdf: first page object offset mismatch WARNING: C:\Users\steve\code\KillerPDF-Corpus\corpus\regression\arxiv-cc-2025-01-08-to-14-final\2501.05762v1.pdf: object count mismatch for page 0: hint table = 117; computed = 116 WARNING: C:\Users\steve\code\KillerPDF-Corpus\corpus\regression\arxiv-cc-2025-01-08-to-14-final\2501.05762v1.pdf: page length mismatch for page 0: hint table = 128458; computed length = 130265 (offset = 4722) WARNING: C:\Users\steve\code\KillerPDF-Corpus\corpus\regression\arxiv-cc-2025-01-08-to-14-final\2501.05762v1.pdf: page 0 has shared identifier entries WARNING: C:\Users\steve\code\KillerPDF-Corpus\corpus\regression\arxiv-cc-2025-01-08-to-14-final\2501.05762v1.pdf: page 0: shared object 720: in hint table but not computed list WARNING: C:\Users\steve\code\KillerPDF-Corpus\corpus\regression\arxiv-cc-2025-01-08-to-14-final\2501.05762v1.pdf: object count mismatch for page 1: hint table = 35; computed = 99 WARNING: C:\Users\steve\code\KillerPDF-Corpus\corpus\regression\arxiv-cc-2025-01-08-to-14-final\2501.05762v1.pdf: page 1: shared object 199: in hint table but not computed list WARNING: C:\Users\steve\code\KillerPDF-Corpus\corpus\regression\arxiv-cc-2025-01-08-to-14-final\2501.05762v1.pdf: page 1: shared object 200: in hint table but not computed list WARNING: C:\Users\steve\code\KillerPDF-Corpus\corpus\regression\arxiv-cc-2025-01-08-to-14-final\2501.05762v1.pdf: page 1: shared object 201: in hint table but not computed list WARNING: C:\Users\steve\code\KillerPDF-Corpus\corpus\regression\arxiv-cc-2025-01-08-to-14-final\2501.05762v1.pdf: page 1: shared object 202: in hint table but not computed list WARNING: C:\Users\steve\code\KillerPDF-Corpus\corpus\regression\arxiv-cc-2025-01-08-to-14-final\2501.05762v1.pdf: page 1: shared object 203: in hint table but not computed list WARNING: C:\Users\steve\code\KillerPDF-Corpus\corpus\regression\arxiv-cc-2025-01-08-to-14-final\2501.05762v1.pdf: page 1: shared object 204: in hint table but not computed list WARNING: C:\Users\steve\code\KillerPDF-Corpus\corpus\regression\arxiv-cc-2025-01-08-to-14-final\2501.05762v1.pdf: page 1: shared object 205: in hint table but not computed list WARNING: C:\Users\steve\code\KillerPDF-Corpus\corpus\regression\arxiv-cc-2025-01-08-to-14-final\2501.05762v1.pdf: page 1: shared object 206: in hint table but not computed list WARNING: C:\Users\steve\code\KillerPDF-Corpus\corpus\regression\arxiv-cc-2025-01-08-to-14-final\2501.05762v1.pdf: page 1: shared object 207: in hint table but not computed list WARNING: C:\Users\steve\code\KillerPDF-Corpus\corpus\regression\arxiv-cc-2025-01-08-to-14-final\2501.05762v1.pdf: page 1: shared object 208: in hint table but not computed list WARNING: C:\Users\steve\code\KillerPDF-Corpus\corpus\regression\arxiv-cc-2025-01-08-to-14-final\2501.05762v1.pdf: page 1: shared object 209: in hint table but not computed list WARNING: C:\Users\steve\code\KillerPDF-Corpus\corpus\regression\arxiv-cc-2025-01-08-to-14-final\2501.05762v1.pdf: page 1: shared object 210: in hint table but not computed list WARNING: C:\Users\steve\code\KillerPDF-Corpus\corpus\regression\arxiv-cc-2025-01-08-to-14-final\2501.05762v1.pdf: page 1: shared object 211: in hint table but not computed list WARNING: C:\Users\steve\code\KillerPDF-Corpus\corpus\regression\arxiv-cc-2025-01-08-to-14-final\2501.05762v1.pdf: page 1: shared object 212: in hint table but not computed list WARNING: C:\Users\steve\code\KillerPDF-Corpus\corpus\regression\arxiv-cc-2025-01-08-to-14-final\2501.05762v1.pdf: page 1: shared object 213: in hint table but not computed list WARNING: C:\Users\steve\code\KillerPDF-Corpus\corpus\regression\arxiv-cc-2025-01-08-to-14-final\2501.05762v1.pdf: page 1: shared object 214: in hint table but not computed list WARNING: C:\Users\steve\code\KillerPDF-Corpus\corpus\regression\arxiv-cc-2025-01-08-to-14-final\2501.05762v1.pdf: page 1: shared object 215: in hint table but not computed list WARNING: C:\Users\steve\code\KillerPDF-Corpus\corpus\regression\arxiv-cc-2025-01-08-to-14-final\2501.05762v1.pdf: page 1: shared object 216: in hint table but not computed list WARNING: C:\Users\steve\code\KillerPDF-Corpus\corpus\regression\arxiv-cc-2025-01-08-to-14-final\2501.05762v1.pdf: page 1: shared object 217: in hint table but not computed list WARNING: C:\Users\steve\code\KillerPDF-Corpus\corpus\regression\arxiv-cc-2025-01-08-to-14-final\2501.05762v1.pdf: page 1: shared object 218: in hint table but not computed list WARNING: C:\Users\steve\code\KillerPDF-Corpus\corpus\regression\arxiv-cc-2025-01-08-to-14-final\2501.05762v1.pdf: page 1: shared object 219: in hint table but not computed list WARNING: C:\Users\steve\code\KillerPDF-Corpus\corpus\regression\arxiv-cc-2025-01-08-to-14-final\2501.05762v1.pdf: page 1: shared object 220: in hint table but not computed list WARNING: C:\Users\steve\code\KillerPDF-Corpus\corpus\regression\arxiv-cc-2025-01-08-to-14-final\2501.05762v1.pdf: page 1: shared object 221: in hint table but not computed list WARNING: C:\Users\steve\code\KillerPDF-Corpus\corpus\regression\arxiv-cc-2025-01-08-to-14-final\2501.05762v1.pdf: page 1: shared object 222: in hint table but not computed list WARNING: C:\Users\steve\code\KillerPDF-Corpus\corpus\regression\arxiv-cc-2025-01-08-to-14-final\2501.05762v1.pdf: page 1: shared object 223: in hint table but not computed list WARNING: C:\Users\steve\code\KillerPDF-Corpus\corpus\regression\arxiv-cc-2025-01-08-to-14-final\2501.05762v1.pdf: page 1: shared object 224: in hint table but not computed list WARNING: C:\Users\steve\code\KillerPDF-Corpus\corpus\regression\arxiv-cc-2025-01-08-to-14-final\2501.05762v1.pdf: page 1: shared object 225: in hint table but not computed list WARNING: C:\Users\steve\code\KillerPDF-Corpus\corpus\regression\arxiv-cc-2025-01-08-to-14-final\2501.05762v1.pdf: page 1: shared object 226: in hint table but not computed list WARNING: C:\Users\steve\code\KillerPDF-Corpus\corpus\regression\arxiv-cc-2025-01-08-to-14-final\2501.05762v1.pdf: page 1: shared object 227: in hint table but not computed list WARNING: C:\Users\steve\code\KillerPDF-Corpus\corpus\regression\arxiv-cc-2025-01-08-to-14-final\2501.05762v1.pdf: page 1: shared object 228: in hint table but not computed list WARNING: C:\Users\steve\code\KillerPDF-Corpus\corpus\regression\arxiv-cc-2025-01-08-to-14-final\2501.05762v1.pdf: page 1: shared object 229: in hint table but not computed list WARNING: C:\Users\steve\code\KillerPDF-Corpus\corpus\regression\arxiv-cc-2025-01-08-to-14-final\2501.05762v1.pdf: page 1: shared object 230: in hint table but not computed list WARNING: C:\Users\steve\code\KillerPDF-Corpus\corpus\regression\arxiv-cc-2025-01-08-to-14-final\2501.05762v1.pdf: page 1: shared object 231: in hint table but not computed list WARNING: C:\Users\steve\code\KillerPDF-Corpus\corpus\regression\arxiv-cc-2025-01-08-to-14-final\2501.05762v1.pdf: page 1: shared object 232: in hint table but not computed list WARNING: C:\Users\steve\code\KillerPDF-Corpus\corpus\regression\arxiv-cc-2025-01-08-to-14-final\2501.05762v1.pdf: page 1: shared object 233: in hint table but not computed list WARNING: C:\Users\steve\code\KillerPDF-Corpus\corpus\regression\arxiv-cc-2025-01-08-to-14-final\2501.05762v1.pdf: page 1: shared object 234: in hint table but not computed list WARNING: C:\Users\steve\code\KillerPDF-Corpus\corpus\regression\arxiv-cc-2025-01-08-to-14-final\2501.05762v1.pdf: page 1: shared object 235: in hint table but not computed list WARNING: C:\Users\steve\code\KillerPDF-Corpus\corpus\regression\arxiv-cc-2025-01-08-to-14-final\2501.05762v1.pdf: page 1: shared object 236: in hint table but not computed list WARNING: C:\Users\steve\code\KillerPDF-Corpus\corpus\regression\arxiv-cc-2025-01-08-to-14-final\2501.05762v1.pdf: page 1: shared object 237: in hint table but not computed list WARNING: C:\Users\steve\code\KillerPDF-Corpus\corpus\regression\arxiv-cc-2025-01-08-to-14-final\2501.05762v1.pdf: page 1: shared object 238: in hint table but not computed list WARNING: C:\Users\steve\code\KillerPDF-Corpus\corpus\regression\arxiv-cc-2025-01-08-to-14-final\2501.05762v1.pdf: page 1: shared object 239: in hint table but not computed list WARNING: C:\Users\steve\code\KillerPDF-Corpus\corpus\regression\arxiv-cc-2025-01-08-to-14-final\2501.05762v1.pdf: page 1: shared object 240: in hint table but not computed list WARNING: C:\Users\steve\code\KillerPDF-Corpus\corpus\regression\arxiv-cc-2025-01-08-to-14-final\2501.05762v1.pdf: page 1: shared object 241: in hint table but not computed list WARNING: C:\Users\steve\code\KillerPDF-Corpus\corpus\regression\arxiv-cc-2025-01-08-to-14-final\2501.05762v1.pdf: page 1: shared object 242: in hint table but not computed list WARNING: C:\Users\steve\code\KillerPDF-Corpus\corpus\regression\arxiv-cc-2025-01-08-to-14-final\2501.05762v1.pdf: page 1: shared object 243: in hint table but not computed list WARNING: C:\Users\steve\code\KillerPDF-Corpus\corpus\regression\arxiv-cc-2025-01-08-to-14-final\2501.05762v1.pdf: page 1: shared object 244: in hint table but not computed list WARNING: C:\Users\steve\code\KillerPDF-Corpus\corpus\regression\arxiv-cc-2025-01-08-to-14-final\2501.05762v1.pdf: page 1: shared object 245: in hint table but not computed list WARNING: C:\Users\steve\code\KillerPDF-Corpus\corpus\regression\arxiv-cc-2025-01-08-to-14-final\2501.05762v1.pdf: page 1: shared object 246: in hint table but not computed list WARNING: C:\Users\steve\code\KillerPDF-Corpus\corpus\regression\arxiv-cc-2025-01-08-to-14-final\2501.05762v1.pdf: page 1: shared object 247: in hint table but not computed list WARNING: C:\Users\steve\code\KillerPDF-Corpus\corpus\regression\arxiv-cc-2025-01-08-to-14-final\2501.05762v1.pdf: page 1: shared object 248: in hint table but not computed list WARNING: C:\Users\steve\code\KillerPDF-Corpus\corpus\regression\arxiv-cc-2025-01-08-to-14-final\2501.05762v1.pdf: page 1: shared object 250: in hint table but not computed list WARNING: C:\Users\steve\code\KillerPDF-Corpus\corpus\regression\arxiv-cc-2025-01-08-to-14-final\2501.05762v1.pdf: page 1: shared object 251: in hint table but not computed list WARNING: C:\Users\steve\code\KillerPDF-Corpus\corpus\regression\arxiv-cc-2025-01-08-to-14-final\2501.05762v1.pdf: page 1: shared object 252: in hint table but not computed list WARNING: C:\Users\steve\code\KillerPDF-Corpus\corpus\regression\arxiv-cc-2025-01-08-to-14-final\2501.05762v1.pdf: page 1: shared object 253: in hint table but not computed list WARNING: C:\Users\steve\code\KillerPDF-Corpus\corpus\regression\arxiv-cc-2025-01-08-to-14-final\2501.05762v1.pdf: page 1: shared object 254: in hint table but not computed list WARNING: C:\Users\steve\code\KillerPDF-Corpus\corpus\regression\arxiv-cc-2025-01-08-to-14-final\2501.05762v1.pdf: page 1: shared object 255: in hint table but not computed list WARNING: C:\Users\steve\code\KillerPDF-Corpus\corpus\regression\arxiv-cc-2025-01-08-to-14-final\2501.05762v1.pdf: page 1: shared object 263: in hint table but not computed list WARNING: C:\Users\steve\code\KillerPDF-Corpus\corpus\regression\arxiv-cc-2025-01-08-to-14-final\2501.05762v1.pdf: page 1: shared object 264: in hint table but not computed list WARNING: C:\Users\steve\code\KillerPDF-Corpus\corpus\regression\arxiv-cc-2025-01-08-to-14-final\2501.05762v1.pdf: page 1: shared object 265: in hint table but not computed list WARNING: C:\Users\steve\code\KillerPDF-Corpus\corpus\regression\arxiv-cc-2025-01-08-to-14-final\2501.05762v1.pdf: page 1: shared object 266: in hint table but not computed list WARNING: C:\Users\steve\code\KillerPDF-Corpus\corpus\regression\arxiv-cc-2025-01-08-to-14-final\2501.05762v1.pdf: page 1: shared object 267: in hint table but not computed list WARNING: C:\Users\steve\code\KillerPDF-Corpus\corpus\regression\arxiv-cc-2025-01-08-to-14-final\2501.05762v1.pdf: page 1: shared object 268: in hint table but not computed list WARNING: C:\Users\steve\code\KillerPDF-Corpus\corpus\regression\arxiv-cc-2025-01-08-to-14-final\2501.05762v1.pdf: page 1: shared object 269: in hint table but not computed list WARNING: C:\Users\steve\code\KillerPDF-Corpus\corpus\regression\arxiv-cc-2025-01-08-to-14-final\2501.05762v1.pdf: page 1: shared object 270: in hint table but not computed list WARNING: C:\Users\steve\code\KillerPDF-Corpus\corpus\regression\arxiv-cc-2025-01-08-to-14-final\2501.05762v1.pdf: page 1: shared object 796: in hint table but not computed list WARNING: C:\Users\steve\code\KillerPDF-Corpus\corpus\regression\arxiv-cc-2025-01-08-to-14-final\2501.05762v1.pdf: page 1: shared object 807: in hint table but not computed list WARNING: C:\Users\steve\code\KillerPDF-Corpus\corpus\regression\arxiv-cc-2025-01-08-to-14-final\2501.05762v1.pdf: page 1: shared object 814: in hint table but not computed list WARNING: C:\Users\steve\code\KillerPDF-Corpus\corpus\regression\arxiv-cc-2025-01-08-to-14-final\2501.05762v1.pdf: page 1: shared object 820: in hint table but not computed list WARNING: C:\Users\steve\code\KillerPDF-Corpus\corpus\regression\arxiv-cc-2025-01-08-to-14-final\2501.05762v1.pdf: page 1: shared object 784: in computed list but not hint table WARNING: C:\Users\steve\code\KillerPDF-Corpus\corpus\regression\arxiv-cc-2025-01-08-to-14-final\2501.05762v1.pdf: page 1: shared object 802: in computed list but not hint table WARNING: C:\Users\steve\code\KillerPDF-Corpus\corpus\regression\arxiv-cc-2025-01-08-to-14-final\2501.05762v1.pdf: page 1: shared object 810: in computed list but not hint table WARNING: C:\Users\steve\code\KillerPDF-Corpus\corpus\regression\arxiv-cc-2025-01-08-to-14-final\2501.05762v1.pdf: page 1: shared object 816: in computed list but not hint table WARNING: C:\Users\steve\code\KillerPDF-Corpus\corpus\regression\arxiv-cc-2025-01-08-to-14-final\2501.05762v1.pdf: object count mismatch for page 2: hint table = 15; computed = 37 WARNING: C:\Users\steve\code\KillerPDF-Corpus\corpus\regression\arxiv-cc-2025-01-08-to-14-final\2501.05762v1.pdf: page 2: shared object 290: in hint table but not computed list WARNING: C:\Users\steve\code\KillerPDF-Corpus\corpus\regression\arxiv-cc-2025-01-08-to-14-final\2501.05762v1.pdf: page 2: shared object 291: in hint table but not computed list WARNING: C:\Users\steve\code\KillerPDF-Corpus\corpus\regression\arxiv-cc-2025-01-08-to-14-final\2501.05762v1.pdf: page 2: shared object 292: in hint table but not computed list WARNING: C:\Users\steve\code\KillerPDF-Corpus\corpus\regression\arxiv-cc-2025-01-08-to-14-final\2501.05762v1.pdf: page 2: shared object 293: in hint table but not computed list WARNING: C:\Users\steve\code\KillerPDF-Corpus\corpus\regression\arxiv-cc-2025-01-08-to-14-final\2501.05762v1.pdf: page 2: shared object 294: in hint table but not computed list WARNING: C:\Users\steve\code\KillerPDF-Corpus\corpus\regression\arxiv-cc-2025-01-08-to-14-final\2501.05762v1.pdf: page 2: shared object 295: in hint table but not computed list WARNING: C:\Users\steve\code\KillerPDF-Corpus\corpus\regression\arxiv-cc-2025-01-08-to-14-final\2501.05762v1.pdf: page 2: shared object 296: in hint table but not computed list WARNING: C:\Users\steve\code\KillerPDF-Corpus\corpus\regression\arxiv-cc-2025-01-08-to-14-final\2501.05762v1.pdf: page 2: shared object 297: in hint table but not computed list WARNING: C:\Users\steve\code\KillerPDF-Corpus\corpus\regression\arxiv-cc-2025-01-08-to-14-final\2501.05762v1.pdf: page 2: shared object 298: in hint table but not computed list WARNING: C:\Users\steve\code\KillerPDF-Corpus\corpus\regression\arxiv-cc-2025-01-08-to-14-final\2501.05762v1.pdf: page 2: shared object 299: in hint table but not computed list WARNING: C:\Users\steve\code\KillerPDF-Corpus\corpus\regression\arxiv-cc-2025-01-08-to-14-final\2501.05762v1.pdf: page 2: shared object 300: in hint table but not computed list WARNING: C:\Users\steve\code\KillerPDF-Corpus\corpus\regression\arxiv-cc-2025-01-08-to-14-final\2501.05762v1.pdf: page 2: shared object 301: in hint table but not computed list WARNING: C:\Users\steve\code\KillerPDF-Corpus\corpus\regression\arxiv-cc-2025-01-08-to-14-final\2501.05762v1.pdf: page 2: shared object 302: in hint table but not computed list WARNING: C:\Users\steve\code\KillerPDF-Corpus\corpus\regression\arxiv-cc-2025-01-08-to-14-final\2501.05762v1.pdf: page 2: shared object 303: in hint table but not computed list WARNING: C:\Users\steve\code\KillerPDF-Corpus\corpus\regression\arxiv-cc-2025-01-08-to-14-final\2501.05762v1.pdf: page 2: shared object 304: in hint table but not computed list WARNING: C:\Users\steve\code\KillerPDF-Corpus\corpus\regression\arxiv-cc-2025-01-08-to-14-final\2501.05762v1.pdf: page 2: shared object 305: in hint table but not computed list WARNING: C:\Users\steve\code\KillerPDF-Corpus\corpus\regression\arxiv-cc-2025-01-08-to-14-final\2501.05762v1.pdf: page 2: shared object 306: in hint table but not computed list WARNING: C:\Users\steve\code\KillerPDF-Corpus\corpus\regression\arxiv-cc-2025-01-08-to-14-final\2501.05762v1.pdf: page 2: shared object 307: in hint table but not computed list WARNING: C:\Users\steve\code\KillerPDF-Corpus\corpus\regression\arxiv-cc-2025-01-08-to-14-final\2501.05762v1.pdf: page 2: shared object 308: in hint table but not computed list WARNING: C:\Users\steve\code\KillerPDF-Corpus\corpus\regression\arxiv-cc-2025-01-08-to-14-final\2501.05762v1.pdf: page 2: shared object 309: in hint table but not computed list WARNING: C:\Users\steve\code\KillerPDF-Corpus\corpus\regression\arxiv-cc-2025-01-08-to-14-final\2501.05762v1.pdf: page 2: shared object 311: in hint table but not computed list WARNING: C:\Users\steve\code\KillerPDF-Corpus\corpus\regression\arxiv-cc-2025-01-08-to-14-final\2501.05762v1.pdf: page 2: shared object 312: in hint table but not computed list WARNING: C:\Users\steve\code\KillerPDF-Corpus\corpus\regression\arxiv-cc-2025-01-08-to-14-final\2501.05762v1.pdf: page 2: shared object 799: in hint table but not computed list WARNING: C:\Users\steve\code\KillerPDF-Corpus\corpus\regression\arxiv-cc-2025-01-08-to-14-final\2501.05762v1.pdf: page 2: shared object 807: in hint table but not computed list WARNING: C:\Users\steve\code\KillerPDF-Corpus\corpus\regression\arxiv-cc-2025-01-08-to-14-final\2501.05762v1.pdf: page 2: shared object 820: in hint table but not computed list WARNING: C:\Users\steve\code\KillerPDF-Corpus\corpus\regression\arxiv-cc-2025-01-08-to-14-final\2501.05762v1.pdf: page 2: shared object 782: in computed list but not hint table WARNING: C:\Users\steve\code\KillerPDF-Corpus\corpus\regression\arxiv-cc-2025-01-08-to-14-final\2501.05762v1.pdf: page 2: shared object 802: in computed list but not hint table WARNING: C:\Users\steve\code\KillerPDF-Corpus\corpus\regression\arxiv-cc-2025-01-08-to-14-final\2501.05762v1.pdf: page 2: shared object 816: in computed list but not hint table WARNING: C:\Users\steve\code\KillerPDF-Corpus\corpus\regression\arxiv-cc-2025-01-08-to-14-final\2501.05762v1.pdf: object count mismatch for page 3: hint table = 6; computed = 12 WARNING: C:\Users\steve\code\KillerPDF-Corpus\corpus\regression\arxiv-cc-2025-01-08-to-14-final\2501.05762v1.pdf: page 3: shared object 318: in hint table but not computed list WARNING: C:\Users\steve\code\KillerPDF-Corpus\corpus\regression\arxiv-cc-2025-01-08-to-14-final\2501.05762v1.pdf: page 3: shared object 319: in hint table but not computed list WARNING: C:\Users\steve\code\KillerPDF-Corpus\corpus\regression\arxiv-cc-2025-01-08-to-14-final\2501.05762v1.pdf: page 3: shared object 320: in hint table but not computed list WARNING: C:\Users\steve\code\KillerPDF-Corpus\corpus\regression\arxiv-cc-2025-01-08-to-14-final\2501.05762v1.pdf: page 3: shared object 321: in hint table but not computed list WARNING: C:\Users\steve\code\KillerPDF-Corpus\corpus\regression\arxiv-cc-2025-01-08-to-14-final\2501.05762v1.pdf: page 3: shared object 322: in hint table but not computed list WARNING: C:\Users\steve\code\KillerPDF-Corpus\corpus\regression\arxiv-cc-2025-01-08-to-14-final\2501.05762v1.pdf: page 3: shared object 324: in hint table but not computed list WARNING: C:\Users\steve\code\KillerPDF-Corpus\corpus\regression\arxiv-cc-2025-01-08-to-14-final\2501.05762v1.pdf: page 3: shared object 785: in hint table but not computed list WARNING: C:\Users\steve\code\KillerPDF-Corpus\corpus\regression\arxiv-cc-2025-01-08-to-14-final\2501.05762v1.pdf: page 3: shared object 794: in hint table but not computed list WARNING: C:\Users\steve\code\KillerPDF-Corpus\corpus\regression\arxiv-cc-2025-01-08-to-14-final\2501.05762v1.pdf: page 3: shared object 799: in hint table but not computed list WARNING: C:\Users\steve\code\KillerPDF-Corpus\corpus\regression\arxiv-cc-2025-01-08-to-14-final\2501.05762v1.pdf: page 3: shared object 807: in hint table but not computed list WARNING: C:\Users\steve\code\KillerPDF-Corpus\corpus\regression\arxiv-cc-2025-01-08-to-14-final\2501.05762v1.pdf: page 3: shared object 818: in hint table but not computed list WARNING: C:\Users\steve\code\KillerPDF-Corpus\corpus\regression\arxiv-cc-2025-01-08-to-14-final\2501.05762v1.pdf: page 3: shared object 782: in computed list but not hint table WARNING: C:\Users\steve\code\KillerPDF-Corpus\corpus\regression\arxiv-cc-2025-01-08-to-14-final\2501.05762v1.pdf: page 3: shared object 787: in computed list but not hint table WARNING: C:\Users\steve\code\KillerPDF-Corpus\corpus\regression\arxiv-cc-2025-01-08-to-14-final\2501.05762v1.pdf: page 3: shared object 796: in computed list but not hint table WARNING: C:\Users\steve\code\KillerPDF-Corpus\corpus\regression\arxiv-cc-2025-01-08-to-14-final\2501.05762v1.pdf: page 3: shared object 802: in computed list but not hint table WARNING: C:\Users\steve\code\KillerPDF-Corpus\corpus\regression\arxiv-cc-2025-01-08-to-14-final\2501.05762v1.pdf: page 3: shared object 816: in computed list but not hint table WARNING: C:\Users\steve\code\KillerPDF-Corpus\corpus\regression\arxiv-cc-2025-01-08-to-14-final\2501.05762v1.pdf: object count mismatch for page 4: hint table = 19; computed = 49 WARNING: C:\Users\steve\code\KillerPDF-Corpus\corpus\regression\arxiv-cc-2025-01-08-to-14-final\2501.05762v1.pdf: page 4: shared object 329: in hint table but not computed list WARNING: C:\Users\steve\code\KillerPDF-Corpus\corpus\regression\arxiv-cc-2025-01-08-to-14-final\2501.05762v1.pdf: page 4: shared object 330: in hint table but not computed list WARNING: C:\Users\steve\code\KillerPDF-Corpus\corpus\regression\arxiv-cc-2025-01-08-to-14-final\2501.05762v1.pdf: page 4: shared object 331: in hint table but not computed list WARNING: C:\Users\steve\code\KillerPDF-Corpus\corpus\regression\arxiv-cc-2025-01-08-to-14-final\2501.05762v1.pdf: page 4: shared object 332: in hint table but not computed list WARNING: C:\Users\steve\code\KillerPDF-Corpus\corpus\regression\arxiv-cc-2025-01-08-to-14-final\2501.05762v1.pdf: page 4: shared object 333: in hint table but not computed list WARNING: C:\Users\steve\code\KillerPDF-Corpus\corpus\regression\arxiv-cc-2025-01-08-to-14-final\2501.05762v1.pdf: page 4: shared object 334: in hint table but not computed list WARNING: C:\Users\steve\code\KillerPDF-Corpus\corpus\regression\arxiv-cc-2025-01-08-to-14-final\2501.05762v1.pdf: page 4: shared object 335: in hint table but not computed list WARNING: C:\Users\steve\code\KillerPDF-Corpus\corpus\regression\arxiv-cc-2025-01-08-to-14-final\2501.05762v1.pdf: page 4: shared object 336: in hint table but not computed list WARNING: C:\Users\steve\code\KillerPDF-Corpus\corpus\regression\arxiv-cc-2025-01-08-to-14-final\2501.05762v1.pdf: page 4: shared object 337: in hint table but not computed list WARNING: C:\Users\steve\code\KillerPDF-Corpus\corpus\regression\arxiv-cc-2025-01-08-to-14-final\2501.05762v1.pdf: page 4: shared object 338: in hint table but not computed list WARNING: C:\Users\steve\code\KillerPDF-Corpus\corpus\regression\arxiv-cc-2025-01-08-to-14-final\2501.05762v1.pdf: page 4: shared object 339: in hint table but not computed list WARNING: C:\Users\steve\code\KillerPDF-Corpus\corpus\regression\arxiv-cc-2025-01-08-to-14-final\2501.05762v1.pdf: page 4: shared object 340: in hint table but not computed list WARNING: C:\Users\steve\code\KillerPDF-Corpus\corpus\regression\arxiv-cc-2025-01-08-to-14-final\2501.05762v1.pdf: page 4: shared object 341: in hint table but not computed list WARNING: C:\Users\steve\code\KillerPDF-Corpus\corpus\regression\arxiv-cc-2025-01-08-to-14-final\2501.05762v1.pdf: page 4: shared object 342: in hint table but not computed list WARNING: C:\Users\steve\code\KillerPDF-Corpus\corpus\regression\arxiv-cc-2025-01-08-to-14-final\2501.05762v1.pdf: page 4: shared object 343: in hint table but not computed list WARNING: C:\Users\steve\code\KillerPDF-Corpus\corpus\regression\arxiv-cc-2025-01-08-to-14-final\2501.05762v1.pdf: page 4: shared object 344: in hint table but not computed list WARNING: C:\Users\steve\code\KillerPDF-Corpus\corpus\regression\arxiv-cc-2025-01-08-to-14-final\2501.05762v1.pdf: page 4: shared object 345: in hint table but not computed list WARNING: C:\Users\steve\code\KillerPDF-Corpus\corpus\regression\arxiv-cc-2025-01-08-to-14-final\2501.05762v1.pdf: page 4: shared object 346: in hint table but not computed list WARNING: C:\Users\steve\code\KillerPDF-Corpus\corpus\regression\arxiv-cc-2025-01-08-to-14-final\2501.05762v1.pdf: page 4: shared object 347: in hint table but not computed list WARNING: C:\Users\steve\code\KillerPDF-Corpus\corpus\regression\arxiv-cc-2025-01-08-to-14-final\2501.05762v1.pdf: page 4: shared object 348: in hint table but not computed list WARNING: C:\Users\steve\code\KillerPDF-Corpus\corpus\regression\arxiv-cc-2025-01-08-to-14-final\2501.05762v1.pdf: page 4: shared object 349: in hint table but not computed list WARNING: C:\Users\steve\code\KillerPDF-Corpus\corpus\regression\arxiv-cc-2025-01-08-to-14-final\2501.05762v1.pdf: page 4: shared object 350: in hint table but not computed list WARNING: C:\Users\steve\code\KillerPDF-Corpus\corpus\regression\arxiv-cc-2025-01-08-to-14-final\2501.05762v1.pdf: page 4: shared object 351: in hint table but not computed list WARNING: C:\Users\steve\code\KillerPDF-Corpus\corpus\regression\arxiv-cc-2025-01-08-to-14-final\2501.05762v1.pdf: page 4: shared object 352: in hint table but not computed list WARNING: C:\Users\steve\code\KillerPDF-Corpus\corpus\regression\arxiv-cc-2025-01-08-to-14-final\2501.05762v1.pdf: page 4: shared object 353: in hint table but not computed list WARNING: C:\Users\steve\code\KillerPDF-Corpus\corpus\regression\arxiv-cc-2025-01-08-to-14-final\2501.05762v1.pdf: page 4: shared object 354: in hint table but not computed list WARNING: C:\Users\steve\code\KillerPDF-Corpus\corpus\regression\arxiv-cc-2025-01-08-to-14-final\2501.05762v1.pdf: page 4: shared object 355: in hint table but not computed list WARNING: C:\Users\steve\code\KillerPDF-Corpus\corpus\regression\arxiv-cc-2025-01-08-to-14-final\2501.05762v1.pdf: page 4: shared object 356: in hint table but not computed list WARNING: C:\Users\steve\code\KillerPDF-Corpus\corpus\regression\arxiv-cc-2025-01-08-to-14-final\2501.05762v1.pdf: page 4: shared object 357: in hint table but not computed list WARNING: C:\Users\steve\code\KillerPDF-Corpus\corpus\regression\arxiv-cc-2025-01-08-to-14-final\2501.05762v1.pdf: page 4: shared object 358: in hint table but not computed list WARNING: C:\Users\steve\code\KillerPDF-Corpus\corpus\regression\arxiv-cc-2025-01-08-to-14-final\2501.05762v1.pdf: page 4: shared object 785: in hint table but not computed list WARNING: C:\Users\steve\code\KillerPDF-Corpus\corpus\regression\arxiv-cc-2025-01-08-to-14-final\2501.05762v1.pdf: page 4: shared object 794: in hint table but not computed list WARNING: C:\Users\steve\code\KillerPDF-Corpus\corpus\regression\arxiv-cc-2025-01-08-to-14-final\2501.05762v1.pdf: page 4: shared object 799: in hint table but not computed list WARNING: C:\Users\steve\code\KillerPDF-Corpus\corpus\regression\arxiv-cc-2025-01-08-to-14-final\2501.05762v1.pdf: page 4: shared object 807: in hint table but not computed list WARNING: C:\Users\steve\code\KillerPDF-Corpus\corpus\regression\arxiv-cc-2025-01-08-to-14-final\2501.05762v1.pdf: page 4: shared object 814: in hint table but not computed list WARNING: C:\Users\steve\code\KillerPDF-Corpus\corpus\regression\arxiv-cc-2025-01-08-to-14-final\2501.05762v1.pdf: page 4: shared object 818: in hint table but not computed list WARNING: C:\Users\steve\code\KillerPDF-Corpus\corpus\regression\arxiv-cc-2025-01-08-to-14-final\2501.05762v1.pdf: page 4: shared object 820: in hint table but not computed list WARNING: C:\Users\steve\code\KillerPDF-Corpus\corpus\regression\arxiv-cc-2025-01-08-to-14-final\2501.05762v1.pdf: page 4: shared object 782: in computed list but not hint table WARNING: C:\Users\steve\code\KillerPDF-Corpus\corpus\regression\arxiv-cc-2025-01-08-to-14-final\2501.05762v1.pdf: page 4: shared object 786: in computed list but not hint table WARNING: C:\Users\steve\code\KillerPDF-Corpus\corpus\regression\arxiv-cc-2025-01-08-to-14-final\2501.05762v1.pdf: page 4: shared object 795: in computed list but not hint table WARNING: C:\Users\steve\code\KillerPDF-Corpus\corpus\regression\arxiv-cc-2025-01-08-to-14-final\2501.05762v1.pdf: page 4: shared object 802: in computed list but not hint table WARNING: C:\Users\steve\code\KillerPDF-Corpus\corpus\regression\arxiv-cc-2025-01-08-to-14-final\2501.05762v1.pdf: page 4: shared object 810: in computed list but not hint table WARNING: C:\Users\steve\code\KillerPDF-Corpus\corpus\regression\arxiv-cc-2025-01-08-to-14-final\2501.05762v1.pdf: page 4: shared object 816: in computed list but not hint table WARNING: C:\Users\steve\code\KillerPDF-Corpus\corpus\regression\arxiv-cc-2025-01-08-to-14-final\2501.05762v1.pdf: page 4: shared object 819: in computed list but not hint table WARNING: C:\Users\steve\code\KillerPDF-Corpus\corpus\regression\arxiv-cc-2025-01-08-to-14-final\2501.05762v1.pdf: object count mismatch for page 5: hint table = 11; computed = 23 WARNING: C:\Users\steve\code\KillerPDF-Corpus\corpus\regression\arxiv-cc-2025-01-08-to-14-final\2501.05762v1.pdf: page 5: shared object 359: in hint table but not computed list WARNING: C:\Users\steve\code\KillerPDF-Corpus\corpus\regression\arxiv-cc-2025-01-08-to-14-final\2501.05762v1.pdf: page 5: shared object 360: in hint table but not computed list WARNING: C:\Users\steve\code\KillerPDF-Corpus\corpus\regression\arxiv-cc-2025-01-08-to-14-final\2501.05762v1.pdf: page 5: shared object 361: in hint table but not computed list WARNING: C:\Users\steve\code\KillerPDF-Corpus\corpus\regression\arxiv-cc-2025-01-08-to-14-final\2501.05762v1.pdf: page 5: shared object 362: in hint table but not computed list WARNING: C:\Users\steve\code\KillerPDF-Corpus\corpus\regression\arxiv-cc-2025-01-08-to-14-final\2501.05762v1.pdf: page 5: shared object 363: in hint table but not computed list WARNING: C:\Users\steve\code\KillerPDF-Corpus\corpus\regression\arxiv-cc-2025-01-08-to-14-final\2501.05762v1.pdf: page 5: shared object 364: in hint table but not computed list WARNING: C:\Users\steve\code\KillerPDF-Corpus\corpus\regression\arxiv-cc-2025-01-08-to-14-final\2501.05762v1.pdf: page 5: shared object 365: in hint table but not computed list WARNING: C:\Users\steve\code\KillerPDF-Corpus\corpus\regression\arxiv-cc-2025-01-08-to-14-final\2501.05762v1.pdf: page 5: shared object 366: in hint table but not computed list WARNING: C:\Users\steve\code\KillerPDF-Corpus\corpus\regression\arxiv-cc-2025-01-08-to-14-final\2501.05762v1.pdf: page 5: shared object 367: in hint table but not computed list WARNING: C:\Users\steve\code\KillerPDF-Corpus\corpus\regression\arxiv-cc-2025-01-08-to-14-final\2501.05762v1.pdf: page 5: shared object 368: in hint table but not computed list WARNING: C:\Users\steve\code\KillerPDF-Corpus\corpus\regression\arxiv-cc-2025-01-08-to-14-final\2501.05762v1.pdf: page 5: shared object 369: in hint table but not computed list WARNING: C:\Users\steve\code\KillerPDF-Corpus\corpus\regression\arxiv-cc-2025-01-08-to-14-final\2501.05762v1.pdf: page 5: shared object 370: in hint table but not computed list WARNING: C:\Users\steve\code\KillerPDF-Corpus\corpus\regression\arxiv-cc-2025-01-08-to-14-final\2501.05762v1.pdf: page 5: shared object 785: in hint table but not computed list WARNING: C:\Users\steve\code\KillerPDF-Corpus\corpus\regression\arxiv-cc-2025-01-08-to-14-final\2501.05762v1.pdf: page 5: shared object 794: in hint table but not computed list WARNING: C:\Users\steve\code\KillerPDF-Corpus\corpus\regression\arxiv-cc-2025-01-08-to-14-final\2501.05762v1.pdf: page 5: shared object 799: in hint table but not computed list WARNING: C:\Users\steve\code\KillerPDF-Corpus\corpus\regression\arxiv-cc-2025-01-08-to-14-final\2501.05762v1.pdf: page 5: shared object 807: in hint table but not computed list WARNING: C:\Users\steve\code\KillerPDF-Corpus\corpus\regression\arxiv-cc-2025-01-08-to-14-final\2501.05762v1.pdf: page 5: shared object 818: in hint table but not computed list WARNING: C:\Users\steve\code\KillerPDF-Corpus\corpus\regression\arxiv-cc-2025-01-08-to-14-final\2501.05762v1.pdf: page 5: shared object 782: in computed list but not hint table WARNING: C:\Users\steve\code\KillerPDF-Corpus\corpus\regression\arxiv-cc-2025-01-08-to-14-final\2501.05762v1.pdf: page 5: shared object 787: in computed list but not hint table WARNING: C:\Users\steve\code\KillerPDF-Corpus\corpus\regression\arxiv-cc-2025-01-08-to-14-final\2501.05762v1.pdf: page 5: shared object 796: in computed list but not hint table WARNING: C:\Users\steve\code\KillerPDF-Corpus\corpus\regression\arxiv-cc-2025-01-08-to-14-final\2501.05762v1.pdf: page 5: shared object 802: in computed list but not hint table WARNING: C:\Users\steve\code\KillerPDF-Corpus\corpus\regression\arxiv-cc-2025-01-08-to-14-final\2501.05762v1.pdf: page 5: shared object 816: in computed list but not hint table WARNING: C:\Users\steve\code\KillerPDF-Corpus\corpus\regression\arxiv-cc-2025-01-08-to-14-final\2501.05762v1.pdf: object count mismatch for page 6: hint table = 14; computed = 34 WARNING: C:\Users\steve\code\KillerPDF-Corpus\corpus\regression\arxiv-cc-2025-01-08-to-14-final\2501.05762v1.pdf: page 6: shared object 371: in hint table but not computed list WARNING: C:\Users\steve\code\KillerPDF-Corpus\corpus\regression\arxiv-cc-2025-01-08-to-14-final\2501.05762v1.pdf: page 6: shared object 372: in hint table but not computed list WARNING: C:\Users\steve\code\KillerPDF-Corpus\corpus\regression\arxiv-cc-2025-01-08-to-14-final\2501.05762v1.pdf: page 6: shared object 373: in hint table but not computed list WARNING: C:\Users\steve\code\KillerPDF-Corpus\corpus\regression\arxiv-cc-2025-01-08-to-14-final\2501.05762v1.pdf: page 6: shared object 374: in hint table but not computed list WARNING: C:\Users\steve\code\KillerPDF-Corpus\corpus\regression\arxiv-cc-2025-01-08-to-14-final\2501.05762v1.pdf: page 6: shared object 375: in hint table but not computed list WARNING: C:\Users\steve\code\KillerPDF-Corpus\corpus\regression\arxiv-cc-2025-01-08-to-14-final\2501.05762v1.pdf: page 6: shared object 376: in hint table but not computed list WARNING: C:\Users\steve\code\KillerPDF-Corpus\corpus\regression\arxiv-cc-2025-01-08-to-14-final\2501.05762v1.pdf: page 6: shared object 377: in hint table but not computed list WARNING: C:\Users\steve\code\KillerPDF-Corpus\corpus\regression\arxiv-cc-2025-01-08-to-14-final\2501.05762v1.pdf: page 6: shared object 378: in hint table but not computed list WARNING: C:\Users\steve\code\KillerPDF-Corpus\corpus\regression\arxiv-cc-2025-01-08-to-14-final\2501.05762v1.pdf: page 6: shared object 379: in hint table but not computed list WARNING: C:\Users\steve\code\KillerPDF-Corpus\corpus\regression\arxiv-cc-2025-01-08-to-14-final\2501.05762v1.pdf: page 6: shared object 380: in hint table but not computed list WARNING: C:\Users\steve\code\KillerPDF-Corpus\corpus\regression\arxiv-cc-2025-01-08-to-14-final\2501.05762v1.pdf: page 6: shared object 381: in hint table but not computed list WARNING: C:\Users\steve\code\KillerPDF-Corpus\corpus\regression\arxiv-cc-2025-01-08-to-14-final\2501.05762v1.pdf: page 6: shared object 382: in hint table but not computed list WARNING: C:\Users\steve\code\KillerPDF-Corpus\corpus\regression\arxiv-cc-2025-01-08-to-14-final\2501.05762v1.pdf: page 6: shared object 383: in hint table but not computed list WARNING: C:\Users\steve\code\KillerPDF-Corpus\corpus\regression\arxiv-cc-2025-01-08-to-14-final\2501.05762v1.pdf: page 6: shared object 384: in hint table but not computed list WARNING: C:\Users\steve\code\KillerPDF-Corpus\corpus\regression\arxiv-cc-2025-01-08-to-14-final\2501.05762v1.pdf: page 6: shared object 385: in hint table but not computed list WARNING: C:\Users\steve\code\KillerPDF-Corpus\corpus\regression\arxiv-cc-2025-01-08-to-14-final\2501.05762v1.pdf: page 6: shared object 386: in hint table but not computed list WARNING: C:\Users\steve\code\KillerPDF-Corpus\corpus\regression\arxiv-cc-2025-01-08-to-14-final\2501.05762v1.pdf: page 6: shared object 387: in hint table but not computed list WARNING: C:\Users\steve\code\KillerPDF-Corpus\corpus\regression\arxiv-cc-2025-01-08-to-14-final\2501.05762v1.pdf: page 6: shared object 388: in hint table but not computed list WARNING: C:\Users\steve\code\KillerPDF-Corpus\corpus\regression\arxiv-cc-2025-01-08-to-14-final\2501.05762v1.pdf: page 6: shared object 389: in hint table but not computed list WARNING: C:\Users\steve\code\KillerPDF-Corpus\corpus\regression\arxiv-cc-2025-01-08-to-14-final\2501.05762v1.pdf: page 6: shared object 390: in hint table but not computed list WARNING: C:\Users\steve\code\KillerPDF-Corpus\corpus\regression\arxiv-cc-2025-01-08-to-14-final\2501.05762v1.pdf: page 6: shared object 785: in hint table but not computed list WARNING: C:\Users\steve\code\KillerPDF-Corpus\corpus\regression\arxiv-cc-2025-01-08-to-14-final\2501.05762v1.pdf: page 6: shared object 794: in hint table but not computed list WARNING: C:\Users\steve\code\KillerPDF-Corpus\corpus\regression\arxiv-cc-2025-01-08-to-14-final\2501.05762v1.pdf: page 6: shared object 799: in hint table but not computed list WARNING: C:\Users\steve\code\KillerPDF-Corpus\corpus\regression\arxiv-cc-2025-01-08-to-14-final\2501.05762v1.pdf: page 6: shared object 807: in hint table but not computed list WARNING: C:\Users\steve\code\KillerPDF-Corpus\corpus\regression\arxiv-cc-2025-01-08-to-14-final\2501.05762v1.pdf: page 6: shared object 818: in hint table but not computed list WARNING: C:\Users\steve\code\KillerPDF-Corpus\corpus\regression\arxiv-cc-2025-01-08-to-14-final\2501.05762v1.pdf: page 6: shared object 820: in hint table but not computed list WARNING: C:\Users\steve\code\KillerPDF-Corpus\corpus\regression\arxiv-cc-2025-01-08-to-14-final\2501.05762v1.pdf: page 6: shared object 782: in computed list but not hint table WARNING: C:\Users\steve\code\KillerPDF-Corpus\corpus\regression\arxiv-cc-2025-01-08-to-14-final\2501.05762v1.pdf: page 6: shared object 786: in computed list but not hint table WARNING: C:\Users\steve\code\KillerPDF-Corpus\corpus\regression\arxiv-cc-2025-01-08-to-14-final\2501.05762v1.pdf: page 6: shared object 795: in computed list but not hint table WARNING: C:\Users\steve\code\KillerPDF-Corpus\corpus\regression\arxiv-cc-2025-01-08-to-14-final\2501.05762v1.pdf: page 6: shared object 802: in computed list but not hint table WARNING: C:\Users\steve\code\KillerPDF-Corpus\corpus\regression\arxiv-cc-2025-01-08-to-14-final\2501.05762v1.pdf: page 6: shared object 816: in computed list but not hint table WARNING: C:\Users\steve\code\KillerPDF-Corpus\corpus\regression\arxiv-cc-2025-01-08-to-14-final\2501.05762v1.pdf: page 6: shared object 819: in computed list but not hint table WARNING: C:\Users\steve\code\KillerPDF-Corpus\corpus\regression\arxiv-cc-2025-01-08-to-14-final\2501.05762v1.pdf: page 7: shared object 785: in hint table but not computed list WARNING: C:\Users\steve\code\KillerPDF-Corpus\corpus\regression\arxiv-cc-2025-01-08-to-14-final\2501.05762v1.pdf: page 7: shared object 794: in hint table but not computed list WARNING: C:\Users\steve\code\KillerPDF-Corpus\corpus\regression\arxiv-cc-2025-01-08-to-14-final\2501.05762v1.pdf: page 7: shared object 799: in hint table but not computed list WARNING: C:\Users\steve\code\KillerPDF-Corpus\corpus\regression\arxiv-cc-2025-01-08-to-14-final\2501.05762v1.pdf: page 7: shared object 807: in hint table but not computed list WARNING: C:\Users\steve\code\KillerPDF-Corpus\corpus\regression\arxiv-cc-2025-01-08-to-14-final\2501.05762v1.pdf: page 7: shared object 818: in hint table but not computed list WARNING: C:\Users\steve\code\KillerPDF-Corpus\corpus\regression\arxiv-cc-2025-01-08-to-14-final\2501.05762v1.pdf: page 7: shared object 782: in computed list but not hint table WARNING: C:\Users\steve\code\KillerPDF-Corpus\corpus\regression\arxiv-cc-2025-01-08-to-14-final\2501.05762v1.pdf: page 7: shared object 787: in computed list but not hint table WARNING: C:\Users\steve\code\KillerPDF-Corpus\corpus\regression\arxiv-cc-2025-01-08-to-14-final\2501.05762v1.pdf: page 7: shared object 796: in computed list but not hint table WARNING: C:\Users\steve\code\KillerPDF-Corpus\corpus\regression\arxiv-cc-2025-01-08-to-14-final\2501.05762v1.pdf: page 7: shared object 802: in computed list but not hint table WARNING: C:\Users\steve\code\KillerPDF-Corpus\corpus\regression\arxiv-cc-2025-01-08-to-14-final\2501.05762v1.pdf: page 7: shared object 816: in computed list but not hint table WARNING: C:\Users\steve\code\KillerPDF-Corpus\corpus\regression\arxiv-cc-2025-01-08-to-14-final\2501.05762v1.pdf: object count mismatch for page 8: hint table = 28; computed = 73 WARNING: C:\Users\steve\code\KillerPDF-Corpus\corpus\regression\arxiv-cc-2025-01-08-to-14-final\2501.05762v1.pdf: page 8: shared object 391: in hint table but not computed list WARNING: C:\Users\steve\code\KillerPDF-Corpus\corpus\regression\arxiv-cc-2025-01-08-to-14-final\2501.05762v1.pdf: page 8: shared object 392: in hint table but not computed list WARNING: C:\Users\steve\code\KillerPDF-Corpus\corpus\regression\arxiv-cc-2025-01-08-to-14-final\2501.05762v1.pdf: page 8: shared object 393: in hint table but not computed list WARNING: C:\Users\steve\code\KillerPDF-Corpus\corpus\regression\arxiv-cc-2025-01-08-to-14-final\2501.05762v1.pdf: page 8: shared object 394: in hint table but not computed list WARNING: C:\Users\steve\code\KillerPDF-Corpus\corpus\regression\arxiv-cc-2025-01-08-to-14-final\2501.05762v1.pdf: page 8: shared object 395: in hint table but not computed list WARNING: C:\Users\steve\code\KillerPDF-Corpus\corpus\regression\arxiv-cc-2025-01-08-to-14-final\2501.05762v1.pdf: page 8: shared object 396: in hint table but not computed list WARNING: C:\Users\steve\code\KillerPDF-Corpus\corpus\regression\arxiv-cc-2025-01-08-to-14-final\2501.05762v1.pdf: page 8: shared object 397: in hint table but not computed list WARNING: C:\Users\steve\code\KillerPDF-Corpus\corpus\regression\arxiv-cc-2025-01-08-to-14-final\2501.05762v1.pdf: page 8: shared object 398: in hint table but not computed list WARNING: C:\Users\steve\code\KillerPDF-Corpus\corpus\regression\arxiv-cc-2025-01-08-to-14-final\2501.05762v1.pdf: page 8: shared object 399: in hint table but not computed list WARNING: C:\Users\steve\code\KillerPDF-Corpus\corpus\regression\arxiv-cc-2025-01-08-to-14-final\2501.05762v1.pdf: page 8: shared object 400: in hint table but not computed list WARNING: C:\Users\steve\code\KillerPDF-Corpus\corpus\regression\arxiv-cc-2025-01-08-to-14-final\2501.05762v1.pdf: page 8: shared object 401: in hint table but not computed list WARNING: C:\Users\steve\code\KillerPDF-Corpus\corpus\regression\arxiv-cc-2025-01-08-to-14-final\2501.05762v1.pdf: page 8: shared object 402: in hint table but not computed list WARNING: C:\Users\steve\code\KillerPDF-Corpus\corpus\regression\arxiv-cc-2025-01-08-to-14-final\2501.05762v1.pdf: page 8: shared object 403: in hint table but not computed list WARNING: C:\Users\steve\code\KillerPDF-Corpus\corpus\regression\arxiv-cc-2025-01-08-to-14-final\2501.05762v1.pdf: page 8: shared object 404: in hint table but not computed list WARNING: C:\Users\steve\code\KillerPDF-Corpus\corpus\regression\arxiv-cc-2025-01-08-to-14-final\2501.05762v1.pdf: page 8: shared object 405: in hint table but not computed list WARNING: C:\Users\steve\code\KillerPDF-Corpus\corpus\regression\arxiv-cc-2025-01-08-to-14-final\2501.05762v1.pdf: page 8: shared object 406: in hint table but not computed list WARNING: C:\Users\steve\code\KillerPDF-Corpus\corpus\regression\arxiv-cc-2025-01-08-to-14-final\2501.05762v1.pdf: page 8: shared object 407: in hint table but not computed list WARNING: C:\Users\steve\code\KillerPDF-Corpus\corpus\regression\arxiv-cc-2025-01-08-to-14-final\2501.05762v1.pdf: page 8: shared object 408: in hint table but not computed list WARNING: C:\Users\steve\code\KillerPDF-Corpus\corpus\regression\arxiv-cc-2025-01-08-to-14-final\2501.05762v1.pdf: page 8: shared object 409: in hint table but not computed list WARNING: C:\Users\steve\code\KillerPDF-Corpus\corpus\regression\arxiv-cc-2025-01-08-to-14-final\2501.05762v1.pdf: page 8: shared object 410: in hint table but not computed list WARNING: C:\Users\steve\code\KillerPDF-Corpus\corpus\regression\arxiv-cc-2025-01-08-to-14-final\2501.05762v1.pdf: page 8: shared object 411: in hint table but not computed list WARNING: C:\Users\steve\code\KillerPDF-Corpus\corpus\regression\arxiv-cc-2025-01-08-to-14-final\2501.05762v1.pdf: page 8: shared object 412: in hint table but not computed list WARNING: C:\Users\steve\code\KillerPDF-Corpus\corpus\regression\arxiv-cc-2025-01-08-to-14-final\2501.05762v1.pdf: page 8: shared object 413: in hint table but not computed list WARNING: C:\Users\steve\code\KillerPDF-Corpus\corpus\regression\arxiv-cc-2025-01-08-to-14-final\2501.05762v1.pdf: page 8: shared object 414: in hint table but not computed list WARNING: C:\Users\steve\code\KillerPDF-Corpus\corpus\regression\arxiv-cc-2025-01-08-to-14-final\2501.05762v1.pdf: page 8: shared object 415: in hint table but not computed list WARNING: C:\Users\steve\code\KillerPDF-Corpus\corpus\regression\arxiv-cc-2025-01-08-to-14-final\2501.05762v1.pdf: page 8: shared object 416: in hint table but not computed list WARNING: C:\Users\steve\code\KillerPDF-Corpus\corpus\regression\arxiv-cc-2025-01-08-to-14-final\2501.05762v1.pdf: page 8: shared object 417: in hint table but not computed list WARNING: C:\Users\steve\code\KillerPDF-Corpus\corpus\regression\arxiv-cc-2025-01-08-to-14-final\2501.05762v1.pdf: page 8: shared object 418: in hint table but not computed list WARNING: C:\Users\steve\code\KillerPDF-Corpus\corpus\regression\arxiv-cc-2025-01-08-to-14-final\2501.05762v1.pdf: page 8: shared object 419: in hint table but not computed list WARNING: C:\Users\steve\code\KillerPDF-Corpus\corpus\regression\arxiv-cc-2025-01-08-to-14-final\2501.05762v1.pdf: page 8: shared object 420: in hint table but not computed list WARNING: C:\Users\steve\code\KillerPDF-Corpus\corpus\regression\arxiv-cc-2025-01-08-to-14-final\2501.05762v1.pdf: page 8: shared object 421: in hint table but not computed list WARNING: C:\Users\steve\code\KillerPDF-Corpus\corpus\regression\arxiv-cc-2025-01-08-to-14-final\2501.05762v1.pdf: page 8: shared object 422: in hint table but not computed list WARNING: C:\Users\steve\code\KillerPDF-Corpus\corpus\regression\arxiv-cc-2025-01-08-to-14-final\2501.05762v1.pdf: page 8: shared object 423: in hint table but not computed list WARNING: C:\Users\steve\code\KillerPDF-Corpus\corpus\regression\arxiv-cc-2025-01-08-to-14-final\2501.05762v1.pdf: page 8: shared object 424: in hint table but not computed list WARNING: C:\Users\steve\code\KillerPDF-Corpus\corpus\regression\arxiv-cc-2025-01-08-to-14-final\2501.05762v1.pdf: page 8: shared object 425: in hint table but not computed list WARNING: C:\Users\steve\code\KillerPDF-Corpus\corpus\regression\arxiv-cc-2025-01-08-to-14-final\2501.05762v1.pdf: page 8: shared object 426: in hint table but not computed list WARNING: C:\Users\steve\code\KillerPDF-Corpus\corpus\regression\arxiv-cc-2025-01-08-to-14-final\2501.05762v1.pdf: page 8: shared object 427: in hint table but not computed list WARNING: C:\Users\steve\code\KillerPDF-Corpus\corpus\regression\arxiv-cc-2025-01-08-to-14-final\2501.05762v1.pdf: page 8: shared object 428: in hint table but not computed list WARNING: C:\Users\steve\code\KillerPDF-Corpus\corpus\regression\arxiv-cc-2025-01-08-to-14-final\2501.05762v1.pdf: page 8: shared object 429: in hint table but not computed list WARNING: C:\Users\steve\code\KillerPDF-Corpus\corpus\regression\arxiv-cc-2025-01-08-to-14-final\2501.05762v1.pdf: page 8: shared object 430: in hint table but not computed list WARNING: C:\Users\steve\code\KillerPDF-Corpus\corpus\regression\arxiv-cc-2025-01-08-to-14-final\2501.05762v1.pdf: page 8: shared object 431: in hint table but not computed list WARNING: C:\Users\steve\code\KillerPDF-Corpus\corpus\regression\arxiv-cc-2025-01-08-to-14-final\2501.05762v1.pdf: page 8: shared object 432: in hint table but not computed list WARNING: C:\Users\steve\code\KillerPDF-Corpus\corpus\regression\arxiv-cc-2025-01-08-to-14-final\2501.05762v1.pdf: page 8: shared object 433: in hint table but not computed list WARNING: C:\Users\steve\code\KillerPDF-Corpus\corpus\regression\arxiv-cc-2025-01-08-to-14-final\2501.05762v1.pdf: page 8: shared object 434: in hint table but not computed list WARNING: C:\Users\steve\code\KillerPDF-Corpus\corpus\regression\arxiv-cc-2025-01-08-to-14-final\2501.05762v1.pdf: page 8: shared object 435: in hint table but not computed list WARNING: C:\Users\steve\code\KillerPDF-Corpus\corpus\regression\arxiv-cc-2025-01-08-to-14-final\2501.05762v1.pdf: page 8: shared object 799: in hint table but not computed list WARNING: C:\Users\steve\code\KillerPDF-Corpus\corpus\regression\arxiv-cc-2025-01-08-to-14-final\2501.05762v1.pdf: page 8: shared object 807: in hint table but not computed list WARNING: C:\Users\steve\code\KillerPDF-Corpus\corpus\regression\arxiv-cc-2025-01-08-to-14-final\2501.05762v1.pdf: page 8: shared object 820: in hint table but not computed list WARNING: C:\Users\steve\code\KillerPDF-Corpus\corpus\regression\arxiv-cc-2025-01-08-to-14-final\2501.05762v1.pdf: page 8: shared object 782: in computed list but not hint table WARNING: C:\Users\steve\code\KillerPDF-Corpus\corpus\regression\arxiv-cc-2025-01-08-to-14-final\2501.05762v1.pdf: page 8: shared object 802: in computed list but not hint table WARNING: C:\Users\steve\code\KillerPDF-Corpus\corpus\regression\arxiv-cc-2025-01-08-to-14-final\2501.05762v1.pdf: page 8: shared object 816: in computed list but not hint table WARNING: C:\Users\steve\code\KillerPDF-Corpus\corpus\regression\arxiv-cc-2025-01-08-to-14-final\2501.05762v1.pdf: object count mismatch for page 9: hint table = 10; computed = 20 WARNING: C:\Users\steve\code\KillerPDF-Corpus\corpus\regression\arxiv-cc-2025-01-08-to-14-final\2501.05762v1.pdf: page 9: shared object 436: in hint table but not computed list WARNING: C:\Users\steve\code\KillerPDF-Corpus\corpus\regression\arxiv-cc-2025-01-08-to-14-final\2501.05762v1.pdf: page 9: shared object 437: in hint table but not computed list WARNING: C:\Users\steve\code\KillerPDF-Corpus\corpus\regression\arxiv-cc-2025-01-08-to-14-final\2501.05762v1.pdf: page 9: shared object 438: in hint table but not computed list WARNING: C:\Users\steve\code\KillerPDF-Corpus\corpus\regression\arxiv-cc-2025-01-08-to-14-final\2501.05762v1.pdf: page 9: shared object 439: in hint table but not computed list WARNING: C:\Users\steve\code\KillerPDF-Corpus\corpus\regression\arxiv-cc-2025-01-08-to-14-final\2501.05762v1.pdf: page 9: shared object 440: in hint table but not computed list WARNING: C:\Users\steve\code\KillerPDF-Corpus\corpus\regression\arxiv-cc-2025-01-08-to-14-final\2501.05762v1.pdf: page 9: shared object 441: in hint table but not computed list WARNING: C:\Users\steve\code\KillerPDF-Corpus\corpus\regression\arxiv-cc-2025-01-08-to-14-final\2501.05762v1.pdf: page 9: shared object 442: in hint table but not computed list WARNING: C:\Users\steve\code\KillerPDF-Corpus\corpus\regression\arxiv-cc-2025-01-08-to-14-final\2501.05762v1.pdf: page 9: shared object 443: in hint table but not computed list WARNING: C:\Users\steve\code\KillerPDF-Corpus\corpus\regression\arxiv-cc-2025-01-08-to-14-final\2501.05762v1.pdf: page 9: shared object 444: in hint table but not computed list WARNING: C:\Users\steve\code\KillerPDF-Corpus\corpus\regression\arxiv-cc-2025-01-08-to-14-final\2501.05762v1.pdf: page 9: shared object 445: in hint table but not computed list WARNING: C:\Users\steve\code\KillerPDF-Corpus\corpus\regression\arxiv-cc-2025-01-08-to-14-final\2501.05762v1.pdf: page 9: shared object 785: in hint table but not computed list WARNING: C:\Users\steve\code\KillerPDF-Corpus\corpus\regression\arxiv-cc-2025-01-08-to-14-final\2501.05762v1.pdf: page 9: shared object 794: in hint table but not computed list WARNING: C:\Users\steve\code\KillerPDF-Corpus\corpus\regression\arxiv-cc-2025-01-08-to-14-final\2501.05762v1.pdf: page 9: shared object 799: in hint table but not computed list WARNING: C:\Users\steve\code\KillerPDF-Corpus\corpus\regression\arxiv-cc-2025-01-08-to-14-final\2501.05762v1.pdf: page 9: shared object 818: in hint table but not computed list WARNING: C:\Users\steve\code\KillerPDF-Corpus\corpus\regression\arxiv-cc-2025-01-08-to-14-final\2501.05762v1.pdf: page 9: shared object 782: in computed list but not hint table WARNING: C:\Users\steve\code\KillerPDF-Corpus\corpus\regression\arxiv-cc-2025-01-08-to-14-final\2501.05762v1.pdf: page 9: shared object 787: in computed list but not hint table WARNING: C:\Users\steve\code\KillerPDF-Corpus\corpus\regression\arxiv-cc-2025-01-08-to-14-final\2501.05762v1.pdf: page 9: shared object 796: in computed list but not hint table WARNING: C:\Users\steve\code\KillerPDF-Corpus\corpus\regression\arxiv-cc-2025-01-08-to-14-final\2501.05762v1.pdf: page 9: shared object 816: in computed list but not hint table WARNING: C:\Users\steve\code\KillerPDF-Corpus\corpus\regression\arxiv-cc-2025-01-08-to-14-final\2501.05762v1.pdf: object count mismatch for page 10: hint table = 7; computed = 13 WARNING: C:\Users\steve\code\KillerPDF-Corpus\corpus\regression\arxiv-cc-2025-01-08-to-14-final\2501.05762v1.pdf: page 10: shared object 446: in hint table but not computed list WARNING: C:\Users\steve\code\KillerPDF-Corpus\corpus\regression\arxiv-cc-2025-01-08-to-14-final\2501.05762v1.pdf: page 10: shared object 447: in hint table but not computed list WARNING: C:\Users\steve\code\KillerPDF-Corpus\corpus\regression\arxiv-cc-2025-01-08-to-14-final\2501.05762v1.pdf: page 10: shared object 448: in hint table but not computed list WARNING: C:\Users\steve\code\KillerPDF-Corpus\corpus\regression\arxiv-cc-2025-01-08-to-14-final\2501.05762v1.pdf: page 10: shared object 449: in hint table but not computed list WARNING: C:\Users\steve\code\KillerPDF-Corpus\corpus\regression\arxiv-cc-2025-01-08-to-14-final\2501.05762v1.pdf: page 10: shared object 450: in hint table but not computed list WARNING: C:\Users\steve\code\KillerPDF-Corpus\corpus\regression\arxiv-cc-2025-01-08-to-14-final\2501.05762v1.pdf: page 10: shared object 451: in hint table but not computed list WARNING: C:\Users\steve\code\KillerPDF-Corpus\corpus\regression\arxiv-cc-2025-01-08-to-14-final\2501.05762v1.pdf: page 10: shared object 785: in hint table but not computed list WARNING: C:\Users\steve\code\KillerPDF-Corpus\corpus\regression\arxiv-cc-2025-01-08-to-14-final\2501.05762v1.pdf: page 10: shared object 794: in hint table but not computed list WARNING: C:\Users\steve\code\KillerPDF-Corpus\corpus\regression\arxiv-cc-2025-01-08-to-14-final\2501.05762v1.pdf: page 10: shared object 799: in hint table but not computed list WARNING: C:\Users\steve\code\KillerPDF-Corpus\corpus\regression\arxiv-cc-2025-01-08-to-14-final\2501.05762v1.pdf: page 10: shared object 807: in hint table but not computed list WARNING: C:\Users\steve\code\KillerPDF-Corpus\corpus\regression\arxiv-cc-2025-01-08-to-14-final\2501.05762v1.pdf: page 10: shared object 818: in hint table but not computed list WARNING: C:\Users\steve\code\KillerPDF-Corpus\corpus\regression\arxiv-cc-2025-01-08-to-14-final\2501.05762v1.pdf: page 10: shared object 782: in computed list but not hint table WARNING: C:\Users\steve\code\KillerPDF-Corpus\corpus\regression\arxiv-cc-2025-01-08-to-14-final\2501.05762v1.pdf: page 10: shared object 787: in computed list but not hint table WARNING: C:\Users\steve\code\KillerPDF-Corpus\corpus\regression\arxiv-cc-2025-01-08-to-14-final\2501.05762v1.pdf: page 10: shared object 796: in computed list but not hint table WARNING: C:\Users\steve\code\KillerPDF-Corpus\corpus\regression\arxiv-cc-2025-01-08-to-14-final\2501.05762v1.pdf: page 10: shared object 802: in computed list but not hint table WARNING: C:\Users\steve\code\KillerPDF-Corpus\corpus\regression\arxiv-cc-2025-01-08-to-14-final\2501.05762v1.pdf: page 10: shared object 816: in computed list but not hint table WARNING: C:\Users\steve\code\KillerPDF-Corpus\corpus\regression\arxiv-cc-2025-01-08-to-14-final\2501.05762v1.pdf: object count mismatch for page 11: hint table = 8; computed = 16 WARNING: C:\Users\steve\code\KillerPDF-Corpus\corpus\regression\arxiv-cc-2025-01-08-to-14-final\2501.05762v1.pdf: page 11: shared object 452: in hint table but not computed list WARNING: C:\Users\steve\code\KillerPDF-Corpus\corpus\regression\arxiv-cc-2025-01-08-to-14-final\2501.05762v1.pdf: page 11: shared object 453: in hint table but not computed list WARNING: C:\Users\steve\code\KillerPDF-Corpus\corpus\regression\arxiv-cc-2025-01-08-to-14-final\2501.05762v1.pdf: page 11: shared object 454: in hint table but not computed list WARNING: C:\Users\steve\code\KillerPDF-Corpus\corpus\regression\arxiv-cc-2025-01-08-to-14-final\2501.05762v1.pdf: page 11: shared object 455: in hint table but not computed list WARNING: C:\Users\steve\code\KillerPDF-Corpus\corpus\regression\arxiv-cc-2025-01-08-to-14-final\2501.05762v1.pdf: page 11: shared object 456: in hint table but not computed list WARNING: C:\Users\steve\code\KillerPDF-Corpus\corpus\regression\arxiv-cc-2025-01-08-to-14-final\2501.05762v1.pdf: page 11: shared object 457: in hint table but not computed list WARNING: C:\Users\steve\code\KillerPDF-Corpus\corpus\regression\arxiv-cc-2025-01-08-to-14-final\2501.05762v1.pdf: page 11: shared object 458: in hint table but not computed list WARNING: C:\Users\steve\code\KillerPDF-Corpus\corpus\regression\arxiv-cc-2025-01-08-to-14-final\2501.05762v1.pdf: page 11: shared object 459: in hint table but not computed list WARNING: C:\Users\steve\code\KillerPDF-Corpus\corpus\regression\arxiv-cc-2025-01-08-to-14-final\2501.05762v1.pdf: page 11: shared object 785: in hint table but not computed list WARNING: C:\Users\steve\code\KillerPDF-Corpus\corpus\regression\arxiv-cc-2025-01-08-to-14-final\2501.05762v1.pdf: page 11: shared object 794: in hint table but not computed list WARNING: C:\Users\steve\code\KillerPDF-Corpus\corpus\regression\arxiv-cc-2025-01-08-to-14-final\2501.05762v1.pdf: page 11: shared object 799: in hint table but not computed list WARNING: C:\Users\steve\code\KillerPDF-Corpus\corpus\regression\arxiv-cc-2025-01-08-to-14-final\2501.05762v1.pdf: page 11: shared object 807: in hint table but not computed list WARNING: C:\Users\steve\code\KillerPDF-Corpus\corpus\regression\arxiv-cc-2025-01-08-to-14-final\2501.05762v1.pdf: page 11: shared object 818: in hint table but not computed list WARNING: C:\Users\steve\code\KillerPDF-Corpus\corpus\regression\arxiv-cc-2025-01-08-to-14-final\2501.05762v1.pdf: page 11: shared object 820: in hint table but not computed list WARNING: C:\Users\steve\code\KillerPDF-Corpus\corpus\regression\arxiv-cc-2025-01-08-to-14-final\2501.05762v1.pdf: page 11: shared object 782: in computed list but not hint table WARNING: C:\Users\steve\code\KillerPDF-Corpus\corpus\regression\arxiv-cc-2025-01-08-to-14-final\2501.05762v1.pdf: page 11: shared object 786: in computed list but not hint table WARNING: C:\Users\steve\code\KillerPDF-Corpus\corpus\regression\arxiv-cc-2025-01-08-to-14-final\2501.05762v1.pdf: page 11: shared object 795: in computed list but not hint table WARNING: C:\Users\steve\code\KillerPDF-Corpus\corpus\regression\arxiv-cc-2025-01-08-to-14-final\2501.05762v1.pdf: page 11: shared object 802: in computed list but not hint table WARNING: C:\Users\steve\code\KillerPDF-Corpus\corpus\regression\arxiv-cc-2025-01-08-to-14-final\2501.05762v1.pdf: page 11: shared object 816: in computed list but not hint table WARNING: C:\Users\steve\code\KillerPDF-Corpus\corpus\regression\arxiv-cc-2025-01-08-to-14-final\2501.05762v1.pdf: page 11: shared object 819: in computed list but not hint table WARNING: C:\Users\steve\code\KillerPDF-Corpus\corpus\regression\arxiv-cc-2025-01-08-to-14-final\2501.05762v1.pdf: object count mismatch for page 12: hint table = 8; computed = 16 WARNING: C:\Users\steve\code\KillerPDF-Corpus\corpus\regression\arxiv-cc-2025-01-08-to-14-final\2501.05762v1.pdf: page 12: shared object 460: in hint table but not computed list WARNING: C:\Users\steve\code\KillerPDF-Corpus\corpus\regression\arxiv-cc-2025-01-08-to-14-final\2501.05762v1.pdf: page 12: shared object 461: in hint table but not computed list WARNING: C:\Users\steve\code\KillerPDF-Corpus\corpus\regression\arxiv-cc-2025-01-08-to-14-final\2501.05762v1.pdf: page 12: shared object 462: in hint table but not computed list WARNING: C:\Users\steve\code\KillerPDF-Corpus\corpus\regression\arxiv-cc-2025-01-08-to-14-final\2501.05762v1.pdf: page 12: shared object 463: in hint table but not computed list WARNING: C:\Users\steve\code\KillerPDF-Corpus\corpus\regression\arxiv-cc-2025-01-08-to-14-final\2501.05762v1.pdf: page 12: shared object 464: in hint table but not computed list WARNING: C:\Users\steve\code\KillerPDF-Corpus\corpus\regression\arxiv-cc-2025-01-08-to-14-final\2501.05762v1.pdf: page 12: shared object 465: in hint table but not computed list WARNING: C:\Users\steve\code\KillerPDF-Corpus\corpus\regression\arxiv-cc-2025-01-08-to-14-final\2501.05762v1.pdf: page 12: shared object 466: in hint table but not computed list WARNING: C:\Users\steve\code\KillerPDF-Corpus\corpus\regression\arxiv-cc-2025-01-08-to-14-final\2501.05762v1.pdf: page 12: shared object 467: in hint table but not computed list WARNING: C:\Users\steve\code\KillerPDF-Corpus\corpus\regression\arxiv-cc-2025-01-08-to-14-final\2501.05762v1.pdf: page 12: shared object 785: in hint table but not computed list WARNING: C:\Users\steve\code\KillerPDF-Corpus\corpus\regression\arxiv-cc-2025-01-08-to-14-final\2501.05762v1.pdf: page 12: shared object 794: in hint table but not computed list WARNING: C:\Users\steve\code\KillerPDF-Corpus\corpus\regression\arxiv-cc-2025-01-08-to-14-final\2501.05762v1.pdf: page 12: shared object 799: in hint table but not computed list WARNING: C:\Users\steve\code\KillerPDF-Corpus\corpus\regression\arxiv-cc-2025-01-08-to-14-final\2501.05762v1.pdf: page 12: shared object 807: in hint table but not computed list WARNING: C:\Users\steve\code\KillerPDF-Corpus\corpus\regression\arxiv-cc-2025-01-08-to-14-final\2501.05762v1.pdf: page 12: shared object 814: in hint table but not computed list WARNING: C:\Users\steve\code\KillerPDF-Corpus\corpus\regression\arxiv-cc-2025-01-08-to-14-final\2501.05762v1.pdf: page 12: shared object 818: in hint table but not computed list WARNING: C:\Users\steve\code\KillerPDF-Corpus\corpus\regression\arxiv-cc-2025-01-08-to-14-final\2501.05762v1.pdf: page 12: shared object 782: in computed list but not hint table WARNING: C:\Users\steve\code\KillerPDF-Corpus\corpus\regression\arxiv-cc-2025-01-08-to-14-final\2501.05762v1.pdf: page 12: shared object 787: in computed list but not hint table WARNING: C:\Users\steve\code\KillerPDF-Corpus\corpus\regression\arxiv-cc-2025-01-08-to-14-final\2501.05762v1.pdf: page 12: shared object 796: in computed list but not hint table WARNING: C:\Users\steve\code\KillerPDF-Corpus\corpus\regression\arxiv-cc-2025-01-08-to-14-final\2501.05762v1.pdf: page 12: shared object 802: in computed list but not hint table WARNING: C:\Users\steve\code\KillerPDF-Corpus\corpus\regression\arxiv-cc-2025-01-08-to-14-final\2501.05762v1.pdf: page 12: shared object 810: in computed list but not hint table WARNING: C:\Users\steve\code\KillerPDF-Corpus\corpus\regression\arxiv-cc-2025-01-08-to-14-final\2501.05762v1.pdf: page 12: shared object 816: in computed list but not hint table WARNING: C:\Users\steve\code\KillerPDF-Corpus\corpus\regression\arxiv-cc-2025-01-08-to-14-final\2501.05762v1.pdf: object count mismatch for page 13: hint table = 10; computed = 22 WARNING: C:\Users\steve\code\KillerPDF-Corpus\corpus\regression\arxiv-cc-2025-01-08-to-14-final\2501.05762v1.pdf: page 13: shared object 468: in hint table but not computed list WARNING: C:\Users\steve\code\KillerPDF-Corpus\corpus\regression\arxiv-cc-2025-01-08-to-14-final\2501.05762v1.pdf: page 13: shared object 469: in hint table but not computed list WARNING: C:\Users\steve\code\KillerPDF-Corpus\corpus\regression\arxiv-cc-2025-01-08-to-14-final\2501.05762v1.pdf: page 13: shared object 470: in hint table but not computed list WARNING: C:\Users\steve\code\KillerPDF-Corpus\corpus\regression\arxiv-cc-2025-01-08-to-14-final\2501.05762v1.pdf: page 13: shared object 471: in hint table but not computed list WARNING: C:\Users\steve\code\KillerPDF-Corpus\corpus\regression\arxiv-cc-2025-01-08-to-14-final\2501.05762v1.pdf: page 13: shared object 472: in hint table but not computed list WARNING: C:\Users\steve\code\KillerPDF-Corpus\corpus\regression\arxiv-cc-2025-01-08-to-14-final\2501.05762v1.pdf: page 13: shared object 473: in hint table but not computed list WARNING: C:\Users\steve\code\KillerPDF-Corpus\corpus\regression\arxiv-cc-2025-01-08-to-14-final\2501.05762v1.pdf: page 13: shared object 474: in hint table but not computed list WARNING: C:\Users\steve\code\KillerPDF-Corpus\corpus\regression\arxiv-cc-2025-01-08-to-14-final\2501.05762v1.pdf: page 13: shared object 475: in hint table but not computed list WARNING: C:\Users\steve\code\KillerPDF-Corpus\corpus\regression\arxiv-cc-2025-01-08-to-14-final\2501.05762v1.pdf: page 13: shared object 476: in hint table but not computed list WARNING: C:\Users\steve\code\KillerPDF-Corpus\corpus\regression\arxiv-cc-2025-01-08-to-14-final\2501.05762v1.pdf: page 13: shared object 477: in hint table but not computed list WARNING: C:\Users\steve\code\KillerPDF-Corpus\corpus\regression\arxiv-cc-2025-01-08-to-14-final\2501.05762v1.pdf: page 13: shared object 478: in hint table but not computed list WARNING: C:\Users\steve\code\KillerPDF-Corpus\corpus\regression\arxiv-cc-2025-01-08-to-14-final\2501.05762v1.pdf: page 13: shared object 479: in hint table but not computed list WARNING: C:\Users\steve\code\KillerPDF-Corpus\corpus\regression\arxiv-cc-2025-01-08-to-14-final\2501.05762v1.pdf: page 13: shared object 785: in hint table but not computed list WARNING: C:\Users\steve\code\KillerPDF-Corpus\corpus\regression\arxiv-cc-2025-01-08-to-14-final\2501.05762v1.pdf: page 13: shared object 794: in hint table but not computed list WARNING: C:\Users\steve\code\KillerPDF-Corpus\corpus\regression\arxiv-cc-2025-01-08-to-14-final\2501.05762v1.pdf: page 13: shared object 799: in hint table but not computed list WARNING: C:\Users\steve\code\KillerPDF-Corpus\corpus\regression\arxiv-cc-2025-01-08-to-14-final\2501.05762v1.pdf: page 13: shared object 807: in hint table but not computed list WARNING: C:\Users\steve\code\KillerPDF-Corpus\corpus\regression\arxiv-cc-2025-01-08-to-14-final\2501.05762v1.pdf: page 13: shared object 818: in hint table but not computed list WARNING: C:\Users\steve\code\KillerPDF-Corpus\corpus\regression\arxiv-cc-2025-01-08-to-14-final\2501.05762v1.pdf: page 13: shared object 782: in computed list but not hint table WARNING: C:\Users\steve\code\KillerPDF-Corpus\corpus\regression\arxiv-cc-2025-01-08-to-14-final\2501.05762v1.pdf: page 13: shared object 787: in computed list but not hint table WARNING: C:\Users\steve\code\KillerPDF-Corpus\corpus\regression\arxiv-cc-2025-01-08-to-14-final\2501.05762v1.pdf: page 13: shared object 796: in computed list but not hint table WARNING: C:\Users\steve\code\KillerPDF-Corpus\corpus\regression\arxiv-cc-2025-01-08-to-14-final\2501.05762v1.pdf: page 13: shared object 802: in computed list but not hint table WARNING: C:\Users\steve\code\KillerPDF-Corpus\corpus\regression\arxiv-cc-2025-01-08-to-14-final\2501.05762v1.pdf: page 13: shared object 816: in computed list but not hint table WARNING: C:\Users\steve\code\KillerPDF-Corpus\corpus\regression\arxiv-cc-2025-01-08-to-14-final\2501.05762v1.pdf: object count mismatch for page 14: hint table = 13; computed = 33 WARNING: C:\Users\steve\code\KillerPDF-Corpus\corpus\regression\arxiv-cc-2025-01-08-to-14-final\2501.05762v1.pdf: page 14: shared object 480: in hint table but not computed list WARNING: C:\Users\steve\code\KillerPDF-Corpus\corpus\regression\arxiv-cc-2025-01-08-to-14-final\2501.05762v1.pdf: page 14: shared object 481: in hint table but not computed list WARNING: C:\Users\steve\code\KillerPDF-Corpus\corpus\regression\arxiv-cc-2025-01-08-to-14-final\2501.05762v1.pdf: page 14: shared object 482: in hint table but not computed list WARNING: C:\Users\steve\code\KillerPDF-Corpus\corpus\regression\arxiv-cc-2025-01-08-to-14-final\2501.05762v1.pdf: page 14: shared object 483: in hint table but not computed list WARNING: C:\Users\steve\code\KillerPDF-Corpus\corpus\regression\arxiv-cc-2025-01-08-to-14-final\2501.05762v1.pdf: page 14: shared object 484: in hint table but not computed list WARNING: C:\Users\steve\code\KillerPDF-Corpus\corpus\regression\arxiv-cc-2025-01-08-to-14-final\2501.05762v1.pdf: page 14: shared object 485: in hint table but not computed list WARNING: C:\Users\steve\code\KillerPDF-Corpus\corpus\regression\arxiv-cc-2025-01-08-to-14-final\2501.05762v1.pdf: page 14: shared object 486: in hint table but not computed list WARNING: C:\Users\steve\code\KillerPDF-Corpus\corpus\regression\arxiv-cc-2025-01-08-to-14-final\2501.05762v1.pdf: page 14: shared object 487: in hint table but not computed list WARNING: C:\Users\steve\code\KillerPDF-Corpus\corpus\regression\arxiv-cc-2025-01-08-to-14-final\2501.05762v1.pdf: page 14: shared object 488: in hint table but not computed list WARNING: C:\Users\steve\code\KillerPDF-Corpus\corpus\regression\arxiv-cc-2025-01-08-to-14-final\2501.05762v1.pdf: page 14: shared object 489: in hint table but not computed list WARNING: C:\Users\steve\code\KillerPDF-Corpus\corpus\regression\arxiv-cc-2025-01-08-to-14-final\2501.05762v1.pdf: page 14: shared object 490: in hint table but not computed list WARNING: C:\Users\steve\code\KillerPDF-Corpus\corpus\regression\arxiv-cc-2025-01-08-to-14-final\2501.05762v1.pdf: page 14: shared object 491: in hint table but not computed list WARNING: C:\Users\steve\code\KillerPDF-Corpus\corpus\regression\arxiv-cc-2025-01-08-to-14-final\2501.05762v1.pdf: page 14: shared object 492: in hint table but not computed list WARNING: C:\Users\steve\code\KillerPDF-Corpus\corpus\regression\arxiv-cc-2025-01-08-to-14-final\2501.05762v1.pdf: page 14: shared object 493: in hint table but not computed list WARNING: C:\Users\steve\code\KillerPDF-Corpus\corpus\regression\arxiv-cc-2025-01-08-to-14-final\2501.05762v1.pdf: page 14: shared object 494: in hint table but not computed list WARNING: C:\Users\steve\code\KillerPDF-Corpus\corpus\regression\arxiv-cc-2025-01-08-to-14-final\2501.05762v1.pdf: page 14: shared object 495: in hint table but not computed list WARNING: C:\Users\steve\code\KillerPDF-Corpus\corpus\regression\arxiv-cc-2025-01-08-to-14-final\2501.05762v1.pdf: page 14: shared object 496: in hint table but not computed list WARNING: C:\Users\steve\code\KillerPDF-Corpus\corpus\regression\arxiv-cc-2025-01-08-to-14-final\2501.05762v1.pdf: page 14: shared object 497: in hint table but not computed list WARNING: C:\Users\steve\code\KillerPDF-Corpus\corpus\regression\arxiv-cc-2025-01-08-to-14-final\2501.05762v1.pdf: page 14: shared object 498: in hint table but not computed list WARNING: C:\Users\steve\code\KillerPDF-Corpus\corpus\regression\arxiv-cc-2025-01-08-to-14-final\2501.05762v1.pdf: page 14: shared object 499: in hint table but not computed list WARNING: C:\Users\steve\code\KillerPDF-Corpus\corpus\regression\arxiv-cc-2025-01-08-to-14-final\2501.05762v1.pdf: page 14: shared object 786: in hint table but not computed list WARNING: C:\Users\steve\code\KillerPDF-Corpus\corpus\regression\arxiv-cc-2025-01-08-to-14-final\2501.05762v1.pdf: page 14: shared object 795: in hint table but not computed list WARNING: C:\Users\steve\code\KillerPDF-Corpus\corpus\regression\arxiv-cc-2025-01-08-to-14-final\2501.05762v1.pdf: page 14: shared object 799: in hint table but not computed list WARNING: C:\Users\steve\code\KillerPDF-Corpus\corpus\regression\arxiv-cc-2025-01-08-to-14-final\2501.05762v1.pdf: page 14: shared object 807: in hint table but not computed list WARNING: C:\Users\steve\code\KillerPDF-Corpus\corpus\regression\arxiv-cc-2025-01-08-to-14-final\2501.05762v1.pdf: page 14: shared object 819: in hint table but not computed list WARNING: C:\Users\steve\code\KillerPDF-Corpus\corpus\regression\arxiv-cc-2025-01-08-to-14-final\2501.05762v1.pdf: page 14: shared object 782: in computed list but not hint table WARNING: C:\Users\steve\code\KillerPDF-Corpus\corpus\regression\arxiv-cc-2025-01-08-to-14-final\2501.05762v1.pdf: page 14: shared object 787: in computed list but not hint table WARNING: C:\Users\steve\code\KillerPDF-Corpus\corpus\regression\arxiv-cc-2025-01-08-to-14-final\2501.05762v1.pdf: page 14: shared object 796: in computed list but not hint table WARNING: C:\Users\steve\code\KillerPDF-Corpus\corpus\regression\arxiv-cc-2025-01-08-to-14-final\2501.05762v1.pdf: page 14: shared object 802: in computed list but not hint table WARNING: C:\Users\steve\code\KillerPDF-Corpus\corpus\regression\arxiv-cc-2025-01-08-to-14-final\2501.05762v1.pdf: page 14: shared object 816: in computed list but not hint table WARNING: C:\Users\steve\code\KillerPDF-Corpus\corpus\regression\arxiv-cc-2025-01-08-to-14-final\2501.05762v1.pdf: page 15: shared object 785: in hint table but not computed list WARNING: C:\Users\steve\code\KillerPDF-Corpus\corpus\regression\arxiv-cc-2025-01-08-to-14-final\2501.05762v1.pdf: page 15: shared object 794: in hint table but not computed list WARNING: C:\Users\steve\code\KillerPDF-Corpus\corpus\regression\arxiv-cc-2025-01-08-to-14-final\2501.05762v1.pdf: page 15: shared object 799: in hint table but not computed list WARNING: C:\Users\steve\code\KillerPDF-Corpus\corpus\regression\arxiv-cc-2025-01-08-to-14-final\2501.05762v1.pdf: page 15: shared object 807: in hint table but not computed list WARNING: C:\Users\steve\code\KillerPDF-Corpus\corpus\regression\arxiv-cc-2025-01-08-to-14-final\2501.05762v1.pdf: page 15: shared object 818: in hint table but not computed list WARNING: C:\Users\steve\code\KillerPDF-Corpus\corpus\regression\arxiv-cc-2025-01-08-to-14-final\2501.05762v1.pdf: page 15: shared object 782: in computed list but not hint table WARNING: C:\Users\steve\code\KillerPDF-Corpus\corpus\regression\arxiv-cc-2025-01-08-to-14-final\2501.05762v1.pdf: page 15: shared object 787: in computed list but not hint table WARNING: C:\Users\steve\code\KillerPDF-Corpus\corpus\regression\arxiv-cc-2025-01-08-to-14-final\2501.05762v1.pdf: page 15: shared object 796: in computed list but not hint table WARNING: C:\Users\steve\code\KillerPDF-Corpus\corpus\regression\arxiv-cc-2025-01-08-to-14-final\2501.05762v1.pdf: page 15: shared object 802: in computed list but not hint table WARNING: C:\Users\steve\code\KillerPDF-Corpus\corpus\regression\arxiv-cc-2025-01-08-to-14-final\2501.05762v1.pdf: page 15: shared object 816: in computed list but not hint table WARNING: C:\Users\steve\code\KillerPDF-Corpus\corpus\regression\arxiv-cc-2025-01-08-to-14-final\2501.05762v1.pdf: object count mismatch for page 16: hint table = 4; computed = 6 WARNING: C:\Users\steve\code\KillerPDF-Corpus\corpus\regression\arxiv-cc-2025-01-08-to-14-final\2501.05762v1.pdf: page 16: shared object 500: in hint table but not computed list WARNING: C:\Users\steve\code\KillerPDF-Corpus\corpus\regression\arxiv-cc-2025-01-08-to-14-final\2501.05762v1.pdf: page 16: shared object 501: in hint table but not computed list WARNING: C:\Users\steve\code\KillerPDF-Corpus\corpus\regression\arxiv-cc-2025-01-08-to-14-final\2501.05762v1.pdf: page 16: shared object 786: in hint table but not computed list WARNING: C:\Users\steve\code\KillerPDF-Corpus\corpus\regression\arxiv-cc-2025-01-08-to-14-final\2501.05762v1.pdf: page 16: shared object 795: in hint table but not computed list WARNING: C:\Users\steve\code\KillerPDF-Corpus\corpus\regression\arxiv-cc-2025-01-08-to-14-final\2501.05762v1.pdf: page 16: shared object 799: in hint table but not computed list WARNING: C:\Users\steve\code\KillerPDF-Corpus\corpus\regression\arxiv-cc-2025-01-08-to-14-final\2501.05762v1.pdf: page 16: shared object 807: in hint table but not computed list WARNING: C:\Users\steve\code\KillerPDF-Corpus\corpus\regression\arxiv-cc-2025-01-08-to-14-final\2501.05762v1.pdf: page 16: shared object 819: in hint table but not computed list WARNING: C:\Users\steve\code\KillerPDF-Corpus\corpus\regression\arxiv-cc-2025-01-08-to-14-final\2501.05762v1.pdf: page 16: shared object 782: in computed list but not hint table WARNING: C:\Users\steve\code\KillerPDF-Corpus\corpus\regression\arxiv-cc-2025-01-08-to-14-final\2501.05762v1.pdf: page 16: shared object 787: in computed list but not hint table WARNING: C:\Users\steve\code\KillerPDF-Corpus\corpus\regression\arxiv-cc-2025-01-08-to-14-final\2501.05762v1.pdf: page 16: shared object 796: in computed list but not hint table WARNING: C:\Users\steve\code\KillerPDF-Corpus\corpus\regression\arxiv-cc-2025-01-08-to-14-final\2501.05762v1.pdf: page 16: shared object 802: in computed list but not hint table WARNING: C:\Users\steve\code\KillerPDF-Corpus\corpus\regression\arxiv-cc-2025-01-08-to-14-final\2501.05762v1.pdf: page 16: shared object 816: in computed list but not hint table qpdf: operation succeeded with warnings"
"regression/arxiv-cc-2025-01-08-to-14-final/2501.05768v1.pdf","30B44F7868B0970F317E4054EE2FF0FAD99C734C01707C02203BC9A1B2425F95","1357517","0","checking C:\Users\steve\code\KillerPDF-Corpus\corpus\regression\arxiv-cc-2025-01-08-to-14-final\2501.05768v1.pdf PDF Version: 1.5 File is not encrypted File is not linearized No syntax or stream encoding errors found; the file may still contain errors that qpdf cannot detect"
"regression/arxiv-cc-2025-01-08-to-14-final/2501.05770v1.pdf","0CCC89FD748B1D7868159E7BD383710FE1D4DF649B74C886B0EA824644A9BD56","1125378","0","checking C:\Users\steve\code\KillerPDF-Corpus\corpus\regression\arxiv-cc-2025-01-08-to-14-final\2501.05770v1.pdf PDF Version: 1.5 File is not encrypted File is not linearized No syntax or stream encoding errors found; the file may still contain errors that qpdf cannot detect"
"regression/arxiv-cc-2025-01-08-to-14-final/2501.05775v1.pdf","8C446A257DC90B1E5D1F9BBD30EDC36B5E92114EF19FB657C82CB12D1E42E6AD","838372","0","checking C:\Users\steve\code\KillerPDF-Corpus\corpus\regression\arxiv-cc-2025-01-08-to-14-final\2501.05775v1.pdf PDF Version: 1.5 File is not encrypted File is not linearized No syntax or stream encoding errors found; the file may still contain errors that qpdf cannot detect"
"regression/arxiv-cc-2025-01-08-to-14-final/2501.05798v2.pdf","118A552254FC29728384E57B9A37CB66F5F42C8FAEDB5AFD6AE80F61E83EFC3E","698924","0","checking C:\Users\steve\code\KillerPDF-Corpus\corpus\regression\arxiv-cc-2025-01-08-to-14-final\2501.05798v2.pdf PDF Version: 1.5 File is not encrypted File is not linearized No syntax or stream encoding errors found; the file may still contain errors that qpdf cannot detect"
"regression/arxiv-cc-2025-01-08-to-14-final/2501.05800v1.pdf","291EDBC8CD1CBE6D57B4258A18E0801A1E7E864FA25AF2ABDDDE1B5D134A0F48","434348","0","checking C:\Users\steve\code\KillerPDF-Corpus\corpus\regression\arxiv-cc-2025-01-08-to-14-final\2501.05800v1.pdf PDF Version: 1.4 File is not encrypted File is not linearized No syntax or stream encoding errors found; the file may still contain errors that qpdf cannot detect"
"regression/arxiv-cc-2025-01-08-to-14-final/2501.05804v1.pdf","21B574BDE92680591CEADA070ECA7CE03EBB755084509A51FC62BE7407598562","175143","0","checking C:\Users\steve\code\KillerPDF-Corpus\corpus\regression\arxiv-cc-2025-01-08-to-14-final\2501.05804v1.pdf PDF Version: 1.4 File is not encrypted File is not linearized No syntax or stream encoding errors found; the file may still contain errors that qpdf cannot detect"
"regression/arxiv-cc-2025-01-08-to-14-final/2501.05807v1.pdf","522A9952E53726731E7D0964E143C9A3865DDD963E4C6410702DCFBE2E888F3B","5186679","0","checking C:\Users\steve\code\KillerPDF-Corpus\corpus\regression\arxiv-cc-2025-01-08-to-14-final\2501.05807v1.pdf PDF Version: 1.5 File is not encrypted File is not linearized No syntax or stream encoding errors found; the file may still contain errors that qpdf cannot detect"
"regression/arxiv-cc-2025-01-08-to-14-final/2501.05827v1.pdf","8730ABFE5FDA8C92AB4C2300226529B5DE4B4C09407ECC9A00474387D3CC64BC","547763","0","checking C:\Users\steve\code\KillerPDF-Corpus\corpus\regression\arxiv-cc-2025-01-08-to-14-final\2501.05827v1.pdf PDF Version: 1.5 File is not encrypted File is not linearized No syntax or stream encoding errors found; the file may still contain errors that qpdf cannot detect"
"regression/arxiv-cc-2025-01-08-to-14-final/2501.05833v1.pdf","D350DA4B8CF564E3DCB7C00694BB41E03837A124883DFB5B9407D5FCE127F7B6","1135665","0","checking C:\Users\steve\code\KillerPDF-Corpus\corpus\regression\arxiv-cc-2025-01-08-to-14-final\2501.05833v1.pdf PDF Version: 1.5 File is not encrypted File is not linearized No syntax or stream encoding errors found; the file may still contain errors that qpdf cannot detect"
"regression/arxiv-cc-2025-01-08-to-14-final/2501.05838v1.pdf","7719BABA72B3456FE190244F8A75C930BF6F167B6B10E353DDCBE860785D5F8E","2047816","0","checking C:\Users\steve\code\KillerPDF-Corpus\corpus\regression\arxiv-cc-2025-01-08-to-14-final\2501.05838v1.pdf PDF Version: 1.5 File is not encrypted File is not linearized No syntax or stream encoding errors found; the file may still contain errors that qpdf cannot detect"
"regression/arxiv-cc-2025-01-08-to-14-final/2501.05840v1.pdf","118AE5D341176E788AE3E8AB0879827B52419915A0B6273E4E210F1351C3FC74","1053289","0","checking C:\Users\steve\code\KillerPDF-Corpus\corpus\regression\arxiv-cc-2025-01-08-to-14-final\2501.05840v1.pdf PDF Version: 1.5 File is not encrypted File is not linearized No syntax or stream encoding errors found; the file may still contain errors that qpdf cannot detect"
"regression/arxiv-cc-2025-01-08-to-14-final/2501.05843v1.pdf","1822110FC8BB4389D1073F0FB9750B6839D7C28B9F1321045639E30AC4138D58","1100104","0","checking C:\Users\steve\code\KillerPDF-Corpus\corpus\regression\arxiv-cc-2025-01-08-to-14-final\2501.05843v1.pdf PDF Version: 1.5 File is not encrypted File is not linearized No syntax or stream encoding errors found; the file may still contain errors that qpdf cannot detect"
"regression/arxiv-cc-2025-01-08-to-14-final/2501.05846v1.pdf","A83507ACEA708EACEC0564CF095BF1B9C42F82D93D8FB76EF868540AF3655D40","7529731","0","checking C:\Users\steve\code\KillerPDF-Corpus\corpus\regression\arxiv-cc-2025-01-08-to-14-final\2501.05846v1.pdf PDF Version: 1.5 File is not encrypted File is not linearized No syntax or stream encoding errors found; the file may still contain errors that qpdf cannot detect"
"regression/arxiv-cc-2025-01-08-to-14-final/2501.05853v1.pdf","4E805FA939E2A36D31A3F74F8ED5462FFA3F3F71EE5FBBF6A800720E4AC827F3","310198","0","checking C:\Users\steve\code\KillerPDF-Corpus\corpus\regression\arxiv-cc-2025-01-08-to-14-final\2501.05853v1.pdf PDF Version: 1.4 File is not encrypted File is not linearized No syntax or stream encoding errors found; the file may still contain errors that qpdf cannot detect"
"regression/arxiv-cc-2025-01-08-to-14-final/2501.05860v1.pdf","31CFD017262909E0F9330AA5BB29A6626091DB66AC9D00D639C7829B974A4CCF","272581","0","checking C:\Users\steve\code\KillerPDF-Corpus\corpus\regression\arxiv-cc-2025-01-08-to-14-final\2501.05860v1.pdf PDF Version: 1.4 File is not encrypted File is not linearized No syntax or stream encoding errors found; the file may still contain errors that qpdf cannot detect"
"regression/arxiv-cc-2025-01-08-to-14-final/2501.05861v1.pdf","4D5629A50DAD6471AA7638F0DEBF7AAEF4FE09015BA313EC4CC0A61AC48EE1AE","425380","0","checking C:\Users\steve\code\KillerPDF-Corpus\corpus\regression\arxiv-cc-2025-01-08-to-14-final\2501.05861v1.pdf PDF Version: 1.7 File is not encrypted File is not linearized No syntax or stream encoding errors found; the file may still contain errors that qpdf cannot detect"
"regression/arxiv-cc-2025-01-08-to-14-final/2501.05865v1.pdf","A4C6EE98342EB491DDF8A9AAA4480668A248905697C5831FB5699FE869E4424A","138909","0","checking C:\Users\steve\code\KillerPDF-Corpus\corpus\regression\arxiv-cc-2025-01-08-to-14-final\2501.05865v1.pdf PDF Version: 1.4 File is not encrypted File is not linearized No syntax or stream encoding errors found; the file may still contain errors that qpdf cannot detect"
"regression/arxiv-cc-2025-01-08-to-14-final/2501.05871v1.pdf","DC7DF1DFE7585FB57C07D7E71DEB560D71983FC8003F1B0553A688D4D48F4B2B","1170155","0","checking C:\Users\steve\code\KillerPDF-Corpus\corpus\regression\arxiv-cc-2025-01-08-to-14-final\2501.05871v1.pdf PDF Version: 1.5 File is not encrypted File is not linearized No syntax or stream encoding errors found; the file may still contain errors that qpdf cannot detect"
"regression/arxiv-cc-2025-01-08-to-14-final/2501.05876v1.pdf","AC7B0D9EEF06BE1C56E27CDCEE59BA0227B8B88F30ACA8E4A0ACBFA34C56E3E7","180996","0","checking C:\Users\steve\code\KillerPDF-Corpus\corpus\regression\arxiv-cc-2025-01-08-to-14-final\2501.05876v1.pdf PDF Version: 1.4 File is not encrypted File is not linearized No syntax or stream encoding errors found; the file may still contain errors that qpdf cannot detect"
"regression/arxiv-cc-2025-01-08-to-14-final/2501.05882v1.pdf","1F95929C0BE330C3773B795D3623B5848D413F30086E28CA9BCE09307647110A","1298218","0","checking C:\Users\steve\code\KillerPDF-Corpus\corpus\regression\arxiv-cc-2025-01-08-to-14-final\2501.05882v1.pdf PDF Version: 1.5 File is not encrypted File is not linearized No syntax or stream encoding errors found; the file may still contain errors that qpdf cannot detect"
"regression/arxiv-cc-2025-01-08-to-14-final/2501.05885v1.pdf","AF8A77405E7A86EDF941D8F6A37D492FD6CB8EDD1CD2983344EDA772D02235FF","8404627","0","checking C:\Users\steve\code\KillerPDF-Corpus\corpus\regression\arxiv-cc-2025-01-08-to-14-final\2501.05885v1.pdf PDF Version: 1.5 File is not encrypted File is not linearized No syntax or stream encoding errors found; the file may still contain errors that qpdf cannot detect"
"regression/arxiv-cc-2025-01-08-to-14-final/2501.05887v1.pdf","F8F8CC8C5BD29E4A74CF764C98A59AC41189C5E6D67021F6FD8976F345DA831E","434163","0","checking C:\Users\steve\code\KillerPDF-Corpus\corpus\regression\arxiv-cc-2025-01-08-to-14-final\2501.05887v1.pdf PDF Version: 1.4 File is not encrypted File is not linearized No syntax or stream encoding errors found; the file may still contain errors that qpdf cannot detect"
"regression/arxiv-cc-2025-01-08-to-14-final/2501.05893v1.pdf","8EF4E8DEEF6190E89E0ABC12FD48BE73EDB87639B636B926BB0B4F4E49BCD15F","199198","0","checking C:\Users\steve\code\KillerPDF-Corpus\corpus\regression\arxiv-cc-2025-01-08-to-14-final\2501.05893v1.pdf PDF Version: 1.4 File is not encrypted File is not linearized No syntax or stream encoding errors found; the file may still contain errors that qpdf cannot detect"
"regression/arxiv-cc-2025-01-08-to-14-final/2501.05896v1.pdf","0EE51B55FCECD205A1764CABF7528DEA385452663104F162957EA35AB5095F51","3276717","3","checking C:\Users\steve\code\KillerPDF-Corpus\corpus\regression\arxiv-cc-2025-01-08-to-14-final\2501.05896v1.pdf PDF Version: 1.5 File is not encrypted File is not linearized WARNING: C:\Users\steve\code\KillerPDF-Corpus\corpus\regression\arxiv-cc-2025-01-08-to-14-final\2501.05896v1.pdf (offset 762466): input stream is complete but output may still be valid WARNING: C:\Users\steve\code\KillerPDF-Corpus\corpus\regression\arxiv-cc-2025-01-08-to-14-final\2501.05896v1.pdf (offset 768151): input stream is complete but output may still be valid qpdf: operation succeeded with warnings"
"regression/arxiv-cc-2025-01-08-to-14-final/2501.05898v1.pdf","B19EE79261636FA422374B52AFBD7019BCBA366D463BBBF21587485C61C33005","294010","0","checking C:\Users\steve\code\KillerPDF-Corpus\corpus\regression\arxiv-cc-2025-01-08-to-14-final\2501.05898v1.pdf PDF Version: 1.4 File is not encrypted File is not linearized No syntax or stream encoding errors found; the file may still contain errors that qpdf cannot detect"
"regression/arxiv-cc-2025-01-08-to-14-final/2501.05901v2.pdf","924AD7B42320C6BC1D69570B614AD764E51C02A92B8002DC364F50424278BE62","7720868","0","checking C:\Users\steve\code\KillerPDF-Corpus\corpus\regression\arxiv-cc-2025-01-08-to-14-final\2501.05901v2.pdf PDF Version: 1.5 File is not encrypted File is not linearized No syntax or stream encoding errors found; the file may still contain errors that qpdf cannot detect"
"regression/arxiv-cc-2025-01-08-to-14-final/2501.05907v1.pdf","45D68BEEBB2670DC8AD47A9261163F52B1E1456F80A6F9EB5D6E5D5817D634DF","1560877","3","checking C:\Users\steve\code\KillerPDF-Corpus\corpus\regression\arxiv-cc-2025-01-08-to-14-final\2501.05907v1.pdf PDF Version: 1.3 File is not encrypted File is not linearized WARNING: C:\Users\steve\code\KillerPDF-Corpus\corpus\regression\arxiv-cc-2025-01-08-to-14-final\2501.05907v1.pdf (object 6 0): object has offset 0 - a common error handled correctly by qpdf and most other applications WARNING: C:\Users\steve\code\KillerPDF-Corpus\corpus\regression\arxiv-cc-2025-01-08-to-14-final\2501.05907v1.pdf (object 8 0): object has offset 0 - a common error handled correctly by qpdf and most other applications WARNING: C:\Users\steve\code\KillerPDF-Corpus\corpus\regression\arxiv-cc-2025-01-08-to-14-final\2501.05907v1.pdf (object 10 0): object has offset 0 - a common error handled correctly by qpdf and most other applications WARNING: C:\Users\steve\code\KillerPDF-Corpus\corpus\regression\arxiv-cc-2025-01-08-to-14-final\2501.05907v1.pdf (object 12 0): object has offset 0 - a common error handled correctly by qpdf and most other applications WARNING: C:\Users\steve\code\KillerPDF-Corpus\corpus\regression\arxiv-cc-2025-01-08-to-14-final\2501.05907v1.pdf (object 14 0): object has offset 0 - a common error handled correctly by qpdf and most other applications WARNING: C:\Users\steve\code\KillerPDF-Corpus\corpus\regression\arxiv-cc-2025-01-08-to-14-final\2501.05907v1.pdf (object 16 0): object has offset 0 - a common error handled correctly by qpdf and most other applications WARNING: C:\Users\steve\code\KillerPDF-Corpus\corpus\regression\arxiv-cc-2025-01-08-to-14-final\2501.05907v1.pdf (object 22 0): object has offset 0 - a common error handled correctly by qpdf and most other applications WARNING: C:\Users\steve\code\KillerPDF-Corpus\corpus\regression\arxiv-cc-2025-01-08-to-14-final\2501.05907v1.pdf (object 25 0): object has offset 0 - a common error handled correctly by qpdf and most other applications WARNING: C:\Users\steve\code\KillerPDF-Corpus\corpus\regression\arxiv-cc-2025-01-08-to-14-final\2501.05907v1.pdf (object 48 0): object has offset 0 - a common error handled correctly by qpdf and most other applications qpdf: operation succeeded with warnings"
"regression/arxiv-cc-2025-01-08-to-14-final/2501.05916v1.pdf","9B69261453DF74E1BC77C36AA9996A01E18E1B383F97DEB257D0002D41795576","5074722","0","checking C:\Users\steve\code\KillerPDF-Corpus\corpus\regression\arxiv-cc-2025-01-08-to-14-final\2501.05916v1.pdf PDF Version: 1.5 File is not encrypted File is not linearized No syntax or stream encoding errors found; the file may still contain errors that qpdf cannot detect"
"regression/arxiv-cc-2025-01-08-to-14-final/2501.05919v1.pdf","A682B603B512B43B8B2A4F1D27070841DDCA0A2A168673C7045982F616D4EAC3","5130377","0","checking C:\Users\steve\code\KillerPDF-Corpus\corpus\regression\arxiv-cc-2025-01-08-to-14-final\2501.05919v1.pdf PDF Version: 1.5 File is not encrypted File is not linearized No syntax or stream encoding errors found; the file may still contain errors that qpdf cannot detect"
"regression/arxiv-cc-2025-01-08-to-14-final/2501.05920v1.pdf","D91EBF631BCC5540D2E0FC94BEE845BDED1EF84C1653C7FBD77138BBF6BC1CB9","322605","0","checking C:\Users\steve\code\KillerPDF-Corpus\corpus\regression\arxiv-cc-2025-01-08-to-14-final\2501.05920v1.pdf PDF Version: 1.4 File is not encrypted File is not linearized No syntax or stream encoding errors found; the file may still contain errors that qpdf cannot detect"
"regression/arxiv-cc-2025-01-08-to-14-final/2501.05923v1.pdf","7223B3590805C8F52E20CFD3427FD76CBDA6A39602D69B2FE421BD748C35B2D4","1083674","0","checking C:\Users\steve\code\KillerPDF-Corpus\corpus\regression\arxiv-cc-2025-01-08-to-14-final\2501.05923v1.pdf PDF Version: 1.5 File is not encrypted File is not linearized No syntax or stream encoding errors found; the file may still contain errors that qpdf cannot detect"
"regression/arxiv-cc-2025-01-08-to-14-final/2501.05936v1.pdf","9FFE55AF47687676F16A9E8337C5C4AD17C044E43C981275AAB06A0D51E495F2","3198215","0","checking C:\Users\steve\code\KillerPDF-Corpus\corpus\regression\arxiv-cc-2025-01-08-to-14-final\2501.05936v1.pdf PDF Version: 1.5 File is not encrypted File is not linearized No syntax or stream encoding errors found; the file may still contain errors that qpdf cannot detect"
"regression/arxiv-cc-2025-01-08-to-14-final/2501.05943v1.pdf","C30FB871FD3196442974BD2F117CE34E6F598C0029E9F8413CA7B61094D0D9A7","28986779","0","checking C:\Users\steve\code\KillerPDF-Corpus\corpus\regression\arxiv-cc-2025-01-08-to-14-final\2501.05943v1.pdf PDF Version: 1.5 File is not encrypted File is not linearized No syntax or stream encoding errors found; the file may still contain errors that qpdf cannot detect"
"regression/arxiv-cc-2025-01-08-to-14-final/2501.05953v1.pdf","63BE4154918C964EDFFF3091D720F75604FC01169B0CB56C71377B1A7E8B4AFA","11965556","0","checking C:\Users\steve\code\KillerPDF-Corpus\corpus\regression\arxiv-cc-2025-01-08-to-14-final\2501.05953v1.pdf PDF Version: 1.5 File is not encrypted File is not linearized No syntax or stream encoding errors found; the file may still contain errors that qpdf cannot detect"
"regression/arxiv-cc-2025-01-08-to-14-final/2501.05956v1.pdf","EEFD959BBA9541697515977AE8409BCBB951C302CF66F730DFC224D7C36B2DE0","2269173","0","checking C:\Users\steve\code\KillerPDF-Corpus\corpus\regression\arxiv-cc-2025-01-08-to-14-final\2501.05956v1.pdf PDF Version: 1.5 File is not encrypted File is not linearized No syntax or stream encoding errors found; the file may still contain errors that qpdf cannot detect"
"regression/arxiv-cc-2025-01-08-to-14-final/2501.05959v1.pdf","ACBAF1736990D377107966A804655B11360FD25499C80AB25920DCD24BD20EBB","3117687","0","checking C:\Users\steve\code\KillerPDF-Corpus\corpus\regression\arxiv-cc-2025-01-08-to-14-final\2501.05959v1.pdf PDF Version: 1.5 File is not encrypted File is not linearized No syntax or stream encoding errors found; the file may still contain errors that qpdf cannot detect"
"regression/arxiv-cc-2025-01-08-to-14-final/2501.05963v1.pdf","A3F163AEDE44160EF44628C91E23735D3E68ADEB87D53EC9F44CFDFC2DD747C6","301015","0","checking C:\Users\steve\code\KillerPDF-Corpus\corpus\regression\arxiv-cc-2025-01-08-to-14-final\2501.05963v1.pdf PDF Version: 1.5 File is not encrypted File is not linearized No syntax or stream encoding errors found; the file may still contain errors that qpdf cannot detect"
"regression/arxiv-cc-2025-01-08-to-14-final/2501.05984v1.pdf","CC89919A2602A9303E03F8C22CFBAFCBBB657059FC3E8B38169073B7C98BC19E","17829718","0","checking C:\Users\steve\code\KillerPDF-Corpus\corpus\regression\arxiv-cc-2025-01-08-to-14-final\2501.05984v1.pdf PDF Version: 1.5 File is not encrypted File is not linearized No syntax or stream encoding errors found; the file may still contain errors that qpdf cannot detect"
"regression/arxiv-cc-2025-01-08-to-14-final/2501.05997v1.pdf","93CA0BE5DDD44F2BF3B05DE3C54C28BB862C756F7E3A41C78329F69C1506C2F8","7867628","0","checking C:\Users\steve\code\KillerPDF-Corpus\corpus\regression\arxiv-cc-2025-01-08-to-14-final\2501.05997v1.pdf PDF Version: 1.5 File is not encrypted File is not linearized No syntax or stream encoding errors found; the file may still contain errors that qpdf cannot detect"
"regression/arxiv-cc-2025-01-08-to-14-final/2501.06000v1.pdf","8068EC19E4BAD620793220D5D87A07EC75734F2499E470C02D583B3FB129FFF6","16033958","0","checking C:\Users\steve\code\KillerPDF-Corpus\corpus\regression\arxiv-cc-2025-01-08-to-14-final\2501.06000v1.pdf PDF Version: 1.5 File is not encrypted File is not linearized No syntax or stream encoding errors found; the file may still contain errors that qpdf cannot detect"
"regression/arxiv-cc-2025-01-08-to-14-final/2501.06007v2.pdf","AB1FC1C0D59B866A8AEBFCC7FC247341654228C8262DC826F6C5EA773ADEEFCA","23893974","3","checking C:\Users\steve\code\KillerPDF-Corpus\corpus\regression\arxiv-cc-2025-01-08-to-14-final\2501.06007v2.pdf PDF Version: 1.3 File is not encrypted File is not linearized WARNING: C:\Users\steve\code\KillerPDF-Corpus\corpus\regression\arxiv-cc-2025-01-08-to-14-final\2501.06007v2.pdf (object 6 0): object has offset 0 - a common error handled correctly by qpdf and most other applications WARNING: C:\Users\steve\code\KillerPDF-Corpus\corpus\regression\arxiv-cc-2025-01-08-to-14-final\2501.06007v2.pdf (object 8 0): object has offset 0 - a common error handled correctly by qpdf and most other applications WARNING: C:\Users\steve\code\KillerPDF-Corpus\corpus\regression\arxiv-cc-2025-01-08-to-14-final\2501.06007v2.pdf (object 10 0): object has offset 0 - a common error handled correctly by qpdf and most other applications WARNING: C:\Users\steve\code\KillerPDF-Corpus\corpus\regression\arxiv-cc-2025-01-08-to-14-final\2501.06007v2.pdf (object 16 0): object has offset 0 - a common error handled correctly by qpdf and most other applications WARNING: C:\Users\steve\code\KillerPDF-Corpus\corpus\regression\arxiv-cc-2025-01-08-to-14-final\2501.06007v2.pdf (object 26 0): object has offset 0 - a common error handled correctly by qpdf and most other applications WARNING: C:\Users\steve\code\KillerPDF-Corpus\corpus\regression\arxiv-cc-2025-01-08-to-14-final\2501.06007v2.pdf (object 28 0): object has offset 0 - a common error handled correctly by qpdf and most other applications WARNING: C:\Users\steve\code\KillerPDF-Corpus\corpus\regression\arxiv-cc-2025-01-08-to-14-final\2501.06007v2.pdf (object 39 0): object has offset 0 - a common error handled correctly by qpdf and most other applications WARNING: C:\Users\steve\code\KillerPDF-Corpus\corpus\regression\arxiv-cc-2025-01-08-to-14-final\2501.06007v2.pdf (object 45 0): object has offset 0 - a common error handled correctly by qpdf and most other applications WARNING: C:\Users\steve\code\KillerPDF-Corpus\corpus\regression\arxiv-cc-2025-01-08-to-14-final\2501.06007v2.pdf (object 47 0): object has offset 0 - a common error handled correctly by qpdf and most other applications WARNING: C:\Users\steve\code\KillerPDF-Corpus\corpus\regression\arxiv-cc-2025-01-08-to-14-final\2501.06007v2.pdf (object 81 0): object has offset 0 - a common error handled correctly by qpdf and most other applications WARNING: C:\Users\steve\code\KillerPDF-Corpus\corpus\regression\arxiv-cc-2025-01-08-to-14-final\2501.06007v2.pdf (object 83 0): object has offset 0 - a common error handled correctly by qpdf and most other applications WARNING: C:\Users\steve\code\KillerPDF-Corpus\corpus\regression\arxiv-cc-2025-01-08-to-14-final\2501.06007v2.pdf (object 85 0): object has offset 0 - a common error handled correctly by qpdf and most other applications WARNING: C:\Users\steve\code\KillerPDF-Corpus\corpus\regression\arxiv-cc-2025-01-08-to-14-final\2501.06007v2.pdf (object 90 0): object has offset 0 - a common error handled correctly by qpdf and most other applications WARNING: C:\Users\steve\code\KillerPDF-Corpus\corpus\regression\arxiv-cc-2025-01-08-to-14-final\2501.06007v2.pdf (object 92 0): object has offset 0 - a common error handled correctly by qpdf and most other applications WARNING: C:\Users\steve\code\KillerPDF-Corpus\corpus\regression\arxiv-cc-2025-01-08-to-14-final\2501.06007v2.pdf (object 94 0): object has offset 0 - a common error handled correctly by qpdf and most other applications WARNING: C:\Users\steve\code\KillerPDF-Corpus\corpus\regression\arxiv-cc-2025-01-08-to-14-final\2501.06007v2.pdf (object 108 0): object has offset 0 - a common error handled correctly by qpdf and most other applications WARNING: C:\Users\steve\code\KillerPDF-Corpus\corpus\regression\arxiv-cc-2025-01-08-to-14-final\2501.06007v2.pdf (object 110 0): object has offset 0 - a common error handled correctly by qpdf and most other applications WARNING: C:\Users\steve\code\KillerPDF-Corpus\corpus\regression\arxiv-cc-2025-01-08-to-14-final\2501.06007v2.pdf (object 139 0): object has offset 0 - a common error handled correctly by qpdf and most other applications WARNING: C:\Users\steve\code\KillerPDF-Corpus\corpus\regression\arxiv-cc-2025-01-08-to-14-final\2501.06007v2.pdf (object 141 0): object has offset 0 - a common error handled correctly by qpdf and most other applications WARNING: C:\Users\steve\code\KillerPDF-Corpus\corpus\regression\arxiv-cc-2025-01-08-to-14-final\2501.06007v2.pdf (object 143 0): object has offset 0 - a common error handled correctly by qpdf and most other applications WARNING: C:\Users\steve\code\KillerPDF-Corpus\corpus\regression\arxiv-cc-2025-01-08-to-14-final\2501.06007v2.pdf (object 156 0): object has offset 0 - a common error handled correctly by qpdf and most other applications qpdf: operation succeeded with warnings"
"regression/arxiv-cc-2025-01-08-to-14-final/2501.06009v1.pdf","E001F34C428302ACAF7FBEDDE830F4B1C6438C1C904CB6FB6DDBE7D99764E4A7","184077","0","checking C:\Users\steve\code\KillerPDF-Corpus\corpus\regression\arxiv-cc-2025-01-08-to-14-final\2501.06009v1.pdf PDF Version: 1.4 File is not encrypted File is not linearized No syntax or stream encoding errors found; the file may still contain errors that qpdf cannot detect"
"regression/arxiv-cc-2025-01-08-to-14-final/2501.06010v1.pdf","203477482B1C0CEA4416B641C6A7BD7FCE4A5E7B0E01A7229F564E9A755B4A46","5599971","0","checking C:\Users\steve\code\KillerPDF-Corpus\corpus\regression\arxiv-cc-2025-01-08-to-14-final\2501.06010v1.pdf PDF Version: 1.5 File is not encrypted File is not linearized No syntax or stream encoding errors found; the file may still contain errors that qpdf cannot detect"
"regression/arxiv-cc-2025-01-08-to-14-final/2501.06012v1.pdf","4C01ACB7E34BC918929A2BDBE988BD3AFB7B1B3686909E07373F56A71B802BDA","1139493","0","checking C:\Users\steve\code\KillerPDF-Corpus\corpus\regression\arxiv-cc-2025-01-08-to-14-final\2501.06012v1.pdf PDF Version: 1.7 File is not encrypted File is not linearized No syntax or stream encoding errors found; the file may still contain errors that qpdf cannot detect"
"regression/arxiv-cc-2025-01-08-to-14-final/2501.06016v1.pdf","0C419A5F1BB2BC2687A177958FF3F2338FFACD029A09EE8FA0A3F80126F2AA96","2322933","0","checking C:\Users\steve\code\KillerPDF-Corpus\corpus\regression\arxiv-cc-2025-01-08-to-14-final\2501.06016v1.pdf PDF Version: 1.5 File is not encrypted File is not linearized No syntax or stream encoding errors found; the file may still contain errors that qpdf cannot detect"
"regression/arxiv-cc-2025-01-08-to-14-final/2501.06025v1.pdf","E4252F391F140C9648CBBB467DA97690EE82B95C3A02703E19BF022DD1086C9C","192527","0","checking C:\Users\steve\code\KillerPDF-Corpus\corpus\regression\arxiv-cc-2025-01-08-to-14-final\2501.06025v1.pdf PDF Version: 1.5 File is not encrypted File is not linearized No syntax or stream encoding errors found; the file may still contain errors that qpdf cannot detect"
"regression/arxiv-cc-2025-01-08-to-14-final/2501.06027v1.pdf","9DAC99646A0D81CAB23785F41CAA0CB866B0B68C7A23EF153BC0A0439AC7EA0B","7779020","0","checking C:\Users\steve\code\KillerPDF-Corpus\corpus\regression\arxiv-cc-2025-01-08-to-14-final\2501.06027v1.pdf PDF Version: 1.5 File is not encrypted File is not linearized No syntax or stream encoding errors found; the file may still contain errors that qpdf cannot detect"
"regression/arxiv-cc-2025-01-08-to-14-final/2501.06029v1.pdf","98CD2F6C02E9B45CC9059E8B77B6F9973EC04D057670A3EAD282227B75A9F088","1910199","0","checking C:\Users\steve\code\KillerPDF-Corpus\corpus\regression\arxiv-cc-2025-01-08-to-14-final\2501.06029v1.pdf PDF Version: 1.5 File is not encrypted File is not linearized No syntax or stream encoding errors found; the file may still contain errors that qpdf cannot detect"
"regression/arxiv-cc-2025-01-08-to-14-final/2501.06057v1.pdf","FB30B2C6FFD5BF4CA5491030F91260C9BB85988C2B2A4CDB4E4BF580768526C2","1464382","0","checking C:\Users\steve\code\KillerPDF-Corpus\corpus\regression\arxiv-cc-2025-01-08-to-14-final\2501.06057v1.pdf PDF Version: 1.7 File is not encrypted File is not linearized No syntax or stream encoding errors found; the file may still contain errors that qpdf cannot detect"
"regression/arxiv-cc-2025-01-08-to-14-final/2501.06059v1.pdf","A63A2FB46758347E0444C5B55EC604EF7627FFBB0618E5BC3C988499D3B074E1","28237952","0","checking C:\Users\steve\code\KillerPDF-Corpus\corpus\regression\arxiv-cc-2025-01-08-to-14-final\2501.06059v1.pdf PDF Version: 1.5 File is not encrypted File is not linearized No syntax or stream encoding errors found; the file may still contain errors that qpdf cannot detect"
"regression/arxiv-cc-2025-01-08-to-14-final/2501.06061v1.pdf","123ABEE08A36774FB3084D9EB00CFC3F583D7EFB2DDF24F7EE2C48CB342CB4BB","1114943","0","checking C:\Users\steve\code\KillerPDF-Corpus\corpus\regression\arxiv-cc-2025-01-08-to-14-final\2501.06061v1.pdf PDF Version: 1.7 File is not encrypted File is not linearized No syntax or stream encoding errors found; the file may still contain errors that qpdf cannot detect"
"regression/arxiv-cc-2025-01-08-to-14-final/2501.06063v1.pdf","8DE24D0524B98388DFD4D0EB2E982853679B8ED3B72301C90711289A4810A3CA","3608176","0","checking C:\Users\steve\code\KillerPDF-Corpus\corpus\regression\arxiv-cc-2025-01-08-to-14-final\2501.06063v1.pdf PDF Version: 1.5 File is not encrypted File is not linearized No syntax or stream encoding errors found; the file may still contain errors that qpdf cannot detect"
"regression/arxiv-cc-2025-01-08-to-14-final/2501.06070v1.pdf","C370935A2F7D324BC9A3DDA921DEBBCB9E63017A48830247AF579459A5FCA361","818728","0","checking C:\Users\steve\code\KillerPDF-Corpus\corpus\regression\arxiv-cc-2025-01-08-to-14-final\2501.06070v1.pdf PDF Version: 1.5 File is not encrypted File is not linearized No syntax or stream encoding errors found; the file may still contain errors that qpdf cannot detect"
"regression/arxiv-cc-2025-01-08-to-14-final/2501.06072v1.pdf","215681FDBB6DD6C55247DE28C68FD79A4574BE3CCBA66C49867EEC83611229CB","3825481","0","checking C:\Users\steve\code\KillerPDF-Corpus\corpus\regression\arxiv-cc-2025-01-08-to-14-final\2501.06072v1.pdf PDF Version: 1.5 File is not encrypted File is not linearized No syntax or stream encoding errors found; the file may still contain errors that qpdf cannot detect"
"regression/arxiv-cc-2025-01-08-to-14-final/2501.06076v2.pdf","4B8C3A8FF100FE82E55D31A503012A92E4A53DCE08C92572132F5F37D321886E","1623650","0","checking C:\Users\steve\code\KillerPDF-Corpus\corpus\regression\arxiv-cc-2025-01-08-to-14-final\2501.06076v2.pdf PDF Version: 1.5 File is not encrypted File is not linearized No syntax or stream encoding errors found; the file may still contain errors that qpdf cannot detect"
"regression/arxiv-cc-2025-01-08-to-14-final/2501.06079v1.pdf","64279470382C957C9075ACF74E51E68ED0E227B5C48677D511DD1AB1B8C18F0B","243147","0","checking C:\Users\steve\code\KillerPDF-Corpus\corpus\regression\arxiv-cc-2025-01-08-to-14-final\2501.06079v1.pdf PDF Version: 1.4 File is not encrypted File is not linearized No syntax or stream encoding errors found; the file may still contain errors that qpdf cannot detect"
"regression/arxiv-cc-2025-01-08-to-14-final/2501.06086v1.pdf","392C62E168F479B1360DD9D44F8A95F793D8160413CD53C0E3108FF7365F99B5","6923233","0","checking C:\Users\steve\code\KillerPDF-Corpus\corpus\regression\arxiv-cc-2025-01-08-to-14-final\2501.06086v1.pdf PDF Version: 1.5 File is not encrypted File is not linearized No syntax or stream encoding errors found; the file may still contain errors that qpdf cannot detect"
"regression/arxiv-cc-2025-01-08-to-14-final/2501.06092v1.pdf","3839E1730624147C4593A2EB635B6B61D8F9937FD543F1169EB68247CA22E81C","1751200","0","checking C:\Users\steve\code\KillerPDF-Corpus\corpus\regression\arxiv-cc-2025-01-08-to-14-final\2501.06092v1.pdf PDF Version: 1.5 File is not encrypted File is not linearized No syntax or stream encoding errors found; the file may still contain errors that qpdf cannot detect"
"regression/arxiv-cc-2025-01-08-to-14-final/2501.06096v1.pdf","4A75C74B5DD7ACDE987728B74A8D1851B467383BA0C35DA9AC90A3453252CE7B","166327","0","checking C:\Users\steve\code\KillerPDF-Corpus\corpus\regression\arxiv-cc-2025-01-08-to-14-final\2501.06096v1.pdf PDF Version: 1.4 File is not encrypted File is not linearized No syntax or stream encoding errors found; the file may still contain errors that qpdf cannot detect"
"regression/arxiv-cc-2025-01-08-to-14-final/2501.06100v1.pdf","A8789A893BA13E0A962A46D7D60EDE4BD5614D439E467B4093DB0356A61D4864","2925162","0","checking C:\Users\steve\code\KillerPDF-Corpus\corpus\regression\arxiv-cc-2025-01-08-to-14-final\2501.06100v1.pdf PDF Version: 1.5 File is not encrypted File is not linearized No syntax or stream encoding errors found; the file may still contain errors that qpdf cannot detect"
"regression/arxiv-cc-2025-01-08-to-14-final/2501.06102v1.pdf","6AECC249EC0B6ECE29CEB8F3604FA3FFD369841C6C6BEC830A6423642146BF2F","1430204","0","checking C:\Users\steve\code\KillerPDF-Corpus\corpus\regression\arxiv-cc-2025-01-08-to-14-final\2501.06102v1.pdf PDF Version: 1.7 File is not encrypted File is not linearized No syntax or stream encoding errors found; the file may still contain errors that qpdf cannot detect"
"regression/arxiv-cc-2025-01-08-to-14-final/2501.06114v1.pdf","DA7BA6FDFBC8EF131FE9B89AB18EAC3FD92C7AB867F6BF5CA9A545F20D265E83","178253","0","checking C:\Users\steve\code\KillerPDF-Corpus\corpus\regression\arxiv-cc-2025-01-08-to-14-final\2501.06114v1.pdf PDF Version: 1.4 File is not encrypted File is not linearized No syntax or stream encoding errors found; the file may still contain errors that qpdf cannot detect"
"regression/arxiv-cc-2025-01-08-to-14-final/2501.06120v1.pdf","1959F1C800B6ACC71EDD976195A3059818A69991D6439619FA5141C8C1FC6A04","20629914","0","checking C:\Users\steve\code\KillerPDF-Corpus\corpus\regression\arxiv-cc-2025-01-08-to-14-final\2501.06120v1.pdf PDF Version: 1.5 File is not encrypted File is not linearized No syntax or stream encoding errors found; the file may still contain errors that qpdf cannot detect"
"regression/arxiv-cc-2025-01-08-to-14-final/2501.06128v1.pdf","5474F5FA2845B03299E539BFD2ADF51CC36E4C299916AF3168D6352B96C8D127","474194","0","checking C:\Users\steve\code\KillerPDF-Corpus\corpus\regression\arxiv-cc-2025-01-08-to-14-final\2501.06128v1.pdf PDF Version: 1.5 File is not encrypted File is not linearized No syntax or stream encoding errors found; the file may still contain errors that qpdf cannot detect"
"regression/arxiv-cc-2025-01-08-to-14-final/2501.06129v1.pdf","A8FC409C6FB0814C05C463C5AB1E03AF79DC11F2886176564591373CE6243E7D","407316","0","checking C:\Users\steve\code\KillerPDF-Corpus\corpus\regression\arxiv-cc-2025-01-08-to-14-final\2501.06129v1.pdf PDF Version: 1.5 File is not encrypted File is not linearized No syntax or stream encoding errors found; the file may still contain errors that qpdf cannot detect"
"regression/arxiv-cc-2025-01-08-to-14-final/2501.06136v1.pdf","4CDE758A0FDDEE29B5BEAB7EE4AEB92ABD5DEC4DDD212FB53D78648425324ABF","1030042","0","checking C:\Users\steve\code\KillerPDF-Corpus\corpus\regression\arxiv-cc-2025-01-08-to-14-final\2501.06136v1.pdf PDF Version: 1.5 File is not encrypted File is not linearized No syntax or stream encoding errors found; the file may still contain errors that qpdf cannot detect"
"regression/arxiv-cc-2025-01-08-to-14-final/2501.06149v1.pdf","3AC8B677297AF72937AB33BAD8A4EBE12EC26BD171636DE0F3A20D5AD8CEA009","8425153","0","checking C:\Users\steve\code\KillerPDF-Corpus\corpus\regression\arxiv-cc-2025-01-08-to-14-final\2501.06149v1.pdf PDF Version: 1.5 File is not encrypted File is not linearized No syntax or stream encoding errors found; the file may still contain errors that qpdf cannot detect"
"regression/arxiv-cc-2025-01-08-to-14-final/2501.06150v1.pdf","34B415BCD812ED81DE234C74DC59D6B563469227F84A98F8E3A87A40BCDEAC5E","966112","0","checking C:\Users\steve\code\KillerPDF-Corpus\corpus\regression\arxiv-cc-2025-01-08-to-14-final\2501.06150v1.pdf PDF Version: 1.5 File is not encrypted File is not linearized No syntax or stream encoding errors found; the file may still contain errors that qpdf cannot detect"
"regression/arxiv-cc-2025-01-08-to-14-final/2501.06152v1.pdf","93FA2852F0F5C18213435C7439C531AED2985682B4F64423FCAEF930B2797894","133075","0","checking C:\Users\steve\code\KillerPDF-Corpus\corpus\regression\arxiv-cc-2025-01-08-to-14-final\2501.06152v1.pdf PDF Version: 1.4 File is not encrypted File is not linearized No syntax or stream encoding errors found; the file may still contain errors that qpdf cannot detect"
"regression/arxiv-cc-2025-01-08-to-14-final/2501.06153v1.pdf","AAEB772D2591015D00418E8E38BA2106C7464173B6E3D0819C6D2B82628350E3","356081","0","checking C:\Users\steve\code\KillerPDF-Corpus\corpus\regression\arxiv-cc-2025-01-08-to-14-final\2501.06153v1.pdf PDF Version: 1.4 File is not encrypted File is not linearized No syntax or stream encoding errors found; the file may still contain errors that qpdf cannot detect"
"regression/arxiv-cc-2025-01-08-to-14-final/2501.06154v1.pdf","910AFB1C527CCCEA217D3D5860F105819D5F0133D0B63810165F6FDF71E0FFC1","935403","0","checking C:\Users\steve\code\KillerPDF-Corpus\corpus\regression\arxiv-cc-2025-01-08-to-14-final\2501.06154v1.pdf PDF Version: 1.5 File is not encrypted File is not linearized No syntax or stream encoding errors found; the file may still contain errors that qpdf cannot detect"
"regression/arxiv-cc-2025-01-08-to-14-final/2501.06155v1.pdf","8B2FA2ED9CA22F0875F194EB1E0F0A7ABC85155816730B8C615B22DDD2BACAB1","1627518","0","checking C:\Users\steve\code\KillerPDF-Corpus\corpus\regression\arxiv-cc-2025-01-08-to-14-final\2501.06155v1.pdf PDF Version: 1.5 File is not encrypted File is not linearized No syntax or stream encoding errors found; the file may still contain errors that qpdf cannot detect"
"regression/arxiv-cc-2025-01-08-to-14-final/2501.06156v1.pdf","E9E2892D2558E15EB50CD07722277DAC5CF6B238E36FAA8D9DB4CBB2D166BAAA","9469472","0","checking C:\Users\steve\code\KillerPDF-Corpus\corpus\regression\arxiv-cc-2025-01-08-to-14-final\2501.06156v1.pdf PDF Version: 1.5 File is not encrypted File is not linearized No syntax or stream encoding errors found; the file may still contain errors that qpdf cannot detect"
"regression/arxiv-cc-2025-01-08-to-14-final/2501.06161v2.pdf","957E304E79B66EA884D238C5A5DD32FE6C8EED6262769F0DFEA88C55937CC017","3092547","0","checking C:\Users\steve\code\KillerPDF-Corpus\corpus\regression\arxiv-cc-2025-01-08-to-14-final\2501.06161v2.pdf PDF Version: 1.5 File is not encrypted File is not linearized No syntax or stream encoding errors found; the file may still contain errors that qpdf cannot detect"
"regression/arxiv-cc-2025-01-08-to-14-final/2501.06166v1.pdf","EF5C189AAE4B08EF2EFED4D1FEF8CCE28C91D8C3EF9DA9E6C0068FB5BB7EEB9A","480940","0","checking C:\Users\steve\code\KillerPDF-Corpus\corpus\regression\arxiv-cc-2025-01-08-to-14-final\2501.06166v1.pdf PDF Version: 1.5 File is not encrypted File is not linearized No syntax or stream encoding errors found; the file may still contain errors that qpdf cannot detect"
"regression/arxiv-cc-2025-01-08-to-14-final/2501.06169v1.pdf","18087D8F2A4037D36729602B4F078613C3F1DAE695EC251BACD68FC791DEDB67","3554246","0","checking C:\Users\steve\code\KillerPDF-Corpus\corpus\regression\arxiv-cc-2025-01-08-to-14-final\2501.06169v1.pdf PDF Version: 1.5 File is not encrypted File is not linearized No syntax or stream encoding errors found; the file may still contain errors that qpdf cannot detect"
"regression/arxiv-cc-2025-01-08-to-14-final/2501.06186v1.pdf","02E72A82E11143AE3DF9D86C6C5A7802189131709DBFCFE9CFD106E15E5E35C5","1875000","0","checking C:\Users\steve\code\KillerPDF-Corpus\corpus\regression\arxiv-cc-2025-01-08-to-14-final\2501.06186v1.pdf PDF Version: 1.5 File is not encrypted File is not linearized No syntax or stream encoding errors found; the file may still contain errors that qpdf cannot detect"
"regression/arxiv-cc-2025-01-08-to-14-final/2501.06191v1.pdf","7C282343DF85D62B08CE9DAD8EBC5A56A4AD9EE88C8650607FC80D86DEC1458E","801423","0","checking C:\Users\steve\code\KillerPDF-Corpus\corpus\regression\arxiv-cc-2025-01-08-to-14-final\2501.06191v1.pdf PDF Version: 1.7 File is not encrypted File is not linearized No syntax or stream encoding errors found; the file may still contain errors that qpdf cannot detect"
"regression/arxiv-cc-2025-01-08-to-14-final/2501.06193v1.pdf","0887F2D128A120955286CFD89642DABE7F93B6DC284FFD2BBE181D91398938F3","2393100","0","checking C:\Users\steve\code\KillerPDF-Corpus\corpus\regression\arxiv-cc-2025-01-08-to-14-final\2501.06193v1.pdf PDF Version: 1.5 File is not encrypted File is not linearized No syntax or stream encoding errors found; the file may still contain errors that qpdf cannot detect"
"regression/arxiv-cc-2025-01-08-to-14-final/2501.06210v1.pdf","76D35EB1A382D6585D952ACEBDA2C26BBB0913FA8341CFB615897F7E8DAC85C2","583919","0","checking C:\Users\steve\code\KillerPDF-Corpus\corpus\regression\arxiv-cc-2025-01-08-to-14-final\2501.06210v1.pdf PDF Version: 1.7 File is not encrypted File is not linearized No syntax or stream encoding errors found; the file may still contain errors that qpdf cannot detect"
"regression/arxiv-cc-2025-01-08-to-14-final/2501.06212v1.pdf","B0E7446FA10B7B6768E55DAD7C71D2EA5E0E829A41655DD5E6745AD125461A24","4302951","0","checking C:\Users\steve\code\KillerPDF-Corpus\corpus\regression\arxiv-cc-2025-01-08-to-14-final\2501.06212v1.pdf PDF Version: 1.5 File is not encrypted File is not linearized No syntax or stream encoding errors found; the file may still contain errors that qpdf cannot detect"
"regression/arxiv-cc-2025-01-08-to-14-final/2501.06217v1.pdf","5DE58C66FE98F1E94A1ACBC7EC9DF310EF4D78D1096A6691AEEA91E6C0EA2482","563959","0","checking C:\Users\steve\code\KillerPDF-Corpus\corpus\regression\arxiv-cc-2025-01-08-to-14-final\2501.06217v1.pdf PDF Version: 1.5 File is not encrypted File is not linearized No syntax or stream encoding errors found; the file may still contain errors that qpdf cannot detect"
"regression/arxiv-cc-2025-01-08-to-14-final/2501.06218v1.pdf","437095FBE490B8F431526BEE8BCDF6584798D0D3C0F816BBE2C27656CDF203C1","3082869","0","checking C:\Users\steve\code\KillerPDF-Corpus\corpus\regression\arxiv-cc-2025-01-08-to-14-final\2501.06218v1.pdf PDF Version: 1.5 File is not encrypted File is not linearized No syntax or stream encoding errors found; the file may still contain errors that qpdf cannot detect"
"regression/arxiv-cc-2025-01-08-to-14-final/2501.06219v1.pdf","CF9CC39C8C6C8414FA1EA6C07A10E60A2209E1E90BCB66ED7996AED402654C12","3462226","0","checking C:\Users\steve\code\KillerPDF-Corpus\corpus\regression\arxiv-cc-2025-01-08-to-14-final\2501.06219v1.pdf PDF Version: 1.5 File is not encrypted File is not linearized No syntax or stream encoding errors found; the file may still contain errors that qpdf cannot detect"
"regression/arxiv-cc-2025-01-08-to-14-final/2501.06220v1.pdf","F5538221F9E070841715CC63C0E005CA031C52E9085DF520A46346CF39075BA4","555111","0","checking C:\Users\steve\code\KillerPDF-Corpus\corpus\regression\arxiv-cc-2025-01-08-to-14-final\2501.06220v1.pdf PDF Version: 1.5 File is not encrypted File is not linearized No syntax or stream encoding errors found; the file may still contain errors that qpdf cannot detect"
"regression/arxiv-cc-2025-01-08-to-14-final/2501.06227v1.pdf","8BB8E423CC255F5EDB51EE4AE42CCBFED438367BDFF824FBDAC807C07274225D","704927","0","checking C:\Users\steve\code\KillerPDF-Corpus\corpus\regression\arxiv-cc-2025-01-08-to-14-final\2501.06227v1.pdf PDF Version: 1.7 File is not encrypted File is not linearized No syntax or stream encoding errors found; the file may still contain errors that qpdf cannot detect"
"regression/arxiv-cc-2025-01-08-to-14-final/2501.06236v1.pdf","E0910ACC547A61CF045AE3BC1B6BE2F7D9AEE225B0FD06D4E68FBA2C22895818","4611855","0","checking C:\Users\steve\code\KillerPDF-Corpus\corpus\regression\arxiv-cc-2025-01-08-to-14-final\2501.06236v1.pdf PDF Version: 1.5 File is not encrypted File is not linearized No syntax or stream encoding errors found; the file may still contain errors that qpdf cannot detect"
"regression/arxiv-cc-2025-01-08-to-14-final/2501.06237v1.pdf","789391FAF50E102CB0B471CB6C091A35AA9D0F7BA5628C6F18921D97472284DA","330335","0","checking C:\Users\steve\code\KillerPDF-Corpus\corpus\regression\arxiv-cc-2025-01-08-to-14-final\2501.06237v1.pdf PDF Version: 1.5 File is not encrypted File is not linearized No syntax or stream encoding errors found; the file may still contain errors that qpdf cannot detect"
"regression/arxiv-cc-2025-01-08-to-14-final/2501.06239v1.pdf","BD9FCBE0BB091EC647FB9133C9B6D250F83259897AC8EA677761ED89D0E459CC","145225","3","checking C:\Users\steve\code\KillerPDF-Corpus\corpus\regression\arxiv-cc-2025-01-08-to-14-final\2501.06239v1.pdf PDF Version: 1.7 File is not encrypted File is not linearized WARNING: C:\Users\steve\code\KillerPDF-Corpus\corpus\regression\arxiv-cc-2025-01-08-to-14-final\2501.06239v1.pdf (object 299 0, offset 144251): empty object treated as null qpdf: operation succeeded with warnings"
"regression/arxiv-cc-2025-01-08-to-14-final/2501.06241v1.pdf","25D112965CE9E801C77B03475CCEDF8B1FD30D7B62D50790EABF6DA0CCC80949","752748","0","checking C:\Users\steve\code\KillerPDF-Corpus\corpus\regression\arxiv-cc-2025-01-08-to-14-final\2501.06241v1.pdf PDF Version: 1.5 File is not encrypted File is not linearized No syntax or stream encoding errors found; the file may still contain errors that qpdf cannot detect"
"regression/arxiv-cc-2025-01-08-to-14-final/2501.06243v1.pdf","85CC02DA39598A46CDA8D329C30AFA509AE2712070D5A061CA172E3705AE129A","422135","0","checking C:\Users\steve\code\KillerPDF-Corpus\corpus\regression\arxiv-cc-2025-01-08-to-14-final\2501.06243v1.pdf PDF Version: 1.5 File is not encrypted File is linearized No syntax or stream encoding errors found; the file may still contain errors that qpdf cannot detect"
"regression/arxiv-cc-2025-01-08-to-14-final/2501.06255v1.pdf","17F411DEDC8068D7815E394AF251DBC885751E8C2FA3EB62E685794C812831DB","912335","0","checking C:\Users\steve\code\KillerPDF-Corpus\corpus\regression\arxiv-cc-2025-01-08-to-14-final\2501.06255v1.pdf PDF Version: 1.5 File is not encrypted File is not linearized No syntax or stream encoding errors found; the file may still contain errors that qpdf cannot detect"
"regression/arxiv-cc-2025-01-08-to-14-final/2501.06258v1.pdf","39E07D85E6EAA29565DFB579E35BBF197591EFB9FA37AB3E683CA2485E60083A","2108473","0","checking C:\Users\steve\code\KillerPDF-Corpus\corpus\regression\arxiv-cc-2025-01-08-to-14-final\2501.06258v1.pdf PDF Version: 1.5 File is not encrypted File is not linearized No syntax or stream encoding errors found; the file may still contain errors that qpdf cannot detect"
"regression/arxiv-cc-2025-01-08-to-14-final/2501.06271v1.pdf","417F1C43A3C11B371C7D52106E8B5A1DA9C89296C2967CC299B38C00674F29F7","1027307","0","checking C:\Users\steve\code\KillerPDF-Corpus\corpus\regression\arxiv-cc-2025-01-08-to-14-final\2501.06271v1.pdf PDF Version: 1.5 File is not encrypted File is not linearized No syntax or stream encoding errors found; the file may still contain errors that qpdf cannot detect"
"regression/arxiv-cc-2025-01-08-to-14-final/2501.06272v1.pdf","73727E88771155E16298764780194E4CB8360EBD869D665B46A7C9CB96ADE4FD","1910336","0","checking C:\Users\steve\code\KillerPDF-Corpus\corpus\regression\arxiv-cc-2025-01-08-to-14-final\2501.06272v1.pdf PDF Version: 1.5 File is not encrypted File is not linearized No syntax or stream encoding errors found; the file may still contain errors that qpdf cannot detect"
"regression/arxiv-cc-2025-01-08-to-14-final/2501.06273v1.pdf","741F6418874461EA36FEDB119AC0EE2C8699EF96036A924555FA9E4C15C0CB07","1111352","0","checking C:\Users\steve\code\KillerPDF-Corpus\corpus\regression\arxiv-cc-2025-01-08-to-14-final\2501.06273v1.pdf PDF Version: 1.5 File is not encrypted File is not linearized No syntax or stream encoding errors found; the file may still contain errors that qpdf cannot detect"
"regression/arxiv-cc-2025-01-08-to-14-final/2501.06276v1.pdf","77E3000A8344BCA9E5FDC31BECD7AE781C8ADA8F821A95FCB031DB6EB89E182F","2812664","0","checking C:\Users\steve\code\KillerPDF-Corpus\corpus\regression\arxiv-cc-2025-01-08-to-14-final\2501.06276v1.pdf PDF Version: 1.5 File is not encrypted File is not linearized No syntax or stream encoding errors found; the file may still contain errors that qpdf cannot detect"
"regression/arxiv-cc-2025-01-08-to-14-final/2501.06277v1.pdf","40200408B6F0E17BC01BB67B1C6572992352B02F028FA4A9F9528D7BBD2B0A50","523805","3","checking C:\Users\steve\code\KillerPDF-Corpus\corpus\regression\arxiv-cc-2025-01-08-to-14-final\2501.06277v1.pdf PDF Version: 1.3 File is not encrypted File is not linearized WARNING: C:\Users\steve\code\KillerPDF-Corpus\corpus\regression\arxiv-cc-2025-01-08-to-14-final\2501.06277v1.pdf (object 6 0): object has offset 0 - a common error handled correctly by qpdf and most other applications WARNING: C:\Users\steve\code\KillerPDF-Corpus\corpus\regression\arxiv-cc-2025-01-08-to-14-final\2501.06277v1.pdf (object 8 0): object has offset 0 - a common error handled correctly by qpdf and most other applications WARNING: C:\Users\steve\code\KillerPDF-Corpus\corpus\regression\arxiv-cc-2025-01-08-to-14-final\2501.06277v1.pdf (object 10 0): object has offset 0 - a common error handled correctly by qpdf and most other applications WARNING: C:\Users\steve\code\KillerPDF-Corpus\corpus\regression\arxiv-cc-2025-01-08-to-14-final\2501.06277v1.pdf (object 19 0): object has offset 0 - a common error handled correctly by qpdf and most other applications WARNING: C:\Users\steve\code\KillerPDF-Corpus\corpus\regression\arxiv-cc-2025-01-08-to-14-final\2501.06277v1.pdf (object 33 0): object has offset 0 - a common error handled correctly by qpdf and most other applications WARNING: C:\Users\steve\code\KillerPDF-Corpus\corpus\regression\arxiv-cc-2025-01-08-to-14-final\2501.06277v1.pdf (object 48 0): object has offset 0 - a common error handled correctly by qpdf and most other applications WARNING: C:\Users\steve\code\KillerPDF-Corpus\corpus\regression\arxiv-cc-2025-01-08-to-14-final\2501.06277v1.pdf (object 50 0): object has offset 0 - a common error handled correctly by qpdf and most other applications WARNING: C:\Users\steve\code\KillerPDF-Corpus\corpus\regression\arxiv-cc-2025-01-08-to-14-final\2501.06277v1.pdf (object 52 0): object has offset 0 - a common error handled correctly by qpdf and most other applications WARNING: C:\Users\steve\code\KillerPDF-Corpus\corpus\regression\arxiv-cc-2025-01-08-to-14-final\2501.06277v1.pdf (object 54 0): object has offset 0 - a common error handled correctly by qpdf and most other applications WARNING: C:\Users\steve\code\KillerPDF-Corpus\corpus\regression\arxiv-cc-2025-01-08-to-14-final\2501.06277v1.pdf (object 56 0): object has offset 0 - a common error handled correctly by qpdf and most other applications WARNING: C:\Users\steve\code\KillerPDF-Corpus\corpus\regression\arxiv-cc-2025-01-08-to-14-final\2501.06277v1.pdf (object 58 0): object has offset 0 - a common error handled correctly by qpdf and most other applications WARNING: C:\Users\steve\code\KillerPDF-Corpus\corpus\regression\arxiv-cc-2025-01-08-to-14-final\2501.06277v1.pdf (object 60 0): object has offset 0 - a common error handled correctly by qpdf and most other applications WARNING: C:\Users\steve\code\KillerPDF-Corpus\corpus\regression\arxiv-cc-2025-01-08-to-14-final\2501.06277v1.pdf (object 62 0): object has offset 0 - a common error handled correctly by qpdf and most other applications WARNING: C:\Users\steve\code\KillerPDF-Corpus\corpus\regression\arxiv-cc-2025-01-08-to-14-final\2501.06277v1.pdf (object 64 0): object has offset 0 - a common error handled correctly by qpdf and most other applications WARNING: C:\Users\steve\code\KillerPDF-Corpus\corpus\regression\arxiv-cc-2025-01-08-to-14-final\2501.06277v1.pdf (object 66 0): object has offset 0 - a common error handled correctly by qpdf and most other applications WARNING: C:\Users\steve\code\KillerPDF-Corpus\corpus\regression\arxiv-cc-2025-01-08-to-14-final\2501.06277v1.pdf (object 68 0): object has offset 0 - a common error handled correctly by qpdf and most other applications WARNING: C:\Users\steve\code\KillerPDF-Corpus\corpus\regression\arxiv-cc-2025-01-08-to-14-final\2501.06277v1.pdf (object 70 0): object has offset 0 - a common error handled correctly by qpdf and most other applications WARNING: C:\Users\steve\code\KillerPDF-Corpus\corpus\regression\arxiv-cc-2025-01-08-to-14-final\2501.06277v1.pdf (object 72 0): object has offset 0 - a common error handled correctly by qpdf and most other applications WARNING: C:\Users\steve\code\KillerPDF-Corpus\corpus\regression\arxiv-cc-2025-01-08-to-14-final\2501.06277v1.pdf (object 74 0): object has offset 0 - a common error handled correctly by qpdf and most other applications WARNING: C:\Users\steve\code\KillerPDF-Corpus\corpus\regression\arxiv-cc-2025-01-08-to-14-final\2501.06277v1.pdf (object 76 0): object has offset 0 - a common error handled correctly by qpdf and most other applications WARNING: C:\Users\steve\code\KillerPDF-Corpus\corpus\regression\arxiv-cc-2025-01-08-to-14-final\2501.06277v1.pdf (object 83 0): object has offset 0 - a common error handled correctly by qpdf and most other applications WARNING: C:\Users\steve\code\KillerPDF-Corpus\corpus\regression\arxiv-cc-2025-01-08-to-14-final\2501.06277v1.pdf (object 85 0): object has offset 0 - a common error handled correctly by qpdf and most other applications WARNING: C:\Users\steve\code\KillerPDF-Corpus\corpus\regression\arxiv-cc-2025-01-08-to-14-final\2501.06277v1.pdf (object 95 0): object has offset 0 - a common error handled correctly by qpdf and most other applications qpdf: operation succeeded with warnings"
"regression/arxiv-cc-2025-01-08-to-14-final/2501.06281v1.pdf","D3FBEEA8FD1D767EC8E685A2A7D425F776980B83260A1E0116B3C5C13A49BC3F","384440","3","checking C:\Users\steve\code\KillerPDF-Corpus\corpus\regression\arxiv-cc-2025-01-08-to-14-final\2501.06281v1.pdf PDF Version: 1.3 File is not encrypted File is not linearized WARNING: C:\Users\steve\code\KillerPDF-Corpus\corpus\regression\arxiv-cc-2025-01-08-to-14-final\2501.06281v1.pdf (object 6 0): object has offset 0 - a common error handled correctly by qpdf and most other applications WARNING: C:\Users\steve\code\KillerPDF-Corpus\corpus\regression\arxiv-cc-2025-01-08-to-14-final\2501.06281v1.pdf (object 8 0): object has offset 0 - a common error handled correctly by qpdf and most other applications WARNING: C:\Users\steve\code\KillerPDF-Corpus\corpus\regression\arxiv-cc-2025-01-08-to-14-final\2501.06281v1.pdf (object 10 0): object has offset 0 - a common error handled correctly by qpdf and most other applications WARNING: C:\Users\steve\code\KillerPDF-Corpus\corpus\regression\arxiv-cc-2025-01-08-to-14-final\2501.06281v1.pdf (object 12 0): object has offset 0 - a common error handled correctly by qpdf and most other applications WARNING: C:\Users\steve\code\KillerPDF-Corpus\corpus\regression\arxiv-cc-2025-01-08-to-14-final\2501.06281v1.pdf (object 14 0): object has offset 0 - a common error handled correctly by qpdf and most other applications WARNING: C:\Users\steve\code\KillerPDF-Corpus\corpus\regression\arxiv-cc-2025-01-08-to-14-final\2501.06281v1.pdf (object 16 0): object has offset 0 - a common error handled correctly by qpdf and most other applications WARNING: C:\Users\steve\code\KillerPDF-Corpus\corpus\regression\arxiv-cc-2025-01-08-to-14-final\2501.06281v1.pdf (object 18 0): object has offset 0 - a common error handled correctly by qpdf and most other applications WARNING: C:\Users\steve\code\KillerPDF-Corpus\corpus\regression\arxiv-cc-2025-01-08-to-14-final\2501.06281v1.pdf (object 20 0): object has offset 0 - a common error handled correctly by qpdf and most other applications WARNING: C:\Users\steve\code\KillerPDF-Corpus\corpus\regression\arxiv-cc-2025-01-08-to-14-final\2501.06281v1.pdf (object 22 0): object has offset 0 - a common error handled correctly by qpdf and most other applications WARNING: C:\Users\steve\code\KillerPDF-Corpus\corpus\regression\arxiv-cc-2025-01-08-to-14-final\2501.06281v1.pdf (object 24 0): object has offset 0 - a common error handled correctly by qpdf and most other applications WARNING: C:\Users\steve\code\KillerPDF-Corpus\corpus\regression\arxiv-cc-2025-01-08-to-14-final\2501.06281v1.pdf (object 26 0): object has offset 0 - a common error handled correctly by qpdf and most other applications WARNING: C:\Users\steve\code\KillerPDF-Corpus\corpus\regression\arxiv-cc-2025-01-08-to-14-final\2501.06281v1.pdf (object 28 0): object has offset 0 - a common error handled correctly by qpdf and most other applications WARNING: C:\Users\steve\code\KillerPDF-Corpus\corpus\regression\arxiv-cc-2025-01-08-to-14-final\2501.06281v1.pdf (object 30 0): object has offset 0 - a common error handled correctly by qpdf and most other applications WARNING: C:\Users\steve\code\KillerPDF-Corpus\corpus\regression\arxiv-cc-2025-01-08-to-14-final\2501.06281v1.pdf (object 32 0): object has offset 0 - a common error handled correctly by qpdf and most other applications WARNING: C:\Users\steve\code\KillerPDF-Corpus\corpus\regression\arxiv-cc-2025-01-08-to-14-final\2501.06281v1.pdf (object 34 0): object has offset 0 - a common error handled correctly by qpdf and most other applications WARNING: C:\Users\steve\code\KillerPDF-Corpus\corpus\regression\arxiv-cc-2025-01-08-to-14-final\2501.06281v1.pdf (object 40 0): object has offset 0 - a common error handled correctly by qpdf and most other applications WARNING: C:\Users\steve\code\KillerPDF-Corpus\corpus\regression\arxiv-cc-2025-01-08-to-14-final\2501.06281v1.pdf (object 42 0): object has offset 0 - a common error handled correctly by qpdf and most other applications WARNING: C:\Users\steve\code\KillerPDF-Corpus\corpus\regression\arxiv-cc-2025-01-08-to-14-final\2501.06281v1.pdf (object 44 0): object has offset 0 - a common error handled correctly by qpdf and most other applications WARNING: C:\Users\steve\code\KillerPDF-Corpus\corpus\regression\arxiv-cc-2025-01-08-to-14-final\2501.06281v1.pdf (object 46 0): object has offset 0 - a common error handled correctly by qpdf and most other applications WARNING: C:\Users\steve\code\KillerPDF-Corpus\corpus\regression\arxiv-cc-2025-01-08-to-14-final\2501.06281v1.pdf (object 49 0): object has offset 0 - a common error handled correctly by qpdf and most other applications WARNING: C:\Users\steve\code\KillerPDF-Corpus\corpus\regression\arxiv-cc-2025-01-08-to-14-final\2501.06281v1.pdf (object 51 0): object has offset 0 - a common error handled correctly by qpdf and most other applications WARNING: C:\Users\steve\code\KillerPDF-Corpus\corpus\regression\arxiv-cc-2025-01-08-to-14-final\2501.06281v1.pdf (object 78 0): object has offset 0 - a common error handled correctly by qpdf and most other applications WARNING: C:\Users\steve\code\KillerPDF-Corpus\corpus\regression\arxiv-cc-2025-01-08-to-14-final\2501.06281v1.pdf (object 91 0): object has offset 0 - a common error handled correctly by qpdf and most other applications WARNING: C:\Users\steve\code\KillerPDF-Corpus\corpus\regression\arxiv-cc-2025-01-08-to-14-final\2501.06281v1.pdf (object 93 0): object has offset 0 - a common error handled correctly by qpdf and most other applications qpdf: operation succeeded with warnings"
"regression/arxiv-cc-2025-01-08-to-14-final/2501.06290v1.pdf","7332FF4E85E232427B15E686CC077F3FAC088E708012CD68B9E6C3A815CE80DB","3525755","3","checking C:\Users\steve\code\KillerPDF-Corpus\corpus\regression\arxiv-cc-2025-01-08-to-14-final\2501.06290v1.pdf PDF Version: 1.7 File is not encrypted File is not linearized WARNING: C:\Users\steve\code\KillerPDF-Corpus\corpus\regression\arxiv-cc-2025-01-08-to-14-final\2501.06290v1.pdf (Name/Number tree node (object 963)): name/number tree node has neither non-empty /Names nor /Kids qpdf: operation succeeded with warnings"
"regression/arxiv-cc-2025-01-08-to-14-final/2501.06303v1.pdf","8B5885A96AF9770DD053135A42656E10BB1C9513788B2402DE17098837BCAA86","9699489","0","checking C:\Users\steve\code\KillerPDF-Corpus\corpus\regression\arxiv-cc-2025-01-08-to-14-final\2501.06303v1.pdf PDF Version: 1.5 File is not encrypted File is not linearized No syntax or stream encoding errors found; the file may still contain errors that qpdf cannot detect"
"regression/arxiv-cc-2025-01-08-to-14-final/2501.06304v1.pdf","A92CD4EFC173B783AF51A6804132A507CFFB9866D60E10E4E987A9BBD661AA29","1485841","0","checking C:\Users\steve\code\KillerPDF-Corpus\corpus\regression\arxiv-cc-2025-01-08-to-14-final\2501.06304v1.pdf PDF Version: 1.5 File is not encrypted File is not linearized No syntax or stream encoding errors found; the file may still contain errors that qpdf cannot detect"
"regression/arxiv-cc-2025-01-08-to-14-final/2501.06305v1.pdf","3BE0E12CC6C0DB88FB2C475DBD594225EAB4E4A0D9F117AB0BA23473FA79F4CB","1942067","0","checking C:\Users\steve\code\KillerPDF-Corpus\corpus\regression\arxiv-cc-2025-01-08-to-14-final\2501.06305v1.pdf PDF Version: 1.5 File is not encrypted File is not linearized No syntax or stream encoding errors found; the file may still contain errors that qpdf cannot detect"
"regression/arxiv-cc-2025-01-08-to-14-final/2501.06306v1.pdf","D1E3E4A2567F9BE64FCF6AE6B25E6311877BD3C613E29E1E275CD1695638EA88","431714","0","checking C:\Users\steve\code\KillerPDF-Corpus\corpus\regression\arxiv-cc-2025-01-08-to-14-final\2501.06306v1.pdf PDF Version: 1.5 File is not encrypted File is not linearized No syntax or stream encoding errors found; the file may still contain errors that qpdf cannot detect"
"regression/arxiv-cc-2025-01-08-to-14-final/2501.06310v1.pdf","FF8D460DF895AFFE2C9ABCD66161A23CA9BC9FB8E6607DAB1A9A8C642B1646B1","1986258","0","checking C:\Users\steve\code\KillerPDF-Corpus\corpus\regression\arxiv-cc-2025-01-08-to-14-final\2501.06310v1.pdf PDF Version: 1.5 File is not encrypted File is not linearized No syntax or stream encoding errors found; the file may still contain errors that qpdf cannot detect"
"regression/arxiv-cc-2025-01-08-to-14-final/2501.06313v1.pdf","DC1642036D8F1B76833CF134346F6BFA0033FAEBE5F3387F2194C3D4757941FB","1199639","0","checking C:\Users\steve\code\KillerPDF-Corpus\corpus\regression\arxiv-cc-2025-01-08-to-14-final\2501.06313v1.pdf PDF Version: 1.5 File is not encrypted File is not linearized No syntax or stream encoding errors found; the file may still contain errors that qpdf cannot detect"
"regression/arxiv-cc-2025-01-08-to-14-final/2501.06314v1.pdf","3C3293284D7C3B56183DA8985613B814FE3E49C0C3D5F72671F72CE319476972","786226","0","checking C:\Users\steve\code\KillerPDF-Corpus\corpus\regression\arxiv-cc-2025-01-08-to-14-final\2501.06314v1.pdf PDF Version: 1.5 File is not encrypted File is not linearized No syntax or stream encoding errors found; the file may still contain errors that qpdf cannot detect"
"regression/arxiv-cc-2025-01-08-to-14-final/2501.06316v1.pdf","563765330F096EE6C761BB7B688CF8BB0FEB4E56E8DBD1D1EC44D62877ACD5B0","7248257","0","checking C:\Users\steve\code\KillerPDF-Corpus\corpus\regression\arxiv-cc-2025-01-08-to-14-final\2501.06316v1.pdf PDF Version: 1.5 File is not encrypted File is not linearized No syntax or stream encoding errors found; the file may still contain errors that qpdf cannot detect"
"regression/arxiv-cc-2025-01-08-to-14-final/2501.06317v1.pdf","D27A653C48986F6D4146E3FFBAC99960A66F7757CF2EC8A6D5ACD674EEFBEBEE","1653748","0","checking C:\Users\steve\code\KillerPDF-Corpus\corpus\regression\arxiv-cc-2025-01-08-to-14-final\2501.06317v1.pdf PDF Version: 1.5 File is not encrypted File is not linearized No syntax or stream encoding errors found; the file may still contain errors that qpdf cannot detect"
"regression/arxiv-cc-2025-01-08-to-14-final/2501.06319v1.pdf","F9B2EA628E9F769894DD6145D6E7FAA0AE7D4C83CCEE068FB8C6326D067B23FD","436326","0","checking C:\Users\steve\code\KillerPDF-Corpus\corpus\regression\arxiv-cc-2025-01-08-to-14-final\2501.06319v1.pdf PDF Version: 1.7 File is not encrypted File is not linearized No syntax or stream encoding errors found; the file may still contain errors that qpdf cannot detect"
"regression/arxiv-cc-2025-01-08-to-14-final/2501.06334v1.pdf","8676D19D0217DABB8D6663EEC1DCDA412599CC00793E4610887424F1C6026571","1552615","0","checking C:\Users\steve\code\KillerPDF-Corpus\corpus\regression\arxiv-cc-2025-01-08-to-14-final\2501.06334v1.pdf PDF Version: 1.5 File is not encrypted File is not linearized No syntax or stream encoding errors found; the file may still contain errors that qpdf cannot detect"
"regression/arxiv-cc-2025-01-08-to-14-final/2501.06335v1.pdf","9FF859EC81924F9995958ADF3F2C2D9E26BFFBFAFA0DC1A0E678E4A248C1F14B","1361634","3","checking C:\Users\steve\code\KillerPDF-Corpus\corpus\regression\arxiv-cc-2025-01-08-to-14-final\2501.06335v1.pdf PDF Version: 1.7 File is not encrypted File is linearized WARNING: C:\Users\steve\code\KillerPDF-Corpus\corpus\regression\arxiv-cc-2025-01-08-to-14-final\2501.06335v1.pdf: linearized file contains an uncompressed object after a compressed one in a cross-reference stream WARNING: C:\Users\steve\code\KillerPDF-Corpus\corpus\regression\arxiv-cc-2025-01-08-to-14-final\2501.06335v1.pdf: first shared object offset mismatch: hint table = 991756; computed = 991220 WARNING: C:\Users\steve\code\KillerPDF-Corpus\corpus\regression\arxiv-cc-2025-01-08-to-14-final\2501.06335v1.pdf: page 0 has shared identifier entries WARNING: C:\Users\steve\code\KillerPDF-Corpus\corpus\regression\arxiv-cc-2025-01-08-to-14-final\2501.06335v1.pdf: page 0: shared object 1913: in hint table but not computed list WARNING: C:\Users\steve\code\KillerPDF-Corpus\corpus\regression\arxiv-cc-2025-01-08-to-14-final\2501.06335v1.pdf: incorrect object count in outline hint table qpdf: operation succeeded with warnings"
"regression/arxiv-cc-2025-01-08-to-14-final/2501.06342v1.pdf","8723BC4501523FC92852E3E3B5AB61B594CE449020347672B4AC3EA2C01FD111","9706011","0","checking C:\Users\steve\code\KillerPDF-Corpus\corpus\regression\arxiv-cc-2025-01-08-to-14-final\2501.06342v1.pdf PDF Version: 1.5 File is not encrypted File is not linearized No syntax or stream encoding errors found; the file may still contain errors that qpdf cannot detect"
"regression/arxiv-cc-2025-01-08-to-14-final/2501.06343v1.pdf","C017CE0425792A612D4E761E0984724CC6880D307D14CDBB77D718A64EA73984","2165080","3","checking C:\Users\steve\code\KillerPDF-Corpus\corpus\regression\arxiv-cc-2025-01-08-to-14-final\2501.06343v1.pdf PDF Version: 1.5 File is not encrypted File is linearized WARNING: C:\Users\steve\code\KillerPDF-Corpus\corpus\regression\arxiv-cc-2025-01-08-to-14-final\2501.06343v1.pdf: linearized file contains an uncompressed object after a compressed one in a cross-reference stream WARNING: C:\Users\steve\code\KillerPDF-Corpus\corpus\regression\arxiv-cc-2025-01-08-to-14-final\2501.06343v1.pdf: page 0 has shared identifier entries WARNING: C:\Users\steve\code\KillerPDF-Corpus\corpus\regression\arxiv-cc-2025-01-08-to-14-final\2501.06343v1.pdf: page 0: shared object 3051: in hint table but not computed list WARNING: C:\Users\steve\code\KillerPDF-Corpus\corpus\regression\arxiv-cc-2025-01-08-to-14-final\2501.06343v1.pdf: page 1: shared object 133: in hint table but not computed list WARNING: C:\Users\steve\code\KillerPDF-Corpus\corpus\regression\arxiv-cc-2025-01-08-to-14-final\2501.06343v1.pdf: page 6: shared object 3076: in computed list but not hint table WARNING: C:\Users\steve\code\KillerPDF-Corpus\corpus\regression\arxiv-cc-2025-01-08-to-14-final\2501.06343v1.pdf: page 9: shared object 3076: in computed list but not hint table WARNING: C:\Users\steve\code\KillerPDF-Corpus\corpus\regression\arxiv-cc-2025-01-08-to-14-final\2501.06343v1.pdf: page 14: shared object 3076: in computed list but not hint table WARNING: C:\Users\steve\code\KillerPDF-Corpus\corpus\regression\arxiv-cc-2025-01-08-to-14-final\2501.06343v1.pdf: page 16: shared object 3076: in computed list but not hint table WARNING: C:\Users\steve\code\KillerPDF-Corpus\corpus\regression\arxiv-cc-2025-01-08-to-14-final\2501.06343v1.pdf: page 17: shared object 3076: in computed list but not hint table qpdf: operation succeeded with warnings"
"regression/arxiv-cc-2025-01-08-to-14-final/2501.06353v1.pdf","2339498573DD8971F80434170BA01FC0A81EDE15EB914E0D56971EB4D44E9E7D","17497615","0","checking C:\Users\steve\code\KillerPDF-Corpus\corpus\regression\arxiv-cc-2025-01-08-to-14-final\2501.06353v1.pdf PDF Version: 1.5 File is not encrypted File is not linearized No syntax or stream encoding errors found; the file may still contain errors that qpdf cannot detect"
"regression/arxiv-cc-2025-01-08-to-14-final/2501.06357v1.pdf","63B0DA0CF12249BF048A7CFFB4795D7C1B90CA8D1283472220DFEFA4D1D1B2C5","1466626","0","checking C:\Users\steve\code\KillerPDF-Corpus\corpus\regression\arxiv-cc-2025-01-08-to-14-final\2501.06357v1.pdf PDF Version: 1.5 File is not encrypted File is not linearized No syntax or stream encoding errors found; the file may still contain errors that qpdf cannot detect"
"regression/arxiv-cc-2025-01-08-to-14-final/2501.06358v1.pdf","B135C24C266E043F13AA18E07756935EF1BFC94F0B84B15B2991E7A84D86E9E2","16572028","0","checking C:\Users\steve\code\KillerPDF-Corpus\corpus\regression\arxiv-cc-2025-01-08-to-14-final\2501.06358v1.pdf PDF Version: 1.5 File is not encrypted File is not linearized No syntax or stream encoding errors found; the file may still contain errors that qpdf cannot detect"
"regression/arxiv-cc-2025-01-08-to-14-final/2501.06361v1.pdf","9207C65A8BA6930FAC0BA74D7B4B151DB060443B3C1A398F035B1A3039370155","214456","0","checking C:\Users\steve\code\KillerPDF-Corpus\corpus\regression\arxiv-cc-2025-01-08-to-14-final\2501.06361v1.pdf PDF Version: 1.4 File is not encrypted File is not linearized No syntax or stream encoding errors found; the file may still contain errors that qpdf cannot detect"
"regression/arxiv-cc-2025-01-08-to-14-final/2501.06362v1.pdf","32EF77FE6D2C161618B1CCA8862A0B668DB094A787D67A73471BEA68D77AD53B","423995","0","checking C:\Users\steve\code\KillerPDF-Corpus\corpus\regression\arxiv-cc-2025-01-08-to-14-final\2501.06362v1.pdf PDF Version: 1.5 File is not encrypted File is not linearized No syntax or stream encoding errors found; the file may still contain errors that qpdf cannot detect"
"regression/arxiv-cc-2025-01-08-to-14-final/2501.06363v1.pdf","72E664E2AF566D1ECE6EED39400BA9F909C54514DF86B102625D0D21EDF74D0B","285623","0","checking C:\Users\steve\code\KillerPDF-Corpus\corpus\regression\arxiv-cc-2025-01-08-to-14-final\2501.06363v1.pdf PDF Version: 1.4 File is not encrypted File is not linearized No syntax or stream encoding errors found; the file may still contain errors that qpdf cannot detect"
"regression/arxiv-cc-2025-01-08-to-14-final/2501.06364v1.pdf","437C7E5B63B8A2F902C8C036EC79F4C76652C1876C1702DB34080C691BC62059","15841440","3","checking C:\Users\steve\code\KillerPDF-Corpus\corpus\regression\arxiv-cc-2025-01-08-to-14-final\2501.06364v1.pdf PDF Version: 1.6 File is not encrypted File is linearized WARNING: C:\Users\steve\code\KillerPDF-Corpus\corpus\regression\arxiv-cc-2025-01-08-to-14-final\2501.06364v1.pdf: linearized file contains an uncompressed object after a compressed one in a cross-reference stream WARNING: C:\Users\steve\code\KillerPDF-Corpus\corpus\regression\arxiv-cc-2025-01-08-to-14-final\2501.06364v1.pdf: first shared object offset mismatch: hint table = 15634893; computed = 15634095 WARNING: C:\Users\steve\code\KillerPDF-Corpus\corpus\regression\arxiv-cc-2025-01-08-to-14-final\2501.06364v1.pdf: page 0 has shared identifier entries WARNING: C:\Users\steve\code\KillerPDF-Corpus\corpus\regression\arxiv-cc-2025-01-08-to-14-final\2501.06364v1.pdf: page 0: shared object 809: in hint table but not computed list WARNING: C:\Users\steve\code\KillerPDF-Corpus\corpus\regression\arxiv-cc-2025-01-08-to-14-final\2501.06364v1.pdf: object count mismatch for page 9: hint table = 178; computed = 179 WARNING: C:\Users\steve\code\KillerPDF-Corpus\corpus\regression\arxiv-cc-2025-01-08-to-14-final\2501.06364v1.pdf: page 9: shared object 476: in hint table but not computed list WARNING: C:\Users\steve\code\KillerPDF-Corpus\corpus\regression\arxiv-cc-2025-01-08-to-14-final\2501.06364v1.pdf: incorrect offset in outlines table: hint table = 15836510; computed = 15835712 qpdf: operation succeeded with warnings"
"regression/arxiv-cc-2025-01-08-to-14-final/2501.06367v1.pdf","30EAECD864A369C06EEE59828C8D21CD0355343E28CC8C09BE1F998842F8FBBA","1136469","0","checking C:\Users\steve\code\KillerPDF-Corpus\corpus\regression\arxiv-cc-2025-01-08-to-14-final\2501.06367v1.pdf PDF Version: 1.5 File is not encrypted File is not linearized No syntax or stream encoding errors found; the file may still contain errors that qpdf cannot detect"
"regression/arxiv-cc-2025-01-08-to-14-final/2501.06371v1.pdf","5542BDC47B1841F11EC927CE77DA4E4378BD6B537103349D9CCB5A835FAD8269","5242374","0","checking C:\Users\steve\code\KillerPDF-Corpus\corpus\regression\arxiv-cc-2025-01-08-to-14-final\2501.06371v1.pdf PDF Version: 1.5 File is not encrypted File is not linearized No syntax or stream encoding errors found; the file may still contain errors that qpdf cannot detect"
"regression/arxiv-cc-2025-01-08-to-14-final/2501.06373v1.pdf","A1495DB44B37967A1C997C6577F53E053DB0968E81EE58905831796480EF7F3C","1107315","0","checking C:\Users\steve\code\KillerPDF-Corpus\corpus\regression\arxiv-cc-2025-01-08-to-14-final\2501.06373v1.pdf PDF Version: 1.4 File is not encrypted File is not linearized No syntax or stream encoding errors found; the file may still contain errors that qpdf cannot detect"
"regression/arxiv-cc-2025-01-08-to-14-final/2501.06375v1.pdf","CAEA0F349CFBCF0FC08E9E8FA8159ACC2C4B8AABB9CF1652F003B965E06D050B","2435428","0","checking C:\Users\steve\code\KillerPDF-Corpus\corpus\regression\arxiv-cc-2025-01-08-to-14-final\2501.06375v1.pdf PDF Version: 1.7 File is not encrypted File is not linearized No syntax or stream encoding errors found; the file may still contain errors that qpdf cannot detect"
"regression/arxiv-cc-2025-01-08-to-14-final/2501.06381v1.pdf","2E037B8D860F08927FB8FD3E740D5016C3A0F1BD5A786256CCECD2062B2400A8","145840","0","checking C:\Users\steve\code\KillerPDF-Corpus\corpus\regression\arxiv-cc-2025-01-08-to-14-final\2501.06381v1.pdf PDF Version: 1.4 File is not encrypted File is not linearized No syntax or stream encoding errors found; the file may still contain errors that qpdf cannot detect"
"regression/arxiv-cc-2025-01-08-to-14-final/2501.06385v1.pdf","200D54CA154A606DA5B53807CB3961848911F0CC10CB5E02FB8DABCC40C6F798","4775428","0","checking C:\Users\steve\code\KillerPDF-Corpus\corpus\regression\arxiv-cc-2025-01-08-to-14-final\2501.06385v1.pdf PDF Version: 1.5 File is not encrypted File is not linearized No syntax or stream encoding errors found; the file may still contain errors that qpdf cannot detect"
"regression/arxiv-cc-2025-01-08-to-14-final/2501.06388v1.pdf","705835DF7F5ADDFA2D46F4A7F42F525B9AFB5736F400B6B7E88EF29BF1864372","2577707","0","checking C:\Users\steve\code\KillerPDF-Corpus\corpus\regression\arxiv-cc-2025-01-08-to-14-final\2501.06388v1.pdf PDF Version: 1.5 File is not encrypted File is not linearized No syntax or stream encoding errors found; the file may still contain errors that qpdf cannot detect"
"regression/arxiv-cc-2025-01-08-to-14-final/2501.06391v1.pdf","DA1EB74EA8DC1F518F7AA3B4D6E6EA5A149A84912F19E7A42A3B9190A6F75B6C","3362326","0","checking C:\Users\steve\code\KillerPDF-Corpus\corpus\regression\arxiv-cc-2025-01-08-to-14-final\2501.06391v1.pdf PDF Version: 1.5 File is not encrypted File is not linearized No syntax or stream encoding errors found; the file may still contain errors that qpdf cannot detect"
"regression/arxiv-cc-2025-01-08-to-14-final/2501.06394v1.pdf","5F93FF4BE941F629DD0C2D26F5E2AE548DC0B1AA404AE58B4E48C9679F058FD2","10187645","0","checking C:\Users\steve\code\KillerPDF-Corpus\corpus\regression\arxiv-cc-2025-01-08-to-14-final\2501.06394v1.pdf PDF Version: 1.5 File is not encrypted File is not linearized No syntax or stream encoding errors found; the file may still contain errors that qpdf cannot detect"
"regression/arxiv-cc-2025-01-08-to-14-final/2501.06395v1.pdf","C31CCF619D897808DF0776E7815C4700E6E386130BFE2393B84818AF7CEF6D6F","3583378","0","checking C:\Users\steve\code\KillerPDF-Corpus\corpus\regression\arxiv-cc-2025-01-08-to-14-final\2501.06395v1.pdf PDF Version: 1.5 File is not encrypted File is not linearized No syntax or stream encoding errors found; the file may still contain errors that qpdf cannot detect"
"regression/arxiv-cc-2025-01-08-to-14-final/2501.06397v1.pdf","53D809506EF28A316E61369DACA2C91CBB2A2603BD97DAC641ACB6C27C85BB9E","4125398","0","checking C:\Users\steve\code\KillerPDF-Corpus\corpus\regression\arxiv-cc-2025-01-08-to-14-final\2501.06397v1.pdf PDF Version: 1.5 File is not encrypted File is not linearized No syntax or stream encoding errors found; the file may still contain errors that qpdf cannot detect"
"regression/arxiv-cc-2025-01-08-to-14-final/2501.06417v1.pdf","271E099D576A1306F8F1D2FECC7D71FE249BF399745A734B2601EDF4B68AE39A","1258810","0","checking C:\Users\steve\code\KillerPDF-Corpus\corpus\regression\arxiv-cc-2025-01-08-to-14-final\2501.06417v1.pdf PDF Version: 1.5 File is not encrypted File is not linearized No syntax or stream encoding errors found; the file may still contain errors that qpdf cannot detect"
"regression/arxiv-cc-2025-01-08-to-14-final/2501.06418v1.pdf","9A2D82C2888254CDD1910DA533FB22699886268D7BD73C7A5A97058EB2F001ED","4873043","0","checking C:\Users\steve\code\KillerPDF-Corpus\corpus\regression\arxiv-cc-2025-01-08-to-14-final\2501.06418v1.pdf PDF Version: 1.5 File is not encrypted File is not linearized No syntax or stream encoding errors found; the file may still contain errors that qpdf cannot detect"
"regression/arxiv-cc-2025-01-08-to-14-final/2501.06419v1.pdf","845BEBF2A0E327600D413DD71E1E4EA21CA9C0778676549039A72D3BE9212F26","1187626","0","checking C:\Users\steve\code\KillerPDF-Corpus\corpus\regression\arxiv-cc-2025-01-08-to-14-final\2501.06419v1.pdf PDF Version: 1.5 File is not encrypted File is not linearized No syntax or stream encoding errors found; the file may still contain errors that qpdf cannot detect"
"regression/arxiv-cc-2025-01-08-to-14-final/2501.06428v1.pdf","25D39EFBB1CB78A41A64003EEEC79EFB14DBD517C8BE6CA5BDE3EFEC0DCBDA48","824955","0","checking C:\Users\steve\code\KillerPDF-Corpus\corpus\regression\arxiv-cc-2025-01-08-to-14-final\2501.06428v1.pdf PDF Version: 1.7 File is not encrypted File is not linearized No syntax or stream encoding errors found; the file may still contain errors that qpdf cannot detect"
"regression/arxiv-cc-2025-01-08-to-14-final/2501.06429v1.pdf","7D2CE24607BF4A7277D8507C448BC022B4A4FC892068CC1D627E3C3617998435","561729","0","checking C:\Users\steve\code\KillerPDF-Corpus\corpus\regression\arxiv-cc-2025-01-08-to-14-final\2501.06429v1.pdf PDF Version: 1.5 File is not encrypted File is not linearized No syntax or stream encoding errors found; the file may still contain errors that qpdf cannot detect"
"regression/arxiv-cc-2025-01-08-to-14-final/2501.06430v1.pdf","DEA7CDD751750EF7B4B51FEA5E375CF40291B4A363651FB724C5512D9A4EFFB1","5294185","0","checking C:\Users\steve\code\KillerPDF-Corpus\corpus\regression\arxiv-cc-2025-01-08-to-14-final\2501.06430v1.pdf PDF Version: 1.5 File is not encrypted File is not linearized No syntax or stream encoding errors found; the file may still contain errors that qpdf cannot detect"
"regression/arxiv-cc-2025-01-08-to-14-final/2501.06432v1.pdf","F311DA9CB48A727C9838EB165BFE6435A4737DC0B650023B4571431072E663D5","420166","0","checking C:\Users\steve\code\KillerPDF-Corpus\corpus\regression\arxiv-cc-2025-01-08-to-14-final\2501.06432v1.pdf PDF Version: 1.5 File is not encrypted File is not linearized No syntax or stream encoding errors found; the file may still contain errors that qpdf cannot detect"
"regression/arxiv-cc-2025-01-08-to-14-final/2501.06434v1.pdf","9832212C9EA7392564A278EAF815B7DDD01C427DE5AFABCF40FBAE0F20D99BFA","2724252","0","checking C:\Users\steve\code\KillerPDF-Corpus\corpus\regression\arxiv-cc-2025-01-08-to-14-final\2501.06434v1.pdf PDF Version: 1.5 File is not encrypted File is not linearized No syntax or stream encoding errors found; the file may still contain errors that qpdf cannot detect"
"regression/arxiv-cc-2025-01-08-to-14-final/2501.06440v1.pdf","64CA0BDD0488562E03FCD21A71A6AA8481D2475F8A34CC751CD945119596E864","658846","0","checking C:\Users\steve\code\KillerPDF-Corpus\corpus\regression\arxiv-cc-2025-01-08-to-14-final\2501.06440v1.pdf PDF Version: 1.5 File is not encrypted File is not linearized No syntax or stream encoding errors found; the file may still contain errors that qpdf cannot detect"
"regression/arxiv-cc-2025-01-08-to-14-final/2501.06441v1.pdf","3E4056B3BD0CF6E3C9BF69BB70F93506185FB83F5B5E7EA75BC69B0C624C0245","968190","0","checking C:\Users\steve\code\KillerPDF-Corpus\corpus\regression\arxiv-cc-2025-01-08-to-14-final\2501.06441v1.pdf PDF Version: 1.5 File is not encrypted File is not linearized No syntax or stream encoding errors found; the file may still contain errors that qpdf cannot detect"
"regression/arxiv-cc-2025-01-08-to-14-final/2501.06444v1.pdf","2B85FBFF681B2F7E342455FE7FABEDF569EA41F242AE6EE042FB3D2F6E29CB1F","302814","0","checking C:\Users\steve\code\KillerPDF-Corpus\corpus\regression\arxiv-cc-2025-01-08-to-14-final\2501.06444v1.pdf PDF Version: 1.4 File is not encrypted File is not linearized No syntax or stream encoding errors found; the file may still contain errors that qpdf cannot detect"
"regression/arxiv-cc-2025-01-08-to-14-final/2501.06448v1.pdf","DCDC103D90F8701CCD6FF37ADE0D89EEDEBAD710DD1E2A642167B763DB8A8CA3","5806599","0","checking C:\Users\steve\code\KillerPDF-Corpus\corpus\regression\arxiv-cc-2025-01-08-to-14-final\2501.06448v1.pdf PDF Version: 1.5 File is not encrypted File is not linearized No syntax or stream encoding errors found; the file may still contain errors that qpdf cannot detect"
"regression/arxiv-cc-2025-01-08-to-14-final/2501.06449v1.pdf","34741272DE82FDC03754F1EE1AA7BDF6FFFB358019CDCAE9BE88ACD2D1705667","499043","0","checking C:\Users\steve\code\KillerPDF-Corpus\corpus\regression\arxiv-cc-2025-01-08-to-14-final\2501.06449v1.pdf PDF Version: 1.4 File is not encrypted File is not linearized No syntax or stream encoding errors found; the file may still contain errors that qpdf cannot detect"
"regression/arxiv-cc-2025-01-08-to-14-final/2501.06454v1.pdf","5D04CC045924C6FBDDBD821D3E7E78E0BA05E849AA20D7F750473DE6D5CF1439","771809","0","checking C:\Users\steve\code\KillerPDF-Corpus\corpus\regression\arxiv-cc-2025-01-08-to-14-final\2501.06454v1.pdf PDF Version: 1.5 File is not encrypted File is not linearized No syntax or stream encoding errors found; the file may still contain errors that qpdf cannot detect"
"regression/arxiv-cc-2025-01-08-to-14-final/2501.06461v1.pdf","622C2800A41D5179ADC380F5DB69DFF97A3FA13EE7CA742F55240F338199DCD1","1326669","0","checking C:\Users\steve\code\KillerPDF-Corpus\corpus\regression\arxiv-cc-2025-01-08-to-14-final\2501.06461v1.pdf PDF Version: 1.7 File is not encrypted File is not linearized No syntax or stream encoding errors found; the file may still contain errors that qpdf cannot detect"
"regression/arxiv-cc-2025-01-08-to-14-final/2501.06462v1.pdf","739844549C38048A79718277CFD2FCFDDF06E0BD084E0D8C040D61E7D1EB7138","1132900","0","checking C:\Users\steve\code\KillerPDF-Corpus\corpus\regression\arxiv-cc-2025-01-08-to-14-final\2501.06462v1.pdf PDF Version: 1.5 File is not encrypted File is not linearized No syntax or stream encoding errors found; the file may still contain errors that qpdf cannot detect"
"regression/arxiv-cc-2025-01-08-to-14-final/2501.06466v1.pdf","BE9F45058B18CC4F1E751D9128B32F15B2798DC3FB56864B70BEB95F1E26FFD2","2907448","0","checking C:\Users\steve\code\KillerPDF-Corpus\corpus\regression\arxiv-cc-2025-01-08-to-14-final\2501.06466v1.pdf PDF Version: 1.5 File is not encrypted File is not linearized No syntax or stream encoding errors found; the file may still contain errors that qpdf cannot detect"
"regression/arxiv-cc-2025-01-08-to-14-final/2501.06467v1.pdf","0CC1BEAF28B794C592A14BE00F0A36FA7A8C0E23F67DAAA44AA5023F3911FC8A","7076100","0","checking C:\Users\steve\code\KillerPDF-Corpus\corpus\regression\arxiv-cc-2025-01-08-to-14-final\2501.06467v1.pdf PDF Version: 1.5 File is not encrypted File is not linearized No syntax or stream encoding errors found; the file may still contain errors that qpdf cannot detect"
"regression/arxiv-cc-2025-01-08-to-14-final/2501.06469v1.pdf","A8BF1AA66F55405D169BBCEFB481BD37DCDA11BC9CAD5ABA57075F7149D6DC9C","29921065","0","checking C:\Users\steve\code\KillerPDF-Corpus\corpus\regression\arxiv-cc-2025-01-08-to-14-final\2501.06469v1.pdf PDF Version: 1.5 File is not encrypted File is not linearized No syntax or stream encoding errors found; the file may still contain errors that qpdf cannot detect"
"regression/arxiv-cc-2025-01-08-to-14-final/2501.06471v1.pdf","F5A251926007802D146BC0BD42D61FA05A1419F4ED46ED423131465E7866D9B3","1087871","0","checking C:\Users\steve\code\KillerPDF-Corpus\corpus\regression\arxiv-cc-2025-01-08-to-14-final\2501.06471v1.pdf PDF Version: 1.5 File is not encrypted File is not linearized No syntax or stream encoding errors found; the file may still contain errors that qpdf cannot detect"
"regression/arxiv-cc-2025-01-08-to-14-final/2501.06475v1.pdf","D59DF44A584F1C944D862B701002CB8C1824395057EE6A2DDC65E4DF44A32F04","712427","0","checking C:\Users\steve\code\KillerPDF-Corpus\corpus\regression\arxiv-cc-2025-01-08-to-14-final\2501.06475v1.pdf PDF Version: 1.5 File is not encrypted File is not linearized No syntax or stream encoding errors found; the file may still contain errors that qpdf cannot detect"
"regression/arxiv-cc-2025-01-08-to-14-final/2501.06479v1.pdf","18DEC1E4F3B320E8CF3293AE1EE5820999FF8F0F1BD745090A8ED62A6D0DA69C","1281929","0","checking C:\Users\steve\code\KillerPDF-Corpus\corpus\regression\arxiv-cc-2025-01-08-to-14-final\2501.06479v1.pdf PDF Version: 1.7 File is not encrypted File is not linearized No syntax or stream encoding errors found; the file may still contain errors that qpdf cannot detect"
"regression/arxiv-cc-2025-01-08-to-14-final/2501.06481v1.pdf","4F708E6E2ABBF29DDF27DAD243CEB7D8DF54B037C711FBFEFF48E38745A3A7FA","26414064","0","checking C:\Users\steve\code\KillerPDF-Corpus\corpus\regression\arxiv-cc-2025-01-08-to-14-final\2501.06481v1.pdf PDF Version: 1.5 File is not encrypted File is not linearized No syntax or stream encoding errors found; the file may still contain errors that qpdf cannot detect"
"regression/arxiv-cc-2025-01-08-to-14-final/2501.06494v1.pdf","C3E1E962B86813D4E8B2B06A1175AB5EB1BE7B75630D35357035D196EB3D69CD","3990025","0","checking C:\Users\steve\code\KillerPDF-Corpus\corpus\regression\arxiv-cc-2025-01-08-to-14-final\2501.06494v1.pdf PDF Version: 1.5 File is not encrypted File is not linearized No syntax or stream encoding errors found; the file may still contain errors that qpdf cannot detect"
"regression/arxiv-cc-2025-01-08-to-14-final/2501.06498v1.pdf","9B9EB047E345821D1F5272EE4A8E3ED8A7E06B30DE29576FBB5D8BD6A15A90AD","3855524","0","checking C:\Users\steve\code\KillerPDF-Corpus\corpus\regression\arxiv-cc-2025-01-08-to-14-final\2501.06498v1.pdf PDF Version: 1.5 File is not encrypted File is not linearized No syntax or stream encoding errors found; the file may still contain errors that qpdf cannot detect"
"regression/arxiv-cc-2025-01-08-to-14-final/2501.06503v1.pdf","3EF07FF8AAB444224BF1EB55E07EF87F926F926E1C07AC043E157DC5F26AF59B","13174352","0","checking C:\Users\steve\code\KillerPDF-Corpus\corpus\regression\arxiv-cc-2025-01-08-to-14-final\2501.06503v1.pdf PDF Version: 1.5 File is not encrypted File is not linearized No syntax or stream encoding errors found; the file may still contain errors that qpdf cannot detect"
"regression/arxiv-cc-2025-01-08-to-14-final/2501.06504v1.pdf","F3C64AB6525F10A0F4DF644C3AC30337680A50764B40345F3CAD1B3667C7206C","1072411","0","checking C:\Users\steve\code\KillerPDF-Corpus\corpus\regression\arxiv-cc-2025-01-08-to-14-final\2501.06504v1.pdf PDF Version: 1.5 File is not encrypted File is not linearized No syntax or stream encoding errors found; the file may still contain errors that qpdf cannot detect"
"regression/arxiv-cc-2025-01-08-to-14-final/2501.06507v1.pdf","43404E24C047E8F6D6544B137492A7C872D680AB0021D2257A3EE3CC713B0D9B","872356","0","checking C:\Users\steve\code\KillerPDF-Corpus\corpus\regression\arxiv-cc-2025-01-08-to-14-final\2501.06507v1.pdf PDF Version: 1.5 File is not encrypted File is not linearized No syntax or stream encoding errors found; the file may still contain errors that qpdf cannot detect"
"regression/arxiv-cc-2025-01-08-to-14-final/2501.06508v1.pdf","3325F8139FC828D8CAED5CA0DCAB02D391A85F729C8FF55D6612E48E534392B8","1337150","0","checking C:\Users\steve\code\KillerPDF-Corpus\corpus\regression\arxiv-cc-2025-01-08-to-14-final\2501.06508v1.pdf PDF Version: 1.5 File is not encrypted File is not linearized No syntax or stream encoding errors found; the file may still contain errors that qpdf cannot detect"
"regression/arxiv-cc-2025-01-08-to-14-final/2501.06514v1.pdf","35FE7ACBC3EB91996DF98687052CE5F1724DAF237A08603721D0F3B8FCE072F4","300422","0","checking C:\Users\steve\code\KillerPDF-Corpus\corpus\regression\arxiv-cc-2025-01-08-to-14-final\2501.06514v1.pdf PDF Version: 1.5 File is not encrypted File is not linearized No syntax or stream encoding errors found; the file may still contain errors that qpdf cannot detect"
"regression/arxiv-cc-2025-01-08-to-14-final/2501.06515v1.pdf","B0ABA375F1AC940286ACEB87D2C13DF3EDA1C0944E33F3DBDB073C3713463AAE","91191","0","checking C:\Users\steve\code\KillerPDF-Corpus\corpus\regression\arxiv-cc-2025-01-08-to-14-final\2501.06515v1.pdf PDF Version: 1.4 File is not encrypted File is not linearized No syntax or stream encoding errors found; the file may still contain errors that qpdf cannot detect"
"regression/arxiv-cc-2025-01-08-to-14-final/2501.06520v1.pdf","21FD3F183CDC0881A7BC042933E3FA455956603639B30304AB0802D67F8EC25E","211414","0","checking C:\Users\steve\code\KillerPDF-Corpus\corpus\regression\arxiv-cc-2025-01-08-to-14-final\2501.06520v1.pdf PDF Version: 1.4 File is not encrypted File is not linearized No syntax or stream encoding errors found; the file may still contain errors that qpdf cannot detect"
"regression/arxiv-cc-2025-01-08-to-14-final/2501.06534v1.pdf","C1DD959A2D29E7CAE868A0933E27BBFFE3D6E10952931BDBFFC9DAB920BB91B1","1082135","0","checking C:\Users\steve\code\KillerPDF-Corpus\corpus\regression\arxiv-cc-2025-01-08-to-14-final\2501.06534v1.pdf PDF Version: 1.5 File is not encrypted File is not linearized No syntax or stream encoding errors found; the file may still contain errors that qpdf cannot detect"
"regression/arxiv-cc-2025-01-08-to-14-final/2501.06536v1.pdf","0DBF7CAAB87F973183DC97C9D7DBEDC3110CD309042A37880E76D93291233A5B","330124","0","checking C:\Users\steve\code\KillerPDF-Corpus\corpus\regression\arxiv-cc-2025-01-08-to-14-final\2501.06536v1.pdf PDF Version: 1.5 File is not encrypted File is not linearized No syntax or stream encoding errors found; the file may still contain errors that qpdf cannot detect"
"regression/arxiv-cc-2025-01-08-to-14-final/2501.06537v1.pdf","C44EAAD10EAD42A0D3D7F5F13AFB537DA31DA43A1E5458BCD62E30F5872996B6","317628","0","checking C:\Users\steve\code\KillerPDF-Corpus\corpus\regression\arxiv-cc-2025-01-08-to-14-final\2501.06537v1.pdf PDF Version: 1.4 File is not encrypted File is not linearized No syntax or stream encoding errors found; the file may still contain errors that qpdf cannot detect"
"regression/arxiv-cc-2025-01-08-to-14-final/2501.06545v1.pdf","4557B3AFAEDCBE7E49AB952A9EF0D325B3C1BB7C1A7202D8001F29C9E36F4DBD","596862","0","checking C:\Users\steve\code\KillerPDF-Corpus\corpus\regression\arxiv-cc-2025-01-08-to-14-final\2501.06545v1.pdf PDF Version: 1.5 File is not encrypted File is not linearized No syntax or stream encoding errors found; the file may still contain errors that qpdf cannot detect"
"regression/arxiv-cc-2025-01-08-to-14-final/2501.06546v1.pdf","05009020C8DDC23B9055EE87FBB2DEE81EEE64D6B8CBB33140256E359FC52DDF","2808727","0","checking C:\Users\steve\code\KillerPDF-Corpus\corpus\regression\arxiv-cc-2025-01-08-to-14-final\2501.06546v1.pdf PDF Version: 1.5 File is not encrypted File is not linearized No syntax or stream encoding errors found; the file may still contain errors that qpdf cannot detect"
"regression/arxiv-cc-2025-01-08-to-14-final/2501.06559v1.pdf","BB956D1FD29F8EC09EBC67B60764C72F427E060225127C06CCCA75BE06D72A45","676905","0","checking C:\Users\steve\code\KillerPDF-Corpus\corpus\regression\arxiv-cc-2025-01-08-to-14-final\2501.06559v1.pdf PDF Version: 1.5 File is not encrypted File is not linearized No syntax or stream encoding errors found; the file may still contain errors that qpdf cannot detect"
"regression/arxiv-cc-2025-01-08-to-14-final/2501.06560v1.pdf","F200C41D6D772389528BB1DE58AD7FE98FD8DB807D72360D4311ECB3C44D2FE5","1143832","0","checking C:\Users\steve\code\KillerPDF-Corpus\corpus\regression\arxiv-cc-2025-01-08-to-14-final\2501.06560v1.pdf PDF Version: 1.5 File is not encrypted File is not linearized No syntax or stream encoding errors found; the file may still contain errors that qpdf cannot detect"
"regression/arxiv-cc-2025-01-08-to-14-final/2501.06562v1.pdf","260D57D39779266147783936DCE6076762694B856CBC36A95E1771143A62ADA4","556938","0","checking C:\Users\steve\code\KillerPDF-Corpus\corpus\regression\arxiv-cc-2025-01-08-to-14-final\2501.06562v1.pdf PDF Version: 1.5 File is not encrypted File is not linearized No syntax or stream encoding errors found; the file may still contain errors that qpdf cannot detect"
"regression/arxiv-cc-2025-01-08-to-14-final/2501.06564v1.pdf","217686494C63B214B832D2BEF3DA0EE528419603561DD050ADA76E33D469465A","292907","0","checking C:\Users\steve\code\KillerPDF-Corpus\corpus\regression\arxiv-cc-2025-01-08-to-14-final\2501.06564v1.pdf PDF Version: 1.7 File is not encrypted File is not linearized No syntax or stream encoding errors found; the file may still contain errors that qpdf cannot detect"
"regression/arxiv-cc-2025-01-08-to-14-final/2501.06567v1.pdf","7E6BECD6B43DB94F5C3165DE5873E21679AA875A9876BD1C6BE09AA267D81EF9","501320","0","checking C:\Users\steve\code\KillerPDF-Corpus\corpus\regression\arxiv-cc-2025-01-08-to-14-final\2501.06567v1.pdf PDF Version: 1.4 File is not encrypted File is not linearized No syntax or stream encoding errors found; the file may still contain errors that qpdf cannot detect"
"regression/arxiv-cc-2025-01-08-to-14-final/2501.06569v1.pdf","2E16BC08EA25F46297F12621FC795D39576CC7CF8E45C6011C5BBEF6B3C55A38","397477","0","checking C:\Users\steve\code\KillerPDF-Corpus\corpus\regression\arxiv-cc-2025-01-08-to-14-final\2501.06569v1.pdf PDF Version: 1.5 File is not encrypted File is not linearized No syntax or stream encoding errors found; the file may still contain errors that qpdf cannot detect"
"regression/arxiv-cc-2025-01-08-to-14-final/2501.06575v1.pdf","91AF648309B6E9ABC8EA8EBB719C617DB3E4C92789D651C8CC99B5251F1CF975","488723","0","checking C:\Users\steve\code\KillerPDF-Corpus\corpus\regression\arxiv-cc-2025-01-08-to-14-final\2501.06575v1.pdf PDF Version: 1.7 File is not encrypted File is not linearized No syntax or stream encoding errors found; the file may still contain errors that qpdf cannot detect"
"regression/arxiv-cc-2025-01-08-to-14-final/2501.06576v1.pdf","A2ABE7F040E0CEDF99ED41BBDE0F4568DE3A1F678AD14B63AE63C1D6BCF625A9","207785","0","checking C:\Users\steve\code\KillerPDF-Corpus\corpus\regression\arxiv-cc-2025-01-08-to-14-final\2501.06576v1.pdf PDF Version: 1.4 File is not encrypted File is not linearized No syntax or stream encoding errors found; the file may still contain errors that qpdf cannot detect"
"regression/arxiv-cc-2025-01-08-to-14-final/2501.06579v1.pdf","2858E450A23B8D018EEE9B2708F12A623F29E379ECD04A036164D71A37F15204","407006","0","checking C:\Users\steve\code\KillerPDF-Corpus\corpus\regression\arxiv-cc-2025-01-08-to-14-final\2501.06579v1.pdf PDF Version: 1.4 File is not encrypted File is not linearized No syntax or stream encoding errors found; the file may still contain errors that qpdf cannot detect"
"regression/arxiv-cc-2025-01-08-to-14-final/2501.06580v1.pdf","BAE9AA4F64A41B3DEB386BA3EDA72E79ABF2DFCEE663A6AB552BF45B94A31A80","124572","0","checking C:\Users\steve\code\KillerPDF-Corpus\corpus\regression\arxiv-cc-2025-01-08-to-14-final\2501.06580v1.pdf PDF Version: 1.4 File is not encrypted File is not linearized No syntax or stream encoding errors found; the file may still contain errors that qpdf cannot detect"
"regression/arxiv-cc-2025-01-08-to-14-final/2501.06584v1.pdf","667D52629F1E5A9F4A06EED7828EE444DD4E2404284C29952CFE2A159BEC352D","2856538","0","checking C:\Users\steve\code\KillerPDF-Corpus\corpus\regression\arxiv-cc-2025-01-08-to-14-final\2501.06584v1.pdf PDF Version: 1.7 File is not encrypted File is not linearized No syntax or stream encoding errors found; the file may still contain errors that qpdf cannot detect"
"regression/arxiv-cc-2025-01-08-to-14-final/2501.06587v1.pdf","28B2B41701AE35CE001A5DCB2F62665C21F2218970826EA63E4A783951015E9B","879429","3","checking C:\Users\steve\code\KillerPDF-Corpus\corpus\regression\arxiv-cc-2025-01-08-to-14-final\2501.06587v1.pdf PDF Version: 1.3 File is not encrypted File is not linearized WARNING: C:\Users\steve\code\KillerPDF-Corpus\corpus\regression\arxiv-cc-2025-01-08-to-14-final\2501.06587v1.pdf (object 6 0): object has offset 0 - a common error handled correctly by qpdf and most other applications WARNING: C:\Users\steve\code\KillerPDF-Corpus\corpus\regression\arxiv-cc-2025-01-08-to-14-final\2501.06587v1.pdf (object 8 0): object has offset 0 - a common error handled correctly by qpdf and most other applications WARNING: C:\Users\steve\code\KillerPDF-Corpus\corpus\regression\arxiv-cc-2025-01-08-to-14-final\2501.06587v1.pdf (object 10 0): object has offset 0 - a common error handled correctly by qpdf and most other applications WARNING: C:\Users\steve\code\KillerPDF-Corpus\corpus\regression\arxiv-cc-2025-01-08-to-14-final\2501.06587v1.pdf (object 12 0): object has offset 0 - a common error handled correctly by qpdf and most other applications WARNING: C:\Users\steve\code\KillerPDF-Corpus\corpus\regression\arxiv-cc-2025-01-08-to-14-final\2501.06587v1.pdf (object 14 0): object has offset 0 - a common error handled correctly by qpdf and most other applications WARNING: C:\Users\steve\code\KillerPDF-Corpus\corpus\regression\arxiv-cc-2025-01-08-to-14-final\2501.06587v1.pdf (object 20 0): object has offset 0 - a common error handled correctly by qpdf and most other applications WARNING: C:\Users\steve\code\KillerPDF-Corpus\corpus\regression\arxiv-cc-2025-01-08-to-14-final\2501.06587v1.pdf (object 22 0): object has offset 0 - a common error handled correctly by qpdf and most other applications WARNING: C:\Users\steve\code\KillerPDF-Corpus\corpus\regression\arxiv-cc-2025-01-08-to-14-final\2501.06587v1.pdf (object 24 0): object has offset 0 - a common error handled correctly by qpdf and most other applications WARNING: C:\Users\steve\code\KillerPDF-Corpus\corpus\regression\arxiv-cc-2025-01-08-to-14-final\2501.06587v1.pdf (object 26 0): object has offset 0 - a common error handled correctly by qpdf and most other applications WARNING: C:\Users\steve\code\KillerPDF-Corpus\corpus\regression\arxiv-cc-2025-01-08-to-14-final\2501.06587v1.pdf (object 28 0): object has offset 0 - a common error handled correctly by qpdf and most other applications WARNING: C:\Users\steve\code\KillerPDF-Corpus\corpus\regression\arxiv-cc-2025-01-08-to-14-final\2501.06587v1.pdf (object 30 0): object has offset 0 - a common error handled correctly by qpdf and most other applications WARNING: C:\Users\steve\code\KillerPDF-Corpus\corpus\regression\arxiv-cc-2025-01-08-to-14-final\2501.06587v1.pdf (object 32 0): object has offset 0 - a common error handled correctly by qpdf and most other applications WARNING: C:\Users\steve\code\KillerPDF-Corpus\corpus\regression\arxiv-cc-2025-01-08-to-14-final\2501.06587v1.pdf (object 34 0): object has offset 0 - a common error handled correctly by qpdf and most other applications WARNING: C:\Users\steve\code\KillerPDF-Corpus\corpus\regression\arxiv-cc-2025-01-08-to-14-final\2501.06587v1.pdf (object 36 0): object has offset 0 - a common error handled correctly by qpdf and most other applications WARNING: C:\Users\steve\code\KillerPDF-Corpus\corpus\regression\arxiv-cc-2025-01-08-to-14-final\2501.06587v1.pdf (object 38 0): object has offset 0 - a common error handled correctly by qpdf and most other applications WARNING: C:\Users\steve\code\KillerPDF-Corpus\corpus\regression\arxiv-cc-2025-01-08-to-14-final\2501.06587v1.pdf (object 46 0): object has offset 0 - a common error handled correctly by qpdf and most other applications WARNING: C:\Users\steve\code\KillerPDF-Corpus\corpus\regression\arxiv-cc-2025-01-08-to-14-final\2501.06587v1.pdf (object 75 0): object has offset 0 - a common error handled correctly by qpdf and most other applications WARNING: C:\Users\steve\code\KillerPDF-Corpus\corpus\regression\arxiv-cc-2025-01-08-to-14-final\2501.06587v1.pdf (object 82 0): object has offset 0 - a common error handled correctly by qpdf and most other applications WARNING: C:\Users\steve\code\KillerPDF-Corpus\corpus\regression\arxiv-cc-2025-01-08-to-14-final\2501.06587v1.pdf (object 84 0): object has offset 0 - a common error handled correctly by qpdf and most other applications WARNING: C:\Users\steve\code\KillerPDF-Corpus\corpus\regression\arxiv-cc-2025-01-08-to-14-final\2501.06587v1.pdf (object 102 0): object has offset 0 - a common error handled correctly by qpdf and most other applications WARNING: C:\Users\steve\code\KillerPDF-Corpus\corpus\regression\arxiv-cc-2025-01-08-to-14-final\2501.06587v1.pdf (object 104 0): object has offset 0 - a common error handled correctly by qpdf and most other applications WARNING: C:\Users\steve\code\KillerPDF-Corpus\corpus\regression\arxiv-cc-2025-01-08-to-14-final\2501.06587v1.pdf (object 106 0): object has offset 0 - a common error handled correctly by qpdf and most other applications WARNING: C:\Users\steve\code\KillerPDF-Corpus\corpus\regression\arxiv-cc-2025-01-08-to-14-final\2501.06587v1.pdf (object 113 0): object has offset 0 - a common error handled correctly by qpdf and most other applications WARNING: C:\Users\steve\code\KillerPDF-Corpus\corpus\regression\arxiv-cc-2025-01-08-to-14-final\2501.06587v1.pdf (object 146 0): object has offset 0 - a common error handled correctly by qpdf and most other applications WARNING: C:\Users\steve\code\KillerPDF-Corpus\corpus\regression\arxiv-cc-2025-01-08-to-14-final\2501.06587v1.pdf (object 202 0): object has offset 0 - a common error handled correctly by qpdf and most other applications qpdf: operation succeeded with warnings"
"regression/arxiv-cc-2025-01-08-to-14-final/2501.06588v1.pdf","6B27B49843C63E096D1019F7247A3599F26122F6725AFDA66B4D443D177FEF56","490846","0","checking C:\Users\steve\code\KillerPDF-Corpus\corpus\regression\arxiv-cc-2025-01-08-to-14-final\2501.06588v1.pdf PDF Version: 1.4 File is not encrypted File is not linearized No syntax or stream encoding errors found; the file may still contain errors that qpdf cannot detect"
"regression/arxiv-cc-2025-01-08-to-14-final/2501.06590v1.pdf","5202C199F5186D2131E0B7020A80B40809C920627CDCC941FC05C6D8A7B22BCA","6627264","0","checking C:\Users\steve\code\KillerPDF-Corpus\corpus\regression\arxiv-cc-2025-01-08-to-14-final\2501.06590v1.pdf PDF Version: 1.5 File is not encrypted File is not linearized No syntax or stream encoding errors found; the file may still contain errors that qpdf cannot detect"
"regression/arxiv-cc-2025-01-08-to-14-final/2501.06596v1.pdf","CB1856841A405884C54CF98517B5D28A7FEA9E3D825F02ADD30E580B8FC7653F","175201","0","checking C:\Users\steve\code\KillerPDF-Corpus\corpus\regression\arxiv-cc-2025-01-08-to-14-final\2501.06596v1.pdf PDF Version: 1.4 File is not encrypted File is not linearized No syntax or stream encoding errors found; the file may still contain errors that qpdf cannot detect"
"regression/arxiv-cc-2025-01-08-to-14-final/2501.06597v1.pdf","0EB6E35BD6C3ED7C6B8E41F422F585AD52EEA916359DF7C1AD6E1637F8B30013","18315319","0","checking C:\Users\steve\code\KillerPDF-Corpus\corpus\regression\arxiv-cc-2025-01-08-to-14-final\2501.06597v1.pdf PDF Version: 1.5 File is not encrypted File is not linearized No syntax or stream encoding errors found; the file may still contain errors that qpdf cannot detect"
"regression/arxiv-cc-2025-01-08-to-14-final/2501.06599v1.pdf","98AC62F2AAA8C0BE082E4FC028DE21987DDC18DF4879D5D029A793D62D8A1D05","2887880","0","checking C:\Users\steve\code\KillerPDF-Corpus\corpus\regression\arxiv-cc-2025-01-08-to-14-final\2501.06599v1.pdf PDF Version: 1.5 File is not encrypted File is not linearized No syntax or stream encoding errors found; the file may still contain errors that qpdf cannot detect"
"regression/arxiv-cc-2025-01-08-to-14-final/2501.06600v1.pdf","83B694C986F2A16CE812C2A64E485D5D910EADEC794B4B9446736A8346ED455B","6137652","0","checking C:\Users\steve\code\KillerPDF-Corpus\corpus\regression\arxiv-cc-2025-01-08-to-14-final\2501.06600v1.pdf PDF Version: 1.5 File is not encrypted File is not linearized No syntax or stream encoding errors found; the file may still contain errors that qpdf cannot detect"
"regression/arxiv-cc-2025-01-08-to-14-final/2501.06607v1.pdf","03B311CF36494C5DB95C28B78231484262E3B2612076A9A587BD7DCD131C4977","14410811","0","checking C:\Users\steve\code\KillerPDF-Corpus\corpus\regression\arxiv-cc-2025-01-08-to-14-final\2501.06607v1.pdf PDF Version: 1.5 File is not encrypted File is not linearized No syntax or stream encoding errors found; the file may still contain errors that qpdf cannot detect"
"regression/arxiv-cc-2025-01-08-to-14-final/2501.06611v1.pdf","3098188B5245ACBD678698702AC050C22C302F86B738616AC04B34780B3C111A","25288647","0","checking C:\Users\steve\code\KillerPDF-Corpus\corpus\regression\arxiv-cc-2025-01-08-to-14-final\2501.06611v1.pdf PDF Version: 1.5 File is not encrypted File is not linearized No syntax or stream encoding errors found; the file may still contain errors that qpdf cannot detect"
"regression/arxiv-cc-2025-01-08-to-14-final/2501.06614v1.pdf","1368A0D365681DB1C6F64BA31AD05D6BB21133FF2C561658C86895BDF086E62E","2627266","0","checking C:\Users\steve\code\KillerPDF-Corpus\corpus\regression\arxiv-cc-2025-01-08-to-14-final\2501.06614v1.pdf PDF Version: 1.5 File is not encrypted File is not linearized No syntax or stream encoding errors found; the file may still contain errors that qpdf cannot detect"
"regression/arxiv-cc-2025-01-08-to-14-final/2501.06618v1.pdf","49145A406E4E1A04751369A48726D297FDEC53B08668FCD92056CB8233FCD745","1132865","3","checking C:\Users\steve\code\KillerPDF-Corpus\corpus\regression\arxiv-cc-2025-01-08-to-14-final\2501.06618v1.pdf PDF Version: 1.5 File is not encrypted File is not linearized WARNING: C:\Users\steve\code\KillerPDF-Corpus\corpus\regression\arxiv-cc-2025-01-08-to-14-final\2501.06618v1.pdf (object 919 0, offset 1104070): treating bad indirect reference (0 0 R) as null qpdf: operation succeeded with warnings"
"regression/arxiv-cc-2025-01-08-to-14-final/2501.06621v1.pdf","6BC6CDB566049BDE4E3151D4E899AACE94D865EE555ADD9C777BE47553834DC3","1104840","0","checking C:\Users\steve\code\KillerPDF-Corpus\corpus\regression\arxiv-cc-2025-01-08-to-14-final\2501.06621v1.pdf PDF Version: 1.5 File is not encrypted File is not linearized No syntax or stream encoding errors found; the file may still contain errors that qpdf cannot detect"
"regression/arxiv-cc-2025-01-08-to-14-final/2501.06623v1.pdf","BA59B96A045B1732FDF9EDB007FE2D9F2D7193678919739EB626B1170050D20D","84959","0","checking C:\Users\steve\code\KillerPDF-Corpus\corpus\regression\arxiv-cc-2025-01-08-to-14-final\2501.06623v1.pdf PDF Version: 1.4 File is not encrypted File is not linearized No syntax or stream encoding errors found; the file may still contain errors that qpdf cannot detect"
"regression/arxiv-cc-2025-01-08-to-14-final/2501.06626v1.pdf","12F87DDDED9B4350BB26E487D3DBC67CBAA7FD7EC2EEE12E2572B79CD6405A31","2083671","0","checking C:\Users\steve\code\KillerPDF-Corpus\corpus\regression\arxiv-cc-2025-01-08-to-14-final\2501.06626v1.pdf PDF Version: 1.5 File is not encrypted File is not linearized No syntax or stream encoding errors found; the file may still contain errors that qpdf cannot detect"
"regression/arxiv-cc-2025-01-08-to-14-final/2501.06628v1.pdf","DB5E2E9F7518DB0FE98830D880A77AF62AA42BAB1B4CBCD72AD5D8F4EDF91BB0","1175156","0","checking C:\Users\steve\code\KillerPDF-Corpus\corpus\regression\arxiv-cc-2025-01-08-to-14-final\2501.06628v1.pdf PDF Version: 1.5 File is not encrypted File is not linearized No syntax or stream encoding errors found; the file may still contain errors that qpdf cannot detect"
"regression/arxiv-cc-2025-01-08-to-14-final/2501.06636v1.pdf","DC6564BC081CF99615D6551E41579BCBD61DC4AE4FE176C8EEDCF6ABD3FED840","260711","0","checking C:\Users\steve\code\KillerPDF-Corpus\corpus\regression\arxiv-cc-2025-01-08-to-14-final\2501.06636v1.pdf PDF Version: 1.5 File is not encrypted File is not linearized No syntax or stream encoding errors found; the file may still contain errors that qpdf cannot detect"
"regression/arxiv-cc-2025-01-08-to-14-final/2501.06638v1.pdf","FFE87F998E197D29FEB4E134075C99FF41AC74AF9A6C1DF7B98644B6B52B5185","205566","0","checking C:\Users\steve\code\KillerPDF-Corpus\corpus\regression\arxiv-cc-2025-01-08-to-14-final\2501.06638v1.pdf PDF Version: 1.5 File is not encrypted File is not linearized No syntax or stream encoding errors found; the file may still contain errors that qpdf cannot detect"
"regression/arxiv-cc-2025-01-08-to-14-final/2501.06642v1.pdf","7903F707A8F51DAF157AC8897A851A8BB9B198F29F4D0D088F6F6EE08FC04F56","200991","0","checking C:\Users\steve\code\KillerPDF-Corpus\corpus\regression\arxiv-cc-2025-01-08-to-14-final\2501.06642v1.pdf PDF Version: 1.4 File is not encrypted File is not linearized No syntax or stream encoding errors found; the file may still contain errors that qpdf cannot detect"
"regression/arxiv-cc-2025-01-08-to-14-final/2501.06644v1.pdf","2C882DBE2368C2C8B871CEFA4764F15450D08837DF6F6FC75EA16AA4272AEFA8","27942689","0","checking C:\Users\steve\code\KillerPDF-Corpus\corpus\regression\arxiv-cc-2025-01-08-to-14-final\2501.06644v1.pdf PDF Version: 1.5 File is not encrypted File is not linearized No syntax or stream encoding errors found; the file may still contain errors that qpdf cannot detect"
"regression/arxiv-cc-2025-01-08-to-14-final/2501.06646v1.pdf","4E37B9785D5F3436D3771D68F1B1D072407C29C982CD11C593B3E8059F6B2DA5","2444150","0","checking C:\Users\steve\code\KillerPDF-Corpus\corpus\regression\arxiv-cc-2025-01-08-to-14-final\2501.06646v1.pdf PDF Version: 1.5 File is not encrypted File is not linearized No syntax or stream encoding errors found; the file may still contain errors that qpdf cannot detect"
"regression/arxiv-cc-2025-01-08-to-14-final/2501.06648v1.pdf","751575F05D8BFAD9057E1DA11D5CF10D9E0FA8AB3125A9A890F0E47506D11DF6","358618","0","checking C:\Users\steve\code\KillerPDF-Corpus\corpus\regression\arxiv-cc-2025-01-08-to-14-final\2501.06648v1.pdf PDF Version: 1.5 File is not encrypted File is not linearized No syntax or stream encoding errors found; the file may still contain errors that qpdf cannot detect"
"regression/arxiv-cc-2025-01-08-to-14-final/2501.06651v1.pdf","686B96A0F1F0A0A152AA4319FE1A92A7EDE5D9E65013A861C9A2C854ADF8D999","2569959","0","checking C:\Users\steve\code\KillerPDF-Corpus\corpus\regression\arxiv-cc-2025-01-08-to-14-final\2501.06651v1.pdf PDF Version: 1.5 File is not encrypted File is not linearized No syntax or stream encoding errors found; the file may still contain errors that qpdf cannot detect"
"regression/arxiv-cc-2025-01-08-to-14-final/2501.06654v1.pdf","606A8F40E1F14CCE34966A13CCCC48A688CC217D454906D14EAAC1F6298A14B2","320986","0","checking C:\Users\steve\code\KillerPDF-Corpus\corpus\regression\arxiv-cc-2025-01-08-to-14-final\2501.06654v1.pdf PDF Version: 1.4 File is not encrypted File is not linearized No syntax or stream encoding errors found; the file may still contain errors that qpdf cannot detect"
"regression/arxiv-cc-2025-01-08-to-14-final/2501.06658v1.pdf","6E4E116663DBCB21B5DF0B2658089F9080B4CA9DB240EA87406766288EBA4F39","884780","0","checking C:\Users\steve\code\KillerPDF-Corpus\corpus\regression\arxiv-cc-2025-01-08-to-14-final\2501.06658v1.pdf PDF Version: 1.5 File is not encrypted File is not linearized No syntax or stream encoding errors found; the file may still contain errors that qpdf cannot detect"
"regression/arxiv-cc-2025-01-08-to-14-final/2501.06667v1.pdf","B103E67D90D0DAAA31414B21B6338634B9F7F09D5F6502E709F9944708DFFBCA","10856697","0","checking C:\Users\steve\code\KillerPDF-Corpus\corpus\regression\arxiv-cc-2025-01-08-to-14-final\2501.06667v1.pdf PDF Version: 1.5 File is not encrypted File is not linearized No syntax or stream encoding errors found; the file may still contain errors that qpdf cannot detect"
"regression/arxiv-cc-2025-01-08-to-14-final/2501.06673v1.pdf","5C9617D61FAB3F9E6AEC1AD6E324AB31BB0F295A01477F0ED66CFEA066BF3A1D","358299","0","checking C:\Users\steve\code\KillerPDF-Corpus\corpus\regression\arxiv-cc-2025-01-08-to-14-final\2501.06673v1.pdf PDF Version: 1.4 File is not encrypted File is not linearized No syntax or stream encoding errors found; the file may still contain errors that qpdf cannot detect"
"regression/arxiv-cc-2025-01-08-to-14-final/2501.06683v1.pdf","EA5C3C5CE67513311728946E21E1CB28A23B8620868A326EACFFB2FFF0C1261A","214250","0","checking C:\Users\steve\code\KillerPDF-Corpus\corpus\regression\arxiv-cc-2025-01-08-to-14-final\2501.06683v1.pdf PDF Version: 1.4 File is not encrypted File is not linearized No syntax or stream encoding errors found; the file may still contain errors that qpdf cannot detect"
"regression/arxiv-cc-2025-01-08-to-14-final/2501.06685v1.pdf","E670FB8CEC724D179F69E004549102120D2113B5CDBD4BCA19FAC1C40961CA48","1529346","0","checking C:\Users\steve\code\KillerPDF-Corpus\corpus\regression\arxiv-cc-2025-01-08-to-14-final\2501.06685v1.pdf PDF Version: 1.5 File is not encrypted File is not linearized No syntax or stream encoding errors found; the file may still contain errors that qpdf cannot detect"
"regression/arxiv-cc-2025-01-08-to-14-final/2501.06694v1.pdf","16FE0F398F9FB0442C9892EDCE76C20F10909A419667F44A0243E0C116E24554","3840378","0","checking C:\Users\steve\code\KillerPDF-Corpus\corpus\regression\arxiv-cc-2025-01-08-to-14-final\2501.06694v1.pdf PDF Version: 1.5 File is not encrypted File is not linearized No syntax or stream encoding errors found; the file may still contain errors that qpdf cannot detect"
"regression/arxiv-cc-2025-01-08-to-14-final/2501.06699v1.pdf","08B03E2F30DFF681CB972B971382EEE1F4196E29B06FF41C033D0CCE5E192FDD","697169","0","checking C:\Users\steve\code\KillerPDF-Corpus\corpus\regression\arxiv-cc-2025-01-08-to-14-final\2501.06699v1.pdf PDF Version: 1.5 File is not encrypted File is not linearized No syntax or stream encoding errors found; the file may still contain errors that qpdf cannot detect"
"regression/arxiv-cc-2025-01-08-to-14-final/2501.06710v1.pdf","855F96199892F6AF4103ACEF4D7F006AAC3F3F8F00A3933C531C799E710C60A0","7497057","0","checking C:\Users\steve\code\KillerPDF-Corpus\corpus\regression\arxiv-cc-2025-01-08-to-14-final\2501.06710v1.pdf PDF Version: 1.5 File is not encrypted File is not linearized No syntax or stream encoding errors found; the file may still contain errors that qpdf cannot detect"
"regression/arxiv-cc-2025-01-08-to-14-final/2501.06711v1.pdf","DDC078DE37BEE69ED09677432CAAD9461EC07EAD83686E7DA66F016ADAA541F0","1120307","0","checking C:\Users\steve\code\KillerPDF-Corpus\corpus\regression\arxiv-cc-2025-01-08-to-14-final\2501.06711v1.pdf PDF Version: 1.5 File is not encrypted File is not linearized No syntax or stream encoding errors found; the file may still contain errors that qpdf cannot detect"
"regression/arxiv-cc-2025-01-08-to-14-final/2501.06715v1.pdf","06A2B21A3C8D8CFA42417BD6BE36D58431BABB630738651284EDDB3C4B3C591B","1141396","0","checking C:\Users\steve\code\KillerPDF-Corpus\corpus\regression\arxiv-cc-2025-01-08-to-14-final\2501.06715v1.pdf PDF Version: 1.5 File is not encrypted File is not linearized No syntax or stream encoding errors found; the file may still contain errors that qpdf cannot detect"
"regression/arxiv-cc-2025-01-08-to-14-final/2501.06716v1.pdf","E55838B3EE7FFD61EAEEFD58BC4D4037FDBDA6C0B7EA5D4F04E815EE97C1FE79","727218","0","checking C:\Users\steve\code\KillerPDF-Corpus\corpus\regression\arxiv-cc-2025-01-08-to-14-final\2501.06716v1.pdf PDF Version: 1.5 File is not encrypted File is not linearized No syntax or stream encoding errors found; the file may still contain errors that qpdf cannot detect"
"regression/arxiv-cc-2025-01-08-to-14-final/2501.06717v1.pdf","A23A900F41DD12BFD6392CE446B1C477CB4687A27E870EEA810B4EE2D7DF9C20","1466692","0","checking C:\Users\steve\code\KillerPDF-Corpus\corpus\regression\arxiv-cc-2025-01-08-to-14-final\2501.06717v1.pdf PDF Version: 1.5 File is not encrypted File is not linearized No syntax or stream encoding errors found; the file may still contain errors that qpdf cannot detect"
"regression/arxiv-cc-2025-01-08-to-14-final/2501.06719v1.pdf","9D9EA9E0D48A96176773DE3841FA277691B1FFEE7610AF0068EBE4EBED1C15CE","1491011","0","checking C:\Users\steve\code\KillerPDF-Corpus\corpus\regression\arxiv-cc-2025-01-08-to-14-final\2501.06719v1.pdf PDF Version: 1.5 File is not encrypted File is not linearized No syntax or stream encoding errors found; the file may still contain errors that qpdf cannot detect"
"regression/arxiv-cc-2025-01-08-to-14-final/2501.06730v1.pdf","782793A798ADCCC3E5802118B2CA930DA520E27A27D63F619BD77C4BD7C23543","117416","0","checking C:\Users\steve\code\KillerPDF-Corpus\corpus\regression\arxiv-cc-2025-01-08-to-14-final\2501.06730v1.pdf PDF Version: 1.4 File is not encrypted File is not linearized No syntax or stream encoding errors found; the file may still contain errors that qpdf cannot detect"
"regression/arxiv-cc-2025-01-08-to-14-final/2501.06761v1.pdf","5C3EF47026F753E27F75EDF514DF2269BB7A68D9CC483687856A5D2C273B0DA6","5432179","0","checking C:\Users\steve\code\KillerPDF-Corpus\corpus\regression\arxiv-cc-2025-01-08-to-14-final\2501.06761v1.pdf PDF Version: 1.5 File is not encrypted File is not linearized No syntax or stream encoding errors found; the file may still contain errors that qpdf cannot detect"
"regression/arxiv-cc-2025-01-08-to-14-final/2501.06766v1.pdf","650502C88D4481C66FF5167420354C3004428C27DAEB6E409CFBDE211AE519E7","341779","0","checking C:\Users\steve\code\KillerPDF-Corpus\corpus\regression\arxiv-cc-2025-01-08-to-14-final\2501.06766v1.pdf PDF Version: 1.4 File is not encrypted File is not linearized No syntax or stream encoding errors found; the file may still contain errors that qpdf cannot detect"
"regression/arxiv-cc-2025-01-08-to-14-final/2501.06780v1.pdf","2FD289C9B4E91717D747BA50262E769E590ABE896059C101566ABF412CA81081","3130436","0","checking C:\Users\steve\code\KillerPDF-Corpus\corpus\regression\arxiv-cc-2025-01-08-to-14-final\2501.06780v1.pdf PDF Version: 1.5 File is not encrypted File is not linearized No syntax or stream encoding errors found; the file may still contain errors that qpdf cannot detect"
"regression/arxiv-cc-2025-01-08-to-14-final/2501.06785v1.pdf","6C488A4F2D070F1F4B0E7F3D060A0B1D2D67BF7BE9847869C194010DE9CA796D","11190459","0","checking C:\Users\steve\code\KillerPDF-Corpus\corpus\regression\arxiv-cc-2025-01-08-to-14-final\2501.06785v1.pdf PDF Version: 1.5 File is not encrypted File is not linearized No syntax or stream encoding errors found; the file may still contain errors that qpdf cannot detect"
"regression/arxiv-cc-2025-01-08-to-14-final/2501.06789v1.pdf","B27026974FAE52210F0938718A3C32F8EDE0FEE141F30D0516AD0B08545650DF","516527","0","checking C:\Users\steve\code\KillerPDF-Corpus\corpus\regression\arxiv-cc-2025-01-08-to-14-final\2501.06789v1.pdf PDF Version: 1.5 File is not encrypted File is not linearized No syntax or stream encoding errors found; the file may still contain errors that qpdf cannot detect"
"regression/arxiv-cc-2025-01-08-to-14-final/2501.06805v1.pdf","FA6BAFF3172E3F6028926CE9C3A989419EC463CE7C8A8CB961D77F684E3634BE","1101246","0","checking C:\Users\steve\code\KillerPDF-Corpus\corpus\regression\arxiv-cc-2025-01-08-to-14-final\2501.06805v1.pdf PDF Version: 1.5 File is not encrypted File is not linearized No syntax or stream encoding errors found; the file may still contain errors that qpdf cannot detect"
"regression/arxiv-cc-2025-01-08-to-14-final/2501.06806v1.pdf","C619F504EDB9A3169E0A51AA9E9C9362C3CA7F1C5CD6126D4532A060A838C153","14391901","0","checking C:\Users\steve\code\KillerPDF-Corpus\corpus\regression\arxiv-cc-2025-01-08-to-14-final\2501.06806v1.pdf PDF Version: 1.5 File is not encrypted File is not linearized No syntax or stream encoding errors found; the file may still contain errors that qpdf cannot detect"
"regression/arxiv-cc-2025-01-08-to-14-final/2501.06810v1.pdf","F8B8663356BC8F722D5BA64E7571BB73412F27E8D8EFDD583B456AE821B1CA82","3303014","0","checking C:\Users\steve\code\KillerPDF-Corpus\corpus\regression\arxiv-cc-2025-01-08-to-14-final\2501.06810v1.pdf PDF Version: 1.5 File is not encrypted File is not linearized No syntax or stream encoding errors found; the file may still contain errors that qpdf cannot detect"
"regression/arxiv-cc-2025-01-08-to-14-final/2501.06811v1.pdf","A4A2111FD4B988EAECF6B1F3CF901C62A4B8409AA5EA1D3FD6F0A3732D4581DF","1421891","0","checking C:\Users\steve\code\KillerPDF-Corpus\corpus\regression\arxiv-cc-2025-01-08-to-14-final\2501.06811v1.pdf PDF Version: 1.5 File is not encrypted File is not linearized No syntax or stream encoding errors found; the file may still contain errors that qpdf cannot detect"
"regression/arxiv-cc-2025-01-08-to-14-final/2501.06823v1.pdf","1CFA01A230CBDF1C3BC44395273E43C270849DECA5391E3F8C9BC0A2AA0AE890","1351199","3","checking C:\Users\steve\code\KillerPDF-Corpus\corpus\regression\arxiv-cc-2025-01-08-to-14-final\2501.06823v1.pdf PDF Version: 1.5 File is not encrypted File is not linearized WARNING: C:\Users\steve\code\KillerPDF-Corpus\corpus\regression\arxiv-cc-2025-01-08-to-14-final\2501.06823v1.pdf (object 532 0, offset 1335092): treating bad indirect reference (0 0 R) as null qpdf: operation succeeded with warnings"
"regression/arxiv-cc-2025-01-08-to-14-final/2501.06827v1.pdf","8A685306363019CC267FB3E930BE06FB284BAE4BC57221F8F515B558AF9E6193","966656","0","checking C:\Users\steve\code\KillerPDF-Corpus\corpus\regression\arxiv-cc-2025-01-08-to-14-final\2501.06827v1.pdf PDF Version: 1.5 File is not encrypted File is not linearized No syntax or stream encoding errors found; the file may still contain errors that qpdf cannot detect"
"regression/arxiv-cc-2025-01-08-to-14-final/2501.06833v1.pdf","C9D28D02A616035740D826EE79317D2DC8350E86A508010DEE4A67E1B0C1B0DB","144553","0","checking C:\Users\steve\code\KillerPDF-Corpus\corpus\regression\arxiv-cc-2025-01-08-to-14-final\2501.06833v1.pdf PDF Version: 1.4 File is not encrypted File is not linearized No syntax or stream encoding errors found; the file may still contain errors that qpdf cannot detect"
"regression/arxiv-cc-2025-01-08-to-14-final/2501.06836v1.pdf","360EA2EC5A955D5A3791694FE4024D0B70D80767DCAD241DD0BF3EC590A6F035","13772925","0","checking C:\Users\steve\code\KillerPDF-Corpus\corpus\regression\arxiv-cc-2025-01-08-to-14-final\2501.06836v1.pdf PDF Version: 1.6 File is not encrypted File is not linearized No syntax or stream encoding errors found; the file may still contain errors that qpdf cannot detect"
"regression/arxiv-cc-2025-01-08-to-14-final/2501.06837v1.pdf","4B6CE3883AE8697F1E5CAF455740642C6D31E7433878AB232F543406844B340C","272949","0","checking C:\Users\steve\code\KillerPDF-Corpus\corpus\regression\arxiv-cc-2025-01-08-to-14-final\2501.06837v1.pdf PDF Version: 1.5 File is not encrypted File is not linearized No syntax or stream encoding errors found; the file may still contain errors that qpdf cannot detect"
"regression/arxiv-cc-2025-01-08-to-14-final/2501.06839v1.pdf","697C75AE2F4A3A9FFA65F3E3F5FF72E2CE2D371B8DFE22F73A5AC1CD5586F333","1878588","0","checking C:\Users\steve\code\KillerPDF-Corpus\corpus\regression\arxiv-cc-2025-01-08-to-14-final\2501.06839v1.pdf PDF Version: 1.5 File is not encrypted File is not linearized No syntax or stream encoding errors found; the file may still contain errors that qpdf cannot detect"
"regression/arxiv-cc-2025-01-08-to-14-final/2501.06843v1.pdf","6BCA341B82C60A5D03A63A5AD9D24270D41BD2F7530B7396699299152EF8DA40","1455596","0","checking C:\Users\steve\code\KillerPDF-Corpus\corpus\regression\arxiv-cc-2025-01-08-to-14-final\2501.06843v1.pdf PDF Version: 1.7 File is not encrypted File is not linearized No syntax or stream encoding errors found; the file may still contain errors that qpdf cannot detect"
"regression/arxiv-cc-2025-01-08-to-14-final/2501.06852v1.pdf","BAC651F0C04CA1FBC71F198AC5923016D13FD8A006DF871F327D000D203477CB","2324468","0","checking C:\Users\steve\code\KillerPDF-Corpus\corpus\regression\arxiv-cc-2025-01-08-to-14-final\2501.06852v1.pdf PDF Version: 1.4 File is not encrypted File is not linearized No syntax or stream encoding errors found; the file may still contain errors that qpdf cannot detect"
"regression/arxiv-cc-2025-01-08-to-14-final/2501.06853v1.pdf","D070D567BE4DE519D718F7584E629AF88BD14CB4A2025082C1FFAE2DA1F03ABA","159980","0","checking C:\Users\steve\code\KillerPDF-Corpus\corpus\regression\arxiv-cc-2025-01-08-to-14-final\2501.06853v1.pdf PDF Version: 1.4 File is not encrypted File is not linearized No syntax or stream encoding errors found; the file may still contain errors that qpdf cannot detect"
"regression/arxiv-cc-2025-01-08-to-14-final/2501.06860v1.pdf","F88551FE2F1943F332620510041E2F3AD32DE670810418CFF10AA096E41DB233","1022687","3","checking C:\Users\steve\code\KillerPDF-Corpus\corpus\regression\arxiv-cc-2025-01-08-to-14-final\2501.06860v1.pdf PDF Version: 1.3 File is not encrypted File is not linearized WARNING: C:\Users\steve\code\KillerPDF-Corpus\corpus\regression\arxiv-cc-2025-01-08-to-14-final\2501.06860v1.pdf (object 44 0): object has offset 0 - a common error handled correctly by qpdf and most other applications qpdf: operation succeeded with warnings"
"regression/arxiv-cc-2025-01-08-to-14-final/2501.06863v1.pdf","1A9E8383947BE098C2F3EFBD768D4666567B7C352FBF391DBE284786C5B2F8D6","772832","0","checking C:\Users\steve\code\KillerPDF-Corpus\corpus\regression\arxiv-cc-2025-01-08-to-14-final\2501.06863v1.pdf PDF Version: 1.5 File is not encrypted File is not linearized No syntax or stream encoding errors found; the file may still contain errors that qpdf cannot detect"
"regression/arxiv-cc-2025-01-08-to-14-final/2501.06867v1.pdf","4844C48C98E201BC9D4DA8FC2CF9FBBFDFBB9A7CA47E6792B4720B2B06CA4F56","3779384","0","checking C:\Users\steve\code\KillerPDF-Corpus\corpus\regression\arxiv-cc-2025-01-08-to-14-final\2501.06867v1.pdf PDF Version: 1.5 File is not encrypted File is not linearized No syntax or stream encoding errors found; the file may still contain errors that qpdf cannot detect"
"regression/arxiv-cc-2025-01-08-to-14-final/2501.06868v1.pdf","4892ADFEEF82FE0931EC6FFC1DD2D8E70892622B890C3BFDFB1AAA11CF0AFD92","1397099","0","checking C:\Users\steve\code\KillerPDF-Corpus\corpus\regression\arxiv-cc-2025-01-08-to-14-final\2501.06868v1.pdf PDF Version: 1.5 File is not encrypted File is not linearized No syntax or stream encoding errors found; the file may still contain errors that qpdf cannot detect"
"regression/arxiv-cc-2025-01-08-to-14-final/2501.06870v1.pdf","A60899B6C4C765732A45B8DB28DC61B07E63B2D5AAABD850DF6C750295C83780","7026548","0","checking C:\Users\steve\code\KillerPDF-Corpus\corpus\regression\arxiv-cc-2025-01-08-to-14-final\2501.06870v1.pdf PDF Version: 1.5 File is not encrypted File is not linearized No syntax or stream encoding errors found; the file may still contain errors that qpdf cannot detect"
"regression/arxiv-cc-2025-01-08-to-14-final/2501.06871v1.pdf","2561B640B9882A15C5E87831B16BB61D67622C3823EBE33FD7872CC9266A6F02","491555","0","checking C:\Users\steve\code\KillerPDF-Corpus\corpus\regression\arxiv-cc-2025-01-08-to-14-final\2501.06871v1.pdf PDF Version: 1.5 File is not encrypted File is not linearized No syntax or stream encoding errors found; the file may still contain errors that qpdf cannot detect"
"regression/arxiv-cc-2025-01-08-to-14-final/2501.06872v1.pdf","1D020623F1EE1D910CF987CCE8FED82481195AB45A1669A579732A02959F9FC3","682768","0","checking C:\Users\steve\code\KillerPDF-Corpus\corpus\regression\arxiv-cc-2025-01-08-to-14-final\2501.06872v1.pdf PDF Version: 1.4 File is not encrypted File is not linearized No syntax or stream encoding errors found; the file may still contain errors that qpdf cannot detect"
"regression/arxiv-cc-2025-01-08-to-14-final/2501.06879v1.pdf","A15C81577455C8D8CAD88A1B9893B21502F7A1E68FAD1C2F19AF0F87245DB007","2075512","3","checking C:\Users\steve\code\KillerPDF-Corpus\corpus\regression\arxiv-cc-2025-01-08-to-14-final\2501.06879v1.pdf PDF Version: 1.3 File is not encrypted File is not linearized WARNING: C:\Users\steve\code\KillerPDF-Corpus\corpus\regression\arxiv-cc-2025-01-08-to-14-final\2501.06879v1.pdf (object 6 0): object has offset 0 - a common error handled correctly by qpdf and most other applications WARNING: C:\Users\steve\code\KillerPDF-Corpus\corpus\regression\arxiv-cc-2025-01-08-to-14-final\2501.06879v1.pdf (object 8 0): object has offset 0 - a common error handled correctly by qpdf and most other applications WARNING: C:\Users\steve\code\KillerPDF-Corpus\corpus\regression\arxiv-cc-2025-01-08-to-14-final\2501.06879v1.pdf (object 10 0): object has offset 0 - a common error handled correctly by qpdf and most other applications WARNING: C:\Users\steve\code\KillerPDF-Corpus\corpus\regression\arxiv-cc-2025-01-08-to-14-final\2501.06879v1.pdf (object 12 0): object has offset 0 - a common error handled correctly by qpdf and most other applications WARNING: C:\Users\steve\code\KillerPDF-Corpus\corpus\regression\arxiv-cc-2025-01-08-to-14-final\2501.06879v1.pdf (object 14 0): object has offset 0 - a common error handled correctly by qpdf and most other applications WARNING: C:\Users\steve\code\KillerPDF-Corpus\corpus\regression\arxiv-cc-2025-01-08-to-14-final\2501.06879v1.pdf (object 16 0): object has offset 0 - a common error handled correctly by qpdf and most other applications WARNING: C:\Users\steve\code\KillerPDF-Corpus\corpus\regression\arxiv-cc-2025-01-08-to-14-final\2501.06879v1.pdf (object 18 0): object has offset 0 - a common error handled correctly by qpdf and most other applications WARNING: C:\Users\steve\code\KillerPDF-Corpus\corpus\regression\arxiv-cc-2025-01-08-to-14-final\2501.06879v1.pdf (object 20 0): object has offset 0 - a common error handled correctly by qpdf and most other applications WARNING: C:\Users\steve\code\KillerPDF-Corpus\corpus\regression\arxiv-cc-2025-01-08-to-14-final\2501.06879v1.pdf (object 26 0): object has offset 0 - a common error handled correctly by qpdf and most other applications WARNING: C:\Users\steve\code\KillerPDF-Corpus\corpus\regression\arxiv-cc-2025-01-08-to-14-final\2501.06879v1.pdf (object 31 0): object has offset 0 - a common error handled correctly by qpdf and most other applications WARNING: C:\Users\steve\code\KillerPDF-Corpus\corpus\regression\arxiv-cc-2025-01-08-to-14-final\2501.06879v1.pdf (object 46 0): object has offset 0 - a common error handled correctly by qpdf and most other applications WARNING: C:\Users\steve\code\KillerPDF-Corpus\corpus\regression\arxiv-cc-2025-01-08-to-14-final\2501.06879v1.pdf (object 48 0): object has offset 0 - a common error handled correctly by qpdf and most other applications WARNING: C:\Users\steve\code\KillerPDF-Corpus\corpus\regression\arxiv-cc-2025-01-08-to-14-final\2501.06879v1.pdf (object 50 0): object has offset 0 - a common error handled correctly by qpdf and most other applications qpdf: operation succeeded with warnings"
"regression/arxiv-cc-2025-01-08-to-14-final/2501.06881v1.pdf","C55952AEB09644AD4E74F969D442833EA6B17E40AFC623C4FB60E0B218F3F7DA","210561","0","checking C:\Users\steve\code\KillerPDF-Corpus\corpus\regression\arxiv-cc-2025-01-08-to-14-final\2501.06881v1.pdf PDF Version: 1.4 File is not encrypted File is not linearized No syntax or stream encoding errors found; the file may still contain errors that qpdf cannot detect"
"regression/arxiv-cc-2025-01-08-to-14-final/2501.06887v1.pdf","C08F9D56E125CDA353080433DFCDE708400331C7D98C31FA7426F6BF9E0536E2","4340212","0","checking C:\Users\steve\code\KillerPDF-Corpus\corpus\regression\arxiv-cc-2025-01-08-to-14-final\2501.06887v1.pdf PDF Version: 1.6 File is not encrypted File is not linearized No syntax or stream encoding errors found; the file may still contain errors that qpdf cannot detect"
"regression/arxiv-cc-2025-01-08-to-14-final/2501.06895v1.pdf","4BC2CE61A86DF73F1FA61C85CEFD975DE9610906CF8E19F9A618BC6B274A191D","242544","0","checking C:\Users\steve\code\KillerPDF-Corpus\corpus\regression\arxiv-cc-2025-01-08-to-14-final\2501.06895v1.pdf PDF Version: 1.4 File is not encrypted File is not linearized No syntax or stream encoding errors found; the file may still contain errors that qpdf cannot detect"
"regression/arxiv-cc-2025-01-08-to-14-final/2501.06896v1.pdf","C5BC89B5183D277552F504271E2D1261919E1C735DA4361CCDC73036772AA042","4217022","0","checking C:\Users\steve\code\KillerPDF-Corpus\corpus\regression\arxiv-cc-2025-01-08-to-14-final\2501.06896v1.pdf PDF Version: 1.5 File is not encrypted File is not linearized No syntax or stream encoding errors found; the file may still contain errors that qpdf cannot detect"
"regression/arxiv-cc-2025-01-08-to-14-final/2501.06904v1.pdf","6F7DDD71580F22F328EF857CE8F45ADB655F33E480A87E7BB0D1423CCA4DF106","33522617","0","checking C:\Users\steve\code\KillerPDF-Corpus\corpus\regression\arxiv-cc-2025-01-08-to-14-final\2501.06904v1.pdf PDF Version: 1.5 File is not encrypted File is not linearized No syntax or stream encoding errors found; the file may still contain errors that qpdf cannot detect"
"regression/arxiv-cc-2025-01-08-to-14-final/2501.06905v1.pdf","05AEA6132A62C451CB0725707C19F6F8F40ECFFF06340C0C4D523EA8170F7878","141105","0","checking C:\Users\steve\code\KillerPDF-Corpus\corpus\regression\arxiv-cc-2025-01-08-to-14-final\2501.06905v1.pdf PDF Version: 1.4 File is not encrypted File is not linearized No syntax or stream encoding errors found; the file may still contain errors that qpdf cannot detect"
"regression/arxiv-cc-2025-01-08-to-14-final/2501.06911v1.pdf","1C031AF29E653872283269D70E33910DA7E2D90A9D53708973E0420B8D64FD03","1170568","0","checking C:\Users\steve\code\KillerPDF-Corpus\corpus\regression\arxiv-cc-2025-01-08-to-14-final\2501.06911v1.pdf PDF Version: 1.5 File is not encrypted File is not linearized No syntax or stream encoding errors found; the file may still contain errors that qpdf cannot detect"
"regression/arxiv-cc-2025-01-08-to-14-final/2501.06912v1.pdf","04B78A3E80E5B65B2B444A49ADD7B198C754AE28568528AE21948FF3619A6F13","1278679","0","checking C:\Users\steve\code\KillerPDF-Corpus\corpus\regression\arxiv-cc-2025-01-08-to-14-final\2501.06912v1.pdf PDF Version: 1.5 File is not encrypted File is not linearized No syntax or stream encoding errors found; the file may still contain errors that qpdf cannot detect"
"regression/arxiv-cc-2025-01-08-to-14-final/2501.06923v1.pdf","59639C3FA621B20BF36AA0ED74EFE4CE58E322309882F97CAF75B689AF875A1C","788636","0","checking C:\Users\steve\code\KillerPDF-Corpus\corpus\regression\arxiv-cc-2025-01-08-to-14-final\2501.06923v1.pdf PDF Version: 1.5 File is not encrypted File is not linearized No syntax or stream encoding errors found; the file may still contain errors that qpdf cannot detect"
"regression/arxiv-cc-2025-01-08-to-14-final/2501.06925v1.pdf","B80EA2332CBE060CC9CC24BD8A3E8F0252736637970475DF7B14E6B5151FAD0F","389285","0","checking C:\Users\steve\code\KillerPDF-Corpus\corpus\regression\arxiv-cc-2025-01-08-to-14-final\2501.06925v1.pdf PDF Version: 1.5 File is not encrypted File is not linearized No syntax or stream encoding errors found; the file may still contain errors that qpdf cannot detect"
"regression/arxiv-cc-2025-01-08-to-14-final/2501.06934v1.pdf","14BAA4CF2CD2D7FEB4AD87CD0D25430D6616BC376327723D9B2D1E692FB3DBC1","1499863","0","checking C:\Users\steve\code\KillerPDF-Corpus\corpus\regression\arxiv-cc-2025-01-08-to-14-final\2501.06934v1.pdf PDF Version: 1.4 File is not encrypted File is not linearized No syntax or stream encoding errors found; the file may still contain errors that qpdf cannot detect"
"regression/arxiv-cc-2025-01-08-to-14-final/2501.06938v1.pdf","4A44CBC4C8921B1061F5647CA31042CD34C8D4C5363873669A4A022BCD8A39AC","858126","0","checking C:\Users\steve\code\KillerPDF-Corpus\corpus\regression\arxiv-cc-2025-01-08-to-14-final\2501.06938v1.pdf PDF Version: 1.5 File is not encrypted File is not linearized No syntax or stream encoding errors found; the file may still contain errors that qpdf cannot detect"
"regression/arxiv-cc-2025-01-08-to-14-final/2501.06939v1.pdf","EBBD287CFBE8A1C8BF768351F9E4D32526F71AC73DE84C3DDBC5155A3AAEF58C","4847525","3","checking C:\Users\steve\code\KillerPDF-Corpus\corpus\regression\arxiv-cc-2025-01-08-to-14-final\2501.06939v1.pdf PDF Version: 1.4 File is not encrypted File is linearized WARNING: C:\Users\steve\code\KillerPDF-Corpus\corpus\regression\arxiv-cc-2025-01-08-to-14-final\2501.06939v1.pdf: first shared object offset mismatch: hint table = 4615149; computed = 4614189 WARNING: C:\Users\steve\code\KillerPDF-Corpus\corpus\regression\arxiv-cc-2025-01-08-to-14-final\2501.06939v1.pdf: page 0 has shared identifier entries WARNING: C:\Users\steve\code\KillerPDF-Corpus\corpus\regression\arxiv-cc-2025-01-08-to-14-final\2501.06939v1.pdf: page 0: shared object 1017: in hint table but not computed list WARNING: C:\Users\steve\code\KillerPDF-Corpus\corpus\regression\arxiv-cc-2025-01-08-to-14-final\2501.06939v1.pdf: page 2: shared object 128: in computed list but not hint table WARNING: C:\Users\steve\code\KillerPDF-Corpus\corpus\regression\arxiv-cc-2025-01-08-to-14-final\2501.06939v1.pdf: page 3: shared object 128: in computed list but not hint table WARNING: C:\Users\steve\code\KillerPDF-Corpus\corpus\regression\arxiv-cc-2025-01-08-to-14-final\2501.06939v1.pdf: page 5: shared object 128: in computed list but not hint table WARNING: C:\Users\steve\code\KillerPDF-Corpus\corpus\regression\arxiv-cc-2025-01-08-to-14-final\2501.06939v1.pdf: page 6: shared object 128: in computed list but not hint table WARNING: C:\Users\steve\code\KillerPDF-Corpus\corpus\regression\arxiv-cc-2025-01-08-to-14-final\2501.06939v1.pdf: page 7: shared object 128: in computed list but not hint table WARNING: C:\Users\steve\code\KillerPDF-Corpus\corpus\regression\arxiv-cc-2025-01-08-to-14-final\2501.06939v1.pdf: page 9: shared object 128: in computed list but not hint table WARNING: C:\Users\steve\code\KillerPDF-Corpus\corpus\regression\arxiv-cc-2025-01-08-to-14-final\2501.06939v1.pdf: page 12: shared object 128: in computed list but not hint table WARNING: C:\Users\steve\code\KillerPDF-Corpus\corpus\regression\arxiv-cc-2025-01-08-to-14-final\2501.06939v1.pdf: page 13: shared object 128: in computed list but not hint table WARNING: C:\Users\steve\code\KillerPDF-Corpus\corpus\regression\arxiv-cc-2025-01-08-to-14-final\2501.06939v1.pdf: object count mismatch for page 14: hint table = 6; computed = 7 WARNING: C:\Users\steve\code\KillerPDF-Corpus\corpus\regression\arxiv-cc-2025-01-08-to-14-final\2501.06939v1.pdf: page 14: shared object 111: in hint table but not computed list WARNING: C:\Users\steve\code\KillerPDF-Corpus\corpus\regression\arxiv-cc-2025-01-08-to-14-final\2501.06939v1.pdf: page 15: shared object 128: in computed list but not hint table WARNING: C:\Users\steve\code\KillerPDF-Corpus\corpus\regression\arxiv-cc-2025-01-08-to-14-final\2501.06939v1.pdf: page 16: shared object 128: in computed list but not hint table WARNING: C:\Users\steve\code\KillerPDF-Corpus\corpus\regression\arxiv-cc-2025-01-08-to-14-final\2501.06939v1.pdf: page 19: shared object 128: in computed list but not hint table qpdf: operation succeeded with warnings"
"regression/arxiv-cc-2025-01-08-to-14-final/2501.06940v1.pdf","FE9D55103ACA0799E80FC29E42FCAB01F3C8BF6BF45FD74BF3C9763E3ACB51B6","5002224","0","checking C:\Users\steve\code\KillerPDF-Corpus\corpus\regression\arxiv-cc-2025-01-08-to-14-final\2501.06940v1.pdf PDF Version: 1.5 File is not encrypted File is not linearized No syntax or stream encoding errors found; the file may still contain errors that qpdf cannot detect"
"regression/arxiv-cc-2025-01-08-to-14-final/2501.06942v1.pdf","6B61452774017E5FDAA876EDDD067565176351D7D193A46EA9DFD41EEF7806A7","1287953","0","checking C:\Users\steve\code\KillerPDF-Corpus\corpus\regression\arxiv-cc-2025-01-08-to-14-final\2501.06942v1.pdf PDF Version: 1.5 File is not encrypted File is not linearized No syntax or stream encoding errors found; the file may still contain errors that qpdf cannot detect"
"regression/arxiv-cc-2025-01-08-to-14-final/2501.06946v1.pdf","553D5FDA00E253B65C14ECEB9C01E0A35BE07B65105012AEB0D75004BF8EBCEC","2549410","0","checking C:\Users\steve\code\KillerPDF-Corpus\corpus\regression\arxiv-cc-2025-01-08-to-14-final\2501.06946v1.pdf PDF Version: 1.5 File is not encrypted File is not linearized No syntax or stream encoding errors found; the file may still contain errors that qpdf cannot detect"
"regression/arxiv-cc-2025-01-08-to-14-final/2501.06951v1.pdf","2A72BE9E1147F118A7BE0E5D0B413C9A68B43C12713DB616B79AFF08CD5420D8","257081","0","checking C:\Users\steve\code\KillerPDF-Corpus\corpus\regression\arxiv-cc-2025-01-08-to-14-final\2501.06951v1.pdf PDF Version: 1.4 File is not encrypted File is not linearized No syntax or stream encoding errors found; the file may still contain errors that qpdf cannot detect"
"regression/arxiv-cc-2025-01-08-to-14-final/2501.06953v1.pdf","B5F8BEC8B0D25A892482A4B4F38D2B63CC512BC4AF2966756BEA36A9FA4294CE","795333","0","checking C:\Users\steve\code\KillerPDF-Corpus\corpus\regression\arxiv-cc-2025-01-08-to-14-final\2501.06953v1.pdf PDF Version: 1.5 File is not encrypted File is not linearized No syntax or stream encoding errors found; the file may still contain errors that qpdf cannot detect"
"regression/arxiv-cc-2025-01-08-to-14-final/2501.06956v1.pdf","7814045B5FC5A2CCCDAF0ABFFAE34E6098F4DEBE6C4B9F71FA4C5FB155E1673A","404530","0","checking C:\Users\steve\code\KillerPDF-Corpus\corpus\regression\arxiv-cc-2025-01-08-to-14-final\2501.06956v1.pdf PDF Version: 1.5 File is not encrypted File is not linearized No syntax or stream encoding errors found; the file may still contain errors that qpdf cannot detect"
"regression/arxiv-cc-2025-01-08-to-14-final/2501.06962v1.pdf","14C209E625D91F70511C4B8D59F004BD5A771D0033E7A88A057FEAF2CDDD8608","26122262","0","checking C:\Users\steve\code\KillerPDF-Corpus\corpus\regression\arxiv-cc-2025-01-08-to-14-final\2501.06962v1.pdf PDF Version: 1.5 File is not encrypted File is not linearized No syntax or stream encoding errors found; the file may still contain errors that qpdf cannot detect"
"regression/arxiv-cc-2025-01-08-to-14-final/2501.06964v1.pdf","8C9C32DBA9ED78D96C99F5A8EEF32595DF8F02BCAA619CF08D0033E9D4965E1C","995716","0","checking C:\Users\steve\code\KillerPDF-Corpus\corpus\regression\arxiv-cc-2025-01-08-to-14-final\2501.06964v1.pdf PDF Version: 1.5 File is not encrypted File is not linearized No syntax or stream encoding errors found; the file may still contain errors that qpdf cannot detect"
"regression/arxiv-cc-2025-01-08-to-14-final/2501.06965v1.pdf","AB7CFE3F96EBF479F890902FC147958E561ADD17BF3440A2BE274CEBB421CE7A","3314903","3","checking C:\Users\steve\code\KillerPDF-Corpus\corpus\regression\arxiv-cc-2025-01-08-to-14-final\2501.06965v1.pdf PDF Version: 1.7 File is not encrypted File is linearized WARNING: C:\Users\steve\code\KillerPDF-Corpus\corpus\regression\arxiv-cc-2025-01-08-to-14-final\2501.06965v1.pdf: shared object 2483 length mismatch: hint table = 113; computed = 114 WARNING: C:\Users\steve\code\KillerPDF-Corpus\corpus\regression\arxiv-cc-2025-01-08-to-14-final\2501.06965v1.pdf: object count mismatch for page 0: hint table = 2441; computed = 2394 WARNING: C:\Users\steve\code\KillerPDF-Corpus\corpus\regression\arxiv-cc-2025-01-08-to-14-final\2501.06965v1.pdf: page 1: shared object 648: in hint table but not computed list WARNING: C:\Users\steve\code\KillerPDF-Corpus\corpus\regression\arxiv-cc-2025-01-08-to-14-final\2501.06965v1.pdf: page 1: shared object 649: in hint table but not computed list WARNING: C:\Users\steve\code\KillerPDF-Corpus\corpus\regression\arxiv-cc-2025-01-08-to-14-final\2501.06965v1.pdf: page 1: shared object 650: in hint table but not computed list WARNING: C:\Users\steve\code\KillerPDF-Corpus\corpus\regression\arxiv-cc-2025-01-08-to-14-final\2501.06965v1.pdf: page 1: shared object 651: in hint table but not computed list WARNING: C:\Users\steve\code\KillerPDF-Corpus\corpus\regression\arxiv-cc-2025-01-08-to-14-final\2501.06965v1.pdf: page 1: shared object 652: in hint table but not computed list WARNING: C:\Users\steve\code\KillerPDF-Corpus\corpus\regression\arxiv-cc-2025-01-08-to-14-final\2501.06965v1.pdf: page 1: shared object 653: in hint table but not computed list WARNING: C:\Users\steve\code\KillerPDF-Corpus\corpus\regression\arxiv-cc-2025-01-08-to-14-final\2501.06965v1.pdf: page 1: shared object 654: in hint table but not computed list WARNING: C:\Users\steve\code\KillerPDF-Corpus\corpus\regression\arxiv-cc-2025-01-08-to-14-final\2501.06965v1.pdf: page 1: shared object 655: in hint table but not computed list WARNING: C:\Users\steve\code\KillerPDF-Corpus\corpus\regression\arxiv-cc-2025-01-08-to-14-final\2501.06965v1.pdf: page 1: shared object 656: in hint table but not computed list WARNING: C:\Users\steve\code\KillerPDF-Corpus\corpus\regression\arxiv-cc-2025-01-08-to-14-final\2501.06965v1.pdf: page 1: shared object 657: in hint table but not computed list WARNING: C:\Users\steve\code\KillerPDF-Corpus\corpus\regression\arxiv-cc-2025-01-08-to-14-final\2501.06965v1.pdf: page 1: shared object 658: in hint table but not computed list WARNING: C:\Users\steve\code\KillerPDF-Corpus\corpus\regression\arxiv-cc-2025-01-08-to-14-final\2501.06965v1.pdf: page 1: shared object 659: in hint table but not computed list WARNING: C:\Users\steve\code\KillerPDF-Corpus\corpus\regression\arxiv-cc-2025-01-08-to-14-final\2501.06965v1.pdf: page 1: shared object 660: in hint table but not computed list WARNING: C:\Users\steve\code\KillerPDF-Corpus\corpus\regression\arxiv-cc-2025-01-08-to-14-final\2501.06965v1.pdf: page 1: shared object 661: in hint table but not computed list WARNING: C:\Users\steve\code\KillerPDF-Corpus\corpus\regression\arxiv-cc-2025-01-08-to-14-final\2501.06965v1.pdf: page 1: shared object 662: in hint table but not computed list WARNING: C:\Users\steve\code\KillerPDF-Corpus\corpus\regression\arxiv-cc-2025-01-08-to-14-final\2501.06965v1.pdf: page 1: shared object 663: in hint table but not computed list WARNING: C:\Users\steve\code\KillerPDF-Corpus\corpus\regression\arxiv-cc-2025-01-08-to-14-final\2501.06965v1.pdf: page 1: shared object 664: in hint table but not computed list WARNING: C:\Users\steve\code\KillerPDF-Corpus\corpus\regression\arxiv-cc-2025-01-08-to-14-final\2501.06965v1.pdf: page 1: shared object 665: in hint table but not computed list WARNING: C:\Users\steve\code\KillerPDF-Corpus\corpus\regression\arxiv-cc-2025-01-08-to-14-final\2501.06965v1.pdf: page 1: shared object 666: in hint table but not computed list WARNING: C:\Users\steve\code\KillerPDF-Corpus\corpus\regression\arxiv-cc-2025-01-08-to-14-final\2501.06965v1.pdf: page 1: shared object 667: in hint table but not computed list WARNING: C:\Users\steve\code\KillerPDF-Corpus\corpus\regression\arxiv-cc-2025-01-08-to-14-final\2501.06965v1.pdf: page 1: shared object 668: in hint table but not computed list WARNING: C:\Users\steve\code\KillerPDF-Corpus\corpus\regression\arxiv-cc-2025-01-08-to-14-final\2501.06965v1.pdf: page 1: shared object 669: in hint table but not computed list WARNING: C:\Users\steve\code\KillerPDF-Corpus\corpus\regression\arxiv-cc-2025-01-08-to-14-final\2501.06965v1.pdf: page 1: shared object 670: in hint table but not computed list WARNING: C:\Users\steve\code\KillerPDF-Corpus\corpus\regression\arxiv-cc-2025-01-08-to-14-final\2501.06965v1.pdf: page 1: shared object 671: in hint table but not computed list WARNING: C:\Users\steve\code\KillerPDF-Corpus\corpus\regression\arxiv-cc-2025-01-08-to-14-final\2501.06965v1.pdf: page 1: shared object 672: in hint table but not computed list WARNING: C:\Users\steve\code\KillerPDF-Corpus\corpus\regression\arxiv-cc-2025-01-08-to-14-final\2501.06965v1.pdf: page 1: shared object 673: in hint table but not computed list WARNING: C:\Users\steve\code\KillerPDF-Corpus\corpus\regression\arxiv-cc-2025-01-08-to-14-final\2501.06965v1.pdf: page 1: shared object 674: in hint table but not computed list WARNING: C:\Users\steve\code\KillerPDF-Corpus\corpus\regression\arxiv-cc-2025-01-08-to-14-final\2501.06965v1.pdf: page 1: shared object 675: in hint table but not computed list WARNING: C:\Users\steve\code\KillerPDF-Corpus\corpus\regression\arxiv-cc-2025-01-08-to-14-final\2501.06965v1.pdf: page 1: shared object 676: in hint table but not computed list WARNING: C:\Users\steve\code\KillerPDF-Corpus\corpus\regression\arxiv-cc-2025-01-08-to-14-final\2501.06965v1.pdf: page 1: shared object 677: in hint table but not computed list WARNING: C:\Users\steve\code\KillerPDF-Corpus\corpus\regression\arxiv-cc-2025-01-08-to-14-final\2501.06965v1.pdf: page 1: shared object 678: in hint table but not computed list WARNING: C:\Users\steve\code\KillerPDF-Corpus\corpus\regression\arxiv-cc-2025-01-08-to-14-final\2501.06965v1.pdf: page 1: shared object 679: in hint table but not computed list WARNING: C:\Users\steve\code\KillerPDF-Corpus\corpus\regression\arxiv-cc-2025-01-08-to-14-final\2501.06965v1.pdf: page 1: shared object 680: in hint table but not computed list WARNING: C:\Users\steve\code\KillerPDF-Corpus\corpus\regression\arxiv-cc-2025-01-08-to-14-final\2501.06965v1.pdf: page 1: shared object 681: in hint table but not computed list WARNING: C:\Users\steve\code\KillerPDF-Corpus\corpus\regression\arxiv-cc-2025-01-08-to-14-final\2501.06965v1.pdf: page 1: shared object 682: in hint table but not computed list WARNING: C:\Users\steve\code\KillerPDF-Corpus\corpus\regression\arxiv-cc-2025-01-08-to-14-final\2501.06965v1.pdf: page 1: shared object 683: in hint table but not computed list WARNING: C:\Users\steve\code\KillerPDF-Corpus\corpus\regression\arxiv-cc-2025-01-08-to-14-final\2501.06965v1.pdf: page 1: shared object 684: in hint table but not computed list WARNING: C:\Users\steve\code\KillerPDF-Corpus\corpus\regression\arxiv-cc-2025-01-08-to-14-final\2501.06965v1.pdf: page 1: shared object 685: in hint table but not computed list WARNING: C:\Users\steve\code\KillerPDF-Corpus\corpus\regression\arxiv-cc-2025-01-08-to-14-final\2501.06965v1.pdf: page 1: shared object 686: in hint table but not computed list WARNING: C:\Users\steve\code\KillerPDF-Corpus\corpus\regression\arxiv-cc-2025-01-08-to-14-final\2501.06965v1.pdf: page 1: shared object 687: in hint table but not computed list WARNING: C:\Users\steve\code\KillerPDF-Corpus\corpus\regression\arxiv-cc-2025-01-08-to-14-final\2501.06965v1.pdf: page 1: shared object 688: in hint table but not computed list WARNING: C:\Users\steve\code\KillerPDF-Corpus\corpus\regression\arxiv-cc-2025-01-08-to-14-final\2501.06965v1.pdf: page 1: shared object 689: in hint table but not computed list WARNING: C:\Users\steve\code\KillerPDF-Corpus\corpus\regression\arxiv-cc-2025-01-08-to-14-final\2501.06965v1.pdf: page 1: shared object 690: in hint table but not computed list WARNING: C:\Users\steve\code\KillerPDF-Corpus\corpus\regression\arxiv-cc-2025-01-08-to-14-final\2501.06965v1.pdf: page 1: shared object 691: in hint table but not computed list WARNING: C:\Users\steve\code\KillerPDF-Corpus\corpus\regression\arxiv-cc-2025-01-08-to-14-final\2501.06965v1.pdf: page 1: shared object 692: in hint table but not computed list WARNING: C:\Users\steve\code\KillerPDF-Corpus\corpus\regression\arxiv-cc-2025-01-08-to-14-final\2501.06965v1.pdf: page 1: shared object 693: in hint table but not computed list WARNING: C:\Users\steve\code\KillerPDF-Corpus\corpus\regression\arxiv-cc-2025-01-08-to-14-final\2501.06965v1.pdf: page 1: shared object 694: in hint table but not computed list WARNING: C:\Users\steve\code\KillerPDF-Corpus\corpus\regression\arxiv-cc-2025-01-08-to-14-final\2501.06965v1.pdf: page 2: shared object 648: in hint table but not computed list WARNING: C:\Users\steve\code\KillerPDF-Corpus\corpus\regression\arxiv-cc-2025-01-08-to-14-final\2501.06965v1.pdf: page 2: shared object 649: in hint table but not computed list WARNING: C:\Users\steve\code\KillerPDF-Corpus\corpus\regression\arxiv-cc-2025-01-08-to-14-final\2501.06965v1.pdf: page 2: shared object 650: in hint table but not computed list WARNING: C:\Users\steve\code\KillerPDF-Corpus\corpus\regression\arxiv-cc-2025-01-08-to-14-final\2501.06965v1.pdf: page 2: shared object 651: in hint table but not computed list WARNING: C:\Users\steve\code\KillerPDF-Corpus\corpus\regression\arxiv-cc-2025-01-08-to-14-final\2501.06965v1.pdf: page 2: shared object 652: in hint table but not computed list WARNING: C:\Users\steve\code\KillerPDF-Corpus\corpus\regression\arxiv-cc-2025-01-08-to-14-final\2501.06965v1.pdf: page 2: shared object 653: in hint table but not computed list WARNING: C:\Users\steve\code\KillerPDF-Corpus\corpus\regression\arxiv-cc-2025-01-08-to-14-final\2501.06965v1.pdf: page 2: shared object 654: in hint table but not computed list WARNING: C:\Users\steve\code\KillerPDF-Corpus\corpus\regression\arxiv-cc-2025-01-08-to-14-final\2501.06965v1.pdf: page 2: shared object 655: in hint table but not computed list WARNING: C:\Users\steve\code\KillerPDF-Corpus\corpus\regression\arxiv-cc-2025-01-08-to-14-final\2501.06965v1.pdf: page 2: shared object 656: in hint table but not computed list WARNING: C:\Users\steve\code\KillerPDF-Corpus\corpus\regression\arxiv-cc-2025-01-08-to-14-final\2501.06965v1.pdf: page 2: shared object 657: in hint table but not computed list WARNING: C:\Users\steve\code\KillerPDF-Corpus\corpus\regression\arxiv-cc-2025-01-08-to-14-final\2501.06965v1.pdf: page 2: shared object 658: in hint table but not computed list WARNING: C:\Users\steve\code\KillerPDF-Corpus\corpus\regression\arxiv-cc-2025-01-08-to-14-final\2501.06965v1.pdf: page 2: shared object 659: in hint table but not computed list WARNING: C:\Users\steve\code\KillerPDF-Corpus\corpus\regression\arxiv-cc-2025-01-08-to-14-final\2501.06965v1.pdf: page 2: shared object 660: in hint table but not computed list WARNING: C:\Users\steve\code\KillerPDF-Corpus\corpus\regression\arxiv-cc-2025-01-08-to-14-final\2501.06965v1.pdf: page 2: shared object 661: in hint table but not computed list WARNING: C:\Users\steve\code\KillerPDF-Corpus\corpus\regression\arxiv-cc-2025-01-08-to-14-final\2501.06965v1.pdf: page 2: shared object 662: in hint table but not computed list WARNING: C:\Users\steve\code\KillerPDF-Corpus\corpus\regression\arxiv-cc-2025-01-08-to-14-final\2501.06965v1.pdf: page 2: shared object 663: in hint table but not computed list WARNING: C:\Users\steve\code\KillerPDF-Corpus\corpus\regression\arxiv-cc-2025-01-08-to-14-final\2501.06965v1.pdf: page 2: shared object 664: in hint table but not computed list WARNING: C:\Users\steve\code\KillerPDF-Corpus\corpus\regression\arxiv-cc-2025-01-08-to-14-final\2501.06965v1.pdf: page 2: shared object 665: in hint table but not computed list WARNING: C:\Users\steve\code\KillerPDF-Corpus\corpus\regression\arxiv-cc-2025-01-08-to-14-final\2501.06965v1.pdf: page 2: shared object 666: in hint table but not computed list WARNING: C:\Users\steve\code\KillerPDF-Corpus\corpus\regression\arxiv-cc-2025-01-08-to-14-final\2501.06965v1.pdf: page 2: shared object 667: in hint table but not computed list WARNING: C:\Users\steve\code\KillerPDF-Corpus\corpus\regression\arxiv-cc-2025-01-08-to-14-final\2501.06965v1.pdf: page 2: shared object 668: in hint table but not computed list WARNING: C:\Users\steve\code\KillerPDF-Corpus\corpus\regression\arxiv-cc-2025-01-08-to-14-final\2501.06965v1.pdf: page 2: shared object 669: in hint table but not computed list WARNING: C:\Users\steve\code\KillerPDF-Corpus\corpus\regression\arxiv-cc-2025-01-08-to-14-final\2501.06965v1.pdf: page 2: shared object 670: in hint table but not computed list WARNING: C:\Users\steve\code\KillerPDF-Corpus\corpus\regression\arxiv-cc-2025-01-08-to-14-final\2501.06965v1.pdf: page 2: shared object 671: in hint table but not computed list WARNING: C:\Users\steve\code\KillerPDF-Corpus\corpus\regression\arxiv-cc-2025-01-08-to-14-final\2501.06965v1.pdf: page 2: shared object 672: in hint table but not computed list WARNING: C:\Users\steve\code\KillerPDF-Corpus\corpus\regression\arxiv-cc-2025-01-08-to-14-final\2501.06965v1.pdf: page 2: shared object 673: in hint table but not computed list WARNING: C:\Users\steve\code\KillerPDF-Corpus\corpus\regression\arxiv-cc-2025-01-08-to-14-final\2501.06965v1.pdf: page 2: shared object 674: in hint table but not computed list WARNING: C:\Users\steve\code\KillerPDF-Corpus\corpus\regression\arxiv-cc-2025-01-08-to-14-final\2501.06965v1.pdf: page 2: shared object 675: in hint table but not computed list WARNING: C:\Users\steve\code\KillerPDF-Corpus\corpus\regression\arxiv-cc-2025-01-08-to-14-final\2501.06965v1.pdf: page 2: shared object 676: in hint table but not computed list WARNING: C:\Users\steve\code\KillerPDF-Corpus\corpus\regression\arxiv-cc-2025-01-08-to-14-final\2501.06965v1.pdf: page 2: shared object 677: in hint table but not computed list WARNING: C:\Users\steve\code\KillerPDF-Corpus\corpus\regression\arxiv-cc-2025-01-08-to-14-final\2501.06965v1.pdf: page 2: shared object 678: in hint table but not computed list WARNING: C:\Users\steve\code\KillerPDF-Corpus\corpus\regression\arxiv-cc-2025-01-08-to-14-final\2501.06965v1.pdf: page 2: shared object 679: in hint table but not computed list WARNING: C:\Users\steve\code\KillerPDF-Corpus\corpus\regression\arxiv-cc-2025-01-08-to-14-final\2501.06965v1.pdf: page 2: shared object 680: in hint table but not computed list WARNING: C:\Users\steve\code\KillerPDF-Corpus\corpus\regression\arxiv-cc-2025-01-08-to-14-final\2501.06965v1.pdf: page 2: shared object 681: in hint table but not computed list WARNING: C:\Users\steve\code\KillerPDF-Corpus\corpus\regression\arxiv-cc-2025-01-08-to-14-final\2501.06965v1.pdf: page 2: shared object 682: in hint table but not computed list WARNING: C:\Users\steve\code\KillerPDF-Corpus\corpus\regression\arxiv-cc-2025-01-08-to-14-final\2501.06965v1.pdf: page 2: shared object 683: in hint table but not computed list WARNING: C:\Users\steve\code\KillerPDF-Corpus\corpus\regression\arxiv-cc-2025-01-08-to-14-final\2501.06965v1.pdf: page 2: shared object 684: in hint table but not computed list WARNING: C:\Users\steve\code\KillerPDF-Corpus\corpus\regression\arxiv-cc-2025-01-08-to-14-final\2501.06965v1.pdf: page 2: shared object 685: in hint table but not computed list WARNING: C:\Users\steve\code\KillerPDF-Corpus\corpus\regression\arxiv-cc-2025-01-08-to-14-final\2501.06965v1.pdf: page 2: shared object 686: in hint table but not computed list WARNING: C:\Users\steve\code\KillerPDF-Corpus\corpus\regression\arxiv-cc-2025-01-08-to-14-final\2501.06965v1.pdf: page 2: shared object 687: in hint table but not computed list WARNING: C:\Users\steve\code\KillerPDF-Corpus\corpus\regression\arxiv-cc-2025-01-08-to-14-final\2501.06965v1.pdf: page 2: shared object 688: in hint table but not computed list WARNING: C:\Users\steve\code\KillerPDF-Corpus\corpus\regression\arxiv-cc-2025-01-08-to-14-final\2501.06965v1.pdf: page 2: shared object 689: in hint table but not computed list WARNING: C:\Users\steve\code\KillerPDF-Corpus\corpus\regression\arxiv-cc-2025-01-08-to-14-final\2501.06965v1.pdf: page 2: shared object 690: in hint table but not computed list WARNING: C:\Users\steve\code\KillerPDF-Corpus\corpus\regression\arxiv-cc-2025-01-08-to-14-final\2501.06965v1.pdf: page 2: shared object 691: in hint table but not computed list WARNING: C:\Users\steve\code\KillerPDF-Corpus\corpus\regression\arxiv-cc-2025-01-08-to-14-final\2501.06965v1.pdf: page 2: shared object 692: in hint table but not computed list WARNING: C:\Users\steve\code\KillerPDF-Corpus\corpus\regression\arxiv-cc-2025-01-08-to-14-final\2501.06965v1.pdf: page 2: shared object 693: in hint table but not computed list WARNING: C:\Users\steve\code\KillerPDF-Corpus\corpus\regression\arxiv-cc-2025-01-08-to-14-final\2501.06965v1.pdf: page 2: shared object 694: in hint table but not computed list WARNING: C:\Users\steve\code\KillerPDF-Corpus\corpus\regression\arxiv-cc-2025-01-08-to-14-final\2501.06965v1.pdf: page 3: shared object 648: in hint table but not computed list WARNING: C:\Users\steve\code\KillerPDF-Corpus\corpus\regression\arxiv-cc-2025-01-08-to-14-final\2501.06965v1.pdf: page 3: shared object 649: in hint table but not computed list WARNING: C:\Users\steve\code\KillerPDF-Corpus\corpus\regression\arxiv-cc-2025-01-08-to-14-final\2501.06965v1.pdf: page 3: shared object 650: in hint table but not computed list WARNING: C:\Users\steve\code\KillerPDF-Corpus\corpus\regression\arxiv-cc-2025-01-08-to-14-final\2501.06965v1.pdf: page 3: shared object 651: in hint table but not computed list WARNING: C:\Users\steve\code\KillerPDF-Corpus\corpus\regression\arxiv-cc-2025-01-08-to-14-final\2501.06965v1.pdf: page 3: shared object 652: in hint table but not computed list WARNING: C:\Users\steve\code\KillerPDF-Corpus\corpus\regression\arxiv-cc-2025-01-08-to-14-final\2501.06965v1.pdf: page 3: shared object 653: in hint table but not computed list WARNING: C:\Users\steve\code\KillerPDF-Corpus\corpus\regression\arxiv-cc-2025-01-08-to-14-final\2501.06965v1.pdf: page 3: shared object 654: in hint table but not computed list WARNING: C:\Users\steve\code\KillerPDF-Corpus\corpus\regression\arxiv-cc-2025-01-08-to-14-final\2501.06965v1.pdf: page 3: shared object 655: in hint table but not computed list WARNING: C:\Users\steve\code\KillerPDF-Corpus\corpus\regression\arxiv-cc-2025-01-08-to-14-final\2501.06965v1.pdf: page 3: shared object 656: in hint table but not computed list WARNING: C:\Users\steve\code\KillerPDF-Corpus\corpus\regression\arxiv-cc-2025-01-08-to-14-final\2501.06965v1.pdf: page 3: shared object 657: in hint table but not computed list WARNING: C:\Users\steve\code\KillerPDF-Corpus\corpus\regression\arxiv-cc-2025-01-08-to-14-final\2501.06965v1.pdf: page 3: shared object 658: in hint table but not computed list WARNING: C:\Users\steve\code\KillerPDF-Corpus\corpus\regression\arxiv-cc-2025-01-08-to-14-final\2501.06965v1.pdf: page 3: shared object 659: in hint table but not computed list WARNING: C:\Users\steve\code\KillerPDF-Corpus\corpus\regression\arxiv-cc-2025-01-08-to-14-final\2501.06965v1.pdf: page 3: shared object 660: in hint table but not computed list WARNING: C:\Users\steve\code\KillerPDF-Corpus\corpus\regression\arxiv-cc-2025-01-08-to-14-final\2501.06965v1.pdf: page 3: shared object 661: in hint table but not computed list WARNING: C:\Users\steve\code\KillerPDF-Corpus\corpus\regression\arxiv-cc-2025-01-08-to-14-final\2501.06965v1.pdf: page 3: shared object 662: in hint table but not computed list WARNING: C:\Users\steve\code\KillerPDF-Corpus\corpus\regression\arxiv-cc-2025-01-08-to-14-final\2501.06965v1.pdf: page 3: shared object 663: in hint table but not computed list WARNING: C:\Users\steve\code\KillerPDF-Corpus\corpus\regression\arxiv-cc-2025-01-08-to-14-final\2501.06965v1.pdf: page 3: shared object 664: in hint table but not computed list WARNING: C:\Users\steve\code\KillerPDF-Corpus\corpus\regression\arxiv-cc-2025-01-08-to-14-final\2501.06965v1.pdf: page 3: shared object 665: in hint table but not computed list WARNING: C:\Users\steve\code\KillerPDF-Corpus\corpus\regression\arxiv-cc-2025-01-08-to-14-final\2501.06965v1.pdf: page 3: shared object 666: in hint table but not computed list WARNING: C:\Users\steve\code\KillerPDF-Corpus\corpus\regression\arxiv-cc-2025-01-08-to-14-final\2501.06965v1.pdf: page 3: shared object 667: in hint table but not computed list WARNING: C:\Users\steve\code\KillerPDF-Corpus\corpus\regression\arxiv-cc-2025-01-08-to-14-final\2501.06965v1.pdf: page 3: shared object 668: in hint table but not computed list WARNING: C:\Users\steve\code\KillerPDF-Corpus\corpus\regression\arxiv-cc-2025-01-08-to-14-final\2501.06965v1.pdf: page 3: shared object 669: in hint table but not computed list WARNING: C:\Users\steve\code\KillerPDF-Corpus\corpus\regression\arxiv-cc-2025-01-08-to-14-final\2501.06965v1.pdf: page 3: shared object 670: in hint table but not computed list WARNING: C:\Users\steve\code\KillerPDF-Corpus\corpus\regression\arxiv-cc-2025-01-08-to-14-final\2501.06965v1.pdf: page 3: shared object 671: in hint table but not computed list WARNING: C:\Users\steve\code\KillerPDF-Corpus\corpus\regression\arxiv-cc-2025-01-08-to-14-final\2501.06965v1.pdf: page 3: shared object 672: in hint table but not computed list WARNING: C:\Users\steve\code\KillerPDF-Corpus\corpus\regression\arxiv-cc-2025-01-08-to-14-final\2501.06965v1.pdf: page 3: shared object 673: in hint table but not computed list WARNING: C:\Users\steve\code\KillerPDF-Corpus\corpus\regression\arxiv-cc-2025-01-08-to-14-final\2501.06965v1.pdf: page 3: shared object 674: in hint table but not computed list WARNING: C:\Users\steve\code\KillerPDF-Corpus\corpus\regression\arxiv-cc-2025-01-08-to-14-final\2501.06965v1.pdf: page 3: shared object 675: in hint table but not computed list WARNING: C:\Users\steve\code\KillerPDF-Corpus\corpus\regression\arxiv-cc-2025-01-08-to-14-final\2501.06965v1.pdf: page 3: shared object 676: in hint table but not computed list WARNING: C:\Users\steve\code\KillerPDF-Corpus\corpus\regression\arxiv-cc-2025-01-08-to-14-final\2501.06965v1.pdf: page 3: shared object 677: in hint table but not computed list WARNING: C:\Users\steve\code\KillerPDF-Corpus\corpus\regression\arxiv-cc-2025-01-08-to-14-final\2501.06965v1.pdf: page 3: shared object 678: in hint table but not computed list WARNING: C:\Users\steve\code\KillerPDF-Corpus\corpus\regression\arxiv-cc-2025-01-08-to-14-final\2501.06965v1.pdf: page 3: shared object 679: in hint table but not computed list WARNING: C:\Users\steve\code\KillerPDF-Corpus\corpus\regression\arxiv-cc-2025-01-08-to-14-final\2501.06965v1.pdf: page 3: shared object 680: in hint table but not computed list WARNING: C:\Users\steve\code\KillerPDF-Corpus\corpus\regression\arxiv-cc-2025-01-08-to-14-final\2501.06965v1.pdf: page 3: shared object 681: in hint table but not computed list WARNING: C:\Users\steve\code\KillerPDF-Corpus\corpus\regression\arxiv-cc-2025-01-08-to-14-final\2501.06965v1.pdf: page 3: shared object 682: in hint table but not computed list WARNING: C:\Users\steve\code\KillerPDF-Corpus\corpus\regression\arxiv-cc-2025-01-08-to-14-final\2501.06965v1.pdf: page 3: shared object 683: in hint table but not computed list WARNING: C:\Users\steve\code\KillerPDF-Corpus\corpus\regression\arxiv-cc-2025-01-08-to-14-final\2501.06965v1.pdf: page 3: shared object 684: in hint table but not computed list WARNING: C:\Users\steve\code\KillerPDF-Corpus\corpus\regression\arxiv-cc-2025-01-08-to-14-final\2501.06965v1.pdf: page 3: shared object 685: in hint table but not computed list WARNING: C:\Users\steve\code\KillerPDF-Corpus\corpus\regression\arxiv-cc-2025-01-08-to-14-final\2501.06965v1.pdf: page 3: shared object 686: in hint table but not computed list WARNING: C:\Users\steve\code\KillerPDF-Corpus\corpus\regression\arxiv-cc-2025-01-08-to-14-final\2501.06965v1.pdf: page 3: shared object 687: in hint table but not computed list WARNING: C:\Users\steve\code\KillerPDF-Corpus\corpus\regression\arxiv-cc-2025-01-08-to-14-final\2501.06965v1.pdf: page 3: shared object 688: in hint table but not computed list WARNING: C:\Users\steve\code\KillerPDF-Corpus\corpus\regression\arxiv-cc-2025-01-08-to-14-final\2501.06965v1.pdf: page 3: shared object 689: in hint table but not computed list WARNING: C:\Users\steve\code\KillerPDF-Corpus\corpus\regression\arxiv-cc-2025-01-08-to-14-final\2501.06965v1.pdf: page 3: shared object 690: in hint table but not computed list WARNING: C:\Users\steve\code\KillerPDF-Corpus\corpus\regression\arxiv-cc-2025-01-08-to-14-final\2501.06965v1.pdf: page 3: shared object 691: in hint table but not computed list WARNING: C:\Users\steve\code\KillerPDF-Corpus\corpus\regression\arxiv-cc-2025-01-08-to-14-final\2501.06965v1.pdf: page 3: shared object 692: in hint table but not computed list WARNING: C:\Users\steve\code\KillerPDF-Corpus\corpus\regression\arxiv-cc-2025-01-08-to-14-final\2501.06965v1.pdf: page 3: shared object 693: in hint table but not computed list WARNING: C:\Users\steve\code\KillerPDF-Corpus\corpus\regression\arxiv-cc-2025-01-08-to-14-final\2501.06965v1.pdf: page 3: shared object 694: in hint table but not computed list WARNING: C:\Users\steve\code\KillerPDF-Corpus\corpus\regression\arxiv-cc-2025-01-08-to-14-final\2501.06965v1.pdf: page 4: shared object 648: in hint table but not computed list WARNING: C:\Users\steve\code\KillerPDF-Corpus\corpus\regression\arxiv-cc-2025-01-08-to-14-final\2501.06965v1.pdf: page 4: shared object 649: in hint table but not computed list WARNING: C:\Users\steve\code\KillerPDF-Corpus\corpus\regression\arxiv-cc-2025-01-08-to-14-final\2501.06965v1.pdf: page 4: shared object 650: in hint table but not computed list WARNING: C:\Users\steve\code\KillerPDF-Corpus\corpus\regression\arxiv-cc-2025-01-08-to-14-final\2501.06965v1.pdf: page 4: shared object 651: in hint table but not computed list WARNING: C:\Users\steve\code\KillerPDF-Corpus\corpus\regression\arxiv-cc-2025-01-08-to-14-final\2501.06965v1.pdf: page 4: shared object 652: in hint table but not computed list WARNING: C:\Users\steve\code\KillerPDF-Corpus\corpus\regression\arxiv-cc-2025-01-08-to-14-final\2501.06965v1.pdf: page 4: shared object 653: in hint table but not computed list WARNING: C:\Users\steve\code\KillerPDF-Corpus\corpus\regression\arxiv-cc-2025-01-08-to-14-final\2501.06965v1.pdf: page 4: shared object 654: in hint table but not computed list WARNING: C:\Users\steve\code\KillerPDF-Corpus\corpus\regression\arxiv-cc-2025-01-08-to-14-final\2501.06965v1.pdf: page 4: shared object 655: in hint table but not computed list WARNING: C:\Users\steve\code\KillerPDF-Corpus\corpus\regression\arxiv-cc-2025-01-08-to-14-final\2501.06965v1.pdf: page 4: shared object 656: in hint table but not computed list WARNING: C:\Users\steve\code\KillerPDF-Corpus\corpus\regression\arxiv-cc-2025-01-08-to-14-final\2501.06965v1.pdf: page 4: shared object 657: in hint table but not computed list WARNING: C:\Users\steve\code\KillerPDF-Corpus\corpus\regression\arxiv-cc-2025-01-08-to-14-final\2501.06965v1.pdf: page 4: shared object 658: in hint table but not computed list WARNING: C:\Users\steve\code\KillerPDF-Corpus\corpus\regression\arxiv-cc-2025-01-08-to-14-final\2501.06965v1.pdf: page 4: shared object 659: in hint table but not computed list WARNING: C:\Users\steve\code\KillerPDF-Corpus\corpus\regression\arxiv-cc-2025-01-08-to-14-final\2501.06965v1.pdf: page 4: shared object 660: in hint table but not computed list WARNING: C:\Users\steve\code\KillerPDF-Corpus\corpus\regression\arxiv-cc-2025-01-08-to-14-final\2501.06965v1.pdf: page 4: shared object 661: in hint table but not computed list WARNING: C:\Users\steve\code\KillerPDF-Corpus\corpus\regression\arxiv-cc-2025-01-08-to-14-final\2501.06965v1.pdf: page 4: shared object 662: in hint table but not computed list WARNING: C:\Users\steve\code\KillerPDF-Corpus\corpus\regression\arxiv-cc-2025-01-08-to-14-final\2501.06965v1.pdf: page 4: shared object 663: in hint table but not computed list WARNING: C:\Users\steve\code\KillerPDF-Corpus\corpus\regression\arxiv-cc-2025-01-08-to-14-final\2501.06965v1.pdf: page 4: shared object 664: in hint table but not computed list WARNING: C:\Users\steve\code\KillerPDF-Corpus\corpus\regression\arxiv-cc-2025-01-08-to-14-final\2501.06965v1.pdf: page 4: shared object 665: in hint table but not computed list WARNING: C:\Users\steve\code\KillerPDF-Corpus\corpus\regression\arxiv-cc-2025-01-08-to-14-final\2501.06965v1.pdf: page 4: shared object 666: in hint table but not computed list WARNING: C:\Users\steve\code\KillerPDF-Corpus\corpus\regression\arxiv-cc-2025-01-08-to-14-final\2501.06965v1.pdf: page 4: shared object 667: in hint table but not computed list WARNING: C:\Users\steve\code\KillerPDF-Corpus\corpus\regression\arxiv-cc-2025-01-08-to-14-final\2501.06965v1.pdf: page 4: shared object 668: in hint table but not computed list WARNING: C:\Users\steve\code\KillerPDF-Corpus\corpus\regression\arxiv-cc-2025-01-08-to-14-final\2501.06965v1.pdf: page 4: shared object 669: in hint table but not computed list WARNING: C:\Users\steve\code\KillerPDF-Corpus\corpus\regression\arxiv-cc-2025-01-08-to-14-final\2501.06965v1.pdf: page 4: shared object 670: in hint table but not computed list WARNING: C:\Users\steve\code\KillerPDF-Corpus\corpus\regression\arxiv-cc-2025-01-08-to-14-final\2501.06965v1.pdf: page 4: shared object 671: in hint table but not computed list WARNING: C:\Users\steve\code\KillerPDF-Corpus\corpus\regression\arxiv-cc-2025-01-08-to-14-final\2501.06965v1.pdf: page 4: shared object 672: in hint table but not computed list WARNING: C:\Users\steve\code\KillerPDF-Corpus\corpus\regression\arxiv-cc-2025-01-08-to-14-final\2501.06965v1.pdf: page 4: shared object 673: in hint table but not computed list WARNING: C:\Users\steve\code\KillerPDF-Corpus\corpus\regression\arxiv-cc-2025-01-08-to-14-final\2501.06965v1.pdf: page 4: shared object 674: in hint table but not computed list WARNING: C:\Users\steve\code\KillerPDF-Corpus\corpus\regression\arxiv-cc-2025-01-08-to-14-final\2501.06965v1.pdf: page 4: shared object 675: in hint table but not computed list WARNING: C:\Users\steve\code\KillerPDF-Corpus\corpus\regression\arxiv-cc-2025-01-08-to-14-final\2501.06965v1.pdf: page 4: shared object 676: in hint table but not computed list WARNING: C:\Users\steve\code\KillerPDF-Corpus\corpus\regression\arxiv-cc-2025-01-08-to-14-final\2501.06965v1.pdf: page 4: shared object 677: in hint table but not computed list WARNING: C:\Users\steve\code\KillerPDF-Corpus\corpus\regression\arxiv-cc-2025-01-08-to-14-final\2501.06965v1.pdf: page 4: shared object 678: in hint table but not computed list WARNING: C:\Users\steve\code\KillerPDF-Corpus\corpus\regression\arxiv-cc-2025-01-08-to-14-final\2501.06965v1.pdf: page 4: shared object 679: in hint table but not computed list WARNING: C:\Users\steve\code\KillerPDF-Corpus\corpus\regression\arxiv-cc-2025-01-08-to-14-final\2501.06965v1.pdf: page 4: shared object 680: in hint table but not computed list WARNING: C:\Users\steve\code\KillerPDF-Corpus\corpus\regression\arxiv-cc-2025-01-08-to-14-final\2501.06965v1.pdf: page 4: shared object 681: in hint table but not computed list WARNING: C:\Users\steve\code\KillerPDF-Corpus\corpus\regression\arxiv-cc-2025-01-08-to-14-final\2501.06965v1.pdf: page 4: shared object 682: in hint table but not computed list WARNING: C:\Users\steve\code\KillerPDF-Corpus\corpus\regression\arxiv-cc-2025-01-08-to-14-final\2501.06965v1.pdf: page 4: shared object 683: in hint table but not computed list WARNING: C:\Users\steve\code\KillerPDF-Corpus\corpus\regression\arxiv-cc-2025-01-08-to-14-final\2501.06965v1.pdf: page 4: shared object 684: in hint table but not computed list WARNING: C:\Users\steve\code\KillerPDF-Corpus\corpus\regression\arxiv-cc-2025-01-08-to-14-final\2501.06965v1.pdf: page 4: shared object 685: in hint table but not computed list WARNING: C:\Users\steve\code\KillerPDF-Corpus\corpus\regression\arxiv-cc-2025-01-08-to-14-final\2501.06965v1.pdf: page 4: shared object 686: in hint table but not computed list WARNING: C:\Users\steve\code\KillerPDF-Corpus\corpus\regression\arxiv-cc-2025-01-08-to-14-final\2501.06965v1.pdf: page 4: shared object 687: in hint table but not computed list WARNING: C:\Users\steve\code\KillerPDF-Corpus\corpus\regression\arxiv-cc-2025-01-08-to-14-final\2501.06965v1.pdf: page 4: shared object 688: in hint table but not computed list WARNING: C:\Users\steve\code\KillerPDF-Corpus\corpus\regression\arxiv-cc-2025-01-08-to-14-final\2501.06965v1.pdf: page 4: shared object 689: in hint table but not computed list WARNING: C:\Users\steve\code\KillerPDF-Corpus\corpus\regression\arxiv-cc-2025-01-08-to-14-final\2501.06965v1.pdf: page 4: shared object 690: in hint table but not computed list WARNING: C:\Users\steve\code\KillerPDF-Corpus\corpus\regression\arxiv-cc-2025-01-08-to-14-final\2501.06965v1.pdf: page 4: shared object 691: in hint table but not computed list WARNING: C:\Users\steve\code\KillerPDF-Corpus\corpus\regression\arxiv-cc-2025-01-08-to-14-final\2501.06965v1.pdf: page 4: shared object 692: in hint table but not computed list WARNING: C:\Users\steve\code\KillerPDF-Corpus\corpus\regression\arxiv-cc-2025-01-08-to-14-final\2501.06965v1.pdf: page 4: shared object 693: in hint table but not computed list WARNING: C:\Users\steve\code\KillerPDF-Corpus\corpus\regression\arxiv-cc-2025-01-08-to-14-final\2501.06965v1.pdf: page 4: shared object 694: in hint table but not computed list WARNING: C:\Users\steve\code\KillerPDF-Corpus\corpus\regression\arxiv-cc-2025-01-08-to-14-final\2501.06965v1.pdf: page 5: shared object 648: in hint table but not computed list WARNING: C:\Users\steve\code\KillerPDF-Corpus\corpus\regression\arxiv-cc-2025-01-08-to-14-final\2501.06965v1.pdf: page 5: shared object 649: in hint table but not computed list WARNING: C:\Users\steve\code\KillerPDF-Corpus\corpus\regression\arxiv-cc-2025-01-08-to-14-final\2501.06965v1.pdf: page 5: shared object 650: in hint table but not computed list WARNING: C:\Users\steve\code\KillerPDF-Corpus\corpus\regression\arxiv-cc-2025-01-08-to-14-final\2501.06965v1.pdf: page 5: shared object 651: in hint table but not computed list WARNING: C:\Users\steve\code\KillerPDF-Corpus\corpus\regression\arxiv-cc-2025-01-08-to-14-final\2501.06965v1.pdf: page 5: shared object 652: in hint table but not computed list WARNING: C:\Users\steve\code\KillerPDF-Corpus\corpus\regression\arxiv-cc-2025-01-08-to-14-final\2501.06965v1.pdf: page 5: shared object 653: in hint table but not computed list WARNING: C:\Users\steve\code\KillerPDF-Corpus\corpus\regression\arxiv-cc-2025-01-08-to-14-final\2501.06965v1.pdf: page 5: shared object 654: in hint table but not computed list WARNING: C:\Users\steve\code\KillerPDF-Corpus\corpus\regression\arxiv-cc-2025-01-08-to-14-final\2501.06965v1.pdf: page 5: shared object 655: in hint table but not computed list WARNING: C:\Users\steve\code\KillerPDF-Corpus\corpus\regression\arxiv-cc-2025-01-08-to-14-final\2501.06965v1.pdf: page 5: shared object 656: in hint table but not computed list WARNING: C:\Users\steve\code\KillerPDF-Corpus\corpus\regression\arxiv-cc-2025-01-08-to-14-final\2501.06965v1.pdf: page 5: shared object 657: in hint table but not computed list WARNING: C:\Users\steve\code\KillerPDF-Corpus\corpus\regression\arxiv-cc-2025-01-08-to-14-final\2501.06965v1.pdf: page 5: shared object 658: in hint table but not computed list WARNING: C:\Users\steve\code\KillerPDF-Corpus\corpus\regression\arxiv-cc-2025-01-08-to-14-final\2501.06965v1.pdf: page 5: shared object 659: in hint table but not computed list WARNING: C:\Users\steve\code\KillerPDF-Corpus\corpus\regression\arxiv-cc-2025-01-08-to-14-final\2501.06965v1.pdf: page 5: shared object 660: in hint table but not computed list WARNING: C:\Users\steve\code\KillerPDF-Corpus\corpus\regression\arxiv-cc-2025-01-08-to-14-final\2501.06965v1.pdf: page 5: shared object 661: in hint table but not computed list WARNING: C:\Users\steve\code\KillerPDF-Corpus\corpus\regression\arxiv-cc-2025-01-08-to-14-final\2501.06965v1.pdf: page 5: shared object 662: in hint table but not computed list WARNING: C:\Users\steve\code\KillerPDF-Corpus\corpus\regression\arxiv-cc-2025-01-08-to-14-final\2501.06965v1.pdf: page 5: shared object 663: in hint table but not computed list WARNING: C:\Users\steve\code\KillerPDF-Corpus\corpus\regression\arxiv-cc-2025-01-08-to-14-final\2501.06965v1.pdf: page 5: shared object 664: in hint table but not computed list WARNING: C:\Users\steve\code\KillerPDF-Corpus\corpus\regression\arxiv-cc-2025-01-08-to-14-final\2501.06965v1.pdf: page 5: shared object 665: in hint table but not computed list WARNING: C:\Users\steve\code\KillerPDF-Corpus\corpus\regression\arxiv-cc-2025-01-08-to-14-final\2501.06965v1.pdf: page 5: shared object 666: in hint table but not computed list WARNING: C:\Users\steve\code\KillerPDF-Corpus\corpus\regression\arxiv-cc-2025-01-08-to-14-final\2501.06965v1.pdf: page 5: shared object 667: in hint table but not computed list WARNING: C:\Users\steve\code\KillerPDF-Corpus\corpus\regression\arxiv-cc-2025-01-08-to-14-final\2501.06965v1.pdf: page 5: shared object 668: in hint table but not computed list WARNING: C:\Users\steve\code\KillerPDF-Corpus\corpus\regression\arxiv-cc-2025-01-08-to-14-final\2501.06965v1.pdf: page 5: shared object 669: in hint table but not computed list WARNING: C:\Users\steve\code\KillerPDF-Corpus\corpus\regression\arxiv-cc-2025-01-08-to-14-final\2501.06965v1.pdf: page 5: shared object 670: in hint table but not computed list WARNING: C:\Users\steve\code\KillerPDF-Corpus\corpus\regression\arxiv-cc-2025-01-08-to-14-final\2501.06965v1.pdf: page 5: shared object 671: in hint table but not computed list WARNING: C:\Users\steve\code\KillerPDF-Corpus\corpus\regression\arxiv-cc-2025-01-08-to-14-final\2501.06965v1.pdf: page 5: shared object 672: in hint table but not computed list WARNING: C:\Users\steve\code\KillerPDF-Corpus\corpus\regression\arxiv-cc-2025-01-08-to-14-final\2501.06965v1.pdf: page 5: shared object 673: in hint table but not computed list WARNING: C:\Users\steve\code\KillerPDF-Corpus\corpus\regression\arxiv-cc-2025-01-08-to-14-final\2501.06965v1.pdf: page 5: shared object 674: in hint table but not computed list WARNING: C:\Users\steve\code\KillerPDF-Corpus\corpus\regression\arxiv-cc-2025-01-08-to-14-final\2501.06965v1.pdf: page 5: shared object 675: in hint table but not computed list WARNING: C:\Users\steve\code\KillerPDF-Corpus\corpus\regression\arxiv-cc-2025-01-08-to-14-final\2501.06965v1.pdf: page 5: shared object 676: in hint table but not computed list WARNING: C:\Users\steve\code\KillerPDF-Corpus\corpus\regression\arxiv-cc-2025-01-08-to-14-final\2501.06965v1.pdf: page 5: shared object 677: in hint table but not computed list WARNING: C:\Users\steve\code\KillerPDF-Corpus\corpus\regression\arxiv-cc-2025-01-08-to-14-final\2501.06965v1.pdf: page 5: shared object 678: in hint table but not computed list WARNING: C:\Users\steve\code\KillerPDF-Corpus\corpus\regression\arxiv-cc-2025-01-08-to-14-final\2501.06965v1.pdf: page 5: shared object 679: in hint table but not computed list WARNING: C:\Users\steve\code\KillerPDF-Corpus\corpus\regression\arxiv-cc-2025-01-08-to-14-final\2501.06965v1.pdf: page 5: shared object 680: in hint table but not computed list WARNING: C:\Users\steve\code\KillerPDF-Corpus\corpus\regression\arxiv-cc-2025-01-08-to-14-final\2501.06965v1.pdf: page 5: shared object 681: in hint table but not computed list WARNING: C:\Users\steve\code\KillerPDF-Corpus\corpus\regression\arxiv-cc-2025-01-08-to-14-final\2501.06965v1.pdf: page 5: shared object 682: in hint table but not computed list WARNING: C:\Users\steve\code\KillerPDF-Corpus\corpus\regression\arxiv-cc-2025-01-08-to-14-final\2501.06965v1.pdf: page 5: shared object 683: in hint table but not computed list WARNING: C:\Users\steve\code\KillerPDF-Corpus\corpus\regression\arxiv-cc-2025-01-08-to-14-final\2501.06965v1.pdf: page 5: shared object 684: in hint table but not computed list WARNING: C:\Users\steve\code\KillerPDF-Corpus\corpus\regression\arxiv-cc-2025-01-08-to-14-final\2501.06965v1.pdf: page 5: shared object 685: in hint table but not computed list WARNING: C:\Users\steve\code\KillerPDF-Corpus\corpus\regression\arxiv-cc-2025-01-08-to-14-final\2501.06965v1.pdf: page 5: shared object 686: in hint table but not computed list WARNING: C:\Users\steve\code\KillerPDF-Corpus\corpus\regression\arxiv-cc-2025-01-08-to-14-final\2501.06965v1.pdf: page 5: shared object 687: in hint table but not computed list WARNING: C:\Users\steve\code\KillerPDF-Corpus\corpus\regression\arxiv-cc-2025-01-08-to-14-final\2501.06965v1.pdf: page 5: shared object 688: in hint table but not computed list WARNING: C:\Users\steve\code\KillerPDF-Corpus\corpus\regression\arxiv-cc-2025-01-08-to-14-final\2501.06965v1.pdf: page 5: shared object 689: in hint table but not computed list WARNING: C:\Users\steve\code\KillerPDF-Corpus\corpus\regression\arxiv-cc-2025-01-08-to-14-final\2501.06965v1.pdf: page 5: shared object 690: in hint table but not computed list WARNING: C:\Users\steve\code\KillerPDF-Corpus\corpus\regression\arxiv-cc-2025-01-08-to-14-final\2501.06965v1.pdf: page 5: shared object 691: in hint table but not computed list WARNING: C:\Users\steve\code\KillerPDF-Corpus\corpus\regression\arxiv-cc-2025-01-08-to-14-final\2501.06965v1.pdf: page 5: shared object 692: in hint table but not computed list WARNING: C:\Users\steve\code\KillerPDF-Corpus\corpus\regression\arxiv-cc-2025-01-08-to-14-final\2501.06965v1.pdf: page 5: shared object 693: in hint table but not computed list WARNING: C:\Users\steve\code\KillerPDF-Corpus\corpus\regression\arxiv-cc-2025-01-08-to-14-final\2501.06965v1.pdf: page 5: shared object 694: in hint table but not computed list WARNING: C:\Users\steve\code\KillerPDF-Corpus\corpus\regression\arxiv-cc-2025-01-08-to-14-final\2501.06965v1.pdf: page 6: shared object 648: in hint table but not computed list WARNING: C:\Users\steve\code\KillerPDF-Corpus\corpus\regression\arxiv-cc-2025-01-08-to-14-final\2501.06965v1.pdf: page 6: shared object 649: in hint table but not computed list WARNING: C:\Users\steve\code\KillerPDF-Corpus\corpus\regression\arxiv-cc-2025-01-08-to-14-final\2501.06965v1.pdf: page 6: shared object 650: in hint table but not computed list WARNING: C:\Users\steve\code\KillerPDF-Corpus\corpus\regression\arxiv-cc-2025-01-08-to-14-final\2501.06965v1.pdf: page 6: shared object 651: in hint table but not computed list WARNING: C:\Users\steve\code\KillerPDF-Corpus\corpus\regression\arxiv-cc-2025-01-08-to-14-final\2501.06965v1.pdf: page 6: shared object 652: in hint table but not computed list WARNING: C:\Users\steve\code\KillerPDF-Corpus\corpus\regression\arxiv-cc-2025-01-08-to-14-final\2501.06965v1.pdf: page 6: shared object 653: in hint table but not computed list WARNING: C:\Users\steve\code\KillerPDF-Corpus\corpus\regression\arxiv-cc-2025-01-08-to-14-final\2501.06965v1.pdf: page 6: shared object 654: in hint table but not computed list WARNING: C:\Users\steve\code\KillerPDF-Corpus\corpus\regression\arxiv-cc-2025-01-08-to-14-final\2501.06965v1.pdf: page 6: shared object 655: in hint table but not computed list WARNING: C:\Users\steve\code\KillerPDF-Corpus\corpus\regression\arxiv-cc-2025-01-08-to-14-final\2501.06965v1.pdf: page 6: shared object 656: in hint table but not computed list WARNING: C:\Users\steve\code\KillerPDF-Corpus\corpus\regression\arxiv-cc-2025-01-08-to-14-final\2501.06965v1.pdf: page 6: shared object 657: in hint table but not computed list WARNING: C:\Users\steve\code\KillerPDF-Corpus\corpus\regression\arxiv-cc-2025-01-08-to-14-final\2501.06965v1.pdf: page 6: shared object 658: in hint table but not computed list WARNING: C:\Users\steve\code\KillerPDF-Corpus\corpus\regression\arxiv-cc-2025-01-08-to-14-final\2501.06965v1.pdf: page 6: shared object 659: in hint table but not computed list WARNING: C:\Users\steve\code\KillerPDF-Corpus\corpus\regression\arxiv-cc-2025-01-08-to-14-final\2501.06965v1.pdf: page 6: shared object 660: in hint table but not computed list WARNING: C:\Users\steve\code\KillerPDF-Corpus\corpus\regression\arxiv-cc-2025-01-08-to-14-final\2501.06965v1.pdf: page 6: shared object 661: in hint table but not computed list WARNING: C:\Users\steve\code\KillerPDF-Corpus\corpus\regression\arxiv-cc-2025-01-08-to-14-final\2501.06965v1.pdf: page 6: shared object 662: in hint table but not computed list WARNING: C:\Users\steve\code\KillerPDF-Corpus\corpus\regression\arxiv-cc-2025-01-08-to-14-final\2501.06965v1.pdf: page 6: shared object 663: in hint table but not computed list WARNING: C:\Users\steve\code\KillerPDF-Corpus\corpus\regression\arxiv-cc-2025-01-08-to-14-final\2501.06965v1.pdf: page 6: shared object 664: in hint table but not computed list WARNING: C:\Users\steve\code\KillerPDF-Corpus\corpus\regression\arxiv-cc-2025-01-08-to-14-final\2501.06965v1.pdf: page 6: shared object 665: in hint table but not computed list WARNING: C:\Users\steve\code\KillerPDF-Corpus\corpus\regression\arxiv-cc-2025-01-08-to-14-final\2501.06965v1.pdf: page 6: shared object 666: in hint table but not computed list WARNING: C:\Users\steve\code\KillerPDF-Corpus\corpus\regression\arxiv-cc-2025-01-08-to-14-final\2501.06965v1.pdf: page 6: shared object 667: in hint table but not computed list WARNING: C:\Users\steve\code\KillerPDF-Corpus\corpus\regression\arxiv-cc-2025-01-08-to-14-final\2501.06965v1.pdf: page 6: shared object 668: in hint table but not computed list WARNING: C:\Users\steve\code\KillerPDF-Corpus\corpus\regression\arxiv-cc-2025-01-08-to-14-final\2501.06965v1.pdf: page 6: shared object 669: in hint table but not computed list WARNING: C:\Users\steve\code\KillerPDF-Corpus\corpus\regression\arxiv-cc-2025-01-08-to-14-final\2501.06965v1.pdf: page 6: shared object 670: in hint table but not computed list WARNING: C:\Users\steve\code\KillerPDF-Corpus\corpus\regression\arxiv-cc-2025-01-08-to-14-final\2501.06965v1.pdf: page 6: shared object 671: in hint table but not computed list WARNING: C:\Users\steve\code\KillerPDF-Corpus\corpus\regression\arxiv-cc-2025-01-08-to-14-final\2501.06965v1.pdf: page 6: shared object 672: in hint table but not computed list WARNING: C:\Users\steve\code\KillerPDF-Corpus\corpus\regression\arxiv-cc-2025-01-08-to-14-final\2501.06965v1.pdf: page 6: shared object 673: in hint table but not computed list WARNING: C:\Users\steve\code\KillerPDF-Corpus\corpus\regression\arxiv-cc-2025-01-08-to-14-final\2501.06965v1.pdf: page 6: shared object 674: in hint table but not computed list WARNING: C:\Users\steve\code\KillerPDF-Corpus\corpus\regression\arxiv-cc-2025-01-08-to-14-final\2501.06965v1.pdf: page 6: shared object 675: in hint table but not computed list WARNING: C:\Users\steve\code\KillerPDF-Corpus\corpus\regression\arxiv-cc-2025-01-08-to-14-final\2501.06965v1.pdf: page 6: shared object 676: in hint table but not computed list WARNING: C:\Users\steve\code\KillerPDF-Corpus\corpus\regression\arxiv-cc-2025-01-08-to-14-final\2501.06965v1.pdf: page 6: shared object 677: in hint table but not computed list WARNING: C:\Users\steve\code\KillerPDF-Corpus\corpus\regression\arxiv-cc-2025-01-08-to-14-final\2501.06965v1.pdf: page 6: shared object 678: in hint table but not computed list WARNING: C:\Users\steve\code\KillerPDF-Corpus\corpus\regression\arxiv-cc-2025-01-08-to-14-final\2501.06965v1.pdf: page 6: shared object 679: in hint table but not computed list WARNING: C:\Users\steve\code\KillerPDF-Corpus\corpus\regression\arxiv-cc-2025-01-08-to-14-final\2501.06965v1.pdf: page 6: shared object 680: in hint table but not computed list WARNING: C:\Users\steve\code\KillerPDF-Corpus\corpus\regression\arxiv-cc-2025-01-08-to-14-final\2501.06965v1.pdf: page 6: shared object 681: in hint table but not computed list WARNING: C:\Users\steve\code\KillerPDF-Corpus\corpus\regression\arxiv-cc-2025-01-08-to-14-final\2501.06965v1.pdf: page 6: shared object 682: in hint table but not computed list WARNING: C:\Users\steve\code\KillerPDF-Corpus\corpus\regression\arxiv-cc-2025-01-08-to-14-final\2501.06965v1.pdf: page 6: shared object 683: in hint table but not computed list WARNING: C:\Users\steve\code\KillerPDF-Corpus\corpus\regression\arxiv-cc-2025-01-08-to-14-final\2501.06965v1.pdf: page 6: shared object 684: in hint table but not computed list WARNING: C:\Users\steve\code\KillerPDF-Corpus\corpus\regression\arxiv-cc-2025-01-08-to-14-final\2501.06965v1.pdf: page 6: shared object 685: in hint table but not computed list WARNING: C:\Users\steve\code\KillerPDF-Corpus\corpus\regression\arxiv-cc-2025-01-08-to-14-final\2501.06965v1.pdf: page 6: shared object 686: in hint table but not computed list WARNING: C:\Users\steve\code\KillerPDF-Corpus\corpus\regression\arxiv-cc-2025-01-08-to-14-final\2501.06965v1.pdf: page 6: shared object 687: in hint table but not computed list WARNING: C:\Users\steve\code\KillerPDF-Corpus\corpus\regression\arxiv-cc-2025-01-08-to-14-final\2501.06965v1.pdf: page 6: shared object 688: in hint table but not computed list WARNING: C:\Users\steve\code\KillerPDF-Corpus\corpus\regression\arxiv-cc-2025-01-08-to-14-final\2501.06965v1.pdf: page 6: shared object 689: in hint table but not computed list WARNING: C:\Users\steve\code\KillerPDF-Corpus\corpus\regression\arxiv-cc-2025-01-08-to-14-final\2501.06965v1.pdf: page 6: shared object 690: in hint table but not computed list WARNING: C:\Users\steve\code\KillerPDF-Corpus\corpus\regression\arxiv-cc-2025-01-08-to-14-final\2501.06965v1.pdf: page 6: shared object 691: in hint table but not computed list WARNING: C:\Users\steve\code\KillerPDF-Corpus\corpus\regression\arxiv-cc-2025-01-08-to-14-final\2501.06965v1.pdf: page 6: shared object 692: in hint table but not computed list WARNING: C:\Users\steve\code\KillerPDF-Corpus\corpus\regression\arxiv-cc-2025-01-08-to-14-final\2501.06965v1.pdf: page 6: shared object 693: in hint table but not computed list WARNING: C:\Users\steve\code\KillerPDF-Corpus\corpus\regression\arxiv-cc-2025-01-08-to-14-final\2501.06965v1.pdf: page 6: shared object 694: in hint table but not computed list WARNING: C:\Users\steve\code\KillerPDF-Corpus\corpus\regression\arxiv-cc-2025-01-08-to-14-final\2501.06965v1.pdf: page 7: shared object 648: in hint table but not computed list WARNING: C:\Users\steve\code\KillerPDF-Corpus\corpus\regression\arxiv-cc-2025-01-08-to-14-final\2501.06965v1.pdf: page 7: shared object 649: in hint table but not computed list WARNING: C:\Users\steve\code\KillerPDF-Corpus\corpus\regression\arxiv-cc-2025-01-08-to-14-final\2501.06965v1.pdf: page 7: shared object 650: in hint table but not computed list WARNING: C:\Users\steve\code\KillerPDF-Corpus\corpus\regression\arxiv-cc-2025-01-08-to-14-final\2501.06965v1.pdf: page 7: shared object 651: in hint table but not computed list WARNING: C:\Users\steve\code\KillerPDF-Corpus\corpus\regression\arxiv-cc-2025-01-08-to-14-final\2501.06965v1.pdf: page 7: shared object 652: in hint table but not computed list WARNING: C:\Users\steve\code\KillerPDF-Corpus\corpus\regression\arxiv-cc-2025-01-08-to-14-final\2501.06965v1.pdf: page 7: shared object 653: in hint table but not computed list WARNING: C:\Users\steve\code\KillerPDF-Corpus\corpus\regression\arxiv-cc-2025-01-08-to-14-final\2501.06965v1.pdf: page 7: shared object 654: in hint table but not computed list WARNING: C:\Users\steve\code\KillerPDF-Corpus\corpus\regression\arxiv-cc-2025-01-08-to-14-final\2501.06965v1.pdf: page 7: shared object 655: in hint table but not computed list WARNING: C:\Users\steve\code\KillerPDF-Corpus\corpus\regression\arxiv-cc-2025-01-08-to-14-final\2501.06965v1.pdf: page 7: shared object 656: in hint table but not computed list WARNING: C:\Users\steve\code\KillerPDF-Corpus\corpus\regression\arxiv-cc-2025-01-08-to-14-final\2501.06965v1.pdf: page 7: shared object 657: in hint table but not computed list WARNING: C:\Users\steve\code\KillerPDF-Corpus\corpus\regression\arxiv-cc-2025-01-08-to-14-final\2501.06965v1.pdf: page 7: shared object 658: in hint table but not computed list WARNING: C:\Users\steve\code\KillerPDF-Corpus\corpus\regression\arxiv-cc-2025-01-08-to-14-final\2501.06965v1.pdf: page 7: shared object 659: in hint table but not computed list WARNING: C:\Users\steve\code\KillerPDF-Corpus\corpus\regression\arxiv-cc-2025-01-08-to-14-final\2501.06965v1.pdf: page 7: shared object 660: in hint table but not computed list WARNING: C:\Users\steve\code\KillerPDF-Corpus\corpus\regression\arxiv-cc-2025-01-08-to-14-final\2501.06965v1.pdf: page 7: shared object 661: in hint table but not computed list WARNING: C:\Users\steve\code\KillerPDF-Corpus\corpus\regression\arxiv-cc-2025-01-08-to-14-final\2501.06965v1.pdf: page 7: shared object 662: in hint table but not computed list WARNING: C:\Users\steve\code\KillerPDF-Corpus\corpus\regression\arxiv-cc-2025-01-08-to-14-final\2501.06965v1.pdf: page 7: shared object 663: in hint table but not computed list WARNING: C:\Users\steve\code\KillerPDF-Corpus\corpus\regression\arxiv-cc-2025-01-08-to-14-final\2501.06965v1.pdf: page 7: shared object 664: in hint table but not computed list WARNING: C:\Users\steve\code\KillerPDF-Corpus\corpus\regression\arxiv-cc-2025-01-08-to-14-final\2501.06965v1.pdf: page 7: shared object 665: in hint table but not computed list WARNING: C:\Users\steve\code\KillerPDF-Corpus\corpus\regression\arxiv-cc-2025-01-08-to-14-final\2501.06965v1.pdf: page 7: shared object 666: in hint table but not computed list WARNING: C:\Users\steve\code\KillerPDF-Corpus\corpus\regression\arxiv-cc-2025-01-08-to-14-final\2501.06965v1.pdf: page 7: shared object 667: in hint table but not computed list WARNING: C:\Users\steve\code\KillerPDF-Corpus\corpus\regression\arxiv-cc-2025-01-08-to-14-final\2501.06965v1.pdf: page 7: shared object 668: in hint table but not computed list WARNING: C:\Users\steve\code\KillerPDF-Corpus\corpus\regression\arxiv-cc-2025-01-08-to-14-final\2501.06965v1.pdf: page 7: shared object 669: in hint table but not computed list WARNING: C:\Users\steve\code\KillerPDF-Corpus\corpus\regression\arxiv-cc-2025-01-08-to-14-final\2501.06965v1.pdf: page 7: shared object 670: in hint table but not computed list WARNING: C:\Users\steve\code\KillerPDF-Corpus\corpus\regression\arxiv-cc-2025-01-08-to-14-final\2501.06965v1.pdf: page 7: shared object 671: in hint table but not computed list WARNING: C:\Users\steve\code\KillerPDF-Corpus\corpus\regression\arxiv-cc-2025-01-08-to-14-final\2501.06965v1.pdf: page 7: shared object 672: in hint table but not computed list WARNING: C:\Users\steve\code\KillerPDF-Corpus\corpus\regression\arxiv-cc-2025-01-08-to-14-final\2501.06965v1.pdf: page 7: shared object 673: in hint table but not computed list WARNING: C:\Users\steve\code\KillerPDF-Corpus\corpus\regression\arxiv-cc-2025-01-08-to-14-final\2501.06965v1.pdf: page 7: shared object 674: in hint table but not computed list WARNING: C:\Users\steve\code\KillerPDF-Corpus\corpus\regression\arxiv-cc-2025-01-08-to-14-final\2501.06965v1.pdf: page 7: shared object 675: in hint table but not computed list WARNING: C:\Users\steve\code\KillerPDF-Corpus\corpus\regression\arxiv-cc-2025-01-08-to-14-final\2501.06965v1.pdf: page 7: shared object 676: in hint table but not computed list WARNING: C:\Users\steve\code\KillerPDF-Corpus\corpus\regression\arxiv-cc-2025-01-08-to-14-final\2501.06965v1.pdf: page 7: shared object 677: in hint table but not computed list WARNING: C:\Users\steve\code\KillerPDF-Corpus\corpus\regression\arxiv-cc-2025-01-08-to-14-final\2501.06965v1.pdf: page 7: shared object 678: in hint table but not computed list WARNING: C:\Users\steve\code\KillerPDF-Corpus\corpus\regression\arxiv-cc-2025-01-08-to-14-final\2501.06965v1.pdf: page 7: shared object 679: in hint table but not computed list WARNING: C:\Users\steve\code\KillerPDF-Corpus\corpus\regression\arxiv-cc-2025-01-08-to-14-final\2501.06965v1.pdf: page 7: shared object 680: in hint table but not computed list WARNING: C:\Users\steve\code\KillerPDF-Corpus\corpus\regression\arxiv-cc-2025-01-08-to-14-final\2501.06965v1.pdf: page 7: shared object 681: in hint table but not computed list WARNING: C:\Users\steve\code\KillerPDF-Corpus\corpus\regression\arxiv-cc-2025-01-08-to-14-final\2501.06965v1.pdf: page 7: shared object 682: in hint table but not computed list WARNING: C:\Users\steve\code\KillerPDF-Corpus\corpus\regression\arxiv-cc-2025-01-08-to-14-final\2501.06965v1.pdf: page 7: shared object 683: in hint table but not computed list WARNING: C:\Users\steve\code\KillerPDF-Corpus\corpus\regression\arxiv-cc-2025-01-08-to-14-final\2501.06965v1.pdf: page 7: shared object 684: in hint table but not computed list WARNING: C:\Users\steve\code\KillerPDF-Corpus\corpus\regression\arxiv-cc-2025-01-08-to-14-final\2501.06965v1.pdf: page 7: shared object 685: in hint table but not computed list WARNING: C:\Users\steve\code\KillerPDF-Corpus\corpus\regression\arxiv-cc-2025-01-08-to-14-final\2501.06965v1.pdf: page 7: shared object 686: in hint table but not computed list WARNING: C:\Users\steve\code\KillerPDF-Corpus\corpus\regression\arxiv-cc-2025-01-08-to-14-final\2501.06965v1.pdf: page 7: shared object 687: in hint table but not computed list WARNING: C:\Users\steve\code\KillerPDF-Corpus\corpus\regression\arxiv-cc-2025-01-08-to-14-final\2501.06965v1.pdf: page 7: shared object 688: in hint table but not computed list WARNING: C:\Users\steve\code\KillerPDF-Corpus\corpus\regression\arxiv-cc-2025-01-08-to-14-final\2501.06965v1.pdf: page 7: shared object 689: in hint table but not computed list WARNING: C:\Users\steve\code\KillerPDF-Corpus\corpus\regression\arxiv-cc-2025-01-08-to-14-final\2501.06965v1.pdf: page 7: shared object 690: in hint table but not computed list WARNING: C:\Users\steve\code\KillerPDF-Corpus\corpus\regression\arxiv-cc-2025-01-08-to-14-final\2501.06965v1.pdf: page 7: shared object 691: in hint table but not computed list WARNING: C:\Users\steve\code\KillerPDF-Corpus\corpus\regression\arxiv-cc-2025-01-08-to-14-final\2501.06965v1.pdf: page 7: shared object 692: in hint table but not computed list WARNING: C:\Users\steve\code\KillerPDF-Corpus\corpus\regression\arxiv-cc-2025-01-08-to-14-final\2501.06965v1.pdf: page 7: shared object 693: in hint table but not computed list WARNING: C:\Users\steve\code\KillerPDF-Corpus\corpus\regression\arxiv-cc-2025-01-08-to-14-final\2501.06965v1.pdf: page 7: shared object 694: in hint table but not computed list WARNING: C:\Users\steve\code\KillerPDF-Corpus\corpus\regression\arxiv-cc-2025-01-08-to-14-final\2501.06965v1.pdf: page 8: shared object 648: in hint table but not computed list WARNING: C:\Users\steve\code\KillerPDF-Corpus\corpus\regression\arxiv-cc-2025-01-08-to-14-final\2501.06965v1.pdf: page 8: shared object 649: in hint table but not computed list WARNING: C:\Users\steve\code\KillerPDF-Corpus\corpus\regression\arxiv-cc-2025-01-08-to-14-final\2501.06965v1.pdf: page 8: shared object 650: in hint table but not computed list WARNING: C:\Users\steve\code\KillerPDF-Corpus\corpus\regression\arxiv-cc-2025-01-08-to-14-final\2501.06965v1.pdf: page 8: shared object 651: in hint table but not computed list WARNING: C:\Users\steve\code\KillerPDF-Corpus\corpus\regression\arxiv-cc-2025-01-08-to-14-final\2501.06965v1.pdf: page 8: shared object 652: in hint table but not computed list WARNING: C:\Users\steve\code\KillerPDF-Corpus\corpus\regression\arxiv-cc-2025-01-08-to-14-final\2501.06965v1.pdf: page 8: shared object 653: in hint table but not computed list WARNING: C:\Users\steve\code\KillerPDF-Corpus\corpus\regression\arxiv-cc-2025-01-08-to-14-final\2501.06965v1.pdf: page 8: shared object 654: in hint table but not computed list WARNING: C:\Users\steve\code\KillerPDF-Corpus\corpus\regression\arxiv-cc-2025-01-08-to-14-final\2501.06965v1.pdf: page 8: shared object 655: in hint table but not computed list WARNING: C:\Users\steve\code\KillerPDF-Corpus\corpus\regression\arxiv-cc-2025-01-08-to-14-final\2501.06965v1.pdf: page 8: shared object 656: in hint table but not computed list WARNING: C:\Users\steve\code\KillerPDF-Corpus\corpus\regression\arxiv-cc-2025-01-08-to-14-final\2501.06965v1.pdf: page 8: shared object 657: in hint table but not computed list WARNING: C:\Users\steve\code\KillerPDF-Corpus\corpus\regression\arxiv-cc-2025-01-08-to-14-final\2501.06965v1.pdf: page 8: shared object 658: in hint table but not computed list WARNING: C:\Users\steve\code\KillerPDF-Corpus\corpus\regression\arxiv-cc-2025-01-08-to-14-final\2501.06965v1.pdf: page 8: shared object 659: in hint table but not computed list WARNING: C:\Users\steve\code\KillerPDF-Corpus\corpus\regression\arxiv-cc-2025-01-08-to-14-final\2501.06965v1.pdf: page 8: shared object 660: in hint table but not computed list WARNING: C:\Users\steve\code\KillerPDF-Corpus\corpus\regression\arxiv-cc-2025-01-08-to-14-final\2501.06965v1.pdf: page 8: shared object 661: in hint table but not computed list WARNING: C:\Users\steve\code\KillerPDF-Corpus\corpus\regression\arxiv-cc-2025-01-08-to-14-final\2501.06965v1.pdf: page 8: shared object 662: in hint table but not computed list WARNING: C:\Users\steve\code\KillerPDF-Corpus\corpus\regression\arxiv-cc-2025-01-08-to-14-final\2501.06965v1.pdf: page 8: shared object 663: in hint table but not computed list WARNING: C:\Users\steve\code\KillerPDF-Corpus\corpus\regression\arxiv-cc-2025-01-08-to-14-final\2501.06965v1.pdf: page 8: shared object 664: in hint table but not computed list WARNING: C:\Users\steve\code\KillerPDF-Corpus\corpus\regression\arxiv-cc-2025-01-08-to-14-final\2501.06965v1.pdf: page 8: shared object 665: in hint table but not computed list WARNING: C:\Users\steve\code\KillerPDF-Corpus\corpus\regression\arxiv-cc-2025-01-08-to-14-final\2501.06965v1.pdf: page 8: shared object 666: in hint table but not computed list WARNING: C:\Users\steve\code\KillerPDF-Corpus\corpus\regression\arxiv-cc-2025-01-08-to-14-final\2501.06965v1.pdf: page 8: shared object 667: in hint table but not computed list WARNING: C:\Users\steve\code\KillerPDF-Corpus\corpus\regression\arxiv-cc-2025-01-08-to-14-final\2501.06965v1.pdf: page 8: shared object 668: in hint table but not computed list WARNING: C:\Users\steve\code\KillerPDF-Corpus\corpus\regression\arxiv-cc-2025-01-08-to-14-final\2501.06965v1.pdf: page 8: shared object 669: in hint table but not computed list WARNING: C:\Users\steve\code\KillerPDF-Corpus\corpus\regression\arxiv-cc-2025-01-08-to-14-final\2501.06965v1.pdf: page 8: shared object 670: in hint table but not computed list WARNING: C:\Users\steve\code\KillerPDF-Corpus\corpus\regression\arxiv-cc-2025-01-08-to-14-final\2501.06965v1.pdf: page 8: shared object 671: in hint table but not computed list WARNING: C:\Users\steve\code\KillerPDF-Corpus\corpus\regression\arxiv-cc-2025-01-08-to-14-final\2501.06965v1.pdf: page 8: shared object 672: in hint table but not computed list WARNING: C:\Users\steve\code\KillerPDF-Corpus\corpus\regression\arxiv-cc-2025-01-08-to-14-final\2501.06965v1.pdf: page 8: shared object 673: in hint table but not computed list WARNING: C:\Users\steve\code\KillerPDF-Corpus\corpus\regression\arxiv-cc-2025-01-08-to-14-final\2501.06965v1.pdf: page 8: shared object 674: in hint table but not computed list WARNING: C:\Users\steve\code\KillerPDF-Corpus\corpus\regression\arxiv-cc-2025-01-08-to-14-final\2501.06965v1.pdf: page 8: shared object 675: in hint table but not computed list WARNING: C:\Users\steve\code\KillerPDF-Corpus\corpus\regression\arxiv-cc-2025-01-08-to-14-final\2501.06965v1.pdf: page 8: shared object 676: in hint table but not computed list WARNING: C:\Users\steve\code\KillerPDF-Corpus\corpus\regression\arxiv-cc-2025-01-08-to-14-final\2501.06965v1.pdf: page 8: shared object 677: in hint table but not computed list WARNING: C:\Users\steve\code\KillerPDF-Corpus\corpus\regression\arxiv-cc-2025-01-08-to-14-final\2501.06965v1.pdf: page 8: shared object 678: in hint table but not computed list WARNING: C:\Users\steve\code\KillerPDF-Corpus\corpus\regression\arxiv-cc-2025-01-08-to-14-final\2501.06965v1.pdf: page 8: shared object 679: in hint table but not computed list WARNING: C:\Users\steve\code\KillerPDF-Corpus\corpus\regression\arxiv-cc-2025-01-08-to-14-final\2501.06965v1.pdf: page 8: shared object 680: in hint table but not computed list WARNING: C:\Users\steve\code\KillerPDF-Corpus\corpus\regression\arxiv-cc-2025-01-08-to-14-final\2501.06965v1.pdf: page 8: shared object 681: in hint table but not computed list WARNING: C:\Users\steve\code\KillerPDF-Corpus\corpus\regression\arxiv-cc-2025-01-08-to-14-final\2501.06965v1.pdf: page 8: shared object 682: in hint table but not computed list WARNING: C:\Users\steve\code\KillerPDF-Corpus\corpus\regression\arxiv-cc-2025-01-08-to-14-final\2501.06965v1.pdf: page 8: shared object 683: in hint table but not computed list WARNING: C:\Users\steve\code\KillerPDF-Corpus\corpus\regression\arxiv-cc-2025-01-08-to-14-final\2501.06965v1.pdf: page 8: shared object 684: in hint table but not computed list WARNING: C:\Users\steve\code\KillerPDF-Corpus\corpus\regression\arxiv-cc-2025-01-08-to-14-final\2501.06965v1.pdf: page 8: shared object 685: in hint table but not computed list WARNING: C:\Users\steve\code\KillerPDF-Corpus\corpus\regression\arxiv-cc-2025-01-08-to-14-final\2501.06965v1.pdf: page 8: shared object 686: in hint table but not computed list WARNING: C:\Users\steve\code\KillerPDF-Corpus\corpus\regression\arxiv-cc-2025-01-08-to-14-final\2501.06965v1.pdf: page 8: shared object 687: in hint table but not computed list WARNING: C:\Users\steve\code\KillerPDF-Corpus\corpus\regression\arxiv-cc-2025-01-08-to-14-final\2501.06965v1.pdf: page 8: shared object 688: in hint table but not computed list WARNING: C:\Users\steve\code\KillerPDF-Corpus\corpus\regression\arxiv-cc-2025-01-08-to-14-final\2501.06965v1.pdf: page 8: shared object 689: in hint table but not computed list WARNING: C:\Users\steve\code\KillerPDF-Corpus\corpus\regression\arxiv-cc-2025-01-08-to-14-final\2501.06965v1.pdf: page 8: shared object 690: in hint table but not computed list WARNING: C:\Users\steve\code\KillerPDF-Corpus\corpus\regression\arxiv-cc-2025-01-08-to-14-final\2501.06965v1.pdf: page 8: shared object 691: in hint table but not computed list WARNING: C:\Users\steve\code\KillerPDF-Corpus\corpus\regression\arxiv-cc-2025-01-08-to-14-final\2501.06965v1.pdf: page 8: shared object 692: in hint table but not computed list WARNING: C:\Users\steve\code\KillerPDF-Corpus\corpus\regression\arxiv-cc-2025-01-08-to-14-final\2501.06965v1.pdf: page 8: shared object 693: in hint table but not computed list WARNING: C:\Users\steve\code\KillerPDF-Corpus\corpus\regression\arxiv-cc-2025-01-08-to-14-final\2501.06965v1.pdf: page 8: shared object 694: in hint table but not computed list WARNING: C:\Users\steve\code\KillerPDF-Corpus\corpus\regression\arxiv-cc-2025-01-08-to-14-final\2501.06965v1.pdf: page 9: shared object 648: in hint table but not computed list WARNING: C:\Users\steve\code\KillerPDF-Corpus\corpus\regression\arxiv-cc-2025-01-08-to-14-final\2501.06965v1.pdf: page 9: shared object 649: in hint table but not computed list WARNING: C:\Users\steve\code\KillerPDF-Corpus\corpus\regression\arxiv-cc-2025-01-08-to-14-final\2501.06965v1.pdf: page 9: shared object 650: in hint table but not computed list WARNING: C:\Users\steve\code\KillerPDF-Corpus\corpus\regression\arxiv-cc-2025-01-08-to-14-final\2501.06965v1.pdf: page 9: shared object 651: in hint table but not computed list WARNING: C:\Users\steve\code\KillerPDF-Corpus\corpus\regression\arxiv-cc-2025-01-08-to-14-final\2501.06965v1.pdf: page 9: shared object 652: in hint table but not computed list WARNING: C:\Users\steve\code\KillerPDF-Corpus\corpus\regression\arxiv-cc-2025-01-08-to-14-final\2501.06965v1.pdf: page 9: shared object 653: in hint table but not computed list WARNING: C:\Users\steve\code\KillerPDF-Corpus\corpus\regression\arxiv-cc-2025-01-08-to-14-final\2501.06965v1.pdf: page 9: shared object 654: in hint table but not computed list WARNING: C:\Users\steve\code\KillerPDF-Corpus\corpus\regression\arxiv-cc-2025-01-08-to-14-final\2501.06965v1.pdf: page 9: shared object 655: in hint table but not computed list WARNING: C:\Users\steve\code\KillerPDF-Corpus\corpus\regression\arxiv-cc-2025-01-08-to-14-final\2501.06965v1.pdf: page 9: shared object 656: in hint table but not computed list WARNING: C:\Users\steve\code\KillerPDF-Corpus\corpus\regression\arxiv-cc-2025-01-08-to-14-final\2501.06965v1.pdf: page 9: shared object 657: in hint table but not computed list WARNING: C:\Users\steve\code\KillerPDF-Corpus\corpus\regression\arxiv-cc-2025-01-08-to-14-final\2501.06965v1.pdf: page 9: shared object 658: in hint table but not computed list WARNING: C:\Users\steve\code\KillerPDF-Corpus\corpus\regression\arxiv-cc-2025-01-08-to-14-final\2501.06965v1.pdf: page 9: shared object 659: in hint table but not computed list WARNING: C:\Users\steve\code\KillerPDF-Corpus\corpus\regression\arxiv-cc-2025-01-08-to-14-final\2501.06965v1.pdf: page 9: shared object 660: in hint table but not computed list WARNING: C:\Users\steve\code\KillerPDF-Corpus\corpus\regression\arxiv-cc-2025-01-08-to-14-final\2501.06965v1.pdf: page 9: shared object 661: in hint table but not computed list WARNING: C:\Users\steve\code\KillerPDF-Corpus\corpus\regression\arxiv-cc-2025-01-08-to-14-final\2501.06965v1.pdf: page 9: shared object 662: in hint table but not computed list WARNING: C:\Users\steve\code\KillerPDF-Corpus\corpus\regression\arxiv-cc-2025-01-08-to-14-final\2501.06965v1.pdf: page 9: shared object 663: in hint table but not computed list WARNING: C:\Users\steve\code\KillerPDF-Corpus\corpus\regression\arxiv-cc-2025-01-08-to-14-final\2501.06965v1.pdf: page 9: shared object 664: in hint table but not computed list WARNING: C:\Users\steve\code\KillerPDF-Corpus\corpus\regression\arxiv-cc-2025-01-08-to-14-final\2501.06965v1.pdf: page 9: shared object 665: in hint table but not computed list WARNING: C:\Users\steve\code\KillerPDF-Corpus\corpus\regression\arxiv-cc-2025-01-08-to-14-final\2501.06965v1.pdf: page 9: shared object 666: in hint table but not computed list WARNING: C:\Users\steve\code\KillerPDF-Corpus\corpus\regression\arxiv-cc-2025-01-08-to-14-final\2501.06965v1.pdf: page 9: shared object 667: in hint table but not computed list WARNING: C:\Users\steve\code\KillerPDF-Corpus\corpus\regression\arxiv-cc-2025-01-08-to-14-final\2501.06965v1.pdf: page 9: shared object 668: in hint table but not computed list WARNING: C:\Users\steve\code\KillerPDF-Corpus\corpus\regression\arxiv-cc-2025-01-08-to-14-final\2501.06965v1.pdf: page 9: shared object 669: in hint table but not computed list WARNING: C:\Users\steve\code\KillerPDF-Corpus\corpus\regression\arxiv-cc-2025-01-08-to-14-final\2501.06965v1.pdf: page 9: shared object 670: in hint table but not computed list WARNING: C:\Users\steve\code\KillerPDF-Corpus\corpus\regression\arxiv-cc-2025-01-08-to-14-final\2501.06965v1.pdf: page 9: shared object 671: in hint table but not computed list WARNING: C:\Users\steve\code\KillerPDF-Corpus\corpus\regression\arxiv-cc-2025-01-08-to-14-final\2501.06965v1.pdf: page 9: shared object 672: in hint table but not computed list WARNING: C:\Users\steve\code\KillerPDF-Corpus\corpus\regression\arxiv-cc-2025-01-08-to-14-final\2501.06965v1.pdf: page 9: shared object 673: in hint table but not computed list WARNING: C:\Users\steve\code\KillerPDF-Corpus\corpus\regression\arxiv-cc-2025-01-08-to-14-final\2501.06965v1.pdf: page 9: shared object 674: in hint table but not computed list WARNING: C:\Users\steve\code\KillerPDF-Corpus\corpus\regression\arxiv-cc-2025-01-08-to-14-final\2501.06965v1.pdf: page 9: shared object 675: in hint table but not computed list WARNING: C:\Users\steve\code\KillerPDF-Corpus\corpus\regression\arxiv-cc-2025-01-08-to-14-final\2501.06965v1.pdf: page 9: shared object 676: in hint table but not computed list WARNING: C:\Users\steve\code\KillerPDF-Corpus\corpus\regression\arxiv-cc-2025-01-08-to-14-final\2501.06965v1.pdf: page 9: shared object 677: in hint table but not computed list WARNING: C:\Users\steve\code\KillerPDF-Corpus\corpus\regression\arxiv-cc-2025-01-08-to-14-final\2501.06965v1.pdf: page 9: shared object 678: in hint table but not computed list WARNING: C:\Users\steve\code\KillerPDF-Corpus\corpus\regression\arxiv-cc-2025-01-08-to-14-final\2501.06965v1.pdf: page 9: shared object 679: in hint table but not computed list WARNING: C:\Users\steve\code\KillerPDF-Corpus\corpus\regression\arxiv-cc-2025-01-08-to-14-final\2501.06965v1.pdf: page 9: shared object 680: in hint table but not computed list WARNING: C:\Users\steve\code\KillerPDF-Corpus\corpus\regression\arxiv-cc-2025-01-08-to-14-final\2501.06965v1.pdf: page 9: shared object 681: in hint table but not computed list WARNING: C:\Users\steve\code\KillerPDF-Corpus\corpus\regression\arxiv-cc-2025-01-08-to-14-final\2501.06965v1.pdf: page 9: shared object 682: in hint table but not computed list WARNING: C:\Users\steve\code\KillerPDF-Corpus\corpus\regression\arxiv-cc-2025-01-08-to-14-final\2501.06965v1.pdf: page 9: shared object 683: in hint table but not computed list WARNING: C:\Users\steve\code\KillerPDF-Corpus\corpus\regression\arxiv-cc-2025-01-08-to-14-final\2501.06965v1.pdf: page 9: shared object 684: in hint table but not computed list WARNING: C:\Users\steve\code\KillerPDF-Corpus\corpus\regression\arxiv-cc-2025-01-08-to-14-final\2501.06965v1.pdf: page 9: shared object 685: in hint table but not computed list WARNING: C:\Users\steve\code\KillerPDF-Corpus\corpus\regression\arxiv-cc-2025-01-08-to-14-final\2501.06965v1.pdf: page 9: shared object 686: in hint table but not computed list WARNING: C:\Users\steve\code\KillerPDF-Corpus\corpus\regression\arxiv-cc-2025-01-08-to-14-final\2501.06965v1.pdf: page 9: shared object 687: in hint table but not computed list WARNING: C:\Users\steve\code\KillerPDF-Corpus\corpus\regression\arxiv-cc-2025-01-08-to-14-final\2501.06965v1.pdf: page 9: shared object 688: in hint table but not computed list WARNING: C:\Users\steve\code\KillerPDF-Corpus\corpus\regression\arxiv-cc-2025-01-08-to-14-final\2501.06965v1.pdf: page 9: shared object 689: in hint table but not computed list WARNING: C:\Users\steve\code\KillerPDF-Corpus\corpus\regression\arxiv-cc-2025-01-08-to-14-final\2501.06965v1.pdf: page 9: shared object 690: in hint table but not computed list WARNING: C:\Users\steve\code\KillerPDF-Corpus\corpus\regression\arxiv-cc-2025-01-08-to-14-final\2501.06965v1.pdf: page 9: shared object 691: in hint table but not computed list WARNING: C:\Users\steve\code\KillerPDF-Corpus\corpus\regression\arxiv-cc-2025-01-08-to-14-final\2501.06965v1.pdf: page 9: shared object 692: in hint table but not computed list WARNING: C:\Users\steve\code\KillerPDF-Corpus\corpus\regression\arxiv-cc-2025-01-08-to-14-final\2501.06965v1.pdf: page 9: shared object 693: in hint table but not computed list WARNING: C:\Users\steve\code\KillerPDF-Corpus\corpus\regression\arxiv-cc-2025-01-08-to-14-final\2501.06965v1.pdf: page 9: shared object 694: in hint table but not computed list WARNING: C:\Users\steve\code\KillerPDF-Corpus\corpus\regression\arxiv-cc-2025-01-08-to-14-final\2501.06965v1.pdf: page 10: shared object 648: in hint table but not computed list WARNING: C:\Users\steve\code\KillerPDF-Corpus\corpus\regression\arxiv-cc-2025-01-08-to-14-final\2501.06965v1.pdf: page 10: shared object 649: in hint table but not computed list WARNING: C:\Users\steve\code\KillerPDF-Corpus\corpus\regression\arxiv-cc-2025-01-08-to-14-final\2501.06965v1.pdf: page 10: shared object 650: in hint table but not computed list WARNING: C:\Users\steve\code\KillerPDF-Corpus\corpus\regression\arxiv-cc-2025-01-08-to-14-final\2501.06965v1.pdf: page 10: shared object 651: in hint table but not computed list WARNING: C:\Users\steve\code\KillerPDF-Corpus\corpus\regression\arxiv-cc-2025-01-08-to-14-final\2501.06965v1.pdf: page 10: shared object 652: in hint table but not computed list WARNING: C:\Users\steve\code\KillerPDF-Corpus\corpus\regression\arxiv-cc-2025-01-08-to-14-final\2501.06965v1.pdf: page 10: shared object 653: in hint table but not computed list WARNING: C:\Users\steve\code\KillerPDF-Corpus\corpus\regression\arxiv-cc-2025-01-08-to-14-final\2501.06965v1.pdf: page 10: shared object 654: in hint table but not computed list WARNING: C:\Users\steve\code\KillerPDF-Corpus\corpus\regression\arxiv-cc-2025-01-08-to-14-final\2501.06965v1.pdf: page 10: shared object 655: in hint table but not computed list WARNING: C:\Users\steve\code\KillerPDF-Corpus\corpus\regression\arxiv-cc-2025-01-08-to-14-final\2501.06965v1.pdf: page 10: shared object 656: in hint table but not computed list WARNING: C:\Users\steve\code\KillerPDF-Corpus\corpus\regression\arxiv-cc-2025-01-08-to-14-final\2501.06965v1.pdf: page 10: shared object 657: in hint table but not computed list WARNING: C:\Users\steve\code\KillerPDF-Corpus\corpus\regression\arxiv-cc-2025-01-08-to-14-final\2501.06965v1.pdf: page 10: shared object 658: in hint table but not computed list WARNING: C:\Users\steve\code\KillerPDF-Corpus\corpus\regression\arxiv-cc-2025-01-08-to-14-final\2501.06965v1.pdf: page 10: shared object 659: in hint table but not computed list WARNING: C:\Users\steve\code\KillerPDF-Corpus\corpus\regression\arxiv-cc-2025-01-08-to-14-final\2501.06965v1.pdf: page 10: shared object 660: in hint table but not computed list WARNING: C:\Users\steve\code\KillerPDF-Corpus\corpus\regression\arxiv-cc-2025-01-08-to-14-final\2501.06965v1.pdf: page 10: shared object 661: in hint table but not computed list WARNING: C:\Users\steve\code\KillerPDF-Corpus\corpus\regression\arxiv-cc-2025-01-08-to-14-final\2501.06965v1.pdf: page 10: shared object 662: in hint table but not computed list WARNING: C:\Users\steve\code\KillerPDF-Corpus\corpus\regression\arxiv-cc-2025-01-08-to-14-final\2501.06965v1.pdf: page 10: shared object 663: in hint table but not computed list WARNING: C:\Users\steve\code\KillerPDF-Corpus\corpus\regression\arxiv-cc-2025-01-08-to-14-final\2501.06965v1.pdf: page 10: shared object 664: in hint table but not computed list WARNING: C:\Users\steve\code\KillerPDF-Corpus\corpus\regression\arxiv-cc-2025-01-08-to-14-final\2501.06965v1.pdf: page 10: shared object 665: in hint table but not computed list WARNING: C:\Users\steve\code\KillerPDF-Corpus\corpus\regression\arxiv-cc-2025-01-08-to-14-final\2501.06965v1.pdf: page 10: shared object 666: in hint table but not computed list WARNING: C:\Users\steve\code\KillerPDF-Corpus\corpus\regression\arxiv-cc-2025-01-08-to-14-final\2501.06965v1.pdf: page 10: shared object 667: in hint table but not computed list WARNING: C:\Users\steve\code\KillerPDF-Corpus\corpus\regression\arxiv-cc-2025-01-08-to-14-final\2501.06965v1.pdf: page 10: shared object 668: in hint table but not computed list WARNING: C:\Users\steve\code\KillerPDF-Corpus\corpus\regression\arxiv-cc-2025-01-08-to-14-final\2501.06965v1.pdf: page 10: shared object 669: in hint table but not computed list WARNING: C:\Users\steve\code\KillerPDF-Corpus\corpus\regression\arxiv-cc-2025-01-08-to-14-final\2501.06965v1.pdf: page 10: shared object 670: in hint table but not computed list WARNING: C:\Users\steve\code\KillerPDF-Corpus\corpus\regression\arxiv-cc-2025-01-08-to-14-final\2501.06965v1.pdf: page 10: shared object 671: in hint table but not computed list WARNING: C:\Users\steve\code\KillerPDF-Corpus\corpus\regression\arxiv-cc-2025-01-08-to-14-final\2501.06965v1.pdf: page 10: shared object 672: in hint table but not computed list WARNING: C:\Users\steve\code\KillerPDF-Corpus\corpus\regression\arxiv-cc-2025-01-08-to-14-final\2501.06965v1.pdf: page 10: shared object 673: in hint table but not computed list WARNING: C:\Users\steve\code\KillerPDF-Corpus\corpus\regression\arxiv-cc-2025-01-08-to-14-final\2501.06965v1.pdf: page 10: shared object 674: in hint table but not computed list WARNING: C:\Users\steve\code\KillerPDF-Corpus\corpus\regression\arxiv-cc-2025-01-08-to-14-final\2501.06965v1.pdf: page 10: shared object 675: in hint table but not computed list WARNING: C:\Users\steve\code\KillerPDF-Corpus\corpus\regression\arxiv-cc-2025-01-08-to-14-final\2501.06965v1.pdf: page 10: shared object 676: in hint table but not computed list WARNING: C:\Users\steve\code\KillerPDF-Corpus\corpus\regression\arxiv-cc-2025-01-08-to-14-final\2501.06965v1.pdf: page 10: shared object 677: in hint table but not computed list WARNING: C:\Users\steve\code\KillerPDF-Corpus\corpus\regression\arxiv-cc-2025-01-08-to-14-final\2501.06965v1.pdf: page 10: shared object 678: in hint table but not computed list WARNING: C:\Users\steve\code\KillerPDF-Corpus\corpus\regression\arxiv-cc-2025-01-08-to-14-final\2501.06965v1.pdf: page 10: shared object 679: in hint table but not computed list WARNING: C:\Users\steve\code\KillerPDF-Corpus\corpus\regression\arxiv-cc-2025-01-08-to-14-final\2501.06965v1.pdf: page 10: shared object 680: in hint table but not computed list WARNING: C:\Users\steve\code\KillerPDF-Corpus\corpus\regression\arxiv-cc-2025-01-08-to-14-final\2501.06965v1.pdf: page 10: shared object 681: in hint table but not computed list WARNING: C:\Users\steve\code\KillerPDF-Corpus\corpus\regression\arxiv-cc-2025-01-08-to-14-final\2501.06965v1.pdf: page 10: shared object 682: in hint table but not computed list WARNING: C:\Users\steve\code\KillerPDF-Corpus\corpus\regression\arxiv-cc-2025-01-08-to-14-final\2501.06965v1.pdf: page 10: shared object 683: in hint table but not computed list WARNING: C:\Users\steve\code\KillerPDF-Corpus\corpus\regression\arxiv-cc-2025-01-08-to-14-final\2501.06965v1.pdf: page 10: shared object 684: in hint table but not computed list WARNING: C:\Users\steve\code\KillerPDF-Corpus\corpus\regression\arxiv-cc-2025-01-08-to-14-final\2501.06965v1.pdf: page 10: shared object 685: in hint table but not computed list WARNING: C:\Users\steve\code\KillerPDF-Corpus\corpus\regression\arxiv-cc-2025-01-08-to-14-final\2501.06965v1.pdf: page 10: shared object 686: in hint table but not computed list WARNING: C:\Users\steve\code\KillerPDF-Corpus\corpus\regression\arxiv-cc-2025-01-08-to-14-final\2501.06965v1.pdf: page 10: shared object 687: in hint table but not computed list WARNING: C:\Users\steve\code\KillerPDF-Corpus\corpus\regression\arxiv-cc-2025-01-08-to-14-final\2501.06965v1.pdf: page 10: shared object 688: in hint table but not computed list WARNING: C:\Users\steve\code\KillerPDF-Corpus\corpus\regression\arxiv-cc-2025-01-08-to-14-final\2501.06965v1.pdf: page 10: shared object 689: in hint table but not computed list WARNING: C:\Users\steve\code\KillerPDF-Corpus\corpus\regression\arxiv-cc-2025-01-08-to-14-final\2501.06965v1.pdf: page 10: shared object 690: in hint table but not computed list WARNING: C:\Users\steve\code\KillerPDF-Corpus\corpus\regression\arxiv-cc-2025-01-08-to-14-final\2501.06965v1.pdf: page 10: shared object 691: in hint table but not computed list WARNING: C:\Users\steve\code\KillerPDF-Corpus\corpus\regression\arxiv-cc-2025-01-08-to-14-final\2501.06965v1.pdf: page 10: shared object 692: in hint table but not computed list WARNING: C:\Users\steve\code\KillerPDF-Corpus\corpus\regression\arxiv-cc-2025-01-08-to-14-final\2501.06965v1.pdf: page 10: shared object 693: in hint table but not computed list WARNING: C:\Users\steve\code\KillerPDF-Corpus\corpus\regression\arxiv-cc-2025-01-08-to-14-final\2501.06965v1.pdf: page 10: shared object 694: in hint table but not computed list WARNING: C:\Users\steve\code\KillerPDF-Corpus\corpus\regression\arxiv-cc-2025-01-08-to-14-final\2501.06965v1.pdf: page 11: shared object 648: in hint table but not computed list WARNING: C:\Users\steve\code\KillerPDF-Corpus\corpus\regression\arxiv-cc-2025-01-08-to-14-final\2501.06965v1.pdf: page 11: shared object 649: in hint table but not computed list WARNING: C:\Users\steve\code\KillerPDF-Corpus\corpus\regression\arxiv-cc-2025-01-08-to-14-final\2501.06965v1.pdf: page 11: shared object 650: in hint table but not computed list WARNING: C:\Users\steve\code\KillerPDF-Corpus\corpus\regression\arxiv-cc-2025-01-08-to-14-final\2501.06965v1.pdf: page 11: shared object 651: in hint table but not computed list WARNING: C:\Users\steve\code\KillerPDF-Corpus\corpus\regression\arxiv-cc-2025-01-08-to-14-final\2501.06965v1.pdf: page 11: shared object 652: in hint table but not computed list WARNING: C:\Users\steve\code\KillerPDF-Corpus\corpus\regression\arxiv-cc-2025-01-08-to-14-final\2501.06965v1.pdf: page 11: shared object 653: in hint table but not computed list WARNING: C:\Users\steve\code\KillerPDF-Corpus\corpus\regression\arxiv-cc-2025-01-08-to-14-final\2501.06965v1.pdf: page 11: shared object 654: in hint table but not computed list WARNING: C:\Users\steve\code\KillerPDF-Corpus\corpus\regression\arxiv-cc-2025-01-08-to-14-final\2501.06965v1.pdf: page 11: shared object 655: in hint table but not computed list WARNING: C:\Users\steve\code\KillerPDF-Corpus\corpus\regression\arxiv-cc-2025-01-08-to-14-final\2501.06965v1.pdf: page 11: shared object 656: in hint table but not computed list WARNING: C:\Users\steve\code\KillerPDF-Corpus\corpus\regression\arxiv-cc-2025-01-08-to-14-final\2501.06965v1.pdf: page 11: shared object 657: in hint table but not computed list WARNING: C:\Users\steve\code\KillerPDF-Corpus\corpus\regression\arxiv-cc-2025-01-08-to-14-final\2501.06965v1.pdf: page 11: shared object 658: in hint table but not computed list WARNING: C:\Users\steve\code\KillerPDF-Corpus\corpus\regression\arxiv-cc-2025-01-08-to-14-final\2501.06965v1.pdf: page 11: shared object 659: in hint table but not computed list WARNING: C:\Users\steve\code\KillerPDF-Corpus\corpus\regression\arxiv-cc-2025-01-08-to-14-final\2501.06965v1.pdf: page 11: shared object 660: in hint table but not computed list WARNING: C:\Users\steve\code\KillerPDF-Corpus\corpus\regression\arxiv-cc-2025-01-08-to-14-final\2501.06965v1.pdf: page 11: shared object 661: in hint table but not computed list WARNING: C:\Users\steve\code\KillerPDF-Corpus\corpus\regression\arxiv-cc-2025-01-08-to-14-final\2501.06965v1.pdf: page 11: shared object 662: in hint table but not computed list WARNING: C:\Users\steve\code\KillerPDF-Corpus\corpus\regression\arxiv-cc-2025-01-08-to-14-final\2501.06965v1.pdf: page 11: shared object 663: in hint table but not computed list WARNING: C:\Users\steve\code\KillerPDF-Corpus\corpus\regression\arxiv-cc-2025-01-08-to-14-final\2501.06965v1.pdf: page 11: shared object 664: in hint table but not computed list WARNING: C:\Users\steve\code\KillerPDF-Corpus\corpus\regression\arxiv-cc-2025-01-08-to-14-final\2501.06965v1.pdf: page 11: shared object 665: in hint table but not computed list WARNING: C:\Users\steve\code\KillerPDF-Corpus\corpus\regression\arxiv-cc-2025-01-08-to-14-final\2501.06965v1.pdf: page 11: shared object 666: in hint table but not computed list WARNING: C:\Users\steve\code\KillerPDF-Corpus\corpus\regression\arxiv-cc-2025-01-08-to-14-final\2501.06965v1.pdf: page 11: shared object 667: in hint table but not computed list WARNING: C:\Users\steve\code\KillerPDF-Corpus\corpus\regression\arxiv-cc-2025-01-08-to-14-final\2501.06965v1.pdf: page 11: shared object 668: in hint table but not computed list WARNING: C:\Users\steve\code\KillerPDF-Corpus\corpus\regression\arxiv-cc-2025-01-08-to-14-final\2501.06965v1.pdf: page 11: shared object 669: in hint table but not computed list WARNING: C:\Users\steve\code\KillerPDF-Corpus\corpus\regression\arxiv-cc-2025-01-08-to-14-final\2501.06965v1.pdf: page 11: shared object 670: in hint table but not computed list WARNING: C:\Users\steve\code\KillerPDF-Corpus\corpus\regression\arxiv-cc-2025-01-08-to-14-final\2501.06965v1.pdf: page 11: shared object 671: in hint table but not computed list WARNING: C:\Users\steve\code\KillerPDF-Corpus\corpus\regression\arxiv-cc-2025-01-08-to-14-final\2501.06965v1.pdf: page 11: shared object 672: in hint table but not computed list WARNING: C:\Users\steve\code\KillerPDF-Corpus\corpus\regression\arxiv-cc-2025-01-08-to-14-final\2501.06965v1.pdf: page 11: shared object 673: in hint table but not computed list WARNING: C:\Users\steve\code\KillerPDF-Corpus\corpus\regression\arxiv-cc-2025-01-08-to-14-final\2501.06965v1.pdf: page 11: shared object 674: in hint table but not computed list WARNING: C:\Users\steve\code\KillerPDF-Corpus\corpus\regression\arxiv-cc-2025-01-08-to-14-final\2501.06965v1.pdf: page 11: shared object 675: in hint table but not computed list WARNING: C:\Users\steve\code\KillerPDF-Corpus\corpus\regression\arxiv-cc-2025-01-08-to-14-final\2501.06965v1.pdf: page 11: shared object 676: in hint table but not computed list WARNING: C:\Users\steve\code\KillerPDF-Corpus\corpus\regression\arxiv-cc-2025-01-08-to-14-final\2501.06965v1.pdf: page 11: shared object 677: in hint table but not computed list WARNING: C:\Users\steve\code\KillerPDF-Corpus\corpus\regression\arxiv-cc-2025-01-08-to-14-final\2501.06965v1.pdf: page 11: shared object 678: in hint table but not computed list WARNING: C:\Users\steve\code\KillerPDF-Corpus\corpus\regression\arxiv-cc-2025-01-08-to-14-final\2501.06965v1.pdf: page 11: shared object 679: in hint table but not computed list WARNING: C:\Users\steve\code\KillerPDF-Corpus\corpus\regression\arxiv-cc-2025-01-08-to-14-final\2501.06965v1.pdf: page 11: shared object 680: in hint table but not computed list WARNING: C:\Users\steve\code\KillerPDF-Corpus\corpus\regression\arxiv-cc-2025-01-08-to-14-final\2501.06965v1.pdf: page 11: shared object 681: in hint table but not computed list WARNING: C:\Users\steve\code\KillerPDF-Corpus\corpus\regression\arxiv-cc-2025-01-08-to-14-final\2501.06965v1.pdf: page 11: shared object 682: in hint table but not computed list WARNING: C:\Users\steve\code\KillerPDF-Corpus\corpus\regression\arxiv-cc-2025-01-08-to-14-final\2501.06965v1.pdf: page 11: shared object 683: in hint table but not computed list WARNING: C:\Users\steve\code\KillerPDF-Corpus\corpus\regression\arxiv-cc-2025-01-08-to-14-final\2501.06965v1.pdf: page 11: shared object 684: in hint table but not computed list WARNING: C:\Users\steve\code\KillerPDF-Corpus\corpus\regression\arxiv-cc-2025-01-08-to-14-final\2501.06965v1.pdf: page 11: shared object 685: in hint table but not computed list WARNING: C:\Users\steve\code\KillerPDF-Corpus\corpus\regression\arxiv-cc-2025-01-08-to-14-final\2501.06965v1.pdf: page 11: shared object 686: in hint table but not computed list WARNING: C:\Users\steve\code\KillerPDF-Corpus\corpus\regression\arxiv-cc-2025-01-08-to-14-final\2501.06965v1.pdf: page 11: shared object 687: in hint table but not computed list WARNING: C:\Users\steve\code\KillerPDF-Corpus\corpus\regression\arxiv-cc-2025-01-08-to-14-final\2501.06965v1.pdf: page 11: shared object 688: in hint table but not computed list WARNING: C:\Users\steve\code\KillerPDF-Corpus\corpus\regression\arxiv-cc-2025-01-08-to-14-final\2501.06965v1.pdf: page 11: shared object 689: in hint table but not computed list WARNING: C:\Users\steve\code\KillerPDF-Corpus\corpus\regression\arxiv-cc-2025-01-08-to-14-final\2501.06965v1.pdf: page 11: shared object 690: in hint table but not computed list WARNING: C:\Users\steve\code\KillerPDF-Corpus\corpus\regression\arxiv-cc-2025-01-08-to-14-final\2501.06965v1.pdf: page 11: shared object 691: in hint table but not computed list WARNING: C:\Users\steve\code\KillerPDF-Corpus\corpus\regression\arxiv-cc-2025-01-08-to-14-final\2501.06965v1.pdf: page 11: shared object 692: in hint table but not computed list WARNING: C:\Users\steve\code\KillerPDF-Corpus\corpus\regression\arxiv-cc-2025-01-08-to-14-final\2501.06965v1.pdf: page 11: shared object 693: in hint table but not computed list WARNING: C:\Users\steve\code\KillerPDF-Corpus\corpus\regression\arxiv-cc-2025-01-08-to-14-final\2501.06965v1.pdf: page 11: shared object 694: in hint table but not computed list WARNING: C:\Users\steve\code\KillerPDF-Corpus\corpus\regression\arxiv-cc-2025-01-08-to-14-final\2501.06965v1.pdf: page 12: shared object 648: in hint table but not computed list WARNING: C:\Users\steve\code\KillerPDF-Corpus\corpus\regression\arxiv-cc-2025-01-08-to-14-final\2501.06965v1.pdf: page 12: shared object 649: in hint table but not computed list WARNING: C:\Users\steve\code\KillerPDF-Corpus\corpus\regression\arxiv-cc-2025-01-08-to-14-final\2501.06965v1.pdf: page 12: shared object 650: in hint table but not computed list WARNING: C:\Users\steve\code\KillerPDF-Corpus\corpus\regression\arxiv-cc-2025-01-08-to-14-final\2501.06965v1.pdf: page 12: shared object 651: in hint table but not computed list WARNING: C:\Users\steve\code\KillerPDF-Corpus\corpus\regression\arxiv-cc-2025-01-08-to-14-final\2501.06965v1.pdf: page 12: shared object 652: in hint table but not computed list WARNING: C:\Users\steve\code\KillerPDF-Corpus\corpus\regression\arxiv-cc-2025-01-08-to-14-final\2501.06965v1.pdf: page 12: shared object 653: in hint table but not computed list WARNING: C:\Users\steve\code\KillerPDF-Corpus\corpus\regression\arxiv-cc-2025-01-08-to-14-final\2501.06965v1.pdf: page 12: shared object 654: in hint table but not computed list WARNING: C:\Users\steve\code\KillerPDF-Corpus\corpus\regression\arxiv-cc-2025-01-08-to-14-final\2501.06965v1.pdf: page 12: shared object 655: in hint table but not computed list WARNING: C:\Users\steve\code\KillerPDF-Corpus\corpus\regression\arxiv-cc-2025-01-08-to-14-final\2501.06965v1.pdf: page 12: shared object 656: in hint table but not computed list WARNING: C:\Users\steve\code\KillerPDF-Corpus\corpus\regression\arxiv-cc-2025-01-08-to-14-final\2501.06965v1.pdf: page 12: shared object 657: in hint table but not computed list WARNING: C:\Users\steve\code\KillerPDF-Corpus\corpus\regression\arxiv-cc-2025-01-08-to-14-final\2501.06965v1.pdf: page 12: shared object 658: in hint table but not computed list WARNING: C:\Users\steve\code\KillerPDF-Corpus\corpus\regression\arxiv-cc-2025-01-08-to-14-final\2501.06965v1.pdf: page 12: shared object 659: in hint table but not computed list WARNING: C:\Users\steve\code\KillerPDF-Corpus\corpus\regression\arxiv-cc-2025-01-08-to-14-final\2501.06965v1.pdf: page 12: shared object 660: in hint table but not computed list WARNING: C:\Users\steve\code\KillerPDF-Corpus\corpus\regression\arxiv-cc-2025-01-08-to-14-final\2501.06965v1.pdf: page 12: shared object 661: in hint table but not computed list WARNING: C:\Users\steve\code\KillerPDF-Corpus\corpus\regression\arxiv-cc-2025-01-08-to-14-final\2501.06965v1.pdf: page 12: shared object 662: in hint table but not computed list WARNING: C:\Users\steve\code\KillerPDF-Corpus\corpus\regression\arxiv-cc-2025-01-08-to-14-final\2501.06965v1.pdf: page 12: shared object 663: in hint table but not computed list WARNING: C:\Users\steve\code\KillerPDF-Corpus\corpus\regression\arxiv-cc-2025-01-08-to-14-final\2501.06965v1.pdf: page 12: shared object 664: in hint table but not computed list WARNING: C:\Users\steve\code\KillerPDF-Corpus\corpus\regression\arxiv-cc-2025-01-08-to-14-final\2501.06965v1.pdf: page 12: shared object 665: in hint table but not computed list WARNING: C:\Users\steve\code\KillerPDF-Corpus\corpus\regression\arxiv-cc-2025-01-08-to-14-final\2501.06965v1.pdf: page 12: shared object 666: in hint table but not computed list WARNING: C:\Users\steve\code\KillerPDF-Corpus\corpus\regression\arxiv-cc-2025-01-08-to-14-final\2501.06965v1.pdf: page 12: shared object 667: in hint table but not computed list WARNING: C:\Users\steve\code\KillerPDF-Corpus\corpus\regression\arxiv-cc-2025-01-08-to-14-final\2501.06965v1.pdf: page 12: shared object 668: in hint table but not computed list WARNING: C:\Users\steve\code\KillerPDF-Corpus\corpus\regression\arxiv-cc-2025-01-08-to-14-final\2501.06965v1.pdf: page 12: shared object 669: in hint table but not computed list WARNING: C:\Users\steve\code\KillerPDF-Corpus\corpus\regression\arxiv-cc-2025-01-08-to-14-final\2501.06965v1.pdf: page 12: shared object 670: in hint table but not computed list WARNING: C:\Users\steve\code\KillerPDF-Corpus\corpus\regression\arxiv-cc-2025-01-08-to-14-final\2501.06965v1.pdf: page 12: shared object 671: in hint table but not computed list WARNING: C:\Users\steve\code\KillerPDF-Corpus\corpus\regression\arxiv-cc-2025-01-08-to-14-final\2501.06965v1.pdf: page 12: shared object 672: in hint table but not computed list WARNING: C:\Users\steve\code\KillerPDF-Corpus\corpus\regression\arxiv-cc-2025-01-08-to-14-final\2501.06965v1.pdf: page 12: shared object 673: in hint table but not computed list WARNING: C:\Users\steve\code\KillerPDF-Corpus\corpus\regression\arxiv-cc-2025-01-08-to-14-final\2501.06965v1.pdf: page 12: shared object 674: in hint table but not computed list WARNING: C:\Users\steve\code\KillerPDF-Corpus\corpus\regression\arxiv-cc-2025-01-08-to-14-final\2501.06965v1.pdf: page 12: shared object 675: in hint table but not computed list WARNING: C:\Users\steve\code\KillerPDF-Corpus\corpus\regression\arxiv-cc-2025-01-08-to-14-final\2501.06965v1.pdf: page 12: shared object 676: in hint table but not computed list WARNING: C:\Users\steve\code\KillerPDF-Corpus\corpus\regression\arxiv-cc-2025-01-08-to-14-final\2501.06965v1.pdf: page 12: shared object 677: in hint table but not computed list WARNING: C:\Users\steve\code\KillerPDF-Corpus\corpus\regression\arxiv-cc-2025-01-08-to-14-final\2501.06965v1.pdf: page 12: shared object 678: in hint table but not computed list WARNING: C:\Users\steve\code\KillerPDF-Corpus\corpus\regression\arxiv-cc-2025-01-08-to-14-final\2501.06965v1.pdf: page 12: shared object 679: in hint table but not computed list WARNING: C:\Users\steve\code\KillerPDF-Corpus\corpus\regression\arxiv-cc-2025-01-08-to-14-final\2501.06965v1.pdf: page 12: shared object 680: in hint table but not computed list WARNING: C:\Users\steve\code\KillerPDF-Corpus\corpus\regression\arxiv-cc-2025-01-08-to-14-final\2501.06965v1.pdf: page 12: shared object 681: in hint table but not computed list WARNING: C:\Users\steve\code\KillerPDF-Corpus\corpus\regression\arxiv-cc-2025-01-08-to-14-final\2501.06965v1.pdf: page 12: shared object 682: in hint table but not computed list WARNING: C:\Users\steve\code\KillerPDF-Corpus\corpus\regression\arxiv-cc-2025-01-08-to-14-final\2501.06965v1.pdf: page 12: shared object 683: in hint table but not computed list WARNING: C:\Users\steve\code\KillerPDF-Corpus\corpus\regression\arxiv-cc-2025-01-08-to-14-final\2501.06965v1.pdf: page 12: shared object 684: in hint table but not computed list WARNING: C:\Users\steve\code\KillerPDF-Corpus\corpus\regression\arxiv-cc-2025-01-08-to-14-final\2501.06965v1.pdf: page 12: shared object 685: in hint table but not computed list WARNING: C:\Users\steve\code\KillerPDF-Corpus\corpus\regression\arxiv-cc-2025-01-08-to-14-final\2501.06965v1.pdf: page 12: shared object 686: in hint table but not computed list WARNING: C:\Users\steve\code\KillerPDF-Corpus\corpus\regression\arxiv-cc-2025-01-08-to-14-final\2501.06965v1.pdf: page 12: shared object 687: in hint table but not computed list WARNING: C:\Users\steve\code\KillerPDF-Corpus\corpus\regression\arxiv-cc-2025-01-08-to-14-final\2501.06965v1.pdf: page 12: shared object 688: in hint table but not computed list WARNING: C:\Users\steve\code\KillerPDF-Corpus\corpus\regression\arxiv-cc-2025-01-08-to-14-final\2501.06965v1.pdf: page 12: shared object 689: in hint table but not computed list WARNING: C:\Users\steve\code\KillerPDF-Corpus\corpus\regression\arxiv-cc-2025-01-08-to-14-final\2501.06965v1.pdf: page 12: shared object 690: in hint table but not computed list WARNING: C:\Users\steve\code\KillerPDF-Corpus\corpus\regression\arxiv-cc-2025-01-08-to-14-final\2501.06965v1.pdf: page 12: shared object 691: in hint table but not computed list WARNING: C:\Users\steve\code\KillerPDF-Corpus\corpus\regression\arxiv-cc-2025-01-08-to-14-final\2501.06965v1.pdf: page 12: shared object 692: in hint table but not computed list WARNING: C:\Users\steve\code\KillerPDF-Corpus\corpus\regression\arxiv-cc-2025-01-08-to-14-final\2501.06965v1.pdf: page 12: shared object 693: in hint table but not computed list WARNING: C:\Users\steve\code\KillerPDF-Corpus\corpus\regression\arxiv-cc-2025-01-08-to-14-final\2501.06965v1.pdf: page 12: shared object 694: in hint table but not computed list WARNING: C:\Users\steve\code\KillerPDF-Corpus\corpus\regression\arxiv-cc-2025-01-08-to-14-final\2501.06965v1.pdf: page 13: shared object 648: in hint table but not computed list WARNING: C:\Users\steve\code\KillerPDF-Corpus\corpus\regression\arxiv-cc-2025-01-08-to-14-final\2501.06965v1.pdf: page 13: shared object 649: in hint table but not computed list WARNING: C:\Users\steve\code\KillerPDF-Corpus\corpus\regression\arxiv-cc-2025-01-08-to-14-final\2501.06965v1.pdf: page 13: shared object 650: in hint table but not computed list WARNING: C:\Users\steve\code\KillerPDF-Corpus\corpus\regression\arxiv-cc-2025-01-08-to-14-final\2501.06965v1.pdf: page 13: shared object 651: in hint table but not computed list WARNING: C:\Users\steve\code\KillerPDF-Corpus\corpus\regression\arxiv-cc-2025-01-08-to-14-final\2501.06965v1.pdf: page 13: shared object 652: in hint table but not computed list WARNING: C:\Users\steve\code\KillerPDF-Corpus\corpus\regression\arxiv-cc-2025-01-08-to-14-final\2501.06965v1.pdf: page 13: shared object 653: in hint table but not computed list WARNING: C:\Users\steve\code\KillerPDF-Corpus\corpus\regression\arxiv-cc-2025-01-08-to-14-final\2501.06965v1.pdf: page 13: shared object 654: in hint table but not computed list WARNING: C:\Users\steve\code\KillerPDF-Corpus\corpus\regression\arxiv-cc-2025-01-08-to-14-final\2501.06965v1.pdf: page 13: shared object 655: in hint table but not computed list WARNING: C:\Users\steve\code\KillerPDF-Corpus\corpus\regression\arxiv-cc-2025-01-08-to-14-final\2501.06965v1.pdf: page 13: shared object 656: in hint table but not computed list WARNING: C:\Users\steve\code\KillerPDF-Corpus\corpus\regression\arxiv-cc-2025-01-08-to-14-final\2501.06965v1.pdf: page 13: shared object 657: in hint table but not computed list WARNING: C:\Users\steve\code\KillerPDF-Corpus\corpus\regression\arxiv-cc-2025-01-08-to-14-final\2501.06965v1.pdf: page 13: shared object 658: in hint table but not computed list WARNING: C:\Users\steve\code\KillerPDF-Corpus\corpus\regression\arxiv-cc-2025-01-08-to-14-final\2501.06965v1.pdf: page 13: shared object 659: in hint table but not computed list WARNING: C:\Users\steve\code\KillerPDF-Corpus\corpus\regression\arxiv-cc-2025-01-08-to-14-final\2501.06965v1.pdf: page 13: shared object 660: in hint table but not computed list WARNING: C:\Users\steve\code\KillerPDF-Corpus\corpus\regression\arxiv-cc-2025-01-08-to-14-final\2501.06965v1.pdf: page 13: shared object 661: in hint table but not computed list WARNING: C:\Users\steve\code\KillerPDF-Corpus\corpus\regression\arxiv-cc-2025-01-08-to-14-final\2501.06965v1.pdf: page 13: shared object 662: in hint table but not computed list WARNING: C:\Users\steve\code\KillerPDF-Corpus\corpus\regression\arxiv-cc-2025-01-08-to-14-final\2501.06965v1.pdf: page 13: shared object 663: in hint table but not computed list WARNING: C:\Users\steve\code\KillerPDF-Corpus\corpus\regression\arxiv-cc-2025-01-08-to-14-final\2501.06965v1.pdf: page 13: shared object 664: in hint table but not computed list WARNING: C:\Users\steve\code\KillerPDF-Corpus\corpus\regression\arxiv-cc-2025-01-08-to-14-final\2501.06965v1.pdf: page 13: shared object 665: in hint table but not computed list WARNING: C:\Users\steve\code\KillerPDF-Corpus\corpus\regression\arxiv-cc-2025-01-08-to-14-final\2501.06965v1.pdf: page 13: shared object 666: in hint table but not computed list WARNING: C:\Users\steve\code\KillerPDF-Corpus\corpus\regression\arxiv-cc-2025-01-08-to-14-final\2501.06965v1.pdf: page 13: shared object 667: in hint table but not computed list WARNING: C:\Users\steve\code\KillerPDF-Corpus\corpus\regression\arxiv-cc-2025-01-08-to-14-final\2501.06965v1.pdf: page 13: shared object 668: in hint table but not computed list WARNING: C:\Users\steve\code\KillerPDF-Corpus\corpus\regression\arxiv-cc-2025-01-08-to-14-final\2501.06965v1.pdf: page 13: shared object 669: in hint table but not computed list WARNING: C:\Users\steve\code\KillerPDF-Corpus\corpus\regression\arxiv-cc-2025-01-08-to-14-final\2501.06965v1.pdf: page 13: shared object 670: in hint table but not computed list WARNING: C:\Users\steve\code\KillerPDF-Corpus\corpus\regression\arxiv-cc-2025-01-08-to-14-final\2501.06965v1.pdf: page 13: shared object 671: in hint table but not computed list WARNING: C:\Users\steve\code\KillerPDF-Corpus\corpus\regression\arxiv-cc-2025-01-08-to-14-final\2501.06965v1.pdf: page 13: shared object 672: in hint table but not computed list WARNING: C:\Users\steve\code\KillerPDF-Corpus\corpus\regression\arxiv-cc-2025-01-08-to-14-final\2501.06965v1.pdf: page 13: shared object 673: in hint table but not computed list WARNING: C:\Users\steve\code\KillerPDF-Corpus\corpus\regression\arxiv-cc-2025-01-08-to-14-final\2501.06965v1.pdf: page 13: shared object 674: in hint table but not computed list WARNING: C:\Users\steve\code\KillerPDF-Corpus\corpus\regression\arxiv-cc-2025-01-08-to-14-final\2501.06965v1.pdf: page 13: shared object 675: in hint table but not computed list WARNING: C:\Users\steve\code\KillerPDF-Corpus\corpus\regression\arxiv-cc-2025-01-08-to-14-final\2501.06965v1.pdf: page 13: shared object 676: in hint table but not computed list WARNING: C:\Users\steve\code\KillerPDF-Corpus\corpus\regression\arxiv-cc-2025-01-08-to-14-final\2501.06965v1.pdf: page 13: shared object 677: in hint table but not computed list WARNING: C:\Users\steve\code\KillerPDF-Corpus\corpus\regression\arxiv-cc-2025-01-08-to-14-final\2501.06965v1.pdf: page 13: shared object 678: in hint table but not computed list WARNING: C:\Users\steve\code\KillerPDF-Corpus\corpus\regression\arxiv-cc-2025-01-08-to-14-final\2501.06965v1.pdf: page 13: shared object 679: in hint table but not computed list WARNING: C:\Users\steve\code\KillerPDF-Corpus\corpus\regression\arxiv-cc-2025-01-08-to-14-final\2501.06965v1.pdf: page 13: shared object 680: in hint table but not computed list WARNING: C:\Users\steve\code\KillerPDF-Corpus\corpus\regression\arxiv-cc-2025-01-08-to-14-final\2501.06965v1.pdf: page 13: shared object 681: in hint table but not computed list WARNING: C:\Users\steve\code\KillerPDF-Corpus\corpus\regression\arxiv-cc-2025-01-08-to-14-final\2501.06965v1.pdf: page 13: shared object 682: in hint table but not computed list WARNING: C:\Users\steve\code\KillerPDF-Corpus\corpus\regression\arxiv-cc-2025-01-08-to-14-final\2501.06965v1.pdf: page 13: shared object 683: in hint table but not computed list WARNING: C:\Users\steve\code\KillerPDF-Corpus\corpus\regression\arxiv-cc-2025-01-08-to-14-final\2501.06965v1.pdf: page 13: shared object 684: in hint table but not computed list WARNING: C:\Users\steve\code\KillerPDF-Corpus\corpus\regression\arxiv-cc-2025-01-08-to-14-final\2501.06965v1.pdf: page 13: shared object 685: in hint table but not computed list WARNING: C:\Users\steve\code\KillerPDF-Corpus\corpus\regression\arxiv-cc-2025-01-08-to-14-final\2501.06965v1.pdf: page 13: shared object 686: in hint table but not computed list WARNING: C:\Users\steve\code\KillerPDF-Corpus\corpus\regression\arxiv-cc-2025-01-08-to-14-final\2501.06965v1.pdf: page 13: shared object 687: in hint table but not computed list WARNING: C:\Users\steve\code\KillerPDF-Corpus\corpus\regression\arxiv-cc-2025-01-08-to-14-final\2501.06965v1.pdf: page 13: shared object 688: in hint table but not computed list WARNING: C:\Users\steve\code\KillerPDF-Corpus\corpus\regression\arxiv-cc-2025-01-08-to-14-final\2501.06965v1.pdf: page 13: shared object 689: in hint table but not computed list WARNING: C:\Users\steve\code\KillerPDF-Corpus\corpus\regression\arxiv-cc-2025-01-08-to-14-final\2501.06965v1.pdf: page 13: shared object 690: in hint table but not computed list WARNING: C:\Users\steve\code\KillerPDF-Corpus\corpus\regression\arxiv-cc-2025-01-08-to-14-final\2501.06965v1.pdf: page 13: shared object 691: in hint table but not computed list WARNING: C:\Users\steve\code\KillerPDF-Corpus\corpus\regression\arxiv-cc-2025-01-08-to-14-final\2501.06965v1.pdf: page 13: shared object 692: in hint table but not computed list WARNING: C:\Users\steve\code\KillerPDF-Corpus\corpus\regression\arxiv-cc-2025-01-08-to-14-final\2501.06965v1.pdf: page 13: shared object 693: in hint table but not computed list WARNING: C:\Users\steve\code\KillerPDF-Corpus\corpus\regression\arxiv-cc-2025-01-08-to-14-final\2501.06965v1.pdf: page 13: shared object 694: in hint table but not computed list WARNING: C:\Users\steve\code\KillerPDF-Corpus\corpus\regression\arxiv-cc-2025-01-08-to-14-final\2501.06965v1.pdf: page 14: shared object 648: in hint table but not computed list WARNING: C:\Users\steve\code\KillerPDF-Corpus\corpus\regression\arxiv-cc-2025-01-08-to-14-final\2501.06965v1.pdf: page 14: shared object 649: in hint table but not computed list WARNING: C:\Users\steve\code\KillerPDF-Corpus\corpus\regression\arxiv-cc-2025-01-08-to-14-final\2501.06965v1.pdf: page 14: shared object 650: in hint table but not computed list WARNING: C:\Users\steve\code\KillerPDF-Corpus\corpus\regression\arxiv-cc-2025-01-08-to-14-final\2501.06965v1.pdf: page 14: shared object 651: in hint table but not computed list WARNING: C:\Users\steve\code\KillerPDF-Corpus\corpus\regression\arxiv-cc-2025-01-08-to-14-final\2501.06965v1.pdf: page 14: shared object 652: in hint table but not computed list WARNING: C:\Users\steve\code\KillerPDF-Corpus\corpus\regression\arxiv-cc-2025-01-08-to-14-final\2501.06965v1.pdf: page 14: shared object 653: in hint table but not computed list WARNING: C:\Users\steve\code\KillerPDF-Corpus\corpus\regression\arxiv-cc-2025-01-08-to-14-final\2501.06965v1.pdf: page 14: shared object 654: in hint table but not computed list WARNING: C:\Users\steve\code\KillerPDF-Corpus\corpus\regression\arxiv-cc-2025-01-08-to-14-final\2501.06965v1.pdf: page 14: shared object 655: in hint table but not computed list WARNING: C:\Users\steve\code\KillerPDF-Corpus\corpus\regression\arxiv-cc-2025-01-08-to-14-final\2501.06965v1.pdf: page 14: shared object 656: in hint table but not computed list WARNING: C:\Users\steve\code\KillerPDF-Corpus\corpus\regression\arxiv-cc-2025-01-08-to-14-final\2501.06965v1.pdf: page 14: shared object 657: in hint table but not computed list WARNING: C:\Users\steve\code\KillerPDF-Corpus\corpus\regression\arxiv-cc-2025-01-08-to-14-final\2501.06965v1.pdf: page 14: shared object 658: in hint table but not computed list WARNING: C:\Users\steve\code\KillerPDF-Corpus\corpus\regression\arxiv-cc-2025-01-08-to-14-final\2501.06965v1.pdf: page 14: shared object 659: in hint table but not computed list WARNING: C:\Users\steve\code\KillerPDF-Corpus\corpus\regression\arxiv-cc-2025-01-08-to-14-final\2501.06965v1.pdf: page 14: shared object 660: in hint table but not computed list WARNING: C:\Users\steve\code\KillerPDF-Corpus\corpus\regression\arxiv-cc-2025-01-08-to-14-final\2501.06965v1.pdf: page 14: shared object 661: in hint table but not computed list WARNING: C:\Users\steve\code\KillerPDF-Corpus\corpus\regression\arxiv-cc-2025-01-08-to-14-final\2501.06965v1.pdf: page 14: shared object 662: in hint table but not computed list WARNING: C:\Users\steve\code\KillerPDF-Corpus\corpus\regression\arxiv-cc-2025-01-08-to-14-final\2501.06965v1.pdf: page 14: shared object 663: in hint table but not computed list WARNING: C:\Users\steve\code\KillerPDF-Corpus\corpus\regression\arxiv-cc-2025-01-08-to-14-final\2501.06965v1.pdf: page 14: shared object 664: in hint table but not computed list WARNING: C:\Users\steve\code\KillerPDF-Corpus\corpus\regression\arxiv-cc-2025-01-08-to-14-final\2501.06965v1.pdf: page 14: shared object 665: in hint table but not computed list WARNING: C:\Users\steve\code\KillerPDF-Corpus\corpus\regression\arxiv-cc-2025-01-08-to-14-final\2501.06965v1.pdf: page 14: shared object 666: in hint table but not computed list WARNING: C:\Users\steve\code\KillerPDF-Corpus\corpus\regression\arxiv-cc-2025-01-08-to-14-final\2501.06965v1.pdf: page 14: shared object 667: in hint table but not computed list WARNING: C:\Users\steve\code\KillerPDF-Corpus\corpus\regression\arxiv-cc-2025-01-08-to-14-final\2501.06965v1.pdf: page 14: shared object 668: in hint table but not computed list WARNING: C:\Users\steve\code\KillerPDF-Corpus\corpus\regression\arxiv-cc-2025-01-08-to-14-final\2501.06965v1.pdf: page 14: shared object 669: in hint table but not computed list WARNING: C:\Users\steve\code\KillerPDF-Corpus\corpus\regression\arxiv-cc-2025-01-08-to-14-final\2501.06965v1.pdf: page 14: shared object 670: in hint table but not computed list WARNING: C:\Users\steve\code\KillerPDF-Corpus\corpus\regression\arxiv-cc-2025-01-08-to-14-final\2501.06965v1.pdf: page 14: shared object 671: in hint table but not computed list WARNING: C:\Users\steve\code\KillerPDF-Corpus\corpus\regression\arxiv-cc-2025-01-08-to-14-final\2501.06965v1.pdf: page 14: shared object 672: in hint table but not computed list WARNING: C:\Users\steve\code\KillerPDF-Corpus\corpus\regression\arxiv-cc-2025-01-08-to-14-final\2501.06965v1.pdf: page 14: shared object 673: in hint table but not computed list WARNING: C:\Users\steve\code\KillerPDF-Corpus\corpus\regression\arxiv-cc-2025-01-08-to-14-final\2501.06965v1.pdf: page 14: shared object 674: in hint table but not computed list WARNING: C:\Users\steve\code\KillerPDF-Corpus\corpus\regression\arxiv-cc-2025-01-08-to-14-final\2501.06965v1.pdf: page 14: shared object 675: in hint table but not computed list WARNING: C:\Users\steve\code\KillerPDF-Corpus\corpus\regression\arxiv-cc-2025-01-08-to-14-final\2501.06965v1.pdf: page 14: shared object 676: in hint table but not computed list WARNING: C:\Users\steve\code\KillerPDF-Corpus\corpus\regression\arxiv-cc-2025-01-08-to-14-final\2501.06965v1.pdf: page 14: shared object 677: in hint table but not computed list WARNING: C:\Users\steve\code\KillerPDF-Corpus\corpus\regression\arxiv-cc-2025-01-08-to-14-final\2501.06965v1.pdf: page 14: shared object 678: in hint table but not computed list WARNING: C:\Users\steve\code\KillerPDF-Corpus\corpus\regression\arxiv-cc-2025-01-08-to-14-final\2501.06965v1.pdf: page 14: shared object 679: in hint table but not computed list WARNING: C:\Users\steve\code\KillerPDF-Corpus\corpus\regression\arxiv-cc-2025-01-08-to-14-final\2501.06965v1.pdf: page 14: shared object 680: in hint table but not computed list WARNING: C:\Users\steve\code\KillerPDF-Corpus\corpus\regression\arxiv-cc-2025-01-08-to-14-final\2501.06965v1.pdf: page 14: shared object 681: in hint table but not computed list WARNING: C:\Users\steve\code\KillerPDF-Corpus\corpus\regression\arxiv-cc-2025-01-08-to-14-final\2501.06965v1.pdf: page 14: shared object 682: in hint table but not computed list WARNING: C:\Users\steve\code\KillerPDF-Corpus\corpus\regression\arxiv-cc-2025-01-08-to-14-final\2501.06965v1.pdf: page 14: shared object 683: in hint table but not computed list WARNING: C:\Users\steve\code\KillerPDF-Corpus\corpus\regression\arxiv-cc-2025-01-08-to-14-final\2501.06965v1.pdf: page 14: shared object 684: in hint table but not computed list WARNING: C:\Users\steve\code\KillerPDF-Corpus\corpus\regression\arxiv-cc-2025-01-08-to-14-final\2501.06965v1.pdf: page 14: shared object 685: in hint table but not computed list WARNING: C:\Users\steve\code\KillerPDF-Corpus\corpus\regression\arxiv-cc-2025-01-08-to-14-final\2501.06965v1.pdf: page 14: shared object 686: in hint table but not computed list WARNING: C:\Users\steve\code\KillerPDF-Corpus\corpus\regression\arxiv-cc-2025-01-08-to-14-final\2501.06965v1.pdf: page 14: shared object 687: in hint table but not computed list WARNING: C:\Users\steve\code\KillerPDF-Corpus\corpus\regression\arxiv-cc-2025-01-08-to-14-final\2501.06965v1.pdf: page 14: shared object 688: in hint table but not computed list WARNING: C:\Users\steve\code\KillerPDF-Corpus\corpus\regression\arxiv-cc-2025-01-08-to-14-final\2501.06965v1.pdf: page 14: shared object 689: in hint table but not computed list WARNING: C:\Users\steve\code\KillerPDF-Corpus\corpus\regression\arxiv-cc-2025-01-08-to-14-final\2501.06965v1.pdf: page 14: shared object 690: in hint table but not computed list WARNING: C:\Users\steve\code\KillerPDF-Corpus\corpus\regression\arxiv-cc-2025-01-08-to-14-final\2501.06965v1.pdf: page 14: shared object 691: in hint table but not computed list WARNING: C:\Users\steve\code\KillerPDF-Corpus\corpus\regression\arxiv-cc-2025-01-08-to-14-final\2501.06965v1.pdf: page 14: shared object 692: in hint table but not computed list WARNING: C:\Users\steve\code\KillerPDF-Corpus\corpus\regression\arxiv-cc-2025-01-08-to-14-final\2501.06965v1.pdf: page 14: shared object 693: in hint table but not computed list WARNING: C:\Users\steve\code\KillerPDF-Corpus\corpus\regression\arxiv-cc-2025-01-08-to-14-final\2501.06965v1.pdf: page 14: shared object 694: in hint table but not computed list WARNING: C:\Users\steve\code\KillerPDF-Corpus\corpus\regression\arxiv-cc-2025-01-08-to-14-final\2501.06965v1.pdf: incorrect object count in outline hint table qpdf: operation succeeded with warnings"
"regression/arxiv-cc-2025-01-08-to-14-final/2501.06966v1.pdf","B2AC25E94D06C3A0054DD3224EBD7D87FA3C61B0264EEE5C4A38D33FAD0BE07A","13255520","0","checking C:\Users\steve\code\KillerPDF-Corpus\corpus\regression\arxiv-cc-2025-01-08-to-14-final\2501.06966v1.pdf PDF Version: 1.5 File is not encrypted File is not linearized No syntax or stream encoding errors found; the file may still contain errors that qpdf cannot detect"
"regression/arxiv-cc-2025-01-08-to-14-final/2501.06968v1.pdf","0C669A764EFBE50D82AA0C5177256407D45ECFAAF6F187C6CA18108DEA0927AC","1424213","0","checking C:\Users\steve\code\KillerPDF-Corpus\corpus\regression\arxiv-cc-2025-01-08-to-14-final\2501.06968v1.pdf PDF Version: 1.5 File is not encrypted File is not linearized No syntax or stream encoding errors found; the file may still contain errors that qpdf cannot detect"
"regression/arxiv-cc-2025-01-08-to-14-final/2501.06972v1.pdf","6A0BDC446464CDBDC9A2A51495D0A8DD2DF3EF4FA719374EB9CBB0277BE26D60","1505561","0","checking C:\Users\steve\code\KillerPDF-Corpus\corpus\regression\arxiv-cc-2025-01-08-to-14-final\2501.06972v1.pdf PDF Version: 1.5 File is not encrypted File is not linearized No syntax or stream encoding errors found; the file may still contain errors that qpdf cannot detect"
"regression/arxiv-cc-2025-01-08-to-14-final/2501.06973v1.pdf","A2C659B5382F721C5199DCCDD4073FD98C2E5554B7CD6FFC0A73B43FCAA729D0","3388071","0","checking C:\Users\steve\code\KillerPDF-Corpus\corpus\regression\arxiv-cc-2025-01-08-to-14-final\2501.06973v1.pdf PDF Version: 1.5 File is not encrypted File is not linearized No syntax or stream encoding errors found; the file may still contain errors that qpdf cannot detect"
"regression/arxiv-cc-2025-01-08-to-14-final/2501.06977v1.pdf","C650080DDBBCAC03C51CCAA8807AC2778BC80ED6C03EEF3231ACD6BEE6397D22","4848534","0","checking C:\Users\steve\code\KillerPDF-Corpus\corpus\regression\arxiv-cc-2025-01-08-to-14-final\2501.06977v1.pdf PDF Version: 1.5 File is not encrypted File is not linearized No syntax or stream encoding errors found; the file may still contain errors that qpdf cannot detect"
"regression/arxiv-cc-2025-01-08-to-14-final/2501.06978v1.pdf","9BC87284BD8FC87B113049101110A2EB5ABDF267A4B100B15F85BDC8B62ADAE6","173497","0","checking C:\Users\steve\code\KillerPDF-Corpus\corpus\regression\arxiv-cc-2025-01-08-to-14-final\2501.06978v1.pdf PDF Version: 1.4 File is not encrypted File is not linearized No syntax or stream encoding errors found; the file may still contain errors that qpdf cannot detect"
"regression/arxiv-cc-2025-01-08-to-14-final/2501.06980v1.pdf","104CE28A4392BC34CD6E8B91D2A50D36D8EDC72164963D182C3E76EC6067889D","692577","0","checking C:\Users\steve\code\KillerPDF-Corpus\corpus\regression\arxiv-cc-2025-01-08-to-14-final\2501.06980v1.pdf PDF Version: 1.5 File is not encrypted File is not linearized No syntax or stream encoding errors found; the file may still contain errors that qpdf cannot detect"
"regression/arxiv-cc-2025-01-08-to-14-final/2501.06981v1.pdf","7DFFF67EC0F1C99B4CC5A33DAD0A65F15F61319C260247561E0C887CDD72202A","767727","0","checking C:\Users\steve\code\KillerPDF-Corpus\corpus\regression\arxiv-cc-2025-01-08-to-14-final\2501.06981v1.pdf PDF Version: 1.5 File is not encrypted File is not linearized No syntax or stream encoding errors found; the file may still contain errors that qpdf cannot detect"
"regression/arxiv-cc-2025-01-08-to-14-final/2501.06982v1.pdf","34D6FFE7C9410926EB467005229A00E93D9503F083CC82BE6DB2664BDEA57A26","4398717","0","checking C:\Users\steve\code\KillerPDF-Corpus\corpus\regression\arxiv-cc-2025-01-08-to-14-final\2501.06982v1.pdf PDF Version: 1.5 File is not encrypted File is not linearized No syntax or stream encoding errors found; the file may still contain errors that qpdf cannot detect"
"regression/arxiv-cc-2025-01-08-to-14-final/2501.06995v1.pdf","A69B43CE2CCD9FAAFD40E4C7ADB36720C352AA21051B218E65FE3626FCAAFBF7","2177069","0","checking C:\Users\steve\code\KillerPDF-Corpus\corpus\regression\arxiv-cc-2025-01-08-to-14-final\2501.06995v1.pdf PDF Version: 1.5 File is not encrypted File is not linearized No syntax or stream encoding errors found; the file may still contain errors that qpdf cannot detect"
"regression/arxiv-cc-2025-01-08-to-14-final/2501.06999v1.pdf","AA103541A304B3D998DD296B2C4CCC8F160043CE958B792692BF464BBCE97928","8506305","0","checking C:\Users\steve\code\KillerPDF-Corpus\corpus\regression\arxiv-cc-2025-01-08-to-14-final\2501.06999v1.pdf PDF Version: 1.5 File is not encrypted File is not linearized No syntax or stream encoding errors found; the file may still contain errors that qpdf cannot detect"
"regression/arxiv-cc-2025-01-08-to-14-final/2501.07004v1.pdf","1AE045038A24A7E441B1EFEA5279351C26C9224918D30FEC688282098E33512A","19987216","0","checking C:\Users\steve\code\KillerPDF-Corpus\corpus\regression\arxiv-cc-2025-01-08-to-14-final\2501.07004v1.pdf PDF Version: 1.5 File is not encrypted File is not linearized No syntax or stream encoding errors found; the file may still contain errors that qpdf cannot detect"
"regression/arxiv-cc-2025-01-08-to-14-final/2501.07010v1.pdf","34FB8D532CCA02DF633D2594A0537490585679F7D4C11140D882B1A251D27895","1685013","3","checking C:\Users\steve\code\KillerPDF-Corpus\corpus\regression\arxiv-cc-2025-01-08-to-14-final\2501.07010v1.pdf PDF Version: 1.5 File is not encrypted File is not linearized WARNING: C:\Users\steve\code\KillerPDF-Corpus\corpus\regression\arxiv-cc-2025-01-08-to-14-final\2501.07010v1.pdf (offset 481577): input stream is complete but output may still be valid WARNING: C:\Users\steve\code\KillerPDF-Corpus\corpus\regression\arxiv-cc-2025-01-08-to-14-final\2501.07010v1.pdf (offset 932224): input stream is complete but output may still be valid WARNING: C:\Users\steve\code\KillerPDF-Corpus\corpus\regression\arxiv-cc-2025-01-08-to-14-final\2501.07010v1.pdf (offset 933730): input stream is complete but output may still be valid WARNING: C:\Users\steve\code\KillerPDF-Corpus\corpus\regression\arxiv-cc-2025-01-08-to-14-final\2501.07010v1.pdf (offset 1353116): input stream is complete but output may still be valid WARNING: C:\Users\steve\code\KillerPDF-Corpus\corpus\regression\arxiv-cc-2025-01-08-to-14-final\2501.07010v1.pdf (offset 1354944): input stream is complete but output may still be valid WARNING: C:\Users\steve\code\KillerPDF-Corpus\corpus\regression\arxiv-cc-2025-01-08-to-14-final\2501.07010v1.pdf (offset 1357015): input stream is complete but output may still be valid WARNING: C:\Users\steve\code\KillerPDF-Corpus\corpus\regression\arxiv-cc-2025-01-08-to-14-final\2501.07010v1.pdf (offset 1358925): input stream is complete but output may still be valid qpdf: operation succeeded with warnings"
"regression/arxiv-cc-2025-01-08-to-14-final/2501.07011v1.pdf","628DA4467BC751AB3B281CE31EFC7C154B42748867706854C678D98C91A72573","375810","0","checking C:\Users\steve\code\KillerPDF-Corpus\corpus\regression\arxiv-cc-2025-01-08-to-14-final\2501.07011v1.pdf PDF Version: 1.4 File is not encrypted File is not linearized No syntax or stream encoding errors found; the file may still contain errors that qpdf cannot detect"
"regression/arxiv-cc-2025-01-08-to-14-final/2501.07016v1.pdf","07230758E0F12003CEE85365D13C1E56468A2254A6125CD1821513EB23C4E316","671953","0","checking C:\Users\steve\code\KillerPDF-Corpus\corpus\regression\arxiv-cc-2025-01-08-to-14-final\2501.07016v1.pdf PDF Version: 1.7 File is not encrypted File is not linearized No syntax or stream encoding errors found; the file may still contain errors that qpdf cannot detect"
"regression/arxiv-cc-2025-01-08-to-14-final/2501.07036v1.pdf","E6DD4E1C63D6949D810B83AB749DADE259B6AFF4EF2F6C8F76F2C4F05753E629","226773","0","checking C:\Users\steve\code\KillerPDF-Corpus\corpus\regression\arxiv-cc-2025-01-08-to-14-final\2501.07036v1.pdf PDF Version: 1.4 File is not encrypted File is not linearized No syntax or stream encoding errors found; the file may still contain errors that qpdf cannot detect"
"regression/arxiv-cc-2025-01-08-to-14-final/2501.07039v1.pdf","F29AE43A5DBF0A814EED92CD0CB84049F3EBD9F29B04E1C673E5D6340C201110","5502605","0","checking C:\Users\steve\code\KillerPDF-Corpus\corpus\regression\arxiv-cc-2025-01-08-to-14-final\2501.07039v1.pdf PDF Version: 1.5 File is not encrypted File is not linearized No syntax or stream encoding errors found; the file may still contain errors that qpdf cannot detect"
"regression/arxiv-cc-2025-01-08-to-14-final/2501.07040v1.pdf","B663D52E3877C51DBCA4B6C26D3059BC3EAD914D336E43F57A177DB030E38B2D","2617380","0","checking C:\Users\steve\code\KillerPDF-Corpus\corpus\regression\arxiv-cc-2025-01-08-to-14-final\2501.07040v1.pdf PDF Version: 1.5 File is not encrypted File is not linearized No syntax or stream encoding errors found; the file may still contain errors that qpdf cannot detect"
"regression/arxiv-cc-2025-01-08-to-14-final/2501.07046v1.pdf","BD297722B4783F16366B2178E616CDBB401BDB1C7D7C94F50098A11E20EAA965","407806","0","checking C:\Users\steve\code\KillerPDF-Corpus\corpus\regression\arxiv-cc-2025-01-08-to-14-final\2501.07046v1.pdf PDF Version: 1.4 File is not encrypted File is not linearized No syntax or stream encoding errors found; the file may still contain errors that qpdf cannot detect"
"regression/arxiv-cc-2025-01-08-to-14-final/2501.07049v1.pdf","4C8996384008D2E2268AA861A5130B016FCC6A6370EF272255C5D887C0DF782F","2096825","0","checking C:\Users\steve\code\KillerPDF-Corpus\corpus\regression\arxiv-cc-2025-01-08-to-14-final\2501.07049v1.pdf PDF Version: 1.5 File is not encrypted File is not linearized No syntax or stream encoding errors found; the file may still contain errors that qpdf cannot detect"
"regression/arxiv-cc-2025-01-08-to-14-final/2501.07052v1.pdf","5B59171259F34DC07962BC816934F7AC9C86DA0C5BC2AFA6047DF498ABAF5AC8","1364260","0","checking C:\Users\steve\code\KillerPDF-Corpus\corpus\regression\arxiv-cc-2025-01-08-to-14-final\2501.07052v1.pdf PDF Version: 1.5 File is not encrypted File is not linearized No syntax or stream encoding errors found; the file may still contain errors that qpdf cannot detect"
"regression/arxiv-cc-2025-01-08-to-14-final/2501.07053v1.pdf","FC34F52DC6E93BCEFCB1250964EC83ED79A14F10F5A54CC4BC520BF3E925F289","2047715","0","checking C:\Users\steve\code\KillerPDF-Corpus\corpus\regression\arxiv-cc-2025-01-08-to-14-final\2501.07053v1.pdf PDF Version: 1.5 File is not encrypted File is not linearized No syntax or stream encoding errors found; the file may still contain errors that qpdf cannot detect"
"regression/arxiv-cc-2025-01-08-to-14-final/2501.07055v1.pdf","0821761C68531CCA2323E56F2EF779C2C8EBC538DAEBEC7380D3B29B5CF55557","9149404","0","checking C:\Users\steve\code\KillerPDF-Corpus\corpus\regression\arxiv-cc-2025-01-08-to-14-final\2501.07055v1.pdf PDF Version: 1.5 File is not encrypted File is not linearized No syntax or stream encoding errors found; the file may still contain errors that qpdf cannot detect"
"regression/arxiv-cc-2025-01-08-to-14-final/2501.07058v1.pdf","8B813DAEC74F6B31620BC06A49B3BA3B7A52B4048977D8FDFBDC6108E0F9D6F6","646642","0","checking C:\Users\steve\code\KillerPDF-Corpus\corpus\regression\arxiv-cc-2025-01-08-to-14-final\2501.07058v1.pdf PDF Version: 1.5 File is not encrypted File is not linearized No syntax or stream encoding errors found; the file may still contain errors that qpdf cannot detect"
"regression/arxiv-cc-2025-01-08-to-14-final/2501.07060v1.pdf","EDF36DAF4F8C0C76AC1AED4362F1E03BCCF72D06B8B7502D744493EA65B30B16","2390405","0","checking C:\Users\steve\code\KillerPDF-Corpus\corpus\regression\arxiv-cc-2025-01-08-to-14-final\2501.07060v1.pdf PDF Version: 1.5 File is not encrypted File is not linearized No syntax or stream encoding errors found; the file may still contain errors that qpdf cannot detect"
"regression/arxiv-cc-2025-01-08-to-14-final/2501.07063v1.pdf","76E3771B1B2E0D7C00930E67DD0B9DD667A78C8E447B29894B6BAC2F3EAB9F7A","1273367","0","checking C:\Users\steve\code\KillerPDF-Corpus\corpus\regression\arxiv-cc-2025-01-08-to-14-final\2501.07063v1.pdf PDF Version: 1.7 File is not encrypted File is not linearized No syntax or stream encoding errors found; the file may still contain errors that qpdf cannot detect"
"regression/arxiv-cc-2025-01-08-to-14-final/2501.07067v1.pdf","AE6A6E19F8F2930676E6F4C7AAAE555997C389AC7E36E2E9BDD7D9E505E74D57","1456400","0","checking C:\Users\steve\code\KillerPDF-Corpus\corpus\regression\arxiv-cc-2025-01-08-to-14-final\2501.07067v1.pdf PDF Version: 1.5 File is not encrypted File is not linearized No syntax or stream encoding errors found; the file may still contain errors that qpdf cannot detect"
"regression/arxiv-cc-2025-01-08-to-14-final/2501.07085v1.pdf","C91D0F4F39FE875D2E6C0B4B54C4B04CB92B05FE9BD1CAD22F2A041C57F4BEED","1691786","0","checking C:\Users\steve\code\KillerPDF-Corpus\corpus\regression\arxiv-cc-2025-01-08-to-14-final\2501.07085v1.pdf PDF Version: 1.5 File is not encrypted File is not linearized No syntax or stream encoding errors found; the file may still contain errors that qpdf cannot detect"
"regression/arxiv-cc-2025-01-08-to-14-final/2501.07108v1.pdf","E3A55C41842FB349B0F01CD9451D73ECC176FBFB07F150CF954926AB72FFA2B0","1553304","0","checking C:\Users\steve\code\KillerPDF-Corpus\corpus\regression\arxiv-cc-2025-01-08-to-14-final\2501.07108v1.pdf PDF Version: 1.5 File is not encrypted File is not linearized No syntax or stream encoding errors found; the file may still contain errors that qpdf cannot detect"
"regression/arxiv-cc-2025-01-08-to-14-final/2501.07109v1.pdf","23BC0BAB8BB8FE3749D5B7392C5E72C34FE52DFEBD25EF8AC61DF2881C59B285","317494","0","checking C:\Users\steve\code\KillerPDF-Corpus\corpus\regression\arxiv-cc-2025-01-08-to-14-final\2501.07109v1.pdf PDF Version: 1.5 File is not encrypted File is not linearized No syntax or stream encoding errors found; the file may still contain errors that qpdf cannot detect"
"regression/arxiv-cc-2025-01-08-to-14-final/2501.07115v1.pdf","9DE85013888E4FD683E98C8707F2F8A765893E54F67988A997F1672A0AF0CC9A","1213141","0","checking C:\Users\steve\code\KillerPDF-Corpus\corpus\regression\arxiv-cc-2025-01-08-to-14-final\2501.07115v1.pdf PDF Version: 1.5 File is not encrypted File is not linearized No syntax or stream encoding errors found; the file may still contain errors that qpdf cannot detect"
"regression/arxiv-cc-2025-01-08-to-14-final/2501.07118v1.pdf","9FE7DE3A5290CFB7EB6CFE97384631048F91B116470774204FE7FCF0BF09AE38","196815","0","checking C:\Users\steve\code\KillerPDF-Corpus\corpus\regression\arxiv-cc-2025-01-08-to-14-final\2501.07118v1.pdf PDF Version: 1.4 File is not encrypted File is not linearized No syntax or stream encoding errors found; the file may still contain errors that qpdf cannot detect"
"regression/arxiv-cc-2025-01-08-to-14-final/2501.07123v1.pdf","C9A825D6DEFFD79704CD4FF2775F57BA418D7C0A61B25555908364C1F212A832","955651","0","checking C:\Users\steve\code\KillerPDF-Corpus\corpus\regression\arxiv-cc-2025-01-08-to-14-final\2501.07123v1.pdf PDF Version: 1.5 File is not encrypted File is not linearized No syntax or stream encoding errors found; the file may still contain errors that qpdf cannot detect"
"regression/arxiv-cc-2025-01-08-to-14-final/2501.07134v1.pdf","FB3977FE08CB7628B398BCC6FDA29611FBF632D230B91DB7EB2ACE43B470B238","148614","0","checking C:\Users\steve\code\KillerPDF-Corpus\corpus\regression\arxiv-cc-2025-01-08-to-14-final\2501.07134v1.pdf PDF Version: 1.4 File is not encrypted File is not linearized No syntax or stream encoding errors found; the file may still contain errors that qpdf cannot detect"
"regression/arxiv-cc-2025-01-08-to-14-final/2501.07135v1.pdf","C2F4FDCE8495513E2111AA0B56F5A66F45F131C238843FD8671B571C5B462130","6152837","0","checking C:\Users\steve\code\KillerPDF-Corpus\corpus\regression\arxiv-cc-2025-01-08-to-14-final\2501.07135v1.pdf PDF Version: 1.5 File is not encrypted File is not linearized No syntax or stream encoding errors found; the file may still contain errors that qpdf cannot detect"
"regression/arxiv-cc-2025-01-08-to-14-final/2501.07138v1.pdf","4692B5296E6AB6CB8CEBF1CA756B025219AC1F0B4BC32699CA75254428A5A858","253242","0","checking C:\Users\steve\code\KillerPDF-Corpus\corpus\regression\arxiv-cc-2025-01-08-to-14-final\2501.07138v1.pdf PDF Version: 1.4 File is not encrypted File is not linearized No syntax or stream encoding errors found; the file may still contain errors that qpdf cannot detect"
"regression/arxiv-cc-2025-01-08-to-14-final/2501.07147v1.pdf","C9F36405FEAFD5ACD4FB26DF5788E63D5D2C1F0B78A57C23F0AD8F3A90CE9596","330294","0","checking C:\Users\steve\code\KillerPDF-Corpus\corpus\regression\arxiv-cc-2025-01-08-to-14-final\2501.07147v1.pdf PDF Version: 1.4 File is not encrypted File is not linearized No syntax or stream encoding errors found; the file may still contain errors that qpdf cannot detect"
"regression/arxiv-cc-2025-01-08-to-14-final/2501.07152v1.pdf","996C2AEB1ECC0D0484627A2F5A2DF94B511E8EF4DB3A5FF4FA152613E4A39307","3497476","0","checking C:\Users\steve\code\KillerPDF-Corpus\corpus\regression\arxiv-cc-2025-01-08-to-14-final\2501.07152v1.pdf PDF Version: 1.5 File is not encrypted File is not linearized No syntax or stream encoding errors found; the file may still contain errors that qpdf cannot detect"
"regression/arxiv-cc-2025-01-08-to-14-final/2501.07157v1.pdf","34DCA1665CEAA15B6845224D2A2E6D8AFFDFFC828907AD877D74BBB0A9783B6A","5530077","0","checking C:\Users\steve\code\KillerPDF-Corpus\corpus\regression\arxiv-cc-2025-01-08-to-14-final\2501.07157v1.pdf PDF Version: 1.5 File is not encrypted File is not linearized No syntax or stream encoding errors found; the file may still contain errors that qpdf cannot detect"
"regression/arxiv-cc-2025-01-08-to-14-final/2501.07158v1.pdf","F9C110DF8DBB1B587D42CCBE4AE3312A934F9A091D8EF7DC2641F1B92549F8FD","8528514","0","checking C:\Users\steve\code\KillerPDF-Corpus\corpus\regression\arxiv-cc-2025-01-08-to-14-final\2501.07158v1.pdf PDF Version: 1.5 File is not encrypted File is not linearized No syntax or stream encoding errors found; the file may still contain errors that qpdf cannot detect"
"regression/arxiv-cc-2025-01-08-to-14-final/2501.07172v1.pdf","A42A50F29E1D83440AE8913B666CA7A20F8EEB4D20353D5FCA89644610ED33F8","2114974","0","checking C:\Users\steve\code\KillerPDF-Corpus\corpus\regression\arxiv-cc-2025-01-08-to-14-final\2501.07172v1.pdf PDF Version: 1.5 File is not encrypted File is not linearized No syntax or stream encoding errors found; the file may still contain errors that qpdf cannot detect"
"regression/arxiv-cc-2025-01-08-to-14-final/2501.07178v1.pdf","7D72AC2EA714C323F7E4A85389B101735C8300E008685B9E7F077D1A2BEB94DD","1026853","0","checking C:\Users\steve\code\KillerPDF-Corpus\corpus\regression\arxiv-cc-2025-01-08-to-14-final\2501.07178v1.pdf PDF Version: 1.5 File is not encrypted File is not linearized No syntax or stream encoding errors found; the file may still contain errors that qpdf cannot detect"
"regression/arxiv-cc-2025-01-08-to-14-final/2501.07179v1.pdf","EE5EF0797BCA68A0FC4D01F2474C9C85F1913F5CF98205D7849C0A08DAE0934E","9240453","0","checking C:\Users\steve\code\KillerPDF-Corpus\corpus\regression\arxiv-cc-2025-01-08-to-14-final\2501.07179v1.pdf PDF Version: 1.5 File is not encrypted File is not linearized No syntax or stream encoding errors found; the file may still contain errors that qpdf cannot detect"
"regression/arxiv-cc-2025-01-08-to-14-final/2501.07184v1.pdf","A2152624BFD1B2D8B63DEA2E4A8D4040ED8C5151DFF8C614953681B83F8D65B0","554292","0","checking C:\Users\steve\code\KillerPDF-Corpus\corpus\regression\arxiv-cc-2025-01-08-to-14-final\2501.07184v1.pdf PDF Version: 1.5 File is not encrypted File is not linearized No syntax or stream encoding errors found; the file may still contain errors that qpdf cannot detect"
"regression/arxiv-cc-2025-01-08-to-14-final/2501.07196v1.pdf","083D2BE0CC40183E37427763753939FF791267511A169057D70891C5E1B6A631","965375","0","checking C:\Users\steve\code\KillerPDF-Corpus\corpus\regression\arxiv-cc-2025-01-08-to-14-final\2501.07196v1.pdf PDF Version: 1.5 File is not encrypted File is not linearized No syntax or stream encoding errors found; the file may still contain errors that qpdf cannot detect"
"regression/arxiv-cc-2025-01-08-to-14-final/2501.07202v1.pdf","96E9239DDA568A8A81EE716B7A56F29D8F395EECD5A9FC2399DD7C82D7608293","2425368","0","checking C:\Users\steve\code\KillerPDF-Corpus\corpus\regression\arxiv-cc-2025-01-08-to-14-final\2501.07202v1.pdf PDF Version: 1.6 File is not encrypted File is not linearized No syntax or stream encoding errors found; the file may still contain errors that qpdf cannot detect"
"regression/arxiv-cc-2025-01-08-to-14-final/2501.07204v1.pdf","806E1489F701574FC207EED022D9B6C477090C47ECB807FD97EB6B047FB84005","410966","3","checking C:\Users\steve\code\KillerPDF-Corpus\corpus\regression\arxiv-cc-2025-01-08-to-14-final\2501.07204v1.pdf PDF Version: 1.3 File is not encrypted File is not linearized WARNING: C:\Users\steve\code\KillerPDF-Corpus\corpus\regression\arxiv-cc-2025-01-08-to-14-final\2501.07204v1.pdf (object 6 0): object has offset 0 - a common error handled correctly by qpdf and most other applications WARNING: C:\Users\steve\code\KillerPDF-Corpus\corpus\regression\arxiv-cc-2025-01-08-to-14-final\2501.07204v1.pdf (object 8 0): object has offset 0 - a common error handled correctly by qpdf and most other applications WARNING: C:\Users\steve\code\KillerPDF-Corpus\corpus\regression\arxiv-cc-2025-01-08-to-14-final\2501.07204v1.pdf (object 11 0): object has offset 0 - a common error handled correctly by qpdf and most other applications WARNING: C:\Users\steve\code\KillerPDF-Corpus\corpus\regression\arxiv-cc-2025-01-08-to-14-final\2501.07204v1.pdf (object 14 0): object has offset 0 - a common error handled correctly by qpdf and most other applications WARNING: C:\Users\steve\code\KillerPDF-Corpus\corpus\regression\arxiv-cc-2025-01-08-to-14-final\2501.07204v1.pdf (object 16 0): object has offset 0 - a common error handled correctly by qpdf and most other applications WARNING: C:\Users\steve\code\KillerPDF-Corpus\corpus\regression\arxiv-cc-2025-01-08-to-14-final\2501.07204v1.pdf (object 25 0): object has offset 0 - a common error handled correctly by qpdf and most other applications WARNING: C:\Users\steve\code\KillerPDF-Corpus\corpus\regression\arxiv-cc-2025-01-08-to-14-final\2501.07204v1.pdf (object 27 0): object has offset 0 - a common error handled correctly by qpdf and most other applications WARNING: C:\Users\steve\code\KillerPDF-Corpus\corpus\regression\arxiv-cc-2025-01-08-to-14-final\2501.07204v1.pdf (object 29 0): object has offset 0 - a common error handled correctly by qpdf and most other applications WARNING: C:\Users\steve\code\KillerPDF-Corpus\corpus\regression\arxiv-cc-2025-01-08-to-14-final\2501.07204v1.pdf (object 37 0): object has offset 0 - a common error handled correctly by qpdf and most other applications WARNING: C:\Users\steve\code\KillerPDF-Corpus\corpus\regression\arxiv-cc-2025-01-08-to-14-final\2501.07204v1.pdf (object 39 0): object has offset 0 - a common error handled correctly by qpdf and most other applications WARNING: C:\Users\steve\code\KillerPDF-Corpus\corpus\regression\arxiv-cc-2025-01-08-to-14-final\2501.07204v1.pdf (object 41 0): object has offset 0 - a common error handled correctly by qpdf and most other applications WARNING: C:\Users\steve\code\KillerPDF-Corpus\corpus\regression\arxiv-cc-2025-01-08-to-14-final\2501.07204v1.pdf (object 47 0): object has offset 0 - a common error handled correctly by qpdf and most other applications WARNING: C:\Users\steve\code\KillerPDF-Corpus\corpus\regression\arxiv-cc-2025-01-08-to-14-final\2501.07204v1.pdf (object 56 0): object has offset 0 - a common error handled correctly by qpdf and most other applications WARNING: C:\Users\steve\code\KillerPDF-Corpus\corpus\regression\arxiv-cc-2025-01-08-to-14-final\2501.07204v1.pdf (object 119 0): object has offset 0 - a common error handled correctly by qpdf and most other applications qpdf: operation succeeded with warnings"
"regression/arxiv-cc-2025-01-08-to-14-final/2501.07208v1.pdf","712EAC1C27ED72665EAB1615557081FB15CA97411F2054D0AB36E69D192BEDBB","206754","0","checking C:\Users\steve\code\KillerPDF-Corpus\corpus\regression\arxiv-cc-2025-01-08-to-14-final\2501.07208v1.pdf PDF Version: 1.4 File is not encrypted File is not linearized No syntax or stream encoding errors found; the file may still contain errors that qpdf cannot detect"
"regression/arxiv-cc-2025-01-08-to-14-final/2501.07218v1.pdf","A17A4EBDA5CFF280458F2803F69C731D55A56582F37F0825429A153E2720A7A8","4813284","0","checking C:\Users\steve\code\KillerPDF-Corpus\corpus\regression\arxiv-cc-2025-01-08-to-14-final\2501.07218v1.pdf PDF Version: 1.4 File is not encrypted File is not linearized No syntax or stream encoding errors found; the file may still contain errors that qpdf cannot detect"
"regression/arxiv-cc-2025-01-08-to-14-final/2501.07224v1.pdf","AA20410A049DE0D56177A4CAD6E1807AF41B636B0297CA650B95715A6D1222FD","7499611","0","checking C:\Users\steve\code\KillerPDF-Corpus\corpus\regression\arxiv-cc-2025-01-08-to-14-final\2501.07224v1.pdf PDF Version: 1.5 File is not encrypted File is not linearized No syntax or stream encoding errors found; the file may still contain errors that qpdf cannot detect"
"regression/arxiv-cc-2025-01-08-to-14-final/2501.07233v1.pdf","2D956041C3260C6EFFCE69080913A3901CAC21CF5C7A25197E23173E592E0520","186019","0","checking C:\Users\steve\code\KillerPDF-Corpus\corpus\regression\arxiv-cc-2025-01-08-to-14-final\2501.07233v1.pdf PDF Version: 1.4 File is not encrypted File is not linearized No syntax or stream encoding errors found; the file may still contain errors that qpdf cannot detect"
"regression/arxiv-cc-2025-01-08-to-14-final/2501.07236v1.pdf","52198E3ECF5E0F0178501BEDE6AC2B5FD9F1C82D3CA6B01270D0E7DE38A43180","2666354","0","checking C:\Users\steve\code\KillerPDF-Corpus\corpus\regression\arxiv-cc-2025-01-08-to-14-final\2501.07236v1.pdf PDF Version: 1.5 File is not encrypted File is not linearized No syntax or stream encoding errors found; the file may still contain errors that qpdf cannot detect"
"regression/arxiv-cc-2025-01-08-to-14-final/2501.07238v1.pdf","738F628C5FD2BD6DE54C2EF9DD54C380CE89FB8F50A08278CE004FE045CEDB5D","1628258","0","checking C:\Users\steve\code\KillerPDF-Corpus\corpus\regression\arxiv-cc-2025-01-08-to-14-final\2501.07238v1.pdf PDF Version: 1.5 File is not encrypted File is not linearized No syntax or stream encoding errors found; the file may still contain errors that qpdf cannot detect"
"regression/arxiv-cc-2025-01-08-to-14-final/2501.07239v1.pdf","C24B0D97E2A45B276D361DADC823FEC7CFA00BFFADECA6FD979635DF0F3F453A","1269267","0","checking C:\Users\steve\code\KillerPDF-Corpus\corpus\regression\arxiv-cc-2025-01-08-to-14-final\2501.07239v1.pdf PDF Version: 1.5 File is not encrypted File is not linearized No syntax or stream encoding errors found; the file may still contain errors that qpdf cannot detect"
"regression/arxiv-cc-2025-01-08-to-14-final/2501.07240v1.pdf","6EAEF3D405D2D40764F995D4875588565252B0EA3D473C802EBCB9F7A9DBE0E7","1133396","0","checking C:\Users\steve\code\KillerPDF-Corpus\corpus\regression\arxiv-cc-2025-01-08-to-14-final\2501.07240v1.pdf PDF Version: 1.5 File is not encrypted File is not linearized No syntax or stream encoding errors found; the file may still contain errors that qpdf cannot detect"
"regression/arxiv-cc-2025-01-08-to-14-final/2501.07245v1.pdf","5C748F9FDBA171A137D4F9D280EBC9537BF9FC4892870ABCCEBA90FC775C9050","7763704","0","checking C:\Users\steve\code\KillerPDF-Corpus\corpus\regression\arxiv-cc-2025-01-08-to-14-final\2501.07245v1.pdf PDF Version: 1.5 File is not encrypted File is not linearized No syntax or stream encoding errors found; the file may still contain errors that qpdf cannot detect"
"regression/arxiv-cc-2025-01-08-to-14-final/2501.07248v1.pdf","5E1ADE86E2E44A3F74953576FED9363816CAE8F45B4BB9B063618B3AB093CC67","4593601","0","checking C:\Users\steve\code\KillerPDF-Corpus\corpus\regression\arxiv-cc-2025-01-08-to-14-final\2501.07248v1.pdf PDF Version: 1.5 File is not encrypted File is not linearized No syntax or stream encoding errors found; the file may still contain errors that qpdf cannot detect"
"regression/arxiv-cc-2025-01-08-to-14-final/2501.07250v1.pdf","E93B8CC931C1FA3BB96F303449EEEDC9018C62B4488BA7D63250951E0D4FE4FB","51422","0","checking C:\Users\steve\code\KillerPDF-Corpus\corpus\regression\arxiv-cc-2025-01-08-to-14-final\2501.07250v1.pdf PDF Version: 1.4 File is not encrypted File is not linearized No syntax or stream encoding errors found; the file may still contain errors that qpdf cannot detect"
"regression/arxiv-cc-2025-01-08-to-14-final/2501.07262v1.pdf","3255A0CD13494AE661B9A9170B9A16652C828FFA5AF872EBDB2FFA20D6ACD734","3485467","0","checking C:\Users\steve\code\KillerPDF-Corpus\corpus\regression\arxiv-cc-2025-01-08-to-14-final\2501.07262v1.pdf PDF Version: 1.5 File is not encrypted File is not linearized No syntax or stream encoding errors found; the file may still contain errors that qpdf cannot detect"
"regression/arxiv-cc-2025-01-08-to-14-final/2501.07275v1.pdf","B8170D845536EA5A198C97593D91B2C73C769B6EF51B23E17D1C7AECDFEF1B11","607760","0","checking C:\Users\steve\code\KillerPDF-Corpus\corpus\regression\arxiv-cc-2025-01-08-to-14-final\2501.07275v1.pdf PDF Version: 1.5 File is not encrypted File is not linearized No syntax or stream encoding errors found; the file may still contain errors that qpdf cannot detect"
"regression/arxiv-cc-2025-01-08-to-14-final/2501.07284v1.pdf","4685F3CC017384E4E4BFA6C98F6075B2162EB1871492F270F874E214A7F8D449","755983","0","checking C:\Users\steve\code\KillerPDF-Corpus\corpus\regression\arxiv-cc-2025-01-08-to-14-final\2501.07284v1.pdf PDF Version: 1.5 File is not encrypted File is not linearized No syntax or stream encoding errors found; the file may still contain errors that qpdf cannot detect"
"regression/arxiv-cc-2025-01-08-to-14-final/2501.07290v1.pdf","BAE67CB741E3B76F1F6B302C04CD9886F45421ED7495BD244E63E2D6179F35DA","305946","0","checking C:\Users\steve\code\KillerPDF-Corpus\corpus\regression\arxiv-cc-2025-01-08-to-14-final\2501.07290v1.pdf PDF Version: 1.4 File is not encrypted File is not linearized No syntax or stream encoding errors found; the file may still contain errors that qpdf cannot detect"
"regression/arxiv-cc-2025-01-08-to-14-final/2501.07300v1.pdf","E0A18E2CEE31F64E7C039AD99BE9CD43269FC7DD61F721BD3E09CACC1CBE348F","310954","0","checking C:\Users\steve\code\KillerPDF-Corpus\corpus\regression\arxiv-cc-2025-01-08-to-14-final\2501.07300v1.pdf PDF Version: 1.5 File is not encrypted File is not linearized No syntax or stream encoding errors found; the file may still contain errors that qpdf cannot detect"
"regression/arxiv-cc-2025-01-08-to-14-final/2501.07309v1.pdf","4B089542EB9D4FD69F07AB37807BB9D47F22B27547561FD358768056C56B4637","558192","3","checking C:\Users\steve\code\KillerPDF-Corpus\corpus\regression\arxiv-cc-2025-01-08-to-14-final\2501.07309v1.pdf PDF Version: 1.3 File is not encrypted File is not linearized WARNING: C:\Users\steve\code\KillerPDF-Corpus\corpus\regression\arxiv-cc-2025-01-08-to-14-final\2501.07309v1.pdf (object 6 0): object has offset 0 - a common error handled correctly by qpdf and most other applications WARNING: C:\Users\steve\code\KillerPDF-Corpus\corpus\regression\arxiv-cc-2025-01-08-to-14-final\2501.07309v1.pdf (object 8 0): object has offset 0 - a common error handled correctly by qpdf and most other applications WARNING: C:\Users\steve\code\KillerPDF-Corpus\corpus\regression\arxiv-cc-2025-01-08-to-14-final\2501.07309v1.pdf (object 10 0): object has offset 0 - a common error handled correctly by qpdf and most other applications WARNING: C:\Users\steve\code\KillerPDF-Corpus\corpus\regression\arxiv-cc-2025-01-08-to-14-final\2501.07309v1.pdf (object 21 0): object has offset 0 - a common error handled correctly by qpdf and most other applications WARNING: C:\Users\steve\code\KillerPDF-Corpus\corpus\regression\arxiv-cc-2025-01-08-to-14-final\2501.07309v1.pdf (object 23 0): object has offset 0 - a common error handled correctly by qpdf and most other applications WARNING: C:\Users\steve\code\KillerPDF-Corpus\corpus\regression\arxiv-cc-2025-01-08-to-14-final\2501.07309v1.pdf (object 28 0): object has offset 0 - a common error handled correctly by qpdf and most other applications WARNING: C:\Users\steve\code\KillerPDF-Corpus\corpus\regression\arxiv-cc-2025-01-08-to-14-final\2501.07309v1.pdf (object 33 0): object has offset 0 - a common error handled correctly by qpdf and most other applications WARNING: C:\Users\steve\code\KillerPDF-Corpus\corpus\regression\arxiv-cc-2025-01-08-to-14-final\2501.07309v1.pdf (object 35 0): object has offset 0 - a common error handled correctly by qpdf and most other applications WARNING: C:\Users\steve\code\KillerPDF-Corpus\corpus\regression\arxiv-cc-2025-01-08-to-14-final\2501.07309v1.pdf (object 42 0): object has offset 0 - a common error handled correctly by qpdf and most other applications WARNING: C:\Users\steve\code\KillerPDF-Corpus\corpus\regression\arxiv-cc-2025-01-08-to-14-final\2501.07309v1.pdf (object 47 0): object has offset 0 - a common error handled correctly by qpdf and most other applications WARNING: C:\Users\steve\code\KillerPDF-Corpus\corpus\regression\arxiv-cc-2025-01-08-to-14-final\2501.07309v1.pdf (object 55 0): object has offset 0 - a common error handled correctly by qpdf and most other applications WARNING: C:\Users\steve\code\KillerPDF-Corpus\corpus\regression\arxiv-cc-2025-01-08-to-14-final\2501.07309v1.pdf (object 57 0): object has offset 0 - a common error handled correctly by qpdf and most other applications WARNING: C:\Users\steve\code\KillerPDF-Corpus\corpus\regression\arxiv-cc-2025-01-08-to-14-final\2501.07309v1.pdf (object 59 0): object has offset 0 - a common error handled correctly by qpdf and most other applications WARNING: C:\Users\steve\code\KillerPDF-Corpus\corpus\regression\arxiv-cc-2025-01-08-to-14-final\2501.07309v1.pdf (object 61 0): object has offset 0 - a common error handled correctly by qpdf and most other applications WARNING: C:\Users\steve\code\KillerPDF-Corpus\corpus\regression\arxiv-cc-2025-01-08-to-14-final\2501.07309v1.pdf (object 68 0): object has offset 0 - a common error handled correctly by qpdf and most other applications WARNING: C:\Users\steve\code\KillerPDF-Corpus\corpus\regression\arxiv-cc-2025-01-08-to-14-final\2501.07309v1.pdf (object 87 0): object has offset 0 - a common error handled correctly by qpdf and most other applications qpdf: operation succeeded with warnings"
"regression/arxiv-cc-2025-01-08-to-14-final/2501.07313v1.pdf","A88255FF638C2AB824979800E179E0156329696213FB7480AFFB53EFA4A58783","4773520","0","checking C:\Users\steve\code\KillerPDF-Corpus\corpus\regression\arxiv-cc-2025-01-08-to-14-final\2501.07313v1.pdf PDF Version: 1.5 File is not encrypted File is not linearized No syntax or stream encoding errors found; the file may still contain errors that qpdf cannot detect"
"regression/arxiv-cc-2025-01-08-to-14-final/2501.07314v1.pdf","DAA3825C700F08ECD697E472F0829D16C95FD723F7313D79E007093754030E30","303568","0","checking C:\Users\steve\code\KillerPDF-Corpus\corpus\regression\arxiv-cc-2025-01-08-to-14-final\2501.07314v1.pdf PDF Version: 1.5 File is not encrypted File is not linearized No syntax or stream encoding errors found; the file may still contain errors that qpdf cannot detect"
"regression/arxiv-cc-2025-01-08-to-14-final/2501.07322v1.pdf","D7EBCA111766C8082D47129F50B5413221736E16BC5D337E3E7D90B30C4A6028","4633559","0","checking C:\Users\steve\code\KillerPDF-Corpus\corpus\regression\arxiv-cc-2025-01-08-to-14-final\2501.07322v1.pdf PDF Version: 1.5 File is not encrypted File is not linearized No syntax or stream encoding errors found; the file may still contain errors that qpdf cannot detect"
"regression/arxiv-cc-2025-01-08-to-14-final/2501.07323v1.pdf","179811565C892BBBB4C91390A575A0F785EDF1C413FED0C4027AEED1BD60B8C0","7314945","0","checking C:\Users\steve\code\KillerPDF-Corpus\corpus\regression\arxiv-cc-2025-01-08-to-14-final\2501.07323v1.pdf PDF Version: 1.5 File is not encrypted File is not linearized No syntax or stream encoding errors found; the file may still contain errors that qpdf cannot detect"
"regression/arxiv-cc-2025-01-08-to-14-final/2501.07324v1.pdf","C18510C55DB4ECD91CC7551BA7D5A07CBB0B99A139714E4D60569453CCE7F9A6","2168824","0","checking C:\Users\steve\code\KillerPDF-Corpus\corpus\regression\arxiv-cc-2025-01-08-to-14-final\2501.07324v1.pdf PDF Version: 1.4 File is not encrypted File is not linearized No syntax or stream encoding errors found; the file may still contain errors that qpdf cannot detect"
"regression/arxiv-cc-2025-01-08-to-14-final/2501.07328v1.pdf","F763EA14FEBB62DCBCD33CE844B0BCE4300F8677F7DBA557F0590F1628B7E90B","421644","0","checking C:\Users\steve\code\KillerPDF-Corpus\corpus\regression\arxiv-cc-2025-01-08-to-14-final\2501.07328v1.pdf PDF Version: 1.5 File is not encrypted File is not linearized No syntax or stream encoding errors found; the file may still contain errors that qpdf cannot detect"
"regression/arxiv-cc-2025-01-08-to-14-final/2501.07334v1.pdf","55C60833E5B077D6651D7386DD9EA01F7D817483279A7D9FF3D7CED76A9A2F9A","4439959","0","checking C:\Users\steve\code\KillerPDF-Corpus\corpus\regression\arxiv-cc-2025-01-08-to-14-final\2501.07334v1.pdf PDF Version: 1.5 File is not encrypted File is not linearized No syntax or stream encoding errors found; the file may still contain errors that qpdf cannot detect"
"regression/arxiv-cc-2025-01-08-to-14-final/2501.07337v1.pdf","6F0FD2624399EE3738C77A6B9CC326571430F745706CA486478E997826372425","1392771","0","checking C:\Users\steve\code\KillerPDF-Corpus\corpus\regression\arxiv-cc-2025-01-08-to-14-final\2501.07337v1.pdf PDF Version: 1.5 File is not encrypted File is not linearized No syntax or stream encoding errors found; the file may still contain errors that qpdf cannot detect"
"regression/arxiv-cc-2025-01-08-to-14-final/2501.07339v1.pdf","D36DA307132DD6367F7D9CEF2268301FEF64313BF746E1C4D982C7B52A1DA682","12908907","0","checking C:\Users\steve\code\KillerPDF-Corpus\corpus\regression\arxiv-cc-2025-01-08-to-14-final\2501.07339v1.pdf PDF Version: 1.5 File is not encrypted File is not linearized No syntax or stream encoding errors found; the file may still contain errors that qpdf cannot detect"
"regression/arxiv-cc-2025-01-08-to-14-final/2501.07340v1.pdf","74ED8CBF803283DDC2B89421D7E8071DE22FBBF6688BEDE505F2243681930E15","8968880","0","checking C:\Users\steve\code\KillerPDF-Corpus\corpus\regression\arxiv-cc-2025-01-08-to-14-final\2501.07340v1.pdf PDF Version: 1.5 File is not encrypted File is not linearized No syntax or stream encoding errors found; the file may still contain errors that qpdf cannot detect"
"regression/arxiv-cc-2025-01-08-to-14-final/2501.07341v1.pdf","6FB09ABFA3612C09B2C879503D1794D5E338054B65C59B6370E874B4DB8286EE","2661781","0","checking C:\Users\steve\code\KillerPDF-Corpus\corpus\regression\arxiv-cc-2025-01-08-to-14-final\2501.07341v1.pdf PDF Version: 1.5 File is not encrypted File is not linearized No syntax or stream encoding errors found; the file may still contain errors that qpdf cannot detect"
"regression/arxiv-cc-2025-01-08-to-14-final/2501.07342v1.pdf","5EC1FBF86E2E8591A20381ED32ED59BC30A2C73458AD889BC3AE0A8892CC39CA","2224881","0","checking C:\Users\steve\code\KillerPDF-Corpus\corpus\regression\arxiv-cc-2025-01-08-to-14-final\2501.07342v1.pdf PDF Version: 1.5 File is not encrypted File is not linearized No syntax or stream encoding errors found; the file may still contain errors that qpdf cannot detect"
"regression/arxiv-cc-2025-01-08-to-14-final/2501.07355v1.pdf","597094B0DA77A583E5DAA4264E693E418B387D56106F08C53D94D94EEC58BA5D","5839451","0","checking C:\Users\steve\code\KillerPDF-Corpus\corpus\regression\arxiv-cc-2025-01-08-to-14-final\2501.07355v1.pdf PDF Version: 1.5 File is not encrypted File is not linearized No syntax or stream encoding errors found; the file may still contain errors that qpdf cannot detect"
"regression/arxiv-cc-2025-01-08-to-14-final/2501.07357v1.pdf","F5C405241D65154D59A31B682A4930BBBAAEED101C0DDDF0E4964F1171E641DA","20622135","0","checking C:\Users\steve\code\KillerPDF-Corpus\corpus\regression\arxiv-cc-2025-01-08-to-14-final\2501.07357v1.pdf PDF Version: 1.5 File is not encrypted File is not linearized No syntax or stream encoding errors found; the file may still contain errors that qpdf cannot detect"
"regression/arxiv-cc-2025-01-08-to-14-final/2501.07359v1.pdf","9E2ED115F80D0B191BD1BF9106CC0044616B2C2BDE54273A0406A284DBC83322","1632866","0","checking C:\Users\steve\code\KillerPDF-Corpus\corpus\regression\arxiv-cc-2025-01-08-to-14-final\2501.07359v1.pdf PDF Version: 1.7 File is not encrypted File is not linearized No syntax or stream encoding errors found; the file may still contain errors that qpdf cannot detect"
"regression/arxiv-cc-2025-01-08-to-14-final/2501.07366v1.pdf","D2E44388DEA7762F392B57059A02CB37BC75628E68818BBEB4E4000B616ACE9E","4826977","0","checking C:\Users\steve\code\KillerPDF-Corpus\corpus\regression\arxiv-cc-2025-01-08-to-14-final\2501.07366v1.pdf PDF Version: 1.5 File is not encrypted File is not linearized No syntax or stream encoding errors found; the file may still contain errors that qpdf cannot detect"
"regression/arxiv-cc-2025-01-08-to-14-final/2501.07374v1.pdf","76E7E8BCFAB2AE15C00D873529F798CBFA0E795154C55700A2616EEDEEE26F2C","4849644","0","checking C:\Users\steve\code\KillerPDF-Corpus\corpus\regression\arxiv-cc-2025-01-08-to-14-final\2501.07374v1.pdf PDF Version: 1.5 File is not encrypted File is not linearized No syntax or stream encoding errors found; the file may still contain errors that qpdf cannot detect"
"regression/arxiv-cc-2025-01-08-to-14-final/2501.07384v1.pdf","E0745DD4557543A68DE7CF47A215B352B0CE0C848EDC1A1DB3DFD70CBCB3694A","34609345","0","checking C:\Users\steve\code\KillerPDF-Corpus\corpus\regression\arxiv-cc-2025-01-08-to-14-final\2501.07384v1.pdf PDF Version: 1.5 File is not encrypted File is not linearized No syntax or stream encoding errors found; the file may still contain errors that qpdf cannot detect"
"regression/arxiv-cc-2025-01-08-to-14-final/2501.07396v1.pdf","F66D27BA3D2592838644DF583F4B127B546EE36528C211065661FC20F06C171E","2592068","0","checking C:\Users\steve\code\KillerPDF-Corpus\corpus\regression\arxiv-cc-2025-01-08-to-14-final\2501.07396v1.pdf PDF Version: 1.4 File is not encrypted File is not linearized No syntax or stream encoding errors found; the file may still contain errors that qpdf cannot detect"
"regression/arxiv-cc-2025-01-08-to-14-final/2501.07398v1.pdf","EC17E22935D036DFEF69359F6794FA2263B3CB31B452297F7F0DB1E037644481","2393924","0","checking C:\Users\steve\code\KillerPDF-Corpus\corpus\regression\arxiv-cc-2025-01-08-to-14-final\2501.07398v1.pdf PDF Version: 1.5 File is not encrypted File is not linearized No syntax or stream encoding errors found; the file may still contain errors that qpdf cannot detect"
"regression/arxiv-cc-2025-01-08-to-14-final/2501.07404v1.pdf","1B3247F7D391AEEB4942D97C36441D0D1563ABD5BF2F286CC32EE46CFE3AD983","1181407","0","checking C:\Users\steve\code\KillerPDF-Corpus\corpus\regression\arxiv-cc-2025-01-08-to-14-final\2501.07404v1.pdf PDF Version: 1.5 File is not encrypted File is not linearized No syntax or stream encoding errors found; the file may still contain errors that qpdf cannot detect"
"regression/arxiv-cc-2025-01-08-to-14-final/2501.07410v1.pdf","1E2F31B3EBBFA51B01BC5EB10AB73162D4462FBC6BC1E4E834F4C0BD514BA9DC","162425","0","checking C:\Users\steve\code\KillerPDF-Corpus\corpus\regression\arxiv-cc-2025-01-08-to-14-final\2501.07410v1.pdf PDF Version: 1.5 File is not encrypted File is not linearized No syntax or stream encoding errors found; the file may still contain errors that qpdf cannot detect"
"regression/arxiv-cc-2025-01-08-to-14-final/2501.07415v1.pdf","F1F8B6FDB5E45F73BB10C7BC5DD80B6324EBF7295F6F92577F5B0752621E2BB4","2014651","0","checking C:\Users\steve\code\KillerPDF-Corpus\corpus\regression\arxiv-cc-2025-01-08-to-14-final\2501.07415v1.pdf PDF Version: 1.5 File is not encrypted File is not linearized No syntax or stream encoding errors found; the file may still contain errors that qpdf cannot detect"
"regression/arxiv-cc-2025-01-08-to-14-final/2501.07416v1.pdf","7D68900A1ACE06147011BA29E67C4E61F4B81C7AD24C57F9B1FD17EC64E84ED1","2018411","0","checking C:\Users\steve\code\KillerPDF-Corpus\corpus\regression\arxiv-cc-2025-01-08-to-14-final\2501.07416v1.pdf PDF Version: 1.5 File is not encrypted File is not linearized No syntax or stream encoding errors found; the file may still contain errors that qpdf cannot detect"
"regression/arxiv-cc-2025-01-08-to-14-final/2501.07417v1.pdf","854546B19B101D1FF24385A064C39FE400B9B3E4C00EA4141CE074B70736399E","1143733","0","checking C:\Users\steve\code\KillerPDF-Corpus\corpus\regression\arxiv-cc-2025-01-08-to-14-final\2501.07417v1.pdf PDF Version: 1.4 File is not encrypted File is not linearized No syntax or stream encoding errors found; the file may still contain errors that qpdf cannot detect"
"regression/arxiv-cc-2025-01-08-to-14-final/2501.07429v1.pdf","23BC40D4DD45488B061A87D557D97AE828811AB09692FC1FA3856986E5C46CA8","1362657","0","checking C:\Users\steve\code\KillerPDF-Corpus\corpus\regression\arxiv-cc-2025-01-08-to-14-final\2501.07429v1.pdf PDF Version: 1.5 File is not encrypted File is not linearized No syntax or stream encoding errors found; the file may still contain errors that qpdf cannot detect"
"regression/arxiv-cc-2025-01-08-to-14-final/2501.07432v1.pdf","79C7A9BA4EFED6934623AC4F5DE9CC6399222EFD6975C9137BB5F556E9452157","204577","0","checking C:\Users\steve\code\KillerPDF-Corpus\corpus\regression\arxiv-cc-2025-01-08-to-14-final\2501.07432v1.pdf PDF Version: 1.4 File is not encrypted File is not linearized No syntax or stream encoding errors found; the file may still contain errors that qpdf cannot detect"
"regression/arxiv-cc-2025-01-08-to-14-final/2501.07434v1.pdf","87F61B724C9C15673E1DEBE04A4D02ABB54E8F5CC0A7139BB17FF12B2A8714FA","13418186","0","checking C:\Users\steve\code\KillerPDF-Corpus\corpus\regression\arxiv-cc-2025-01-08-to-14-final\2501.07434v1.pdf PDF Version: 1.6 File is not encrypted File is not linearized No syntax or stream encoding errors found; the file may still contain errors that qpdf cannot detect"
"regression/arxiv-cc-2025-01-08-to-14-final/2501.07450v1.pdf","45C19E4A0049659949633F5A092760B81BC28BB768148964A19C79F121410A24","15581799","0","checking C:\Users\steve\code\KillerPDF-Corpus\corpus\regression\arxiv-cc-2025-01-08-to-14-final\2501.07450v1.pdf PDF Version: 1.5 File is not encrypted File is not linearized No syntax or stream encoding errors found; the file may still contain errors that qpdf cannot detect"
"regression/arxiv-cc-2025-01-08-to-14-final/2501.07457v1.pdf","14ED6301D02A504D185546A0FB35E2C5DE068ADC642FF720CF69A3EAE0FCA7D7","922851","0","checking C:\Users\steve\code\KillerPDF-Corpus\corpus\regression\arxiv-cc-2025-01-08-to-14-final\2501.07457v1.pdf PDF Version: 1.5 File is not encrypted File is not linearized No syntax or stream encoding errors found; the file may still contain errors that qpdf cannot detect"
"regression/arxiv-cc-2025-01-08-to-14-final/2501.07458v1.pdf","1B3FEADE69D342D3BE42E3ABAD13F5886C93DABCAACD01F06483FE2FDC40A00E","189385","0","checking C:\Users\steve\code\KillerPDF-Corpus\corpus\regression\arxiv-cc-2025-01-08-to-14-final\2501.07458v1.pdf PDF Version: 1.4 File is not encrypted File is not linearized No syntax or stream encoding errors found; the file may still contain errors that qpdf cannot detect"
"regression/arxiv-cc-2025-01-08-to-14-final/2501.07465v1.pdf","FACB04055D1234DEFDDCBDCE50F9288608A5A0E4DE8E1705075DAEA81AD53CA4","10722352","0","checking C:\Users\steve\code\KillerPDF-Corpus\corpus\regression\arxiv-cc-2025-01-08-to-14-final\2501.07465v1.pdf PDF Version: 1.5 File is not encrypted File is not linearized No syntax or stream encoding errors found; the file may still contain errors that qpdf cannot detect"
"regression/arxiv-cc-2025-01-08-to-14-final/2501.07473v1.pdf","C062F7B947989DB0D018612C60DA41C91F7CFB82433472B8F2E2CB5AD4D35B29","953074","0","checking C:\Users\steve\code\KillerPDF-Corpus\corpus\regression\arxiv-cc-2025-01-08-to-14-final\2501.07473v1.pdf PDF Version: 1.5 File is not encrypted File is not linearized No syntax or stream encoding errors found; the file may still contain errors that qpdf cannot detect"
"regression/arxiv-cc-2025-01-08-to-14-final/2501.07475v1.pdf","3F914A333FDDADB707B53845601E9E32D5BEFE5F8878F190763D94675B2261D4","839180","0","checking C:\Users\steve\code\KillerPDF-Corpus\corpus\regression\arxiv-cc-2025-01-08-to-14-final\2501.07475v1.pdf PDF Version: 1.5 File is not encrypted File is not linearized No syntax or stream encoding errors found; the file may still contain errors that qpdf cannot detect"
"regression/arxiv-cc-2025-01-08-to-14-final/2501.07478v1.pdf","AC75552706CA5B2FD80701DAD4A81D81FF9B7546CC1D5740C581CE985C88B081","18835130","0","checking C:\Users\steve\code\KillerPDF-Corpus\corpus\regression\arxiv-cc-2025-01-08-to-14-final\2501.07478v1.pdf PDF Version: 1.5 File is not encrypted File is not linearized No syntax or stream encoding errors found; the file may still contain errors that qpdf cannot detect"
"regression/arxiv-cc-2025-01-08-to-14-final/2501.07486v1.pdf","310007542C7D67DFC88EB0343875F07DB3359B58870356F49EDC3705C93F11D6","270010","0","checking C:\Users\steve\code\KillerPDF-Corpus\corpus\regression\arxiv-cc-2025-01-08-to-14-final\2501.07486v1.pdf PDF Version: 1.7 File is not encrypted File is not linearized No syntax or stream encoding errors found; the file may still contain errors that qpdf cannot detect"
"regression/arxiv-cc-2025-01-08-to-14-final/2501.07489v1.pdf","EDB233CB77EF9CA282129F44F683602C3348860668704A1C1A3BD80CB9E21DFA","137845","0","checking C:\Users\steve\code\KillerPDF-Corpus\corpus\regression\arxiv-cc-2025-01-08-to-14-final\2501.07489v1.pdf PDF Version: 1.4 File is not encrypted File is not linearized No syntax or stream encoding errors found; the file may still contain errors that qpdf cannot detect"
"regression/arxiv-cc-2025-01-08-to-14-final/2501.07491v1.pdf","91B93D054D456E86766208AA9CEFAC26C6F2A823C67E9290C9CF2F34B5F3462D","1394972","0","checking C:\Users\steve\code\KillerPDF-Corpus\corpus\regression\arxiv-cc-2025-01-08-to-14-final\2501.07491v1.pdf PDF Version: 1.5 File is not encrypted File is not linearized No syntax or stream encoding errors found; the file may still contain errors that qpdf cannot detect"
"regression/arxiv-cc-2025-01-08-to-14-final/2501.07493v1.pdf","D3E150F07ED2F29F028CF3E2CFB7D94D58B744839619FCDF1634DA63C41C82D0","1159779","0","checking C:\Users\steve\code\KillerPDF-Corpus\corpus\regression\arxiv-cc-2025-01-08-to-14-final\2501.07493v1.pdf PDF Version: 1.5 File is not encrypted File is not linearized No syntax or stream encoding errors found; the file may still contain errors that qpdf cannot detect"
"regression/arxiv-cc-2025-01-08-to-14-final/2501.07494v1.pdf","57FDF78E09E83E67182253CF8FFBA447472E1D33284703B6730F8E222127E999","1379099","0","checking C:\Users\steve\code\KillerPDF-Corpus\corpus\regression\arxiv-cc-2025-01-08-to-14-final\2501.07494v1.pdf PDF Version: 1.5 File is not encrypted File is not linearized No syntax or stream encoding errors found; the file may still contain errors that qpdf cannot detect"
"regression/arxiv-cc-2025-01-08-to-14-final/2501.07497v1.pdf","78C2BF371A28D1A8EEC552F68A3CD7B28DF9201AD83BCECC9F82CF656FE9D798","459022","0","checking C:\Users\steve\code\KillerPDF-Corpus\corpus\regression\arxiv-cc-2025-01-08-to-14-final\2501.07497v1.pdf PDF Version: 1.5 File is not encrypted File is not linearized No syntax or stream encoding errors found; the file may still contain errors that qpdf cannot detect"
"regression/arxiv-cc-2025-01-08-to-14-final/2501.07498v1.pdf","4260EA7768F3F6AEB21AD7ADB5D4C522D727FB6A01629B2EF57BACF70A73D7CF","1209477","0","checking C:\Users\steve\code\KillerPDF-Corpus\corpus\regression\arxiv-cc-2025-01-08-to-14-final\2501.07498v1.pdf PDF Version: 1.5 File is not encrypted File is not linearized No syntax or stream encoding errors found; the file may still contain errors that qpdf cannot detect"
"regression/arxiv-cc-2025-01-08-to-14-final/2501.07501v1.pdf","63398348A724D9EF86C35EBFE3B86E42EC3F821B4BB1010069FCE0518D16D511","21477251","0","checking C:\Users\steve\code\KillerPDF-Corpus\corpus\regression\arxiv-cc-2025-01-08-to-14-final\2501.07501v1.pdf PDF Version: 1.5 File is not encrypted File is not linearized No syntax or stream encoding errors found; the file may still contain errors that qpdf cannot detect"
"regression/arxiv-cc-2025-01-08-to-14-final/2501.07516v1.pdf","2F0C7108252E78EC40B4D279A8B825A882BB452AE95B5B7493B9D7FCA7C2DF49","1739456","0","checking C:\Users\steve\code\KillerPDF-Corpus\corpus\regression\arxiv-cc-2025-01-08-to-14-final\2501.07516v1.pdf PDF Version: 1.5 File is not encrypted File is not linearized No syntax or stream encoding errors found; the file may still contain errors that qpdf cannot detect"
"regression/arxiv-cc-2025-01-08-to-14-final/2501.07519v1.pdf","C51A35995ABA2AE5A232F24E7EDD1E1A0B20D73D66ED4CB615EBC33F20C18447","173319","0","checking C:\Users\steve\code\KillerPDF-Corpus\corpus\regression\arxiv-cc-2025-01-08-to-14-final\2501.07519v1.pdf PDF Version: 1.4 File is not encrypted File is not linearized No syntax or stream encoding errors found; the file may still contain errors that qpdf cannot detect"
"regression/arxiv-cc-2025-01-08-to-14-final/2501.07520v1.pdf","F25ACF208714D12FEBA0EC5B5A3EB77D4D77BAA66489605BF951D1951564E4F0","5652344","0","checking C:\Users\steve\code\KillerPDF-Corpus\corpus\regression\arxiv-cc-2025-01-08-to-14-final\2501.07520v1.pdf PDF Version: 1.5 File is not encrypted File is not linearized No syntax or stream encoding errors found; the file may still contain errors that qpdf cannot detect"
"regression/arxiv-cc-2025-01-08-to-14-final/2501.07530v1.pdf","94790CC0913D6E457115459DFD9DC67B53821E9B763469964CA007EF13937B15","6778263","0","checking C:\Users\steve\code\KillerPDF-Corpus\corpus\regression\arxiv-cc-2025-01-08-to-14-final\2501.07530v1.pdf PDF Version: 1.5 File is not encrypted File is not linearized No syntax or stream encoding errors found; the file may still contain errors that qpdf cannot detect"
"regression/arxiv-cc-2025-01-08-to-14-final/2501.07531v1.pdf","7FEE0326FBF6DF938B710D3635D8EFC1252D24802BA8E3BE4862618F9E83B241","609182","0","checking C:\Users\steve\code\KillerPDF-Corpus\corpus\regression\arxiv-cc-2025-01-08-to-14-final\2501.07531v1.pdf PDF Version: 1.5 File is not encrypted File is not linearized No syntax or stream encoding errors found; the file may still contain errors that qpdf cannot detect"
"regression/arxiv-cc-2025-01-08-to-14-final/2501.07532v1.pdf","897FA2AD6837ECECB2191D4BC5BEDA628E9A6748FCC2096A5F2AD4BE88A12FD8","763691","3","checking C:\Users\steve\code\KillerPDF-Corpus\corpus\regression\arxiv-cc-2025-01-08-to-14-final\2501.07532v1.pdf PDF Version: 1.3 File is not encrypted File is not linearized WARNING: C:\Users\steve\code\KillerPDF-Corpus\corpus\regression\arxiv-cc-2025-01-08-to-14-final\2501.07532v1.pdf (object 6 0): object has offset 0 - a common error handled correctly by qpdf and most other applications WARNING: C:\Users\steve\code\KillerPDF-Corpus\corpus\regression\arxiv-cc-2025-01-08-to-14-final\2501.07532v1.pdf (object 8 0): object has offset 0 - a common error handled correctly by qpdf and most other applications WARNING: C:\Users\steve\code\KillerPDF-Corpus\corpus\regression\arxiv-cc-2025-01-08-to-14-final\2501.07532v1.pdf (object 10 0): object has offset 0 - a common error handled correctly by qpdf and most other applications WARNING: C:\Users\steve\code\KillerPDF-Corpus\corpus\regression\arxiv-cc-2025-01-08-to-14-final\2501.07532v1.pdf (object 12 0): object has offset 0 - a common error handled correctly by qpdf and most other applications WARNING: C:\Users\steve\code\KillerPDF-Corpus\corpus\regression\arxiv-cc-2025-01-08-to-14-final\2501.07532v1.pdf (object 14 0): object has offset 0 - a common error handled correctly by qpdf and most other applications WARNING: C:\Users\steve\code\KillerPDF-Corpus\corpus\regression\arxiv-cc-2025-01-08-to-14-final\2501.07532v1.pdf (object 16 0): object has offset 0 - a common error handled correctly by qpdf and most other applications WARNING: C:\Users\steve\code\KillerPDF-Corpus\corpus\regression\arxiv-cc-2025-01-08-to-14-final\2501.07532v1.pdf (object 28 0): object has offset 0 - a common error handled correctly by qpdf and most other applications WARNING: C:\Users\steve\code\KillerPDF-Corpus\corpus\regression\arxiv-cc-2025-01-08-to-14-final\2501.07532v1.pdf (object 46 0): object has offset 0 - a common error handled correctly by qpdf and most other applications WARNING: C:\Users\steve\code\KillerPDF-Corpus\corpus\regression\arxiv-cc-2025-01-08-to-14-final\2501.07532v1.pdf (object 49 0): object has offset 0 - a common error handled correctly by qpdf and most other applications WARNING: C:\Users\steve\code\KillerPDF-Corpus\corpus\regression\arxiv-cc-2025-01-08-to-14-final\2501.07532v1.pdf (object 74 0): object has offset 0 - a common error handled correctly by qpdf and most other applications WARNING: C:\Users\steve\code\KillerPDF-Corpus\corpus\regression\arxiv-cc-2025-01-08-to-14-final\2501.07532v1.pdf (object 76 0): object has offset 0 - a common error handled correctly by qpdf and most other applications qpdf: operation succeeded with warnings"
"regression/arxiv-cc-2025-01-08-to-14-final/2501.07533v1.pdf","EA752A344056D1ED776FC58B93E755A9FCB3CFF3410254B740ACC6E8A630D64E","3137289","0","checking C:\Users\steve\code\KillerPDF-Corpus\corpus\regression\arxiv-cc-2025-01-08-to-14-final\2501.07533v1.pdf PDF Version: 1.5 File is not encrypted File is not linearized No syntax or stream encoding errors found; the file may still contain errors that qpdf cannot detect"
"regression/arxiv-cc-2025-01-08-to-14-final/2501.07539v1.pdf","A15C2A0E948845AFA634BBD8D3227EDB9C052B92EA824ABA3819C04DD629348F","260531","0","checking C:\Users\steve\code\KillerPDF-Corpus\corpus\regression\arxiv-cc-2025-01-08-to-14-final\2501.07539v1.pdf PDF Version: 1.4 File is not encrypted File is not linearized No syntax or stream encoding errors found; the file may still contain errors that qpdf cannot detect"
"regression/arxiv-cc-2025-01-08-to-14-final/2501.07543v1.pdf","C948D8BB8FA9A927D9F26F7DE4E7F4B29F6817F4919F8EDC1E0A301BF16A8ECF","1628510","0","checking C:\Users\steve\code\KillerPDF-Corpus\corpus\regression\arxiv-cc-2025-01-08-to-14-final\2501.07543v1.pdf PDF Version: 1.5 File is not encrypted File is not linearized No syntax or stream encoding errors found; the file may still contain errors that qpdf cannot detect"
"regression/arxiv-cc-2025-01-08-to-14-final/2501.07546v1.pdf","10DBE4DF116979D144629E8F1656CB6839D4738B3A2FCED10CC7AF5AEB055F8C","8245796","3","checking C:\Users\steve\code\KillerPDF-Corpus\corpus\regression\arxiv-cc-2025-01-08-to-14-final\2501.07546v1.pdf PDF Version: 1.3 File is not encrypted File is not linearized WARNING: C:\Users\steve\code\KillerPDF-Corpus\corpus\regression\arxiv-cc-2025-01-08-to-14-final\2501.07546v1.pdf (object 6 0): object has offset 0 - a common error handled correctly by qpdf and most other applications WARNING: C:\Users\steve\code\KillerPDF-Corpus\corpus\regression\arxiv-cc-2025-01-08-to-14-final\2501.07546v1.pdf (object 12 0): object has offset 0 - a common error handled correctly by qpdf and most other applications WARNING: C:\Users\steve\code\KillerPDF-Corpus\corpus\regression\arxiv-cc-2025-01-08-to-14-final\2501.07546v1.pdf (object 16 0): object has offset 0 - a common error handled correctly by qpdf and most other applications WARNING: C:\Users\steve\code\KillerPDF-Corpus\corpus\regression\arxiv-cc-2025-01-08-to-14-final\2501.07546v1.pdf (object 23 0): object has offset 0 - a common error handled correctly by qpdf and most other applications WARNING: C:\Users\steve\code\KillerPDF-Corpus\corpus\regression\arxiv-cc-2025-01-08-to-14-final\2501.07546v1.pdf (object 31 0): object has offset 0 - a common error handled correctly by qpdf and most other applications WARNING: C:\Users\steve\code\KillerPDF-Corpus\corpus\regression\arxiv-cc-2025-01-08-to-14-final\2501.07546v1.pdf (object 37 0): object has offset 0 - a common error handled correctly by qpdf and most other applications WARNING: C:\Users\steve\code\KillerPDF-Corpus\corpus\regression\arxiv-cc-2025-01-08-to-14-final\2501.07546v1.pdf (object 39 0): object has offset 0 - a common error handled correctly by qpdf and most other applications WARNING: C:\Users\steve\code\KillerPDF-Corpus\corpus\regression\arxiv-cc-2025-01-08-to-14-final\2501.07546v1.pdf (object 74 0): object has offset 0 - a common error handled correctly by qpdf and most other applications WARNING: C:\Users\steve\code\KillerPDF-Corpus\corpus\regression\arxiv-cc-2025-01-08-to-14-final\2501.07546v1.pdf (object 76 0): object has offset 0 - a common error handled correctly by qpdf and most other applications WARNING: C:\Users\steve\code\KillerPDF-Corpus\corpus\regression\arxiv-cc-2025-01-08-to-14-final\2501.07546v1.pdf (object 78 0): object has offset 0 - a common error handled correctly by qpdf and most other applications WARNING: C:\Users\steve\code\KillerPDF-Corpus\corpus\regression\arxiv-cc-2025-01-08-to-14-final\2501.07546v1.pdf (object 107 0): object has offset 0 - a common error handled correctly by qpdf and most other applications qpdf: operation succeeded with warnings"
"regression/arxiv-cc-2025-01-08-to-14-final/2501.07549v1.pdf","9E10507A5AEE3827D5B2987DC82BE49E982C95F9C7A503B350E0436A0C843E45","2843257","0","checking C:\Users\steve\code\KillerPDF-Corpus\corpus\regression\arxiv-cc-2025-01-08-to-14-final\2501.07549v1.pdf PDF Version: 1.5 File is not encrypted File is not linearized No syntax or stream encoding errors found; the file may still contain errors that qpdf cannot detect"
"regression/arxiv-cc-2025-01-08-to-14-final/2501.07551v1.pdf","A07D6A634D2D582032761575F9AD964961C0530A758536C64E98A91A41F135D9","418024","0","checking C:\Users\steve\code\KillerPDF-Corpus\corpus\regression\arxiv-cc-2025-01-08-to-14-final\2501.07551v1.pdf PDF Version: 1.4 File is not encrypted File is not linearized No syntax or stream encoding errors found; the file may still contain errors that qpdf cannot detect"
"regression/arxiv-cc-2025-01-08-to-14-final/2501.07554v1.pdf","5DB699285B5565B5194A1210796C6623FD87D986FB9F9DDA76E732B49799C41A","2661136","0","checking C:\Users\steve\code\KillerPDF-Corpus\corpus\regression\arxiv-cc-2025-01-08-to-14-final\2501.07554v1.pdf PDF Version: 1.5 File is not encrypted File is not linearized No syntax or stream encoding errors found; the file may still contain errors that qpdf cannot detect"
"regression/arxiv-cc-2025-01-08-to-14-final/2501.07556v1.pdf","60111399C31509B6E8EFFDE51D435FDBD1C2DB03B4F1323E0834E4521907E6CA","28441923","0","checking C:\Users\steve\code\KillerPDF-Corpus\corpus\regression\arxiv-cc-2025-01-08-to-14-final\2501.07556v1.pdf PDF Version: 1.5 File is not encrypted File is not linearized No syntax or stream encoding errors found; the file may still contain errors that qpdf cannot detect"
"regression/arxiv-cc-2025-01-08-to-14-final/2501.07558v1.pdf","E7DB922DCD53B2E176B114559CE982CB110E2C0F6FC97BC59E181F5F2DFA907B","552575","0","checking C:\Users\steve\code\KillerPDF-Corpus\corpus\regression\arxiv-cc-2025-01-08-to-14-final\2501.07558v1.pdf PDF Version: 1.5 File is not encrypted File is not linearized No syntax or stream encoding errors found; the file may still contain errors that qpdf cannot detect"
"regression/arxiv-cc-2025-01-08-to-14-final/2501.07569v1.pdf","15AEE06FE9A64D163497272607967912C99A9A4A36A79847804288278D8D775F","3816064","0","checking C:\Users\steve\code\KillerPDF-Corpus\corpus\regression\arxiv-cc-2025-01-08-to-14-final\2501.07569v1.pdf PDF Version: 1.5 File is not encrypted File is not linearized No syntax or stream encoding errors found; the file may still contain errors that qpdf cannot detect"
"regression/arxiv-cc-2025-01-08-to-14-final/2501.07570v1.pdf","9C0DAB4D44A72C2FFF8270882D821D93B4B757967BCCD0E4E9B6EF3985F17555","228278","0","checking C:\Users\steve\code\KillerPDF-Corpus\corpus\regression\arxiv-cc-2025-01-08-to-14-final\2501.07570v1.pdf PDF Version: 1.7 File is not encrypted File is not linearized No syntax or stream encoding errors found; the file may still contain errors that qpdf cannot detect"
"regression/arxiv-cc-2025-01-08-to-14-final/2501.07574v1.pdf","1DD547EBF1912D27665CDABA7E12732D775049CE3D89DB253D6934615803F564","31384115","0","checking C:\Users\steve\code\KillerPDF-Corpus\corpus\regression\arxiv-cc-2025-01-08-to-14-final\2501.07574v1.pdf PDF Version: 1.5 File is not encrypted File is not linearized No syntax or stream encoding errors found; the file may still contain errors that qpdf cannot detect"
