"File","QpdfExitCode","SHA256","Bytes","Source"
"regression\pdfbox\examples\src\main\resources\org\apache\pdfbox\examples\interactive\form\FillFormField.pdf","0","1FE658A3068F516D4B47A70D6768141B954A4BCAB1387674C54E6DD4F0B98732","7771","pdfbox"
"regression\pdfbox\examples\src\main\resources\org\apache\pdfbox\examples\rendering\custom-render-demo.pdf","0","642D8B759EAFF6913A1DC66256F42A0C9C311E01A615ABB0C98FDA2B3BC7E58F","34062","pdfbox"
"regression\pdfbox\examples\src\test\resources\org\apache\pdfbox\examples\pdmodel\document.pdf","0","A31F3B5FC79E6AE2703F9D2817AF088F29AEF4937E370B173512D820A9972C35","1042","pdfbox"
"regression\pdfbox\examples\src\test\resources\org\apache\pdfbox\examples\signature\sign_me_protected.pdf","2","AD92D356CD45E43A764FD3A92496DBF4471E0EF1CCA3E5277F9B586B340EECBD","10537","pdfbox"
"regression\pdfbox\examples\src\test\resources\org\apache\pdfbox\examples\signature\sign_me_tsa.pdf","0","012535A2D9684F8636C77B5C3865E7AFD7DCD712D698E74E2E7D830A28CBCB1F","18465","pdfbox"
"regression\pdfbox\examples\src\test\resources\org\apache\pdfbox\examples\signature\sign_me_visible.pdf","0","11A64345AFB282EDE9CFB0A4BCB12B3A9B9D41171CB50B26F7B562A5F7655630","18941","pdfbox"
"regression\pdfbox\examples\src\test\resources\org\apache\pdfbox\examples\signature\sign_me.pdf","0","FAB877985A860606E06E7AF7E15DDAB4CED89E0C90B705EDADA964E34DC9B472","18159","pdfbox"
"regression\pdfbox\pdfbox\src\test\resources\input\cweb.pdf","3","CDC74CC6DB82DAE5F68AE30A32AC154A6B35EB698F08749F3C6D5A2C2A0A2680","272008","pdfbox"
"regression\pdfbox\pdfbox\src\test\resources\input\data-000001.pdf","0","D86E452E26A91F5DCED4B903EEFCDAA1BB3C0ACC0BB19AFCD45E526074E197A7","3072","pdfbox"
"regression\pdfbox\pdfbox\src\test\resources\input\eu-001.pdf","0","EF7A64967276181A563E781BAB46EA52DD376155AD2287C4E1303781203F91D8","68143","pdfbox"
"regression\pdfbox\pdfbox\src\test\resources\input\FC60_Times.pdf","3","1616A1FC70FB70812F9865E4E6648736B218AB0D44775380ADAF668E4300CC0D","25815","pdfbox"
"regression\pdfbox\pdfbox\src\test\resources\input\hello3.pdf","3","2B4AA9B63F3EED9A5E544B10BC677FCF70E1BAAA62651E786A9D22D5DEC860B2","30269","pdfbox"
"regression\pdfbox\pdfbox\src\test\resources\input\Liste732004001452_001_0.pdf_0_.pdf","0","467C9B4BD29E155CD80447C36BFEBA95EE39BC105781C28D1E05019026B14064","8056","pdfbox"
"regression\pdfbox\pdfbox\src\test\resources\input\openoffice-test-document.pdf","0","93256E712348392F3841A51D6E6E16774DCF5E2405073EBC55C64B64AC606446","12418","pdfbox"
"regression\pdfbox\pdfbox\src\test\resources\input\PDFBOX-2984-rotations.pdf","0","7D8A182B2D8EF95D75BB610159289959BEE9C26746413D0C01B10BB65F27CCE7","3244","pdfbox"
"regression\pdfbox\pdfbox\src\test\resources\input\PDFBOX-3025.pdf","0","602816BD821DB5116BA9FD59D8C81A7D63058F6D21A302E190E19C0EDDF76B15","42418","pdfbox"
"regression\pdfbox\pdfbox\src\test\resources\input\PDFBOX-3038-001033-p2.pdf","0","F4489ABFD221FEA0520E00FA9E769E1844C875F67AA130C0243ACF6F1E4379E9","56750","pdfbox"
"regression\pdfbox\pdfbox\src\test\resources\input\PDFBOX-3042-003177-p2.pdf","0","4DB9F5E127325B375689ED8336FA71FA61B2D3068A796FBDF1AE78EE396E1576","394897","pdfbox"
"regression\pdfbox\pdfbox\src\test\resources\input\PDFBOX-3044-010197-p5-ligatures.pdf","0","79F6D8BF755E3D39409F50B62B7DE3B0E3592BA2B6904FD60E06E340554CC7B5","24624","pdfbox"
"regression\pdfbox\pdfbox\src\test\resources\input\PDFBOX-3053-reduced.pdf","0","DE02FE12323BB7B8CDCF375715C91ECD72628483F9BEF75AEDE850EFA8FF110E","50134","pdfbox"
"regression\pdfbox\pdfbox\src\test\resources\input\PDFBOX-3061-092465-reduced.pdf","0","7FDD5D70EFC39AB4D34A6931B30448A4F716BDE5DC9FF22CA95343E7B4479234","23266","pdfbox"
"regression\pdfbox\pdfbox\src\test\resources\input\PDFBOX-3062-002207-p1.pdf","0","BE6ADC030BEF968741CCC825ED59D0AEF65462F86F19FD7B535DD89E6137AA97","52066","pdfbox"
"regression\pdfbox\pdfbox\src\test\resources\input\PDFBOX-3062-005717-p1.pdf","0","F0BD011B78841DB29376F648E455663600AAB1685C196251F293F995162DAE08","11976","pdfbox"
"regression\pdfbox\pdfbox\src\test\resources\input\PDFBOX-3062-N2MOQ7YZICIYGTPLQJAWJ4HLN6CCEMHZ-reduced.pdf","0","6E1A635A085FECE06F85025E3BB9DFB5AA1B4E1415F3D2D09AD361CBC531B95B","111124","pdfbox"
"regression\pdfbox\pdfbox\src\test\resources\input\PDFBOX-3067-negativeTf.pdf","3","2D4ADB040C964C00B2DC3F36F2BB04645B68AA9DB9F96783F710364B8D86B191","2459","pdfbox"
"regression\pdfbox\pdfbox\src\test\resources\input\PDFBOX-3110-poems-beads-cropbox.pdf","0","BC24610183079923DCB7A292167B7EED96AECF3C6A8A91BD254A526B553EDE50","44500","pdfbox"
"regression\pdfbox\pdfbox\src\test\resources\input\PDFBOX-3110-poems-beads.pdf","0","9D715CE4E964F6CCBF50E1D1C42CA5F01425A079A5C39A9581C876C56AFCA1B3","45598","pdfbox"
"regression\pdfbox\pdfbox\src\test\resources\input\PDFBOX-3123-ADSFWTRB3HBZBZKEVESVTBRZC2MNKZF5_reduced.pdf","0","8524EEEDBD348B98BAABAAE5D0233C9E91474B3C8CBD19611907041A88C34D56","13363","pdfbox"
"regression\pdfbox\pdfbox\src\test\resources\input\PDFBOX-3127-RAU4G6QMOVRYBISJU7R6MOVZCRFUO7P4-VFont.pdf","3","E915930E95FEF0727ACC1EA2C674640D39BA2F820F4487E59F0CEB96A986762D","80944","pdfbox"
"regression\pdfbox\pdfbox\src\test\resources\input\PDFBOX-3195.pdf","0","7AAEDC9BCF71D8B726C986DB3CB4CC22F6D7EC90FE19A61ECBD2574E251FEB85","1463","pdfbox"
"regression\pdfbox\pdfbox\src\test\resources\input\PDFBOX-3498-Y5TLCWTIAE3FYDVJTV2TXRZGXLEDUNSW.pdf","3","44C23B08F4DA2DB659AB4F98EA098F0FC2B9F9BB532624E99D4EFEBAE7AB4685","44136","pdfbox"
"regression\pdfbox\pdfbox\src\test\resources\input\PDFBOX-3833-reduced.pdf","0","69EEB7845A36925556EC8C67847864752E4421BFCB4D810B415F4F716D0CE0BD","101823","pdfbox"
"regression\pdfbox\pdfbox\src\test\resources\input\PDFBOX-4322-Empty-ToUnicode-reduced.pdf","0","C3B4A465B7664677F13AA3079EF4E5223EAC9A1CF82719A863D07034388D2798","21387","pdfbox"
"regression\pdfbox\pdfbox\src\test\resources\input\PDFBOX-4531-bidi-ligature-1.pdf","3","05449B36C6B147652EF3C0B5404AE84B9D8C4352A43F96EC27CEF8714F99B13F","5622","pdfbox"
"regression\pdfbox\pdfbox\src\test\resources\input\PDFBOX-4531-bidi-ligature-2.pdf","0","CF4D80AC8466D07678DE7651D63FDA747A34B600C57FB4A8EB8FAF9D612465AE","40256","pdfbox"
"regression\pdfbox\pdfbox\src\test\resources\input\PDFBOX-4532-reduced.pdf","3","600A823076CCFDF20CC4FBE128797DE58728DAC80D5B088DF5A066106325FA91","86730","pdfbox"
"regression\pdfbox\pdfbox\src\test\resources\input\PDFBOX-5002.pdf","0","401586241A33742D6C562AC18859D4FB3F7D078C828C2ECA9DB3D3A8DFF5FCB1","941","pdfbox"
"regression\pdfbox\pdfbox\src\test\resources\input\PDFBOX-5350-JX57O5E5YG6XM4FZABPULQGTW4OXPCWA-p1-reduced.pdf","3","AD13A85449C62B7665D552E3702BE867DE213EFB0DEFD8742A1D5A3D748FBFC9","48143","pdfbox"
"regression\pdfbox\pdfbox\src\test\resources\input\PDFBOX-5747-unicode-surrogate-with-diacritic-reduced.pdf","3","4E822BA5255923364BAF5FDC14141A6CB6B860A5F4F86261043E7E08C7FCE382","2019","pdfbox"
"regression\pdfbox\pdfbox\src\test\resources\input\PDFBOX-5838-0024320-reduced.pdf","3","2C0D8CCCC130E50582BAC9DD7786FC068D8E25A271DEBC341F5E724FC601D042","80769","pdfbox"
"regression\pdfbox\pdfbox\src\test\resources\input\PDFBOX-5920-4MQTG6ZXOYSMTQ444KGQOVC6ZFQHWFNY-spaces-reduced.pdf","3","5D817C599E1D0E12D2568B75598D34DF4A376A694465F14E94BBD73304754D47","5821","pdfbox"
"regression\pdfbox\pdfbox\src\test\resources\input\PDFBOX-5920-Y5U2XZCKG2U6TO3FC36NCGOZECHQA2PY-p39-reduced.pdf","3","890533587524FFC1A591214690E725326420E5C4714A81B28F11597AC3D307E1","12597","pdfbox"
"regression\pdfbox\pdfbox\src\test\resources\input\sample_fonts_solidconvertor.pdf","0","7400EC41F4274975FC4AE2D3EEA076A2910491A74C97A7C2DFA653A84EAC9C0A","57107","pdfbox"
"regression\pdfbox\pdfbox\src\test\resources\input\sampleForSpec.pdf","3","BEF74B4A96B426B56A87E7646D6E7B4E03E20793226DF95AF40D31EC68DFA8EC","9364","pdfbox"
"regression\pdfbox\pdfbox\src\test\resources\input\simple-openoffice.pdf","0","85E84837601E3C21899BD4B89237FB83771179C69BE4565F3F0D7248BD76C74B","15023","pdfbox"
"regression\pdfbox\pdfbox\src\test\resources\input\yaddatest.pdf","3","FB3C58F73069B6F449C0C2033FF0429F4B2FBAE087479EB2D11F9A554A975B34","4631","pdfbox"
"regression\pdfbox\pdfbox\src\test\resources\input\compression\acroform.pdf","0","C823EC6E6E852F569C3358C26E823E5FCD55ED1705891CE409D2EC703E8862C9","64609","pdfbox"
"regression\pdfbox\pdfbox\src\test\resources\input\compression\attachment.pdf","3","8F22A77CBA7532516A486FEA9E5E73CB834461D8A9BB1A4DC98185A825DDBE4A","79414","pdfbox"
"regression\pdfbox\pdfbox\src\test\resources\input\compression\unencrypted.pdf","3","A0FB09BAE86C0E93B80309F4F86B1A9262BD5210ECA3C0BDAD0EF52094624FA8","71020","pdfbox"
"regression\pdfbox\pdfbox\src\test\resources\input\merge\jpegrgb.pdf","0","E4777C29EC90646D4E3C98F260926050BADBA2D19DC26F9CFF565E47927F2565","41204","pdfbox"
"regression\pdfbox\pdfbox\src\test\resources\input\merge\multitiff.pdf","0","C1B465746F17204420348015845C8979C6BDBDAAF07616D122AB6FFEC00EAF15","2928","pdfbox"
"regression\pdfbox\pdfbox\src\test\resources\input\merge\PDFA3A.pdf","0","F0D3B0E32007D4B385B8D31BD759CE0B3EC8A465D48DC7471B99FAF5D8BD3B57","49917","pdfbox"
"regression\pdfbox\pdfbox\src\test\resources\input\merge\PDFBOX-4417-001031.pdf","0","068BD51D5C74AD032D97A0CCF7964A92C48E19C3B51A87929F35C11018322AD6","53333","pdfbox"
"regression\pdfbox\pdfbox\src\test\resources\input\merge\PDFBOX-4417-054080.pdf","3","97664B7EE67FBD45E7CB660F5CD5DC9FF033F84BA6352C89499AD2BDB272BCB2","48925","pdfbox"
"regression\pdfbox\pdfbox\src\test\resources\input\merge\PDFBOX-5762-722238.pdf","3","3B92A366939B3BCC0193C16E5F4D33C6AD3CB89417129A6D37A7D40E9AA8CB28","35644","pdfbox"
"regression\pdfbox\pdfbox\src\test\resources\input\merge\PDFBOX-5792-240045.pdf","3","AA34C5EBC43B47240901F651F20B28601A586E1C560D0297FC2313154AE8A349","44295","pdfbox"
"regression\pdfbox\pdfbox\src\test\resources\input\merge\PDFBOX-5809-509329.pdf","3","4416DD00C8EBD9ABCE47C7465F8EFBBA4A7B289D2A097F09990B95AF0409102F","43516","pdfbox"
"regression\pdfbox\pdfbox\src\test\resources\input\merge\PDFBOX-5811-362972.pdf","0","FD7BBD087F837FF27A95CA5677878BA994E977B7FEA71CD9B60811C2FD1ED30A","44338","pdfbox"
"regression\pdfbox\pdfbox\src\test\resources\input\merge\PDFBOX-5840-410609.pdf","0","BB9A93EBE8E376D060FB58979E44B30C0CCC7745C234002E90BD90FCBDFF043F","33084","pdfbox"
"regression\pdfbox\pdfbox\src\test\resources\input\merge\PDFBOX-6018-099267-p9-OrphanPopups.pdf","3","23E46A392C57A0A41C5E2E3224C9198A024F53AEBA0C71178AEEEDE297A1F238","2116","pdfbox"
"regression\pdfbox\pdfbox\src\test\resources\input\merge\PDFBox.GlobalResourceMergeTest.Doc01.decoded.pdf","0","3556721BC9A72F9D30D0871C6C2FF79939C44DA2EE3B3BA1949D4B2ED437B4CF","14336","pdfbox"
"regression\pdfbox\pdfbox\src\test\resources\input\merge\PDFBox.GlobalResourceMergeTest.Doc01.pdf","0","D0D18ECCAEC3AE737CC212F33B145F5F76BA86210DD3C75783B5336079100B7E","9511","pdfbox"
"regression\pdfbox\pdfbox\src\test\resources\input\merge\PDFBox.GlobalResourceMergeTest.Doc02.decoded.pdf","0","D6945A63CE32B5022DA7605F1E1DA1BF4FD6C50132E8100870ECF9C6DE1C3842","14336","pdfbox"
"regression\pdfbox\pdfbox\src\test\resources\input\merge\PDFBox.GlobalResourceMergeTest.Doc02.pdf","0","7D6338AE0F4A59A020E2135BA6FB5E0474F63E8816F8A2A66068B220F245E5B9","9511","pdfbox"
"regression\pdfbox\pdfbox\src\test\resources\input\rendering\4PP-Highlighting.pdf","0","38C5ADD7F2AB569D67BCE57191686D27FF3CD67F694CEBAD753121B0D22AF7E9","2497","pdfbox"
"regression\pdfbox\pdfbox\src\test\resources\input\rendering\PDFBOX-4372-2DAYCLVOFG3FTVO4RMAJJL3VTPNYDFRO-p4_reduced.pdf","0","2E899E8B5C11EEE4EA5C25B523515C635D11D7E4EF4BFC971224BE62BE1834C7","912","pdfbox"
"regression\pdfbox\pdfbox\src\test\resources\input\rendering\source.pdf","3","E9FF9892F32CB90E691A99AAF4302568C31CD9E2B3110D33F6F4656678B385C7","231741","pdfbox"
"regression\pdfbox\pdfbox\src\test\resources\input\rendering\survey.pdf","0","2E8B87EA72DE7DD54176354706A5D7FF9E64A12624E603FFAC64AA55743BF581","127295","pdfbox"
"regression\pdfbox\pdfbox\src\test\resources\input\rendering\test-landscape2.pdf","3","1C37C29237D4BA247ACBE155F7A1957FFE55B0E2795D25FE0A7C2E4F9158669D","10381","pdfbox"
"regression\pdfbox\pdfbox\src\test\resources\input\rendering\tiger-as-form-xobject.pdf","0","AB356726B3D0BC0E48D0312A4369AA45D21E68D8DB2AC2F61F71D99D52EEC68F","50798","pdfbox"
"regression\pdfbox\pdfbox\src\test\resources\org\apache\pdfbox\encryption\Acroform-PDFBOX-2333.pdf","0","88DD0F53B5E9D0596ABA4853BCE26A11D25790FC7F25A20462C4908E9E68BD99","982290","pdfbox"
"regression\pdfbox\pdfbox\src\test\resources\org\apache\pdfbox\encryption\AES128ExposedMeta.pdf","2","998E95A72DB2AE5C89DCEC07BE00530CC4AD75DF1AE82E27357F8CE735BE690F","18885","pdfbox"
"regression\pdfbox\pdfbox\src\test\resources\org\apache\pdfbox\encryption\AES256ExposedMeta.pdf","2","C8DBDFB034D7DEB98F2D2B05D63228DB1336A26BFE7C74ECD1E60400CAE1EE21","26953","pdfbox"
"regression\pdfbox\pdfbox\src\test\resources\org\apache\pdfbox\encryption\AESkeylength128.pdf","2","4C9633E68C8A6ECE14BC79AE997D44B24868D38D2BEEA182314807B51D925B7B","11591","pdfbox"
"regression\pdfbox\pdfbox\src\test\resources\org\apache\pdfbox\encryption\AESkeylength256.pdf","2","A6701F87B613013D960C740EFE52CA7FB2AE61E52A109B0BBAEE4AFFFFE26D72","11180","pdfbox"
"regression\pdfbox\pdfbox\src\test\resources\org\apache\pdfbox\encryption\PasswordSample-128bit.pdf","2","1919480ABA35617D69A1F9E1DCE30BBE6864B3906D5C136FD7A8837826F9F750","8377","pdfbox"
"regression\pdfbox\pdfbox\src\test\resources\org\apache\pdfbox\encryption\PasswordSample-256bit.pdf","2","A2F0661092483478686D92891905D9E715C9783B45ECF26376D7119FE5AB4747","7664","pdfbox"
"regression\pdfbox\pdfbox\src\test\resources\org\apache\pdfbox\encryption\PasswordSample-40bit.pdf","2","7DAC5439BED47D4630866F2ACB75FD22386069649C2DCB88236C2ED5F020B05B","8374","pdfbox"
"regression\pdfbox\pdfbox\src\test\resources\org\apache\pdfbox\encryption\preEnc_20141025_105451.pdf","0","3D756CC7B12B54955288646D846202C5E09038C8E5A32FC49C65A316A937F209","41305","pdfbox"
"regression\pdfbox\pdfbox\src\test\resources\org\apache\pdfbox\multipdf\AcrobatMerge-DifferentExportValues-WasMaster.pdf","3","F509E1C4B34FACEAF74C8211609E55931FBB8433001FB7A6DAFE437367EABB75","36294","pdfbox"
"regression\pdfbox\pdfbox\src\test\resources\org\apache\pdfbox\multipdf\AcrobatMerge-DifferentExportValues.pdf","3","4514FBFCA06C1E72CDAD411B13E09AF97155299FB548FD26D5CD6752F6517CC9","36266","pdfbox"
"regression\pdfbox\pdfbox\src\test\resources\org\apache\pdfbox\multipdf\AcrobatMerge-DifferentFieldType-WasMaster.pdf","3","90C348CDEE4FA8B6D47F7028684110E5A4040090F6413DD7CC34689B3619A48C","35564","pdfbox"
"regression\pdfbox\pdfbox\src\test\resources\org\apache\pdfbox\multipdf\AcrobatMerge-DifferentFieldType.pdf","3","DBB318FE32D3C76CAB2728B6148B3F53F04C38927E7EDD876B1D7CD24DE081E6","35897","pdfbox"
"regression\pdfbox\pdfbox\src\test\resources\org\apache\pdfbox\multipdf\AcrobatMerge-DifferentOptions-WasMaster.pdf","3","79982C7D1A393BF0F665C2DA7C1EEF787FBC754EF50D2AC9A19C98058759E9F0","36252","pdfbox"
"regression\pdfbox\pdfbox\src\test\resources\org\apache\pdfbox\multipdf\AcrobatMerge-DifferentOptions.pdf","3","FC339F65BA9E05A75C1D92CC2F626242FCE305EA5864F5607C2DFB6702E7D306","36255","pdfbox"
"regression\pdfbox\pdfbox\src\test\resources\org\apache\pdfbox\multipdf\AcrobatMerge-SameMerged.pdf","3","B210E7B515C1C5328A9F9F579BFEE3675E376A93312678C2F7FD8FCC589015A8","36175","pdfbox"
"regression\pdfbox\pdfbox\src\test\resources\org\apache\pdfbox\multipdf\AcrobatMerge-SameNameNode.pdf","3","4F74F5C6BF5316EAF12F19DDE07C44E697B09FDB2AB585C5973E9A0A30BCDA3E","30122","pdfbox"
"regression\pdfbox\pdfbox\src\test\resources\org\apache\pdfbox\multipdf\AcrobatMerge-TextFieldsOnly-SameMerged.pdf","3","B97A95DFD011BFBCD40C191C3675CC7AFBB898A4597E86F0FD0F4F06ADD27900","8569","pdfbox"
"regression\pdfbox\pdfbox\src\test\resources\org\apache\pdfbox\multipdf\AcroFormForMerge-DifferentExportValues.pdf","3","9D67BE58355CA32C654BED3222AB3536202AC614C1840B7491E4B63F34BD591B","18590","pdfbox"
"regression\pdfbox\pdfbox\src\test\resources\org\apache\pdfbox\multipdf\AcroFormForMerge-DifferentFieldType.pdf","3","EF4F20B9D117E9325176166191DE589F4A093F1F4F70388AFF7A4F1BBDD67AF1","18222","pdfbox"
"regression\pdfbox\pdfbox\src\test\resources\org\apache\pdfbox\multipdf\AcroFormForMerge-DifferentOptions.pdf","3","6EC4E615924607CB2D4F3754676503B022E34E8D877693FC0762B9E0934AE1CA","18580","pdfbox"
"regression\pdfbox\pdfbox\src\test\resources\org\apache\pdfbox\multipdf\AcroFormForMerge-SameNameNode.pdf","3","F9E225D75A84F461F36C1960B09309BFD6AF3461916FC59438F4C1FD752A472C","12559","pdfbox"
"regression\pdfbox\pdfbox\src\test\resources\org\apache\pdfbox\multipdf\AcroFormForMerge-TextFieldsOnly.pdf","0","A2F4284754834436512FB35848F4FC1DF55BB5E0AC3CE2E07D54FE8DD1137ABC","5705","pdfbox"
"regression\pdfbox\pdfbox\src\test\resources\org\apache\pdfbox\multipdf\AcroFormForMerge.pdf","3","6955D409CD7A78FD74F00123FF3EF70968977C30E914AAA7A65DDB39A2E32E02","18543","pdfbox"
"regression\pdfbox\pdfbox\src\test\resources\org\apache\pdfbox\multipdf\Overlayed-with-rot0.pdf","0","36EB6E079ED4FC673123792140DD5A432964CC9760AC33F46CD802D8A4DF2D2C","1650","pdfbox"
"regression\pdfbox\pdfbox\src\test\resources\org\apache\pdfbox\multipdf\Overlayed-with-rot180.pdf","0","1FAB49ACE0A7EABFAF04BC73B951B18B38C7D4AC83F2B603F7EFC28A48B3412E","1660","pdfbox"
"regression\pdfbox\pdfbox\src\test\resources\org\apache\pdfbox\multipdf\Overlayed-with-rot270.pdf","0","834C08650473596BAEA6E08A86B134297FBB8F4DEBC58955A1C9C7F87190B386","1664","pdfbox"
"regression\pdfbox\pdfbox\src\test\resources\org\apache\pdfbox\multipdf\Overlayed-with-rot90.pdf","0","90D5D885C6FE8C8575191F3A00634EFE7C5D75AF1076AF9EA2A0648E2A2759DB","1657","pdfbox"
"regression\pdfbox\pdfbox\src\test\resources\org\apache\pdfbox\multipdf\OverlayTestBaseRot0.pdf","0","1352E5BC31D2841FB2A2322630DC28C3ADD136219207E98A3826D11C6E390693","936","pdfbox"
"regression\pdfbox\pdfbox\src\test\resources\org\apache\pdfbox\multipdf\PDFBOX-6049-ExpectedResult.pdf","3","20B0AFC02A1BC521B2E01B070DE8C22541BF10067ABAB519044A4B66F7AEAECE","5485","pdfbox"
"regression\pdfbox\pdfbox\src\test\resources\org\apache\pdfbox\multipdf\PDFBOX-6049-Overlay.pdf","3","BEC3C0A89FA8B63FF7632972F07C1B70A9A19EE2A84357F233834733F3E5974E","957","pdfbox"
"regression\pdfbox\pdfbox\src\test\resources\org\apache\pdfbox\multipdf\PDFBOX-6049-Source.pdf","3","57A3EFD42CA8511CF041560F9704D941F6B803F3BC681E6FB0A0A9BA51EA2EF9","2017","pdfbox"
"regression\pdfbox\pdfbox\src\test\resources\org\apache\pdfbox\multipdf\PDFBoxLegacyMerge-SameMerged.pdf","0","6359FC2E8F04070207C30BA997057E051B3A1BF48F5752B17C633222E8F8CDFA","46334","pdfbox"
"regression\pdfbox\pdfbox\src\test\resources\org\apache\pdfbox\multipdf\rot0.pdf","0","3F2F178382217411CC2FC5A57A48F847571DC605A5ED1338D4913CC0A3608EB6","888","pdfbox"
"regression\pdfbox\pdfbox\src\test\resources\org\apache\pdfbox\multipdf\rot180.pdf","0","A47CA93EB54266E43453F8A65074CBDFFE47DC4AB2CD31CCCBAAEAF20B170E9A","896","pdfbox"
"regression\pdfbox\pdfbox\src\test\resources\org\apache\pdfbox\multipdf\rot270.pdf","0","89B65BF93678A5E1919346880419A059F1D00280649982DBC897E4526B4A1190","898","pdfbox"
"regression\pdfbox\pdfbox\src\test\resources\org\apache\pdfbox\multipdf\rot90.pdf","0","94F01AB02CBDD4F1D7B3D3D7B4D143A0A1EBAFC06BD54BCDD7D2E2891A8BF9C6","892","pdfbox"
"regression\pdfbox\pdfbox\src\test\resources\org\apache\pdfbox\pdfparser\embedded_zip.pdf","3","B69B9B76E2C1CBA2A203DFB875A7BAA0A5C4A09B22A58CBC374EE3FACFEC308F","19068","pdfbox"
"regression\pdfbox\pdfbox\src\test\resources\org\apache\pdfbox\pdfparser\MissingCatalog.pdf","3","3D1F9323973B220031AB84B1451D53171DCE7365C65DCBC40B535600DE3D7323","433","pdfbox"
"regression\pdfbox\pdfbox\src\test\resources\org\apache\pdfbox\pdfparser\PDFBOX-6041-example.pdf","2","070D35DB701F6CCB5ED5E15DE2048FE4AD6F4F97CCC7BDFD8687AF362377B6AB","21420","pdfbox"
"regression\pdfbox\pdfbox\src\test\resources\org\apache\pdfbox\pdfparser\SimpleForm2Fields.pdf","3","35E5CC7123F18932773F589DEC56BDEA2BF3980B6DE161AF696E6C14BBDB74A2","1123","pdfbox"
"regression\pdfbox\pdfbox\src\test\resources\org\apache\pdfbox\pdmodel\badpagelabels.pdf","3","C47DD35C5FA10C127AC003056BE912F434689CD42ADC183890F43E8F30AA7E19","994","pdfbox"
"regression\pdfbox\pdfbox\src\test\resources\org\apache\pdfbox\pdmodel\page_tree_multiple_levels.pdf","0","31A348553C6A9F1BC072B7C4191B08B745F1DA27CDF9D9B7CF84848C09614EF9","2346","pdfbox"
"regression\pdfbox\pdfbox\src\test\resources\org\apache\pdfbox\pdmodel\PDFBOX-3068.pdf","3","FD453B3498E0E782AA88DFB7E5CD034625441577B2BD80B3B0D80316B9B185D4","849","pdfbox"
"regression\pdfbox\pdfbox\src\test\resources\org\apache\pdfbox\pdmodel\PDFBOX-6040-nodeloop.pdf","2","0D9BF0967F86669641DC686B2DEF33F13A7EFE2735E84FD632A46D5244CD93FE","435","pdfbox"
"regression\pdfbox\pdfbox\src\test\resources\org\apache\pdfbox\pdmodel\test_pagelabels.pdf","0","2B51D7EDD5FEF7569B0BB611DA78AF31EA820BC2A243E05D59C53A3A2E8F31D5","289703","pdfbox"
"regression\pdfbox\pdfbox\src\test\resources\org\apache\pdfbox\pdmodel\test.unc.pdf","0","7D452D667B62EE0C1D12E6E5BA71145A87C78F3EA0E755D3D3AD8A9D5C513CCF","110437","pdfbox"
"regression\pdfbox\pdfbox\src\test\resources\org\apache\pdfbox\pdmodel\with_outline.pdf","0","131E3A51C7E3215F4AC8BCABD570DBB308185F74DBD7F8F9920394F600211AEA","20066","pdfbox"
"regression\pdfbox\pdfbox\src\test\resources\org\apache\pdfbox\pdmodel\common\null_PDComplexFileSpecification.pdf","3","61A4CB5AB9379544D83AFB9BCC677C8D0A8B2677CEFC16324D15F58768D729D2","19088","pdfbox"
"regression\pdfbox\pdfbox\src\test\resources\org\apache\pdfbox\pdmodel\common\testPDF_multiFormatEmbFiles.pdf","0","5A72046DEFAC7B5718DD499BCCE6911C712878E0FCD3263477F8D893AEA30D03","2662","pdfbox"
"regression\pdfbox\pdfbox\src\test\resources\org\apache\pdfbox\pdmodel\documentinterchange\logicalstructure\PDFBOX-2725-878725.pdf","3","2391439547BD98BAD35A7F5574F88BF80B9043AC60ABDF825D20B2F069328853","21917","pdfbox"
"regression\pdfbox\pdfbox\src\test\resources\org\apache\pdfbox\pdmodel\font\F001u_3_7j.pdf","3","9583121474088EC9C4AF2108B5636ECAE2EE07CDF7B790E94C08DBD0FA733483","44088","pdfbox"
"regression\pdfbox\pdfbox\src\test\resources\org\apache\pdfbox\pdmodel\interactive\annotation\Annotations.pdf","0","44750527E51022CA06C7E9FAC0AF4CF90F1CB341B6511544409B0A2F5EB2FA12","222690","pdfbox"
"regression\pdfbox\pdfbox\src\test\resources\org\apache\pdfbox\pdmodel\interactive\annotation\AnnotationTypes.pdf","3","D40141C738526AF78389649A1391B7DC46DE4CBE1E9BA571AFD063A39FE19A07","17547","pdfbox"
"regression\pdfbox\pdfbox\src\test\resources\org\apache\pdfbox\pdmodel\interactive\annotation\PDFBOX-5797-SO79271803.pdf","0","07A3061D6FB0DEDC5ADB98799E76D296CB1363ADBD2712559557D6DFBEE09A06","2067","pdfbox"
"regression\pdfbox\pdfbox\src\test\resources\org\apache\pdfbox\pdmodel\interactive\annotation\PDSquareAnnotationTest.pdf","3","9820B89B730B298F02B9E583F15CC7E46AB1130AB236CB63B69867B03D2B4FFE","952","pdfbox"
"regression\pdfbox\pdfbox\src\test\resources\org\apache\pdfbox\pdmodel\interactive\form\AcroFormsBasicFields.pdf","0","73D05CFD3A3C30EE919F0CC112F331FF874F4A4DEC8BA9792877C81C312B226D","170599","pdfbox"
"regression\pdfbox\pdfbox\src\test\resources\org\apache\pdfbox\pdmodel\interactive\form\AcroFormsRotation.pdf","3","43E770CB78CFC976B3B951F7ACD068CC8E7DC5260B728D9A22745CC45DD7B01F","42637","pdfbox"
"regression\pdfbox\pdfbox\src\test\resources\org\apache\pdfbox\pdmodel\interactive\form\AlignmentTests.pdf","0","DFF038299EED2F3EFB78B68475F23C3781CB9A25BE83025292F2506F680756C5","959227","pdfbox"
"regression\pdfbox\pdfbox\src\test\resources\org\apache\pdfbox\pdmodel\interactive\form\CombTest.pdf","3","69781A604BB5302AB67B21475FDE0A9D3B408A146E2BBF34EABDE4F14ED1C209","7498","pdfbox"
"regression\pdfbox\pdfbox\src\test\resources\org\apache\pdfbox\pdmodel\interactive\form\ControlCharacters.pdf","3","539BB9383B16734B6EF9FDD84B2AB9CA7048DC0CA5A5EE786E7E482F5CE64D65","43916","pdfbox"
"regression\pdfbox\pdfbox\src\test\resources\org\apache\pdfbox\pdmodel\interactive\form\DifferentDALevels.pdf","0","832619C770897373C8537FDD1230143F9669EC0B53C12204B45BC2B3D6BABF81","9021","pdfbox"
"regression\pdfbox\pdfbox\src\test\resources\org\apache\pdfbox\pdmodel\interactive\form\MultilineFields.pdf","0","683AF3F0D82EB9AC46E9F9FC72068B720615B944B5355C8CB5D32E879D466E08","978227","pdfbox"
"regression\pdfbox\pdfbox\src\test\resources\org\apache\pdfbox\pdmodel\interactive\form\PDFBOX-3656-SF1199AEG (Complete).pdf","0","61D5DD9542B40B7DCFF2E23F217E12D7C930CA2FB7A62CFDD4177711F5B47567","79004","pdfbox"
"regression\pdfbox\pdfbox\src\test\resources\org\apache\pdfbox\pdmodel\interactive\form\PDFBOX-3835-input-acrobat-wrap.pdf","3","5F785BD06DD3E1453E7EF52F30F42A4B0FAF59F0EA537261C047BF958C2F08EB","9924","pdfbox"
"regression\pdfbox\pdfbox\src\test\resources\org\apache\pdfbox\pdmodel\interactive\form\PDFBOX-4958.pdf","0","B74F4872F9980A78B7FDD7487F369B4D58478450907A524BC6F33917F1639DA1","78784","pdfbox"
"regression\pdfbox\pdfbox\src\test\resources\org\apache\pdfbox\pdmodel\interactive\form\PDFBOX-5784.pdf","3","06904A2BD5A2733152F9F5540DE3D843F02552F8A611E7862C6B33CB192992DB","1040970","pdfbox"
"regression\pdfbox\pdfbox\src\test\resources\org\apache\pdfbox\pdmodel\interactive\form\PDFBOX3812-acrobat-multiline-auto.pdf","0","9163EAA4127D61BE26E67E16C38BAD7A712D7BFC32404348ED23BA92CCFC0AC5","29737","pdfbox"
"regression\pdfbox\pdfbox\src\test\resources\org\apache\pdfbox\pdmodel\interactive\pagenavigation\transitions_test.pdf","0","B8FC9584DA2B37E8069902794A92B10C707DE3027CF31B66C48AF1693F862E2D","1795","pdfbox"
"regression\pdfbox\pdfbox\src\test\resources\org\apache\pdfbox\text\BidiSample.pdf","3","DD4947A7B825C2827729065CFFF07115F0742D2C7BDCB048628097C62D1ACBB3","21130","pdfbox"
"regression\pdfbox\pdfbox-layout-awt\src\test\resources\pdf\GlyphLayoutBidi.pdf","0","3139601AFDB18C0686607D718469F4A10ED9500380E923AA9FD3AAA7BA0E2AF5","9899","pdfbox"
"regression\pdfbox\pdfbox-layout-awt\src\test\resources\pdf\GlyphLayoutDIN91379.pdf","0","F8B3F55D9A98812F6FA8CF2394354EEF1B031BE352F06BE64C582DE512E4BE72","38195","pdfbox"
"regression\pdfbox\pdfbox-layout-awt\src\test\resources\pdf\GlyphLayoutDIN91379Form.pdf","0","B8771CCC79090080C569C722DDDA48276750BBD786458119E08E131E4CA1958A","223365","pdfbox"
"regression\pdfbox\pdfbox-layout-awt\src\test\resources\pdf\GlyphLayoutLigaturesAndKerning.pdf","0","B00F9D515E0BA59180432FA51BE96343085492BC66CBDB5FCDEF8782F3A609BE","36551","pdfbox"
"regression\pdfbox\pdfbox-layout-awt\src\test\resources\pdf\GlyphLayoutSMP.pdf","0","9DB081B3DDCB692A0267F3CEAD44FA0B984F1C4B2C0B5E91DFE5BBA4336B04D0","35627","pdfbox"
"regression\pdfbox\pdfbox-layout-awt\src\test\resources\pdf\HelloWorld.pdf","0","7FDC2C96C17D94CD12EE8372D1693C194CFB7F8E9AEAD0EED761C2E646234624","3560","pdfbox"
"regression\pdfbox\pdfbox-layout-awt\src\test\resources\pdf\PdfForm.pdf","0","3B7838821B81EE4E25EDD3A08FB495D26461DAA3D4C47FD9AA40DF6953B95CEC","20467","pdfbox"
"regression\pdfbox\pdfbox-layout-fop\src\test\resources\pdf\GlyphLayoutBidi.pdf","0","A34EF11A51E6AE7F4FF81C548D0397A46DA95717DFF2457DF5706B29F952327B","9630","pdfbox"
"regression\pdfbox\pdfbox-layout-fop\src\test\resources\pdf\GlyphLayoutDIN91379.pdf","0","789FB92D9635FDAC7C7ABBAFF635C122EF80345BBA523F0A3C300D01399F8EFB","37848","pdfbox"
"regression\pdfbox\pdfbox-layout-fop\src\test\resources\pdf\GlyphLayoutDIN91379Form.pdf","0","2B234FBB3F03307459C2CBD87C07551C908D8426FDD9F95721A8FEE8E94C5DFF","222994","pdfbox"
"regression\pdfbox\pdfbox-layout-fop\src\test\resources\pdf\GlyphLayoutLigaturesAndKerning.pdf","0","F72D97748C3D5106C68F20FF6D94F20DFCFD0F1EFC63A80987AC98A70A79DBD2","37152","pdfbox"
"regression\pdfbox\pdfbox-layout-fop\src\test\resources\pdf\GlyphLayoutSMP.pdf","0","05832BB8297C2E204AFE333D22C2F99DB3E3EE92FEB536CE7B8331FEE59CBCD4","35635","pdfbox"
"regression\pdfbox\pdfbox-layout-fop\src\test\resources\pdf\HelloWorld.pdf","0","1C52B44C4AE501CF5F90E3FA324A44C758558D3D48A39CF5A1D55AA7A963D91B","4582","pdfbox"
"regression\pdfbox\tools\src\test\resources\input\ImageIOUtil\ccitt4-cib-test.pdf","0","E21174353D5A330ED41BCC4E234943A6527C635DEC2A4BE1A4FE701827BD0B1C","9805","pdfbox"
"regression\pdfbox\tools\src\test\resources\input\ImageIOUtil\JBIG2Image.pdf","0","1773390E74C6344740FCCCFE34DBF5737F73C0640BBC89CD1C161D03335150C4","8989","pdfbox"
"regression\pdfbox\tools\src\test\resources\input\ImageIOUtil\jpeg_demo.pdf","0","2A9764E99A4661B3A12A49FB4D328E361CF4E2ED8634DEA3D102A5C72F804B11","61981","pdfbox"
"regression\pdfbox\tools\src\test\resources\input\ImageIOUtil\JPXTestCMYK.pdf","0","B37F0229370F5AC04EBFD98B3C678D33F4FA3C87EE914A5A5F1C54BF7CA7994D","403469","pdfbox"
"regression\pdfbox\tools\src\test\resources\input\ImageIOUtil\JPXTestGrey.pdf","0","B1A1791F6292B792344700EE30DD7987084BF9338C28AFCCEDE3454DF0FD9080","45755","pdfbox"
"regression\pdfbox\tools\src\test\resources\input\ImageIOUtil\JPXTestRGB.pdf","0","BB605C1CE58F85AC1CCE9CD2B2293BEBB066D6C8E0DE1488B63B13116A4FD4DB","457637","pdfbox"
"regression\pdfbox\tools\src\test\resources\input\ImageIOUtil\png_demo.pdf","0","DB8F4EE634583A1AFDF764F935EF4235FC1902B25CD3CD88554EE8B25AA1A2F2","13476","pdfbox"
"regression\pdfbox\tools\src\test\resources\input\ImageIOUtil\raw_image_demo.pdf","0","7DCD741FAE28EEA6DE5B2306FFF608E8A3BE9DA7609B4B884E7DE5D1433659B4","5796","pdfbox"
"regression\pdfbox\tools\src\test\resources\org\apache\pdfbox\AngledExample.pdf","3","B364ED2DD543E34179A7CB4FE2670DFBF1B0C6FD97859A65B92CEB1BE8CD9376","30109","pdfbox"
"regression\pdfbox\tools\src\test\resources\org\apache\pdfbox\testPDFPackage.pdf","3","9676F28B3A11D339309F5D18EB1AAF51458C3CBF422183650D577B74BD8E823C","92359","pdfbox"
"regression\pdfjs\examples\learning\helloworld.pdf","0","C9EFCAA374939FF19FC37974131F1DB6D457EB942700C02A63FC9DDA983E1400","678","pdfjs"
"regression\pdfjs\test\pdfs\160F-2019.pdf","0","F41F0818365FFD14CA4E55C0556355193BD76632B970D60CC2DEC554CAC6F379","328400","pdfjs"
"regression\pdfjs\test\pdfs\22060_A1_01_Plans.pdf","0","BD0203EDE39CFE101C7D1EA6555E1C9FC408247627A47DE549EBF2590F1B887B","6264322","pdfjs"
"regression\pdfjs\test\pdfs\90ms_rksj_h_sample.pdf","0","D50AD3B93685E9D6061F5CC9957C49CA232A0DD0771AAD71E4A615F87F2674BE","1039","pdfjs"
"regression\pdfjs\test\pdfs\acroform_calculation_order.pdf","0","9081AAD78CB6BB1871EB5C51ADDBE75CE73E4617A3E1FA15AA3DA21232B6B755","1041","pdfjs"
"regression\pdfjs\test\pdfs\alphatrans.pdf","0","234C0AB8E9458F4D17133B08D2B66170EEB92BE2A80E1508AA5117A2BF568F63","16910","pdfjs"
"regression\pdfjs\test\pdfs\annotation_hidden_noview.pdf","0","97FD9418A5E24D326E66734462DE0DB215D40A6DD0E0734E12924FA364E5B390","12114","pdfjs"
"regression\pdfjs\test\pdfs\annotation_hidden_print.pdf","0","D084450DFBB7D5C53593ED8F0A005553BD0AE797E34B3A1C8C00C7EEC2FC5A9D","6539","pdfjs"
"regression\pdfjs\test\pdfs\annotation-border-styles.pdf","0","BA3A3C67030F9BE2AD2C1989B78EC302501F71CECB4E5EBF193F6CE9CA51FF56","89833","pdfjs"
"regression\pdfjs\test\pdfs\annotation-button-widget.pdf","3","F7B1C9C7B2ECB909F6B168CC1B137230076533F977A205472B212B7F0D3A78D7","23785","pdfjs"
"regression\pdfjs\test\pdfs\annotation-caret-ink.pdf","3","AFDC6FB72E8DCB8F0796A48388FC011E9DB212E18D1D7B8CF95B327E88CF6CE9","93680","pdfjs"
"regression\pdfjs\test\pdfs\annotation-choice-widget.pdf","0","2FCAB2AED82AFE9775359C1D166FB7AAE77E99D25FE03BE177E233D02D572538","91556","pdfjs"
"regression\pdfjs\test\pdfs\annotation-fileattachment.pdf","0","B2F3751CD63E2402D95673F763E52FB105E6CE8E0B41406CA6D9965F5C894D43","93322","pdfjs"
"regression\pdfjs\test\pdfs\annotation-freetext.pdf","0","318ED4BEAD93FA6FF023571B17DDCA41E82FE2347B497EA24903A11E1892FB71","86024","pdfjs"
"regression\pdfjs\test\pdfs\annotation-highlight-without-appearance.pdf","0","EA323F17899DE03E7499D0E8531C49E873512A26B40058F357CA399312BF65D6","16302","pdfjs"
"regression\pdfjs\test\pdfs\annotation-highlight.pdf","0","72B6387356CCFDFB95A0A5EFF5E1CEB9B7667019807D7B04ABAF64DAD7EA143A","92397","pdfjs"
"regression\pdfjs\test\pdfs\annotation-ink-without-appearance.pdf","0","663C7419206B1995C6AE651A1CBF8DBF9D89F0F6B3E61014CF545E21335E75B8","6288","pdfjs"
"regression\pdfjs\test\pdfs\annotation-line-without-appearance-empty-Rect.pdf","0","920062508A60278F9DABB25992538B45CCF13DEDA97687365B81CF775D034BD5","969","pdfjs"
"regression\pdfjs\test\pdfs\annotation-line-without-appearance.pdf","0","9408CC19A56EF122EA956799A2E5A63B2B3CC70BBD307ED76D2BA89FD9C54FC3","14170","pdfjs"
"regression\pdfjs\test\pdfs\annotation-line.pdf","0","CEA9ED8CF5726FA643DA0C083BC8DB8DF790AB5E7EE9A2B62224AAB73D9FA742","84943","pdfjs"
"regression\pdfjs\test\pdfs\annotation-link-text-popup.pdf","3","06917202FEDA6B6BB8B57B048655F946F749BDFF5A8BFCB35EB0116F38910312","98997","pdfjs"
"regression\pdfjs\test\pdfs\annotation-polyline-polygon-without-appearance.pdf","0","710E7DBAC4FCD2021E5A9CF7072E00284A1882D1EBACAC43430B15C027902932","91426","pdfjs"
"regression\pdfjs\test\pdfs\annotation-polyline-polygon.pdf","3","66303646DD550366994F6715678863536617093335825DDA3C123616555B69E2","88691","pdfjs"
"regression\pdfjs\test\pdfs\annotation-square-circle-without-appearance.pdf","0","D0A98BB14150B1BC2BC028876198098C99420EA10D30D43B4F9C5CB36BB023A7","16007","pdfjs"
"regression\pdfjs\test\pdfs\annotation-square-circle.pdf","3","88ED9ED813C3585B3098B9F4EEF5107426F7829044117CD87F77BDC38A8E3F72","88740","pdfjs"
"regression\pdfjs\test\pdfs\annotation-squiggly-without-appearance.pdf","0","771698679397DA9423BCB26E641C8CBA173F00DC54F60656898143403E2BFBDD","15589","pdfjs"
"regression\pdfjs\test\pdfs\annotation-squiggly.pdf","0","95A2AF9D01C2E532711A1483D58A258E469F3FF0E7DD1C2AE45C70BD8F9BB6E8","93644","pdfjs"
"regression\pdfjs\test\pdfs\annotation-stamp.pdf","0","76D566C092C23CCBEC4BB488C40DC6DAEC8A381CB5386452B186728652436704","88903","pdfjs"
"regression\pdfjs\test\pdfs\annotation-strikeout-without-appearance.pdf","0","9A99E1469AD4E285381016DF440FADA4D94B9384D051760B145FD63B794943A8","15753","pdfjs"
"regression\pdfjs\test\pdfs\annotation-strikeout.pdf","0","CA7225DBDC6F8A26814CF0D67F5C509589E2CC09ACE6BDB04A375A266DB5B708","91804","pdfjs"
"regression\pdfjs\test\pdfs\annotation-text-widget.pdf","0","9F091CEB368AD0406094EFAA6C50D5033735EE52F383E0973DC53A7467089D7C","93171","pdfjs"
"regression\pdfjs\test\pdfs\annotation-text-without-popup.pdf","0","2E0C788C795AB08178C12D26F73BEBB6E18455A885568005770E8B6B947C4CEB","24281","pdfjs"
"regression\pdfjs\test\pdfs\annotation-tx.pdf","0","C7BE52654EAEDE8A9F33757168957F938F56E73FCD4C53539DB5672DEE426208","11672","pdfjs"
"regression\pdfjs\test\pdfs\annotation-tx2.pdf","0","9612DF43F8C48B574DDC7A81C0781B864235F7FF328DC9B9E646B924A8706650","21285","pdfjs"
"regression\pdfjs\test\pdfs\annotation-tx3.pdf","0","15E3AC008CC848E593474AA312A9EF1FBECAD1F69B4580361FFD2D334575BB91","31642","pdfjs"
"regression\pdfjs\test\pdfs\annotation-underline-without-appearance.pdf","0","3A88F23B262FF72E613AECBDD75C2AA76BDE7A5E84EEF1ACAC04D355397876B6","15304","pdfjs"
"regression\pdfjs\test\pdfs\annotation-underline.pdf","0","EF04B7049D5CAB49C702887C423F20CFECF76D36905772209CC6781425D8F671","92151","pdfjs"
"regression\pdfjs\test\pdfs\ArabicCIDTrueType.pdf","0","1CAD1DE912BA29F89A6D8B08BC5B0F84382874FFEDAB2C8F9E05EF608C265BB1","39370","pdfjs"
"regression\pdfjs\test\pdfs\arial_unicode_ab_cidfont.pdf","0","049A4330710D8470896061ACF7EE486735E94CEF2769F6CC13FEC3CB13BB65AA","13110","pdfjs"
"regression\pdfjs\test\pdfs\arial_unicode_en_cidfont.pdf","0","1C4A08108D8074F543C04E9B2EA2B93A842E2B29EB05EE9D99766F430FD365AB","15779","pdfjs"
"regression\pdfjs\test\pdfs\asciihexdecode.pdf","0","17CC92AA58EC48F75B01C6B6E7F8C8BADE0A36F7295D0F833A16BAFAE854DC79","743","pdfjs"
"regression\pdfjs\test\pdfs\attachment.pdf","0","9ACEC9F83F1557183C83A87111B85141E657849AC2AA92864FFD63CC91572379","15299","pdfjs"
"regression\pdfjs\test\pdfs\auth-event-ef-open.pdf","2","144F617DB7503A4D701D6383700ADD3254CB6A686741DD8F59B1284A82ACA8AE","2738","pdfjs"
"regression\pdfjs\test\pdfs\autoprint.pdf","0","1B6BEE31ED8B88EC747C24308F9BD6B464043E6446C485A754507E7EEDA92E90","9138","pdfjs"
"regression\pdfjs\test\pdfs\bad-PageLabels.pdf","0","EFF0EE7D1CF2E1A7CCFB25A8FC4C2BBEA0EC23C838B61A199A57DBB732DDEAAD","798","pdfjs"
"regression\pdfjs\test\pdfs\basicapi.pdf","3","925853D98D67D5DAE7473C635F932958E1695CE1029D23B2ECD2531CB65F1F14","105779","pdfjs"
"regression\pdfjs\test\pdfs\bigboundingbox.pdf","0","6CD3D57B85891021AF2DE75AC304A6EFC2894793DAB7594968B0B5EFCD1D0013","76044","pdfjs"
"regression\pdfjs\test\pdfs\bitmap-composite-and-xnor-halftone.pdf","0","A88D42B10BD7C860ABD3BF16432378D23A9FCF267A7008BE047B608E1A332F4E","1537","pdfjs"
"regression\pdfjs\test\pdfs\bitmap-composite-and-xnor-refine.pdf","0","C2046037B2617FFDDE875D523BF56A428339D7A6F753C25F4F957317BC9ECC9A","1891","pdfjs"
"regression\pdfjs\test\pdfs\bitmap-composite-and-xnor-text.pdf","0","ABA6249B83158532AD87CCF47BA69737C9BA2B787C2F815767D239E910564235","1243","pdfjs"
"regression\pdfjs\test\pdfs\bitmap-composite-and-xnor.pdf","0","4432B73B7EFCAE8EB960B409DE37AF218F366BD548709D74773DAE4AC7C257EF","1314","pdfjs"
"regression\pdfjs\test\pdfs\bitmap-composite-or-xor-replace-halftone.pdf","0","3FFB92C8A77140D06EA628514A1D44C116A5067D40E3CD3887455B8D40918202","1849","pdfjs"
"regression\pdfjs\test\pdfs\bitmap-composite-or-xor-replace-refine.pdf","0","CC9510F5B113C8A2053FBC3891E0C8275BF0F59E1CA44522832E77D6A26CC145","2343","pdfjs"
"regression\pdfjs\test\pdfs\bitmap-composite-or-xor-replace-text.pdf","0","F4FB077E7E541F01CE21983F7822BD2B43D98F8554BF9CB421A03C7DAA6442A5","1578","pdfjs"
"regression\pdfjs\test\pdfs\bitmap-composite-or-xor-replace.pdf","0","BA8DFA7F3879D2C851287769C0503CF84441E871A93E312E46253E9238DCA737","1630","pdfjs"
"regression\pdfjs\test\pdfs\bitmap-customat-tpgdon.pdf","0","91B35C6963B8135DDE1F509B424D3CFE5B02D9CC023C802C412916C6B76CC938","1057","pdfjs"
"regression\pdfjs\test\pdfs\bitmap-customat.pdf","0","9BE6EB11AF2E4078EB209CBF680BB415960F2275F7E120660D22E7EDC09E2EDE","1051","pdfjs"
"regression\pdfjs\test\pdfs\bitmap-halftone-10bpp-mmr.pdf","0","C164623C7745AA431F59FA4A088E5ADF3FF640687469576C64C5B044102DDAE0","1710","pdfjs"
"regression\pdfjs\test\pdfs\bitmap-halftone-10bpp.pdf","0","8A4577A1CDBDF342E2A61E18A239423452355C13733075AF76FCD008F12EAC5F","1311","pdfjs"
"regression\pdfjs\test\pdfs\bitmap-halftone-composite.pdf","0","E52EA26A9CADF0A1FBCD58C3AE411CF2BF14B05F172966283A6254296C4825A0","1599","pdfjs"
"regression\pdfjs\test\pdfs\bitmap-halftone-grid.pdf","0","5BA3F0CA836C6DF256415B2DDD61286B819F5B6A3F5598E146601839302C0158","1622","pdfjs"
"regression\pdfjs\test\pdfs\bitmap-halftone-refine.pdf","0","F2EFFF25BCF1EE5D8EE87E3B7C54C7B75E8A1AD33C9E5BE22386ED35648DFD7D","1399","pdfjs"
"regression\pdfjs\test\pdfs\bitmap-halftone-skip-dummy.pdf","0","6CDCFEFD9200DDFBD37A15CE66EF50421D2FBCC9B396B2A9714B316F7C0A0FF4","1287","pdfjs"
"regression\pdfjs\test\pdfs\bitmap-halftone-skip-grid-template1.pdf","0","BAFB6EDC883B156DBC337B74B0230FBCC5C45F48E08123F3040872EDB1C1EC69","1606","pdfjs"
"regression\pdfjs\test\pdfs\bitmap-halftone-skip-grid-template2.pdf","0","4AEDF60701A9B35E17766E4C26A7326ADB0B618C87FB487E7CDDE8C909EFDD11","1597","pdfjs"
"regression\pdfjs\test\pdfs\bitmap-halftone-skip-grid-template3.pdf","0","AD156587B727404D16794DAFCC738319B8A2A601374895634B0D5EE8D8B34F1B","1600","pdfjs"
"regression\pdfjs\test\pdfs\bitmap-halftone-skip-grid.pdf","0","CFD77F057C98BB1AF01FC108C5A9E0B09B438E0E4F1A31AA8B07CE7B275CC348","1624","pdfjs"
"regression\pdfjs\test\pdfs\bitmap-halftone-template1.pdf","0","F509758D869CC08A1B45B0FCEE33794AE1F45887105BA6FA5A2C8F52598518FC","1265","pdfjs"
"regression\pdfjs\test\pdfs\bitmap-halftone-template2.pdf","0","6C3D7BDC9E1012CCE3C80B27592FDCC7864734C628184E1B55245B678D0EC47F","1299","pdfjs"
"regression\pdfjs\test\pdfs\bitmap-halftone-template3.pdf","0","4F249E0D12AD232B96DE05592C250498DD3FC661607A8FCBD721BDB5A79EB425","1300","pdfjs"
"regression\pdfjs\test\pdfs\bitmap-halftone.pdf","0","C276D6CBC7D0709AF448B532232C9F8B92424859974B38FEAEF0D8983BD6D7C0","1287","pdfjs"
"regression\pdfjs\test\pdfs\bitmap-initially-unknown-size.pdf","0","97C0FE6757D24BC2469A8B3A1FAB346550AE5E7289F6855E21EBC2CE421DBE6F","1030","pdfjs"
"regression\pdfjs\test\pdfs\bitmap-mmr.pdf","0","32B70AEB63CA60F60C25C2D797B8F5AF16043D66DCE1BCB0B0F08A78ACEE95ED","1122","pdfjs"
"regression\pdfjs\test\pdfs\bitmap-p32-eof.pdf","0","6C959401B0A43E94B4ABC580D95B8373ADCEA87CB13612A3B9EECE18767DE576","1490","pdfjs"
"regression\pdfjs\test\pdfs\bitmap-randomaccess.pdf","0","82079253A8C5AF9683E5DC341E7416D8EB5901C48D6AF850A79413E6F11711EC","1026","pdfjs"
"regression\pdfjs\test\pdfs\bitmap-refine-customat-tpgron.pdf","0","7A17D8F6D26061F3110EFD54F297A7E0E8D4652E3086CC99E3C171D31FD0810F","1146","pdfjs"
"regression\pdfjs\test\pdfs\bitmap-refine-customat.pdf","0","161D25D77C9BF788515DD0FC1AAAF6E35E1C23495ACFFE9CF99A98D567D1C5DE","1146","pdfjs"
"regression\pdfjs\test\pdfs\bitmap-refine-lossless.pdf","0","F30056CB8E30203E3C16F00FFE28BC90BDB6AF8AA72D58C14F19E71EC9C7CECF","1128","pdfjs"
"regression\pdfjs\test\pdfs\bitmap-refine-page-subrect.pdf","0","74114E6F3925FAF7145C0738168ECD3041C45C0EA69B2A91E7F105CDF7045BD0","1110","pdfjs"
"regression\pdfjs\test\pdfs\bitmap-refine-page.pdf","0","7DBEB64018E183C77333996EEB5C2B9BCC90CAACA8381AD42FB98A64C14025EB","1127","pdfjs"
"regression\pdfjs\test\pdfs\bitmap-refine-refine.pdf","0","2EBB942AC5BE0E066AB4CE204384A39B61692CA75FAB0A4DF4F36DAE925E1F4D","1203","pdfjs"
"regression\pdfjs\test\pdfs\bitmap-refine-template1-tpgron.pdf","0","921C1EAB4ECE655029BB524EB22136D21F305D13779F86FBE81086B62A22D4B3","1230","pdfjs"
"regression\pdfjs\test\pdfs\bitmap-refine-template1.pdf","0","019B26E3DE36CBDD829E2FAEF67866F4140ABB17040CD0B626E5BCEAB272B68C","1116","pdfjs"
"regression\pdfjs\test\pdfs\bitmap-refine-tpgron.pdf","0","6B17840D81375FAAFBE48E2150706F1A70271865EC18B9F2E6700E06DADBE86C","1251","pdfjs"
"regression\pdfjs\test\pdfs\bitmap-refine.pdf","0","EC9E2F9601167CCB00F961E33DEC5CC46A23BF08E132F9DCE5D3AECB3F1CD9F9","1128","pdfjs"
"regression\pdfjs\test\pdfs\bitmap-stripe-initially-unknown-height.pdf","0","FC2A20FC1CB5B4FD780E68BE7B7ED95E63AA9B58EF290D7501B97212C206FF0F","1271","pdfjs"
"regression\pdfjs\test\pdfs\bitmap-stripe-last-implicit.pdf","0","FF3B3A2465C764FD1705DB05EDFB3F11336E6A93535BAD956E5D5AAEBAECF4AE","1256","pdfjs"
"regression\pdfjs\test\pdfs\bitmap-stripe-single-no-end-of-stripe.pdf","0","8BF3BBB2A48B0BC689B920FECE52080582B15415EEF3615E811FFB2CC8932966","1026","pdfjs"
"regression\pdfjs\test\pdfs\bitmap-stripe-single.pdf","0","B6D9B0B9348E9F4C33BA192A32C913ECC446D212DC3DF0108ED732CC399B5482","1041","pdfjs"
"regression\pdfjs\test\pdfs\bitmap-stripe.pdf","0","B1E3C558A34537AEACE4334CBCEA6C42F82F4B815C8232DF462EE8956E6FAF82","1271","pdfjs"
"regression\pdfjs\test\pdfs\bitmap-symbol-big-segmentid.pdf","0","2FB59D0FBB8396BC812D5ED9AF8BC6B2B8A69051519B8449B360CB304EA4E0B8","1176","pdfjs"
"regression\pdfjs\test\pdfs\bitmap-symbol-context-reuse.pdf","0","A6F05B48046B132054EFE967C68AD5292B6835F78CCE14BF2A613C9BCE39B2C1","1192","pdfjs"
"regression\pdfjs\test\pdfs\bitmap-symbol-empty.pdf","0","ADF661486871B31773FC85750372DBD3051DB664B17128791E1BF667BECDE7E2","1133","pdfjs"
"regression\pdfjs\test\pdfs\bitmap-symbol-negative-sbdsoffset.pdf","0","5AA48933BC980565E1C0EA93D91C4FE5370E96D4A461198481AA86AF908793E5","1077","pdfjs"
"regression\pdfjs\test\pdfs\bitmap-symbol-refine.pdf","0","5E2AE6875EA8D0F1D2AECFAEFF6AEAC6ACB8FF76EADEF42E5F0FA7FC76C818B0","1185","pdfjs"
"regression\pdfjs\test\pdfs\bitmap-symbol-symbolrefine-textrefine.pdf","0","2902534243C382770456F958FE7BA835F1916EA85F6219A3BA2B122F63DB34C6","1301","pdfjs"
"regression\pdfjs\test\pdfs\bitmap-symbol-symbolrefineone-customat.pdf","0","CD8792E011E41F56B07DD0BA14DF10B89C36D4492937032C60656177F5D27DA5","1167","pdfjs"
"regression\pdfjs\test\pdfs\bitmap-symbol-symbolrefineone-template1.pdf","0","F175B6EDDDC6D40CBACC447B46A628C164A9A5EA0185B20F09F48BEDBE7516C3","1155","pdfjs"
"regression\pdfjs\test\pdfs\bitmap-symbol-symbolrefineone.pdf","0","670053E1DBD980602B44F052BC9C0FFA7E7835521FC0EE324261A4143B52F66C","1164","pdfjs"
"regression\pdfjs\test\pdfs\bitmap-symbol-symbolrefineseveral.pdf","0","705133EC80D7E755CA206BE508AD92840F11555520A5C117A3FE2886C30E2435","1129","pdfjs"
"regression\pdfjs\test\pdfs\bitmap-symbol-symhuff-texthuff.pdf","0","AF8F3C70DBE1C0F0DA090C829CEA6DA5015ED9978DD13FD2D0B9B44AC715DB2B","1209","pdfjs"
"regression\pdfjs\test\pdfs\bitmap-symbol-symhuff-texthuffB10B13.pdf","0","1E0AD39F563C79B7E650347265DAFEBB1CCBFB20C9FBCE62FC64575AF9A13AA9","1209","pdfjs"
"regression\pdfjs\test\pdfs\bitmap-symbol-symhuffB5B3-texthuffB7B9B12.pdf","0","7777647082CCDDE57B94BBDBCF1E0A743537ADB02FAABD662414634C92815D57","1213","pdfjs"
"regression\pdfjs\test\pdfs\bitmap-symbol-symhuffcustom-texthuffcustom.pdf","0","C0799AF446D978D843EE0788A6DDDB8C572A5E2B57414DE4E7B2A742EC2D34A2","1415","pdfjs"
"regression\pdfjs\test\pdfs\bitmap-symbol-symhuffrefine-textrefine.pdf","0","3E4EECB287E59B630D9799BF00D2085F890D23BBC6AE2BEBFB86B10C00B8A6A3","1417","pdfjs"
"regression\pdfjs\test\pdfs\bitmap-symbol-symhuffrefineone.pdf","0","A38677054CB800D0A8B1BAC32D21F9AD9E6102BCD650FC3735015D05E1778CC9","1298","pdfjs"
"regression\pdfjs\test\pdfs\bitmap-symbol-symhuffrefineseveral.pdf","0","6D3050B223CE7BDA0C948635C9BF67C04EAC6C21B6E214D988CDA9E1599E257A","1244","pdfjs"
"regression\pdfjs\test\pdfs\bitmap-symbol-symhuffuncompressed-texthuff.pdf","0","347A83CCE9504FF8414FE028D8DB2B311EBE800CAB0116469C90456DD889218B","6177","pdfjs"
"regression\pdfjs\test\pdfs\bitmap-symbol-textbottomleft.pdf","0","0BC02085B750D0413FA3360825CC23B5E5A449B2E3F08FA084C3B00B64E03683","1112","pdfjs"
"regression\pdfjs\test\pdfs\bitmap-symbol-textbottomlefttranspose.pdf","0","A9C552CE38B76935843861F8491BCB2DF3AF3833BAA354E035E2026C286B7F98","1097","pdfjs"
"regression\pdfjs\test\pdfs\bitmap-symbol-textbottomright.pdf","0","E50632EB44E2DC3DC411E4265844CCF6FDD146B496B8C84E3D81A5C9ADF858A5","1112","pdfjs"
"regression\pdfjs\test\pdfs\bitmap-symbol-textbottomrighttranspose.pdf","0","27B036CCBA3F9E068677EF8BF203CF66BC6FEF1EB091188119A1B7F474344D26","1097","pdfjs"
"regression\pdfjs\test\pdfs\bitmap-symbol-textcomposite.pdf","0","A3F3985D4ADCFF6F5FBD2DF7FAD5382F43AC1DD2F4F868CB854A7A067BDEAF86","1319","pdfjs"
"regression\pdfjs\test\pdfs\bitmap-symbol-texthuffrefine.pdf","0","945DC0C5AD52FF055C857BAA35BFB83E1283EC5AC8F9A031D81E320D41F47A89","1270","pdfjs"
"regression\pdfjs\test\pdfs\bitmap-symbol-texthuffrefineB15.pdf","0","0668B10FF9061F028185A8B2C014184CEAA3C23CDDAF058C91F2D068B2E20DEF","1270","pdfjs"
"regression\pdfjs\test\pdfs\bitmap-symbol-texthuffrefinecustom.pdf","0","D150D22C02AE175C031E77AEA704813CCE57C33C4DD6ED3F22FA7494BB29E453","1396","pdfjs"
"regression\pdfjs\test\pdfs\bitmap-symbol-texthuffrefinecustomdims.pdf","0","FEF10E63CE72C3285A804767499A0A814A75D24F919659E8E69596CD2095114F","1318","pdfjs"
"regression\pdfjs\test\pdfs\bitmap-symbol-texthuffrefinecustompos.pdf","0","03B17DFC51931F8F9F35A2FABFE98E36BB61FC7E604E455C6C6D6FCA3D6E6603","1318","pdfjs"
"regression\pdfjs\test\pdfs\bitmap-symbol-texthuffrefinecustomposdims.pdf","0","342D06AD5F3D6843EA77D9A03117F5A3DF663D22375A68E50A71109EAEA6C4C1","1371","pdfjs"
"regression\pdfjs\test\pdfs\bitmap-symbol-texthuffrefinecustomsize.pdf","0","1A2A7861127869E6C779B65B898EC41E5045F1107242923AA8109C8C412CDEC1","1295","pdfjs"
"regression\pdfjs\test\pdfs\bitmap-symbol-textrefine-customat.pdf","0","2C86C9CDE4E623F2BA3C94D6B9E067298B25ADEEBD96AB704CBE908C22DE5C8B","1132","pdfjs"
"regression\pdfjs\test\pdfs\bitmap-symbol-textrefine-negative-delta-width.pdf","0","53FA2B3CCEF2999986369EA19C245DBADA17C17F959E0C0D98F926E2FDF2FB1A","1130","pdfjs"
"regression\pdfjs\test\pdfs\bitmap-symbol-textrefine.pdf","0","C6DC6A57D164C86C8AA59E6136F8B166A4697213EF6D5669BED6A7F6227BED0B","1128","pdfjs"
"regression\pdfjs\test\pdfs\bitmap-symbol-texttopright.pdf","0","E5B6EB678BE01E99DB7A6316FA99070BEBF29489AE61054BDDE04C9C26C6B9DD","1109","pdfjs"
"regression\pdfjs\test\pdfs\bitmap-symbol-texttoprighttranspose.pdf","0","2E6522BF6FBBF01FBD8C05B00915B9F5C2783CBDF1815B53B027F49FB91CDAD7","1097","pdfjs"
"regression\pdfjs\test\pdfs\bitmap-symbol-texttranspose.pdf","0","926887BCB2397304842C777A703219296D9B396D924922D492103327AB99A661","1097","pdfjs"
"regression\pdfjs\test\pdfs\bitmap-symbol.pdf","0","39BF73B128947979F9A6080791AD03E206EA5756F4B4D37B6609E154D4F875B2","1109","pdfjs"
"regression\pdfjs\test\pdfs\bitmap-template1-customat-tpgdon.pdf","0","071FD70FDAD79EA30A2BFBAAFCEE63F7DA0E2B723FFEEF5949D583BAE39FFD58","1020","pdfjs"
"regression\pdfjs\test\pdfs\bitmap-template1-customat.pdf","0","9FBDFF065B72818B2E8CEF051586B4807AFEFC3F68773117A0D7FCA217C7EB42","1015","pdfjs"
"regression\pdfjs\test\pdfs\bitmap-template1-tpgdon.pdf","0","E8E715223BCEAC2B95B186E7220594793A57333C8D0DA64CDE2060027B9E91D4","1206","pdfjs"
"regression\pdfjs\test\pdfs\bitmap-template1.pdf","0","25AB482EF6BA07335FD4927AC3AB22B231044345B48E024B5ED2399B048BC677","1015","pdfjs"
"regression\pdfjs\test\pdfs\bitmap-template2-customat-tpgdon.pdf","0","F062D3E4F6BED408216ED042A113ACA71FF30CB859B314C26B3D7259CFA5CA07","1065","pdfjs"
"regression\pdfjs\test\pdfs\bitmap-template2-customat.pdf","0","389E2719D8432F7A4D0A579E49F2FBA3A6E085A007C046023666E66432105554","1055","pdfjs"
"regression\pdfjs\test\pdfs\bitmap-template2-tpgdon.pdf","0","F54B9F8A913F7F9389EA3FBE6FF3AFD148753BE651D5F6ED8CAEBD67ACBC6271","1176","pdfjs"
"regression\pdfjs\test\pdfs\bitmap-template2.pdf","0","F37D525A05DFBFC5936B56C0FB7B7AF382D0FA2DA56A1A305C99850D5982912B","1018","pdfjs"
"regression\pdfjs\test\pdfs\bitmap-template3-customat-tpgdon.pdf","0","A536E4F1DBE09F27F5E355BFAD252E96D223CCE761A9F58CF47FCFB507133F4D","1079","pdfjs"
"regression\pdfjs\test\pdfs\bitmap-template3-customat.pdf","0","8DB3CD4EBD4D75A0A45C685CE243AF13855BB6A3642B3A3810B0E7CE29786389","1070","pdfjs"
"regression\pdfjs\test\pdfs\bitmap-template3-tpgdon.pdf","0","1D8514A3C8664AC84B1434CCAC539F30FEC3A02DCCBD1DA612A7925394CB2A48","1197","pdfjs"
"regression\pdfjs\test\pdfs\bitmap-template3.pdf","0","98B5E78016E3415990E9F3C99B5ED2940ED869826D9DDF04385F8ABDF543CF13","1033","pdfjs"
"regression\pdfjs\test\pdfs\bitmap-tpgdon.pdf","0","7D9C22DCEE6A357E6290DE04B57A19FFC42A6FD5D802D62A4CBD75A59B078924","1211","pdfjs"
"regression\pdfjs\test\pdfs\bitmap-trailing-7fff-stripped-harder-refine.pdf","0","17E08DC35C1FE2C6A9CE5DB25EE53805248CCB9A8AE528A339D37D764F29DC9A","1887","pdfjs"
"regression\pdfjs\test\pdfs\bitmap-trailing-7fff-stripped-harder.pdf","0","47FA9873C6250A75552B60771FED2494F14EB4A20BDACF558EE00F9136835BE9","15181","pdfjs"
"regression\pdfjs\test\pdfs\bitmap-trailing-7fff-stripped.pdf","0","1FB303A7EAA11933F3F1E5C3B554375649EA4A5F1226EFA97A7534CAC768B8FB","1049","pdfjs"
"regression\pdfjs\test\pdfs\blendmode.pdf","0","39CE34C2D32738C7C94970FD76559ECB9EFD671F5AB99E515A853674E7A824CE","50567","pdfjs"
"regression\pdfjs\test\pdfs\bomb_giant.pdf","2","A33BC9FF49DF11644E5790ADD536DF87B702684B729999539DF32AE655FD6DD1","123242","pdfjs"
"regression\pdfjs\test\pdfs\boundingBox_invalid.pdf","0","F85BE7AAF217F8F1864B910501D4AEEA53F3D7A503DF5B81DD6AAA267E5968AD","1263","pdfjs"
"regression\pdfjs\test\pdfs\Brotli-Prototype-FileA.pdf","2","88D7F8B3F6E8CB26FDDE69BBCD27990F2F61F807472AFCE7B5DBE2AE8F4F3FF7","1305278","pdfjs"
"regression\pdfjs\test\pdfs\bug_jpx.pdf","3","4010D808557A72278368C05518367735ED186CBDD04974B8506275F9AC40F999","5451","pdfjs"
"regression\pdfjs\test\pdfs\bug1001080.pdf","0","98523B6E09B1C1F9FFB5A6911F49D9B40703B0FAA191661C5BA376BEB428951D","12423","pdfjs"
"regression\pdfjs\test\pdfs\bug1011159.pdf","2","4FEF58DE1F25259BD113E2D07656BFA67440A7D7E214A6A395D6745FACEAE4A3","18316","pdfjs"
"regression\pdfjs\test\pdfs\bug1019475_1.pdf","3","1FA292AEA756AE921715C72E5962D3E2FDE96DE200B8AEDFC3EB22A2FE72902C","68512","pdfjs"
"regression\pdfjs\test\pdfs\bug1019475_2.pdf","0","232E7F5C654422D6BDC863A7D63C5FF401E5128E818C4770D3B0F8293B4BF307","27694","pdfjs"
"regression\pdfjs\test\pdfs\bug1020226.pdf","2","50E91D373AA313537972519C65B050F8D4D5BD996859FA20756432C2029C3FF6","184","pdfjs"
"regression\pdfjs\test\pdfs\bug1020858.pdf","0","89385D91604EB25B1D2FAE81A8B04748840BE710BBA5F972ACB67F53EA49F543","1312","pdfjs"
"regression\pdfjs\test\pdfs\bug1027533.pdf","3","80D5111DDA8DD3F63297D278B83CCE0325C44274B3EFABE60F88539DB0AA329D","8900","pdfjs"
"regression\pdfjs\test\pdfs\bug1028735.pdf","3","DB81A78CD6E3908DACAD4AA2DCE4275766C0DBCC8CA506B11F8ADC579F809864","22886","pdfjs"
"regression\pdfjs\test\pdfs\bug1046314.pdf","3","A0BEA37E3A032D4378C809DFFC33A0766F7D364BA7B0BBE514A219CE4034E4D2","39249","pdfjs"
"regression\pdfjs\test\pdfs\bug1050040.pdf","0","4A71CB411950617E23B383F93C5C5E87C231A6BB6CD1E191FA0597FF2D0D73CE","40946","pdfjs"
"regression\pdfjs\test\pdfs\bug1057544.pdf","3","9810FD997EBFDA631DCF88BC5669E718CC8162B3F318D4DA22EF29B4B5C977F1","31609","pdfjs"
"regression\pdfjs\test\pdfs\bug1065245.pdf","0","00BEFF9834BC18913A93F0C7BC0572187845C665E29A1FF3AA0BC3B8121FEEE5","2188","pdfjs"
"regression\pdfjs\test\pdfs\bug1068432.pdf","3","DBF4FEF174433666AA41AB2D6091F9415FA5369E11FB77020482B49F975E1412","2360","pdfjs"
"regression\pdfjs\test\pdfs\bug1108301.pdf","0","37881E37A8586BD167838CA72EC497335EAAAFBF1DF512469B3BCE8D9C3C9D11","48421","pdfjs"
"regression\pdfjs\test\pdfs\bug1132849.pdf","0","F57F4E01CB83671F895014CD521946346B3DA0BD628225C9128719DE2D029431","72583","pdfjs"
"regression\pdfjs\test\pdfs\bug1146106.pdf","0","63BDAC77B56F72A04E654440E624E50D77E420632A03F97DCA971616658ACDBC","4517","pdfjs"
"regression\pdfjs\test\pdfs\bug1151216.pdf","0","441CBCFD89D499A78C1881EB6800C3E95957A5F5A5C7C81C9E92D74ADA952A56","17254","pdfjs"
"regression\pdfjs\test\pdfs\bug1157493.pdf","0","7AC04650391B976D24047CA4553C91546B455345392C06811C5389DAC194D96A","68735","pdfjs"
"regression\pdfjs\test\pdfs\bug1175962.pdf","0","9F1822292931C1360760EA005E6E444626B330B577E953AB6D1CBA411BB26DDE","20894","pdfjs"
"regression\pdfjs\test\pdfs\bug1186827.pdf","0","979AB4DE6732354A540F0D110039E3C4C73E55FA8DB7097592167A8E7E5EBD2D","45013","pdfjs"
"regression\pdfjs\test\pdfs\bug1200096.pdf","0","523F5F0BCAF82FC303C2CF0D9EE9CF5D75465A5EF1547E143EE1A3CB600913DE","117519","pdfjs"
"regression\pdfjs\test\pdfs\bug1245391_reduced.pdf","0","B08D98AA07899EC84B3E2B7714F9A1228919D63733EE3734EA01806263770563","351793","pdfjs"
"regression\pdfjs\test\pdfs\bug1250079.pdf","3","CD979DA78DFF6FD1C32F28A76F76388B2DA1697F49395CC5BA29C88BFE2A4F65","711","pdfjs"
"regression\pdfjs\test\pdfs\bug1252420.pdf","0","9C3F238560397B03843976E833B99B7B865F8344413791204F57E82D523CE197","78413","pdfjs"
"regression\pdfjs\test\pdfs\bug1308536.pdf","0","5B8936523B4A0DA1580DA01BFDBD33CECB59BCB3A4F571A0EC413F5A8A7DD11A","6753","pdfjs"
"regression\pdfjs\test\pdfs\bug1337429.pdf","0","ABFE1E2BDC37EBEB09A1D5FC1BE5F04255310B5F9B74518ECF7F4BED29E408BD","58689","pdfjs"
"regression\pdfjs\test\pdfs\bug1365930.pdf","3","7BB8264A454B28C47ED769D3E979970453F387E24B31766198490ED89F192408","21795","pdfjs"
"regression\pdfjs\test\pdfs\bug1392647.pdf","3","2EF23082AFD417C317A38EF7E1B76FB3DC1F1030F09D4033EE87CD200FB09F84","13139","pdfjs"
"regression\pdfjs\test\pdfs\bug1473809.pdf","0","99B99DE1B5EF23FD63FB42F9B9E57BF6C7A86C2AA5E096C98E3E465FC7CAC97A","178088","pdfjs"
"regression\pdfjs\test\pdfs\bug1513120_reduced.pdf","3","BF2BEB8F7CB17D5C93460342BFDF2C9F99FBE1FDD8A1359A57E4F04472B77627","30014","pdfjs"
"regression\pdfjs\test\pdfs\bug1529502.pdf","3","3DE7B3ADEBD6F2C347ACEC41CC121E3CC59FB75D03BA3E2C1F1750B38822E3ED","42652","pdfjs"
"regression\pdfjs\test\pdfs\bug1538111.pdf","3","9F9990BE0B363FBB1AD344A6E3F1A0AF0A79745A2061D51F8F2E95593ADED286","2068","pdfjs"
"regression\pdfjs\test\pdfs\bug1539074.1.pdf","0","3F782014F96D107A4B5BB34A6EF318296CC1189B40489A13CB370A47F4EA9157","6015","pdfjs"
"regression\pdfjs\test\pdfs\bug1539074.pdf","0","1DAA1ED8E6D2611C41E4072DAF226BE9BAD3D261B7A36783A4CC560790BE5ADF","6015","pdfjs"
"regression\pdfjs\test\pdfs\bug1552113.pdf","0","8EA1ED25B31215D5E3F21B09CB1F8F7D76CFDCFA9346B82CBE6C3291C43D0F78","901","pdfjs"
"regression\pdfjs\test\pdfs\bug1606566.pdf","3","6AA28594CF1220D0B4610F72449966B03CBDA8E21AAD499F2F1936F31B32C947","624","pdfjs"
"regression\pdfjs\test\pdfs\bug1627427_reduced.pdf","0","31E288B798EFE06F5EEE3A6CC3D1C6770ECD6C83408188F7EFF7538FD933D456","264448","pdfjs"
"regression\pdfjs\test\pdfs\bug1650302_reduced.pdf","3","126F650FC22544ECF451ADC4A321072261AB7EDEBA3926AEAB8DC92C441F06EE","38857","pdfjs"
"regression\pdfjs\test\pdfs\bug1669097.pdf","3","E2577BB34154C077A24C3AD9D7B9BD2642969BD73E7C6F93262A68B07C4E409D","6497","pdfjs"
"regression\pdfjs\test\pdfs\bug1669099.pdf","0","CE40A4F30D332478930EEA0318E4784DB5B3D6E4956BFFF8256BF765FA22181C","187596","pdfjs"
"regression\pdfjs\test\pdfs\bug1671312_ArialNarrow.pdf","0","665EE9F8A2F7C235509217AFDD302D152AF520097DBFC29259C22DEB11FAFA62","1913","pdfjs"
"regression\pdfjs\test\pdfs\bug1671312_reduced.pdf","3","0CF0EC3E99D072E32D067CAF90760ABA891CA4226231977538BD33A1226A1436","5748","pdfjs"
"regression\pdfjs\test\pdfs\bug1675139.pdf","3","13208F75B47EC152ACB103392F11E4FCC07EA1BC0489A28A0B9695C0987E1730","14835","pdfjs"
"regression\pdfjs\test\pdfs\bug1703683_page2_reduced.pdf","3","2466BF4BBEB96CC70847F7888661F3279A8E90363E70AFD9CA033834F65A94DB","330131","pdfjs"
"regression\pdfjs\test\pdfs\bug1708040.pdf","3","32E57CB1F32B4A23AF78FEADDD5C8C9841A907B28821CD574832760302BD0FC2","70324","pdfjs"
"regression\pdfjs\test\pdfs\bug1708041.pdf","0","2D22D016317756B4357E815633672229F8A09071B832FDC54DD0ABCF1E399430","38158","pdfjs"
"regression\pdfjs\test\pdfs\bug1721218_reduced.pdf","3","DC8DBB890CD0F802DEB8D486E2AA66B325B95E8579B11A3C60EFC9AD8F4DC81E","825329","pdfjs"
"regression\pdfjs\test\pdfs\bug1724918.pdf","3","E595A9F56A6CEA07D94F009F3F9735167694E81A86135665703848817A789372","13107","pdfjs"
"regression\pdfjs\test\pdfs\bug1727053.pdf","0","C2C8E7F07822AF1FDE821A7D9B8BAC2C82BE6B88D4EDEA400E11CB78A57D7F58","420987","pdfjs"
"regression\pdfjs\test\pdfs\bug1743245.pdf","0","345515157D5328CA96A2A943700C82C54676D7E9E41BE82F986FBFB64D250622","271984","pdfjs"
"regression\pdfjs\test\pdfs\bug1755507.pdf","3","27DBAA9DE89B5FD7C948639152B38F4EF1BAEB574D48A294C5AFC92835B94F8C","498287","pdfjs"
"regression\pdfjs\test\pdfs\bug1770750.pdf","3","CC753CD8C7525915BA84E4B6E6F745CE88A6BB6506B8AA440D28D7F7F9ECF745","7170","pdfjs"
"regression\pdfjs\test\pdfs\bug1771477.pdf","3","F7D7956BE8D2D5C067B677F251A5BB76CDB92E81E11AB690CE0063BF07CA0FA3","72422","pdfjs"
"regression\pdfjs\test\pdfs\bug1782186.pdf","2","4C021F37D739C8231CECAB5DDD1A93DB692F7BA81026315AE1CA39B9B710E86E","5879","pdfjs"
"regression\pdfjs\test\pdfs\bug1782564.pdf","0","16AE40DC86690006AD264E8118E1AF76614633D2DE736A1BBEE137DE6C7C8AD2","7743","pdfjs"
"regression\pdfjs\test\pdfs\bug1795263.pdf","3","25EA0EAAE9460DBC984C78CAFB94E59EF0117D5D29AE96D251AAB6079986DA9C","355886","pdfjs"
"regression\pdfjs\test\pdfs\bug1796741.pdf","0","C95E99349C4840302A2725D340F9D5D36713D1E8F1CD66D4FDA18F27641D3D22","7068","pdfjs"
"regression\pdfjs\test\pdfs\bug1799927.pdf","0","D64D9D210675175A27FD3BF0B5E956699DB5BEB3A95658C359E65FF100D855D7","13676","pdfjs"
"regression\pdfjs\test\pdfs\bug1802506.pdf","3","CA87DC30F63C6280A8FC4B6EBF494862B4605D42EEF2458595552C76C97CAFAD","9380","pdfjs"
"regression\pdfjs\test\pdfs\bug1802888.pdf","3","57BD7733A19D16473C09D16F7E2A7089B05D5C7BA786E2F15E7E7B459D09A54B","7553","pdfjs"
"regression\pdfjs\test\pdfs\bug1811510.pdf","0","F1B8A71A7E3257D9327800BC9A60ACFE1460C6A11F745D537D5D5191CA4A92DD","23841","pdfjs"
"regression\pdfjs\test\pdfs\bug1811668_reduced.pdf","2","5044D00DD3E315A38BD601A54B59930470869FC78A1BD3214630F9B70C284593","11894","pdfjs"
"regression\pdfjs\test\pdfs\bug1811694.pdf","3","CB948586AD27388CF810C5C2DEE7025DB553517E8E1F9E611CFDB491CAB52621","6805","pdfjs"
"regression\pdfjs\test\pdfs\bug1815476.pdf","3","0082E99F4205D82837C9FA1A5CD582184F9D147577DFD1EE02C970119FFE2EFD","134495","pdfjs"
"regression\pdfjs\test\pdfs\bug1820909.1.pdf","0","D996E19900DC356D35A9703F6EDEA254B62F989D642474668DF8634FA5E0E516","48031","pdfjs"
"regression\pdfjs\test\pdfs\bug1825002.pdf","3","40B2B2B6959F854A2CE655B61676A055E7CC6DDA78052A56F8DDFD76D661D2F1","6942","pdfjs"
"regression\pdfjs\test\pdfs\bug1844576.pdf","0","770174088E64373B3DF6310FDDB9E095F6C826A75F7DE97978A85FC4D3138A8D","8034","pdfjs"
"regression\pdfjs\test\pdfs\bug1844583.pdf","0","B4189DB1F27BAD678354137B1C13570AC0AA32CD474B9D85D51EE34F169634A9","9154","pdfjs"
"regression\pdfjs\test\pdfs\bug1851498.pdf","0","AFA65F26DEF762BC25F09C6FCF34DBF8D5D127BC6B3ECDA62625B082F7C1BB6D","5937","pdfjs"
"regression\pdfjs\test\pdfs\bug1863910.pdf","3","7B1EC211DD564622CAB4329F610AC6060CDADE2B8BA4E8E7DD7B6B96EE87F5FF","6796","pdfjs"
"regression\pdfjs\test\pdfs\bug1865341.pdf","0","B8F33D34CC3A77F6ED403CBFFD1BCDDB31291F52CA1E104F77040BE9B28F67CF","5618","pdfjs"
"regression\pdfjs\test\pdfs\bug1868759.pdf","0","466E32BB400E78A28BAF8A34B6ED6956304D2AB7E415C492A6F33D5118A9E783","73599","pdfjs"
"regression\pdfjs\test\pdfs\bug1871353.1.pdf","0","914A3EFA66D59B2E4939F08B3FAD45A1FA461E5AB39CCA7C04BCEE6DCF8E38C2","11786","pdfjs"
"regression\pdfjs\test\pdfs\bug1871353.pdf","0","F772D1423FE36CC6200240F9B1298D1481891B3F6FD4A4902F207B69D84C2F0B","5605","pdfjs"
"regression\pdfjs\test\pdfs\bug1872721.pdf","3","BB41C3DD65818C8499307547B3B90EC0E7DC45948586614DD08FB241F4E81D9C","10080","pdfjs"
"regression\pdfjs\test\pdfs\bug1873345.pdf","0","7C7DF480E9F1A2618F5DCB44BB21786CA4CE3E6FD59C13D19772A72F47A4CEC8","36918","pdfjs"
"regression\pdfjs\test\pdfs\bug1883609.pdf","0","D2F2CF1FD4985DEA4671882FA3A31356B9075DF49A511BA3105BD7DC5ED9A447","80690","pdfjs"
"regression\pdfjs\test\pdfs\bug1885505.pdf","3","D411E2804F2F8F146F7B893C6DA138460CC4D0ECFECE7192280328C532B1B7F9","109851","pdfjs"
"regression\pdfjs\test\pdfs\bug1889122.pdf","3","972C115D1797415E9F4ADB94143C9E4119C0FE8139BF9677E6909D7DFAD32FAF","6498","pdfjs"
"regression\pdfjs\test\pdfs\bug1898053_minimal.pdf","0","B6567B117FE9D42EE440962377A5CF3F7775CADE643466F7915EA2790317F1F6","741","pdfjs"
"regression\pdfjs\test\pdfs\bug1907000_reduced.pdf","0","61725C152FF2A8C20FD7F028334B46BAECBF8ACB0EF83CF15BCC4A9B33A9BE7E","15392","pdfjs"
"regression\pdfjs\test\pdfs\bug1918115.pdf","3","E1C5915C0B5EAFB37C0139920C579BA6F7179C743D6A33725FEB5A7DA054D9FF","13150","pdfjs"
"regression\pdfjs\test\pdfs\bug1919513.pdf","3","639701002E3B0BA4F2FBE616B5B369044BB02E39D4BC28AEB71FD3B2B6312B98","11206","pdfjs"
"regression\pdfjs\test\pdfs\bug1922766.pdf","3","811637CFCB1FDA838A71F5FF13E29016906FFAA53D9219DED4234A592AF322DD","13634","pdfjs"
"regression\pdfjs\test\pdfs\bug1934157.pdf","3","13A5548C69A71FB076BBFD2B5A5BDA5D0CD436451F0AE2FAE880B21094F7CB47","7065","pdfjs"
"regression\pdfjs\test\pdfs\bug1937438_af_from_latex.pdf","0","D0ED52C5298140BBE5BF9FB25A510667BF66BEFDCBC547C22C8A2652A26DFB36","39945","pdfjs"
"regression\pdfjs\test\pdfs\bug1937438_from_word.pdf","0","E03F741A8D0F6B6BBC811B39616F28D09FFB5098AB0F9EA89A0DFBD3F22E51B9","46285","pdfjs"
"regression\pdfjs\test\pdfs\bug1937438_mml_from_latex.pdf","0","5B23D74150CDCEF440519F66A1BEA90140077E33E7DD844BB18E55F430A3EA5A","43610","pdfjs"
"regression\pdfjs\test\pdfs\bug1942064.pdf","0","868C326EEBA76898678FE55969EFF5C994BB18B269462817751E97828E7E576C","10719","pdfjs"
"regression\pdfjs\test\pdfs\bug1947248_forms.pdf","3","3B7AC84716CE403F1502C7C4C7878E61E36970DFF3CB3FFA4FB78E2EEFEB75C1","12097","pdfjs"
"regression\pdfjs\test\pdfs\bug1947248_text.pdf","0","249C09E9E76AB30F11AA0CA9D06BFC3FEF40499810D6790134A43EE3BF838790","14504","pdfjs"
"regression\pdfjs\test\pdfs\bug1953099.pdf","3","B47FC82B437D9E7090E8D111A1C345B1912EF930BA4363C21D7EFF982B6C737B","49942","pdfjs"
"regression\pdfjs\test\pdfs\bug1963407.pdf","3","63D0D3CD21A43BADED17F1B1E69A96A0D390E98FEBBBCA111557F0341F007D98","6483","pdfjs"
"regression\pdfjs\test\pdfs\bug1974436.pdf","0","2172C6A5788E3E876E01B7F241A3DFEF32E5841B1ED84669E48E43A88237554D","49350","pdfjs"
"regression\pdfjs\test\pdfs\bug1978317.pdf","0","2DA2307AFEFE14C163F0F57A794C5199E9302EEC3FDC154896A05976E08C2727","1535205","pdfjs"
"regression\pdfjs\test\pdfs\bug1980958.pdf","3","777415748234D88F47F7AC09A3F620ED61F927089199698BE993266C8EBDDAAA","219","pdfjs"
"regression\pdfjs\test\pdfs\bug1989304.pdf","3","72143E0856CCD52FB1C368B30C4139441046D2EE49BDB9733DE0C315FD233A3A","10886","pdfjs"
"regression\pdfjs\test\pdfs\bug1992868.pdf","0","AF41AA0CD6CEF10543DD51C40F94B9876BDB1118316953BB2626D5B37005A134","1017948","pdfjs"
"regression\pdfjs\test\pdfs\bug1997343.pdf","0","759755768FBEBF2B4EA36DCAA45520FBF66249D6A5844A5EBEECB62D5DFBB37C","189463","pdfjs"
"regression\pdfjs\test\pdfs\bug2004951.pdf","0","03996344AB293D7636929C39040E4450D395EC0C78E1D590BA7205D7C0580B06","59721","pdfjs"
"regression\pdfjs\test\pdfs\bug2009627.pdf","0","1FEBF685FDA55A8F3FADD5FF912C682F5560CF2DB00B91C6E76BA830DA114F31","40781","pdfjs"
"regression\pdfjs\test\pdfs\bug2013793.pdf","0","FFB3C15C52194D3921E0EBD11202F07AA30C73994F40E5D825DEA09E00B94B99","72444","pdfjs"
"regression\pdfjs\test\pdfs\bug2014080.pdf","0","760E55B16D2005AFE0C02CFC0F83BF52F7A08CA48191B3E3DEFDE898ECF10142","33325","pdfjs"
"regression\pdfjs\test\pdfs\bug2025674.pdf","0","66A3C3202C4539C4648108BFFA6654BF4AE079333BF297CE26CFB79A719819E7","25998","pdfjs"
"regression\pdfjs\test\pdfs\bug2026037.pdf","3","49616B4906759B40DC737B5117A241C352ADD3B7C9C2A86B7805DA146F95591D","6671","pdfjs"
"regression\pdfjs\test\pdfs\bug2035197_1.pdf","0","F6D2050EBEC32F2A5CC06F2492B41CC48BC93E6EE4805ABF24D10E37D57891C8","784","pdfjs"
"regression\pdfjs\test\pdfs\bug2035197_2.pdf","0","E3DF284D8660C661A9F9D2269AEE19F685A3763109B7B931B1AA1F256127E678","661","pdfjs"
"regression\pdfjs\test\pdfs\bug2055455.pdf","0","84F1B0CA125E4BD295A8A0B8CDD36FBC102722A6EB72561926C89B21216CC7DC","1518","pdfjs"
"regression\pdfjs\test\pdfs\bug766086.pdf","0","023B2AB617E79E41FF9F72C491E5962BCBEF945767617E7CEDBBC06983A17753","860","pdfjs"
"regression\pdfjs\test\pdfs\bug793632.pdf","3","D17A52F8B60B7BDFC97C7089071EB79DC7027BD01734D6D74F30C179C99D2B9F","23529","pdfjs"
"regression\pdfjs\test\pdfs\bug816075.pdf","3","DBF00808AB28AB2F1D8B5FFAC06059A01D85DA4AEFD842DA0B6CA95803F72F9D","21049","pdfjs"
"regression\pdfjs\test\pdfs\bug847420.pdf","3","FE901E3BB96F249ADF75DC06E3E1FC852B74608DB0E6D35F2CD2A1846E03A927","1840","pdfjs"
"regression\pdfjs\test\pdfs\bug850854.pdf","3","151F5A00F2D560425F88D4B4ADAB5D0CD1198F35276F5B44AAA45412A0A61022","667","pdfjs"
"regression\pdfjs\test\pdfs\bug852992_reduced.pdf","0","385640F3EF3A84D460B2393DEAA3B3582BABFD22DE92258A806537D224D31ADD","2191","pdfjs"
"regression\pdfjs\test\pdfs\bug854315.pdf","0","1C724B79F68BEAFD4470C58D106E6DFAAD87E1A51C84623120F58E7E774850DD","107532","pdfjs"
"regression\pdfjs\test\pdfs\bug859204.pdf","3","2ACCF1F25F490466741C7FAB3012FDE4B0F3A059D6EC2495DA6598739254F561","42569","pdfjs"
"regression\pdfjs\test\pdfs\bug860632.pdf","3","C1176B74FA154AFDD6CAB286CEAC8B3F6C8C32E3D8FDF7D6261147E0A0A9E95C","33087","pdfjs"
"regression\pdfjs\test\pdfs\bug864847.pdf","0","7DE6E60A02F6900156C17D3664D105E7F48E66D470674C7F83E78DDD42144009","1252","pdfjs"
"regression\pdfjs\test\pdfs\bug866395.pdf","3","341016CCD4B55EBB05376555BE04141F7F5B469168B9E12C5AB394097E7F3C32","1879","pdfjs"
"regression\pdfjs\test\pdfs\bug868745.pdf","3","EC1DABB86C4075C8A2A3AE3EDEAA58093200ACD2BF34D88A8D0D96671DED7DF0","23766","pdfjs"
"regression\pdfjs\test\pdfs\bug878026.pdf","3","1A4FA12A5DA26F53DA5DEDE3F0FFF19AAECEA659F0DB76F945D0B87F6D3DF066","676","pdfjs"
"regression\pdfjs\test\pdfs\bug886717.pdf","3","ECB11C144044BE8A8BB6CC45A6B85C12640650CB8CF3F57108A0A15DA6F37B4C","133458","pdfjs"
"regression\pdfjs\test\pdfs\bug893730.pdf","3","60AEE39373D852E5A9A2854D8C68B5FD90ADB36D33B40F769668763DF855B2FC","30845","pdfjs"
"regression\pdfjs\test\pdfs\bug894572.pdf","0","074B76DF956C16C21058F65EB35713206EC436531BA350FC01152A2D61893635","41937","pdfjs"
"regression\pdfjs\test\pdfs\bug898853.pdf","3","CA304FBA6BD71022A7D5D6E1F86AB7765B7D898E5535015CE1709504AE7EE9CD","15861","pdfjs"
"regression\pdfjs\test\pdfs\bug900822.pdf","0","76FF1EE293CD3A447B737F882840AF70E50627F3010170FE3C1581090BE8FD61","166510","pdfjs"
"regression\pdfjs\test\pdfs\bug903856.pdf","3","799C57D103916A621FDE4390594BD1B32AEA2DCCB7908E7A53BDC02DAA1E990C","8439","pdfjs"
"regression\pdfjs\test\pdfs\bug911034.pdf","0","C460226A3942A5CB5C106D2573F345C6838511C6ECEF91586EEC052D7E5CEF6B","56514","pdfjs"
"regression\pdfjs\test\pdfs\bug920426.pdf","0","643E84780A938A5CAB443865AC9780919C19D6130F8D4B423CBF26C3A724E328","392084","pdfjs"
"regression\pdfjs\test\pdfs\bug921409.pdf","3","16DC0443EF3DD55A5AE5B01A6CC7F177965DB8FA54356C25F863CCDA57314225","44438","pdfjs"
"regression\pdfjs\test\pdfs\bug946506.pdf","0","3B1E144572EF6DB1555B7D305597B34135FE98593F5BBE73FAFFB9F8A4BB2267","20555","pdfjs"
"regression\pdfjs\test\pdfs\calgray.pdf","0","5521110FBE2A8CF1D299B3A9D9A03D0DB928DE7ADDFA2EA50E32FB440575FC12","15093","pdfjs"
"regression\pdfjs\test\pdfs\calrgb.pdf","0","C59544AF2BDCE1E53E28359A8320F26C90F7F5FCF7B294C3D2D8A35ABCCD9428","322053","pdfjs"
"regression\pdfjs\test\pdfs\canvas.pdf","0","3548B2605BEF8FF9656EFE8EF8FD94814DFBCF94F547C7D1FF8603E8A46CEF6B","150904","pdfjs"
"regression\pdfjs\test\pdfs\ccitt_EndOfBlock_false.pdf","0","F2289B94E7E3F05F9E37754C399D3F525EDF9444FB32C3279959CF64B575FE62","3256","pdfjs"
"regression\pdfjs\test\pdfs\cff_bluescale_small_zones.pdf","0","82EB3D45411342F622E5A785280821ABDADEFAADE3A3789F2906BDA2B22A5D8F","9708","pdfjs"
"regression\pdfjs\test\pdfs\checkbox_no_appearance.pdf","0","31E82E933F4D4664C6AE1C4418CC44EFCE0C614C10C85C34B515B38E04E08BCD","694","pdfjs"
"regression\pdfjs\test\pdfs\checkbox-bad-appearance.pdf","0","0CD13BF7375A2B6B9B01BB694AEFCFE9DAC225105CB9AD7E03798783B3318AD9","19872","pdfjs"
"regression\pdfjs\test\pdfs\chrome-text-selection-markedContent.pdf","0","256551A6DABF4AE27B603A820BC58A15FA082919B023C7A181B491B92EF05B44","137291","pdfjs"
"regression\pdfjs\test\pdfs\cid_cff.pdf","0","D894D356411217414FD9040D3D038612E1F4A1598936B2385A76458DD6D64D38","19970","pdfjs"
"regression\pdfjs\test\pdfs\cidfont_cmap_overflow.pdf","0","ECB07CA4B3C6A9FD408DB07C29C7E4426FB1BD6EE9E2BBDFA4997B65BE602C13","94168","pdfjs"
"regression\pdfjs\test\pdfs\clippath.pdf","3","CBCBF53E8109ED56F9A3FBC696081455C8A5D32CC5CFF4E741E85250788DCBFF","459","pdfjs"
"regression\pdfjs\test\pdfs\close-path-bug.pdf","3","7FD3763B267AC95EA7A0D2796D154EB9D3C77713F0812A3D1B86A9E39C66C83F","1451","pdfjs"
"regression\pdfjs\test\pdfs\cmykjpeg.pdf","0","659D6B19912F63DB988B0B26B9BDE0E6D8100667EF162051A4A84EA8E5B90272","374080","pdfjs"
"regression\pdfjs\test\pdfs\colorkeymask.pdf","0","655A470881A3BC4FAC682ABE88522C86C11FF41D08ECF94FAE2F53ECD0C2D27C","161533","pdfjs"
"regression\pdfjs\test\pdfs\colors.pdf","0","EE955D64B54DB15DF2C571EDC0DA2DD5AE16479E2F29B5A7969AC9985A4C2FBC","2591","pdfjs"
"regression\pdfjs\test\pdfs\colorspace_atan.pdf","0","D2BDD7636786D28AAD52DB4B466D5136CDD4750DD6C892A061DB1A57537187F5","140340","pdfjs"
"regression\pdfjs\test\pdfs\colorspace_cos.pdf","0","C5BC7FBAC9BF7E5A7B5DC9C463E7037ACE78A3DD07D6D652E89AF5D2CCC72AD3","140325","pdfjs"
"regression\pdfjs\test\pdfs\colorspace_sin.pdf","0","4654651F46981FCD5A9BF7F7D171C417A3EEECC6310880F6A76129C95BB03394","140325","pdfjs"
"regression\pdfjs\test\pdfs\comments.pdf","3","283B215DB9937FCDF148B22E7310892D148E43047BCCFFA6BF56EB4156592E5D","1065760","pdfjs"
"regression\pdfjs\test\pdfs\complex_ttf_font.pdf","0","4B205D3FD11E7AD2B9B86CC446561909D48DD9E0B38327CFD69D0FDEB6C28E14","57178","pdfjs"
"regression\pdfjs\test\pdfs\ContentStreamCycleType3insideType3.pdf","0","131AEC277C444C985D502E5F589F37735D275A8EA247C1BEEDBA0781FBE99D40","2440","pdfjs"
"regression\pdfjs\test\pdfs\ContentStreamNoCycleType3insideType3.pdf","0","CFFDDCA28E1B55DBA97257A3045BFC83F6DAF800DCECBED58697057D493F5DD6","2440","pdfjs"
"regression\pdfjs\test\pdfs\coons-allflags-withfunction.pdf","0","8651B10026886EC8E4DD8CAD4B13B966AED6FE27BBCC34F8FE4931F0B0EFE1FF","3285","pdfjs"
"regression\pdfjs\test\pdfs\copy_paste_ligatures.pdf","0","3A6948CA33558A0F1C9DABF70902E14E263E814B6A12DA44BA8EC9439C0BAFDD","32408","pdfjs"
"regression\pdfjs\test\pdfs\dates_save.pdf","0","4DFB9F581223CB103B1E95E50BFBBE41BA455E258298A923B2E702683E436F32","8797","pdfjs"
"regression\pdfjs\test\pdfs\dates.pdf","3","7BF9B6C569B52ADF0C73FF608AA0353D7E8DD22E9CDB97EED95B38BBA2A66027","7087","pdfjs"
"regression\pdfjs\test\pdfs\decodeACSuccessive.pdf","0","D16F424D58A5202DE45BA9DF3D9E0641162483607982F46A3A01A72F378E39E1","2867","pdfjs"
"regression\pdfjs\test\pdfs\devicen.pdf","0","1FBAF094E1C714513AEA19258E74269B6B5365EA769E288A8E142773F6CF2B94","15751","pdfjs"
"regression\pdfjs\test\pdfs\doc_1_3_pages.pdf","3","AA14B7D6F0BDA78B664420324567CB03D07C1E3B803FB35628A2BD3CE83A0EC4","12091","pdfjs"
"regression\pdfjs\test\pdfs\doc_2_3_pages.pdf","0","2AA58F3C1FD4C204AA7136930FADD9733503C552E1004E63F39AC6AFAF7A88BD","39598","pdfjs"
"regression\pdfjs\test\pdfs\doc_3_3_pages.pdf","0","3CF0390D93E09A4D29BABE75670B85B039AC934CB115A62DE693F931C10B3A3B","40746","pdfjs"
"regression\pdfjs\test\pdfs\doc_actions.pdf","0","828E5CA11CFF202835D25F2B04DB460B5434B8196A007B152AC206BEDF23310D","8752","pdfjs"
"regression\pdfjs\test\pdfs\Embedded_font.pdf","0","4B7588E070CD37C7CFA2CE0A493BA9EC6D57FB36A2CA3C6AB50C74A7818A2F9A","3323","pdfjs"
"regression\pdfjs\test\pdfs\empty_protected.pdf","3","69556AF04215FAEC7DA3E93E823C64F1B74679E52FD10379176F0E0462DD4B6C","5605","pdfjs"
"regression\pdfjs\test\pdfs\empty.pdf","3","FCEE6184C0D776126782CD2799797B106373278C8EA0A4354EE4E33CD8663D51","4920","pdfjs"
"regression\pdfjs\test\pdfs\encrypted-attachment.pdf","2","0F44DA5152ADF8CAFCD7B0057D840310D78E17D033EE5414DA0881B6DCD130AB","2719","pdfjs"
"regression\pdfjs\test\pdfs\endchar.pdf","3","8B049B9F5C17003444ACE7ED3B383A0041AC507A3751D2821F6F4E10E1E9DE05","18985","pdfjs"
"regression\pdfjs\test\pdfs\evaljs.pdf","3","DAD709EC8C7197FEE70BCF053DCF8609D4F05E1830C96C4AF51C85E83957C995","55450","pdfjs"
"regression\pdfjs\test\pdfs\extgstate.pdf","0","D347D818730F1F5B04E033B4B1C2AC815351934AD904BE89C8923A3E834889A4","1253","pdfjs"
"regression\pdfjs\test\pdfs\extract_link.pdf","3","222F26FE0A53587EBA7C1DC6D99CDEBC78F80C3316D5502B3E64134C20FC5741","10213","pdfjs"
"regression\pdfjs\test\pdfs\extractPages_null_in_array.pdf","0","37C087807B2A6A0A4545A077EE45EBB23C3D297E0307FEEBD1897391D23FA843","360","pdfjs"
"regression\pdfjs\test\pdfs\fields_order.pdf","3","21194A83042BD17908980D7DAE75CAD6E21030F74BE1821168D05E42D09475B4","7661","pdfjs"
"regression\pdfjs\test\pdfs\file_pdfjs_form.pdf","0","808AF1E794952475E8AF824AD1EE6AC41D6646DE122E5AC91975E75B0951C80B","8586","pdfjs"
"regression\pdfjs\test\pdfs\file_pdfjs_test.pdf","0","851FB6BFA4143203A284833C38138DF1914A7CCCA5E911DFAEF8EB4E17E66B49","150611","pdfjs"
"regression\pdfjs\test\pdfs\file_url_link.pdf","0","008215B7CCD2CAA787789140DE7321E36225B6A545442212A6650803C1B820DF","856","pdfjs"
"regression\pdfjs\test\pdfs\filled-background.pdf","3","26FD407CDFE12EC60BEA574B04CB0202F065145BD53FBCDF5C0061BB7547843F","401129","pdfjs"
"regression\pdfjs\test\pdfs\find_all.pdf","0","A6AD42674947BC2E8A8941CA9EF275D482C50D7BF0B655DB20A280EDF623B613","10432","pdfjs"
"regression\pdfjs\test\pdfs\firefox_logo.pdf","0","1271675BE69A80DAC7D4B4A5BCE63E5025D1763C810F1EFE56EE96CAD17F0A7F","234678","pdfjs"
"regression\pdfjs\test\pdfs\firefox_stamp.pdf","3","FCCEFA24F4302E27ADB96F5647EC4C987EB8297EFE5AF4F3A6C60F18305897CA","48667","pdfjs"
"regression\pdfjs\test\pdfs\font_ascent_descent.pdf","3","AC32F419E728D1FA96DAA24172871F8D38CF7AD6A7F3076A2F86B76A6811517E","15056","pdfjs"
"regression\pdfjs\test\pdfs\form_two_pages.pdf","0","6D7C608D0102FA1E1B3CBC2C3B0A989783E90F84FF1A7FE7CBDB6DC2A1B60FBD","23136","pdfjs"
"regression\pdfjs\test\pdfs\fraction-highlight.pdf","0","132070EB4D5EBA316A1F7811708DAB7B7C28B3C81C853237F6CBBA93B904A11C","34393","pdfjs"
"regression\pdfjs\test\pdfs\franz_2.pdf","0","BF94C3EC8D6E97DB4A5F828E1C61D0CFBE02730EF40F40A0AA2C67E44CD1158B","2828","pdfjs"
"regression\pdfjs\test\pdfs\franz.pdf","0","050AE194D21D9B257DB62B85CDB632178BBCF71FD7E26C13E75E473A3FA4E8EA","2805","pdfjs"
"regression\pdfjs\test\pdfs\freeculture.pdf","3","753441C619C529C8D0FC3E7E470F07C9547838FC7229BEA8C1DCF854ACEE03B4","2598727","pdfjs"
"regression\pdfjs\test\pdfs\freetext_no_appearance.pdf","0","870554855B0703CEC4140A873EDCFB3096BD604FE6CB6460D2A73475370AEE7C","6697","pdfjs"
"regression\pdfjs\test\pdfs\freetexts.pdf","0","FE9585DDD465DA48CA94866BCBD15A25672C58962FCA30953F07DF0974AAEC75","44273","pdfjs"
"regression\pdfjs\test\pdfs\french_diacritics.pdf","0","EB6AF7155988924CA0BA75CD95D21A93EA730B77B111DACB5D6599FA00867194","10500","pdfjs"
"regression\pdfjs\test\pdfs\function_based_shading_cmyk.pdf","0","C624D33B595AF80746DD96F6440D335A30B1BEE3E484D9B0B2CFB0CD54C62BE3","3266","pdfjs"
"regression\pdfjs\test\pdfs\function_based_shading.pdf","0","21A0D4951F2D45F86D90DD9BAC824805B54B2BD2FEFE6EFAD763D227D484ED64","3869","pdfjs"
"regression\pdfjs\test\pdfs\german-umlaut-r.pdf","0","B1A6C55230C70A885D9CE0BE1B2A80A7C451B506D4A81C7EF540BDA426F7A1AA","14591","pdfjs"
"regression\pdfjs\test\pdfs\GHOSTSCRIPT-698804-1-fuzzed.pdf","3","62E518CA7894E8B8B8ED9927DA3007CDC5E9CCC5B111BBB22D6101D4A8D7490E","627","pdfjs"
"regression\pdfjs\test\pdfs\glyph_accent.pdf","3","556DA20F31754BCFABD6821B39E4D97EA569FD91363A19EF9B16CDEC0F95A68E","5490","pdfjs"
"regression\pdfjs\test\pdfs\gradientfill.pdf","0","47DF49B25ADF1CC4048C3EC2051F1B304535B5D99090BBFB6EAF2F7A45E0BB14","1444","pdfjs"
"regression\pdfjs\test\pdfs\hello_world_rotated.pdf","0","AB0CB700CD5E5338FD676DFCA25BECAE800ACD2BE03A4E57856485B8CFD2D28B","1324","pdfjs"
"regression\pdfjs\test\pdfs\helloworld-bad.pdf","3","C3E22EA5D7E6F5B7218D76ABCE4284728889DF516A93C1B74A82C4FD69AA1639","745","pdfjs"
"regression\pdfjs\test\pdfs\highlight_popup.pdf","3","C7BCBBC375995DBB04277596CB87233A614A97DE8DCBB63D4AE7660DF4CC3D8B","12160","pdfjs"
"regression\pdfjs\test\pdfs\highlight.pdf","0","AD646D6A4B730C28BA9816C9A6A0B42F44B7D6795971B40503A0A4DA3B771B76","12710","pdfjs"
"regression\pdfjs\test\pdfs\highlights.pdf","3","025A8235824DA8FDC2A73503D78EC0A658EB9F6620380108807E27013AE3A07D","969276","pdfjs"
"regression\pdfjs\test\pdfs\IdentityToUnicodeMap_charCodeOf.pdf","0","81243FF4CCA5F7898688008224247D88534CD03E76AC3CBBDC38F925CFBEE18F","651","pdfjs"
"regression\pdfjs\test\pdfs\image-rotated-black-white-ratio.pdf","0","DD884A5F5676D5E32CD70590F793238FADDEDBD6D135918735C0C99B89E28279","1954","pdfjs"
"regression\pdfjs\test\pdfs\images_1bit_grayscale.pdf","0","AFBED07B9FE25563B2604B81CD7186C91D4356E5428A05322B8B7EAE88301E24","4573","pdfjs"
"regression\pdfjs\test\pdfs\images.pdf","0","F7A44CA650D951CFEA007440CDA297DABBF2CF0C8F77A948A580CC0E99496725","1494439","pdfjs"
"regression\pdfjs\test\pdfs\IndexedCS_negative_and_high.pdf","0","818053A2BF343F31F4AD0B48EB2837EB3B43A4543C9FEB6269A9F653FBCEE59E","1798","pdfjs"
"regression\pdfjs\test\pdfs\inks_basic.pdf","0","4EC505003DE71E57F4C24F33B92AB2D63461C34C9165243C12BD8DD64C1ADD9D","7483","pdfjs"
"regression\pdfjs\test\pdfs\inks.pdf","0","9877D54F90BBBBFFC2E439EDD1DAD8DA558E08A40396D5FD90590FF9C4635CD3","108628","pdfjs"
"regression\pdfjs\test\pdfs\issue_cff_unsigned_bbox.pdf","0","F91DC7DC6D4D9488F8C3D0DD37BC97B3EB0C5CCCC28AA179DF4BA486147994AF","2796","pdfjs"
"regression\pdfjs\test\pdfs\issue1002.pdf","0","F56A73D0CE26F32E5B944F079EA2A34ABCB3032E0E5BE661C3CEAF337C17ABED","19172","pdfjs"
"regression\pdfjs\test\pdfs\issue10084_reduced.pdf","3","7920065EC84E4B2FA3224736CE9F1DD35623BE1D147A0204512A65A1AC78FB5E","15165","pdfjs"
"regression\pdfjs\test\pdfs\issue10301.pdf","0","8F0824799C19C3385B90DADD2F0A58494B245962E8A62E9F36F559B01CB2E572","31364","pdfjs"
"regression\pdfjs\test\pdfs\issue10339_reduced.pdf","0","7D2E9133129D33F5BA17C7701A3A98E3BA37777BF5DEE593A4BC0AB1DD8A4926","1819","pdfjs"
"regression\pdfjs\test\pdfs\issue10388_reduced.pdf","0","3AA6B6C86FAFCC009E81917757C69BD485208A381976A36E685CC040390EC9C5","1127","pdfjs"
"regression\pdfjs\test\pdfs\issue10402.pdf","0","F19AA17AAE85E18E441363CE927D8D793D41EB59EA811D0332EBBB536F0C58F9","20955","pdfjs"
"regression\pdfjs\test\pdfs\issue10438_reduced.pdf","3","C30600728C95C1C851E7FC3C36A3E95B71C431BF89D2277CFE5C04AD569623F8","723","pdfjs"
"regression\pdfjs\test\pdfs\issue1045.pdf","3","12CC65E222F51D7885EF5C5901BF38BD331315C9F599611939620FCDB4A4BBC4","22741","pdfjs"
"regression\pdfjs\test\pdfs\issue10519_reduced.pdf","0","621AC4A7DF310B44D2F4C37067465E86C60D819C186B49C6F225D5CD2FF8F567","13286","pdfjs"
"regression\pdfjs\test\pdfs\issue10529.pdf","0","01E1ABC883C25E4B7D952D260717DA5F533B23CCD8D5B10D95F4D8581B294F42","120681","pdfjs"
"regression\pdfjs\test\pdfs\issue10542_reduced.pdf","0","7DCCC9576825869CC5CEF1BAA9982551B6C91928FDBEF4D91183BD1AD5FEBBC5","930","pdfjs"
"regression\pdfjs\test\pdfs\issue1055r.pdf","0","72B7E38E23C71D59BAAEE17BE567EE6B9B06EEBDC280301B547E15B543C8906E","1016","pdfjs"
"regression\pdfjs\test\pdfs\issue10572.pdf","0","5A68F8CD68C301254AF84F1472708F19640982BFDE4CE560AE090E05F6C091BB","3727","pdfjs"
"regression\pdfjs\test\pdfs\issue10640.pdf","0","2F07579B9F8044CB887E6DA59A92DF65047E0ED42D79B67085D0F89045B1D53B","50264","pdfjs"
"regression\pdfjs\test\pdfs\issue10665_reduced.pdf","0","5F24B3626A16E92F298D6085B19B780C66CC0AD7B4E6F0E2DDB5080B5462A909","8809","pdfjs"
"regression\pdfjs\test\pdfs\issue10900.pdf","3","54F5E3A559CC7C053051E716A09245ABD7CF1835EA777C62F050F7F54963CAEC","34085","pdfjs"
"regression\pdfjs\test\pdfs\issue11016_reduced.pdf","0","94860E22826AB3297FFB94D6DEB52DE5FFB2D27251AA4D17BEF1D1EDBD1D9D3F","5558","pdfjs"
"regression\pdfjs\test\pdfs\issue11045.pdf","0","16E57E98A1A5560F2DCAA8315570DA1193D5F52E20393EA8572CE37C54C7A755","40875","pdfjs"
"regression\pdfjs\test\pdfs\issue11124.pdf","0","6D81255DB53B94E361CD33245114DE781172B8B75A9A62562F8B7AABD091BE62","756","pdfjs"
"regression\pdfjs\test\pdfs\issue11131_reduced.pdf","3","D4D492C6B5DBF6B635F87656210372BD2E3860710D33B9F5C9B7EED841588B06","28267","pdfjs"
"regression\pdfjs\test\pdfs\issue11144_reduced.pdf","0","3342FA04CB3BD01BED1BE5EE26256951F7B9EF900132EE2DD2B20A2621B22A2D","98144","pdfjs"
"regression\pdfjs\test\pdfs\issue11150_reduced.pdf","0","39B6F068DCCD68989952F5AA1D412933F1157FECB001B1428AA672E7B257BA8F","32378","pdfjs"
"regression\pdfjs\test\pdfs\issue11242_reduced.pdf","0","5A0E04C31091E09D26E76C3016F3E5E1B2672551DA79AC4307EEB28202046F30","2751","pdfjs"
"regression\pdfjs\test\pdfs\issue11279.pdf","0","A3F0FAA35016387C3DB4161D6DAFE044B5E926B277670B4B89BC49C8C80118D5","2369","pdfjs"
"regression\pdfjs\test\pdfs\issue11362.pdf","0","BAB476FE97C08D547E10CC11913C9C05E9A3EC43755548578864A729DB457B33","2922","pdfjs"
"regression\pdfjs\test\pdfs\issue11403_reduced.pdf","0","59B9B55AC24227646C77B395566FAEED643E43EC9A2E5E766A5BA883B2CCF89B","1970","pdfjs"
"regression\pdfjs\test\pdfs\issue11442_reduced.pdf","0","BBB15963B61CCA5B9DD594E5FAD5B527D02C1D497D6336CEFE76EB444DE2CC6E","689","pdfjs"
"regression\pdfjs\test\pdfs\issue11473.pdf","0","0A5B41AEA451778065D1D4AFF11BDC6537FB25CA956019F02B64C0F8FFCF1B34","15028","pdfjs"
"regression\pdfjs\test\pdfs\issue11477_reduced.pdf","0","DE4388F1C2A08BC57DC50640D580C9E184A21E48F832D5C484939E758CB76201","25469","pdfjs"
"regression\pdfjs\test\pdfs\issue11549_reduced.pdf","3","13BA78671C0CEAAFFB10878E6C153C18924DB5AFCD54CC7F038EB85FB10E28B1","25629","pdfjs"
"regression\pdfjs\test\pdfs\issue11555.pdf","0","41F4ECBF71F0AD13F558CE11E34E41D64A0A5347E225C8E6BDAE20263F83A173","1132","pdfjs"
"regression\pdfjs\test\pdfs\issue1155r.pdf","0","6BBB946B14C20B45835B6873C052A9BE27982C57C50EED6E11682CE14E517ACC","776","pdfjs"
"regression\pdfjs\test\pdfs\issue11578_reduced.pdf","0","734E0D9EF23BD4100171D396901349887DF4CC3803FED1790FA5552764F9C639","1359","pdfjs"
"regression\pdfjs\test\pdfs\issue11651.pdf","3","DBBE8B9A376318E0E525C939AF007E21EE78C22000CBE4855F61D7F9E50D1B27","23047","pdfjs"
"regression\pdfjs\test\pdfs\issue11656.pdf","0","73A430A80708D8574D11E66DAB26937BCBBFC1A167470E59020611EC739639FA","28291","pdfjs"
"regression\pdfjs\test\pdfs\issue11697_reduced.pdf","0","F1A180D986D395FDFEF8A901D42FD482E2B8C58D324EE022151E03A185E15EA4","10007","pdfjs"
"regression\pdfjs\test\pdfs\issue1171.pdf","3","558A09F9C02821C7BB75FE4C7F808FA0B47B9484D63AA4A5E8BDCBA28B233023","1939","pdfjs"
"regression\pdfjs\test\pdfs\issue11713.pdf","0","75C11858C0CBA8EF5F16F00E01E7A737E28736CCBC04A50E9A461A1A4716710A","6652","pdfjs"
"regression\pdfjs\test\pdfs\issue11718_reduced.pdf","0","D50586144823418248B267F4888A85596CB94E80CC0C0CF4DF7B478A910BA5A1","10080","pdfjs"
"regression\pdfjs\test\pdfs\issue11740_reduced.pdf","0","EDA5E5C96E9839F81002A6848E2DB6FC2B2471CAAD314524D757F9B11832EBD4","22335","pdfjs"
"regression\pdfjs\test\pdfs\issue11768_reduced.pdf","0","1DC14FEFD828C389C9D7BDF319A9AB75403E380BCCA9BCD26821393DF5B11CEA","81167","pdfjs"
"regression\pdfjs\test\pdfs\issue11878_reduced.pdf","0","7A0811004DCE1F71044681082FC67F743D3A275ECA07403A11178B83A78BEA20","2051","pdfjs"
"regression\pdfjs\test\pdfs\issue11913.pdf","0","996DA6EEBC2C04487AB8CDA464CCD6EF02148F4813C54A400A9E151CEEEC844F","33577","pdfjs"
"regression\pdfjs\test\pdfs\issue11915.pdf","0","BB2710E5A820A5B8BAEC18180A23C802FD03BC0D0D29018434029BD8F1CF813D","7729","pdfjs"
"regression\pdfjs\test\pdfs\issue11922_reduced.pdf","0","BC87B83B28BF4201B8A34C6EFA27ACE31B850CAEFFC45EECA896BEC9E2FAA444","1001563","pdfjs"
"regression\pdfjs\test\pdfs\issue11931.pdf","0","EDDC1E88D48FEC0E37C7EA9B717A10A47FDAE9E78DBAE286713061BBEAC22332","6671","pdfjs"
"regression\pdfjs\test\pdfs\issue12007_reduced.pdf","3","C04BE73CA8C7CF43700531EAF65168B4E9269014F1E66C919FA8E61EDDEE507D","253720","pdfjs"
"regression\pdfjs\test\pdfs\issue12010_reduced.pdf","0","001AE6A22AE89927CBC6126DACCB4723E0415BB11B1C9C68EA980FBC0D6AF885","795","pdfjs"
"regression\pdfjs\test\pdfs\issue12120_reduced.pdf","3","138DF0558CFB5CA190A789A98049003C594F7772E9011E40277B57A6E1C47C82","21859","pdfjs"
"regression\pdfjs\test\pdfs\issue12213.pdf","0","73ABD2A46C22AFC6F67A035CC143C7E3FC0E111ED41C5CB627429D50BCEFBD32","14610","pdfjs"
"regression\pdfjs\test\pdfs\issue12295.pdf","0","B4F8476DB03A9F1E3359D13FD83700942DA16AB71B5C46A922E97F3DE5F8F90C","375776","pdfjs"
"regression\pdfjs\test\pdfs\issue12337.pdf","0","15AC6C9EB5C04719C49632BBC3138F9EF1C1A8B87F767AB5161302A114523CB3","1016953","pdfjs"
"regression\pdfjs\test\pdfs\issue12399_reduced.pdf","0","179C6C01981136C5AAFEA2F3062DFC318BF04E1AA9A029083A0264230D3BD48A","7552","pdfjs"
"regression\pdfjs\test\pdfs\issue12418_reduced.pdf","0","F12D1054FBD242A85E10FB2A30C2BC2346E60CD3F4DDA4D8AD8FD89B0505B328","25365","pdfjs"
"regression\pdfjs\test\pdfs\issue1249.pdf","0","20CD02A40FB5C869F0D4428C9E066C95DCBB7D8F2601DA7C8CDF426F98B30AF7","68783","pdfjs"
"regression\pdfjs\test\pdfs\issue12504.pdf","0","4E9EAC3C7F46B806D7F03186D39240EE8E67000C09CAA978A8EA4A6F7DD1B362","25476","pdfjs"
"regression\pdfjs\test\pdfs\issue12705.pdf","0","440945A5AC7E97D15A706B290B5F46BF7745F342477EFE4437F0BD6E8A00CDEC","53894","pdfjs"
"regression\pdfjs\test\pdfs\issue12706.pdf","0","2349411EBAAF6EB2E226448756988CA7E997E8216A2101040D68BCFBD5046DDF","47808","pdfjs"
"regression\pdfjs\test\pdfs\issue12750.pdf","0","8A82CD894DE56F090BBC1218BBF5EB0EF606907422B901FDBBA7BD45692ED612","26802","pdfjs"
"regression\pdfjs\test\pdfs\issue12798_page1_reduced.pdf","3","E94DA08AAE5A5DDE73B99D80EC7DA8C997C045CB16B09CFC92B9080511259FD0","128707","pdfjs"
"regression\pdfjs\test\pdfs\issue12810.pdf","0","412C956EDDA0AFFC24E18BFCB86AB844876F0601748A88BB22D207BE85AFE145","253783","pdfjs"
"regression\pdfjs\test\pdfs\issue12823.pdf","0","56E73C75D84623F0326DB93A6A891C16FEB32184BC4DDB350AFC58E6DB3E1428","70681","pdfjs"
"regression\pdfjs\test\pdfs\issue12841_reduced.pdf","3","0EDAD3C5BAFA7F778580D838385830610423845AE26D4A93C1EF15DD60B6EDCB","5852805","pdfjs"
"regression\pdfjs\test\pdfs\issue1293r.pdf","3","DDAEC949A147AABDA320284CD174950D9B0F7EA8B14C99AC73BF9F4A2DBDE21F","621","pdfjs"
"regression\pdfjs\test\pdfs\issue12963.pdf","0","BD61F8496B77A479301705C00558AE8CD9E1C24CC8EE01817875F3F8DFFB7B7E","603342","pdfjs"
"regression\pdfjs\test\pdfs\issue13003.pdf","3","A7C8461B9CE83C72BE1ED771DDDBFC45E3E8DE21E8588C30B9B57F9D21DB73A1","10643","pdfjs"
"regression\pdfjs\test\pdfs\issue13107_reduced.pdf","0","3FD46BD3619B3118E6EB2FD0BBD0B2FBCEA373940BA6F46E679EDAB618E63195","12609","pdfjs"
"regression\pdfjs\test\pdfs\issue13147.pdf","3","131A8573A96E8FCFA38B074C5BED0C7289BF0F8F9F58D79B8594629BCDD9D311","21487","pdfjs"
"regression\pdfjs\test\pdfs\issue13193.pdf","0","FF915F387CCB5DDFB84863609170D918676ABB51517FD05DF52EBCBF0E37BCF8","990389","pdfjs"
"regression\pdfjs\test\pdfs\issue13201.pdf","0","BC32915947A79C6E0657EECB892CF537252D3311F700FF865327CA198E87F79D","149306","pdfjs"
"regression\pdfjs\test\pdfs\issue13211.pdf","0","01465D3183CA951834EBB546762323130CD3691D262352166EB446B47DFEF144","107307","pdfjs"
"regression\pdfjs\test\pdfs\issue13226.pdf","0","F02BC81B74CC0A485F9E8803D08D8F91E182095724AEDC1D3AB40E22510567D2","972","pdfjs"
"regression\pdfjs\test\pdfs\issue13242.pdf","0","1C0F8198544F5485A5FE475DE7EBA66382DDEB017B53A5CDF47834A52E21B372","27635","pdfjs"
"regression\pdfjs\test\pdfs\issue13269.pdf","3","4BEA48DFB2BDFDBBC8F157A8E6401E5C1B6A40E77D11D7F0B8E041099B54D96E","6499","pdfjs"
"regression\pdfjs\test\pdfs\issue13271.pdf","3","4A2D633EEA1D282EBF42F76C6E081382EFCDA2BA6B5646ECA0AA3617760D25EC","6370","pdfjs"
"regression\pdfjs\test\pdfs\issue13316_reduced.pdf","3","C79C4855FE3F1D90653E37DB8BEB856C9F90BE8605FF7624B103C16F49CE5378","54795","pdfjs"
"regression\pdfjs\test\pdfs\issue13325_reduced.pdf","0","35D0716FB3C5304D69C890129325332F75D391492502D5B41619CEE0F9C8F5C3","73842","pdfjs"
"regression\pdfjs\test\pdfs\issue13343.pdf","0","68F1CA76CC2864DC24402C9B95BEC41D5E496A56BB349816242BE7F01D6B12DA","2323","pdfjs"
"regression\pdfjs\test\pdfs\issue13372.pdf","0","2ED729EFDC6A2F4454B9A468988798C556A88FA9B47507F6D3E357E4963DF661","85444","pdfjs"
"regression\pdfjs\test\pdfs\issue13447.pdf","0","55D9B23521CA06B9626206F78B37F23C7A145E82E1339DB42A18D6B6A6422512","24084","pdfjs"
"regression\pdfjs\test\pdfs\issue1350.pdf","0","BEA02A5E94BE1FFB526A98F3DD6C5E50FD53A3B14F0C70CB13BE04868FFD0CB3","118396","pdfjs"
"regression\pdfjs\test\pdfs\issue13520.pdf","0","2716C9B9E7F828B03F7BD79AD5D5B77B57E29869C16CF98813EE1397AACFE399","754579","pdfjs"
"regression\pdfjs\test\pdfs\issue13561_reduced.pdf","3","6AB67B2BA8E13BBCA2474987C1F7091F6E5953787157150912AB45DC7A3A91A0","16050","pdfjs"
"regression\pdfjs\test\pdfs\issue13916.pdf","0","43026E49BC93B2D946557522A2D5256AD052F3C5906856316852482A011CC840","5421","pdfjs"
"regression\pdfjs\test\pdfs\issue13931.pdf","0","C8548F91CCB744C81C00778CA6B93912756C5B70C5324ACBCC198CCDFC198298","303176","pdfjs"
"regression\pdfjs\test\pdfs\issue14023.pdf","3","BA4F745B074F716A28B780D17333DFCCCFE1D0C04E6E2D5B3E4AE4888D7AC472","12962","pdfjs"
"regression\pdfjs\test\pdfs\issue14046.pdf","3","58D2143AFB14647EA58B5BA3881C4368B6027B0FA6FC6221744568A55F121265","77849","pdfjs"
"regression\pdfjs\test\pdfs\issue14048.pdf","3","73FCBCF9814DCCCDA696ADF52E1F2B908D86F37293442D6FF09FDA8123ED5AC1","6810","pdfjs"
"regression\pdfjs\test\pdfs\issue14117.pdf","0","52537869A32F0BC04A6F676B9DED451CCA0C744024FB36491D051494D96D4548","81369","pdfjs"
"regression\pdfjs\test\pdfs\issue14130.pdf","3","0CA0A6E1CD50DE1B930B764CA7B276FBA87F78C06689B6D88CF8B8055392B782","79706","pdfjs"
"regression\pdfjs\test\pdfs\issue14165.pdf","0","B7D9DD29715E00FC6059D5D47C26C31E8E645361BAEAA1EB74F810DBE88EF3FE","19588","pdfjs"
"regression\pdfjs\test\pdfs\issue14200.pdf","0","E42C6A47F955365E0880CF47E7BC86E59B9EB0251486C6F6A1803F90BD5F3CDB","679384","pdfjs"
"regression\pdfjs\test\pdfs\issue14256.pdf","0","6F93D05677C6CEEA8D95ACD032C19C0E6C88CDB917F73639AA931CD2395D88F9","15125","pdfjs"
"regression\pdfjs\test\pdfs\issue14267.pdf","0","70EC5CCB68A30171659A12BB1114D67643E78B93C5A31DBF63E2BEBE59E3406B","4428","pdfjs"
"regression\pdfjs\test\pdfs\issue14297.pdf","0","4041C1E3E2446BD236D536CE88FE5E97B30605F04813E600A00C58BF19E8C89B","242940","pdfjs"
"regression\pdfjs\test\pdfs\issue14307.pdf","3","2E55A95FB802D5688AF0ECEA12A32CC03CBB3EBAE54C486D6A1B67172804AFD6","10827","pdfjs"
"regression\pdfjs\test\pdfs\issue14415.pdf","3","5487757B406D8970203818C8008969F868E23955650A81B193D0BBD2E6B99B60","53863","pdfjs"
"regression\pdfjs\test\pdfs\issue14438.pdf","0","58C0EE6CF2B2210F36F530D5E88BF12EE5F30C30A0E1C5C62C467395740C63D7","130683","pdfjs"
"regression\pdfjs\test\pdfs\issue14462_reduced.pdf","3","8524A00CC4FE9F2BECE570525F24B3BDAC45AF51A521DFC886E226F94484DC61","15793","pdfjs"
"regression\pdfjs\test\pdfs\issue14497.pdf","0","7BD3BD4073AA4FE1B12D072C25E892D04E9D8579BC4A31B13282FF86ABCF09B7","33464","pdfjs"
"regression\pdfjs\test\pdfs\issue14502.pdf","3","509428E52BD204238CB4E5EFA6EAD61513739175008E5C0ED0C465279310BBE0","7255","pdfjs"
"regression\pdfjs\test\pdfs\issue1453.pdf","0","EC4404EF6720393139C0307F77D65874643A0F86BF189A4ECF83FDA4086CE82E","17650","pdfjs"
"regression\pdfjs\test\pdfs\issue14565.pdf","0","F581AA0D2B86289B2E20F8C78C30AC329626C6A46670633028B89A6C4A93F080","16569","pdfjs"
"regression\pdfjs\test\pdfs\issue14618.pdf","3","374196F142332BEC6B1FEC2A86514455E288E8ED743484C7A28AA629C8452B1C","159855","pdfjs"
"regression\pdfjs\test\pdfs\issue14627.pdf","3","B43C7BA6FF2DE3D8F9A22614430242E68C68169E81AF478B9226A7E19AB17CC6","62475","pdfjs"
"regression\pdfjs\test\pdfs\issue14705.pdf","3","A9B4E2F43AFE6CD807856024BCDFBDB799B69284F66B2013C74755641E4D1009","7755","pdfjs"
"regression\pdfjs\test\pdfs\issue14755.pdf","3","2D59B1C5956F4E2BEC21FEE4C2C8E3DACB696F3D81FE97F38CFC437E50856403","751","pdfjs"
"regression\pdfjs\test\pdfs\issue14802.pdf","0","7AEAAC982D208171E68D9D7EC2D6AAA284F46239479D278CB821B5407910C4B2","905","pdfjs"
"regression\pdfjs\test\pdfs\issue14814.pdf","3","D91D209702FE9A6C0FB3DBEBA6CB3A046F69B0462BE24FFD3F28F5A6CFE1426F","419768","pdfjs"
"regression\pdfjs\test\pdfs\issue14821.pdf","0","738D8643BDD31CFB9B4E6CB25B74ABB15A72EECF1E45BBE017A0D1A19DEA3EB0","312363","pdfjs"
"regression\pdfjs\test\pdfs\issue14847.pdf","3","B9AB36BD304C557E20B6D7B80D8B39757CD3FB354BED361A64EBC117D2D1891F","87012","pdfjs"
"regression\pdfjs\test\pdfs\issue14862.pdf","3","CA685785FC241EC3BEDDD2E0555E4DADB1236F102C7C18FF2B43CFD590648B81","13634","pdfjs"
"regression\pdfjs\test\pdfs\issue14881.pdf","0","7A1089331C2C44D02598148EBC5B66FCC210F7D8AF16DB58B9AA7272EB9702A4","97867","pdfjs"
"regression\pdfjs\test\pdfs\issue14953.pdf","3","9F197AD954AC7C36F24466E791102C78087B6329E072F701E609D7035CEBBD24","5808","pdfjs"
"regression\pdfjs\test\pdfs\issue14999_reduced.pdf","0","B59B99D54AFA8011EE6CEBE28BE9C9EA98F68BBB1C058898CC3B1C4872CAB329","7915","pdfjs"
"regression\pdfjs\test\pdfs\issue15012.pdf","0","1840707B9023DB71CC9AE865F01733EA3C84EABD935A07DC8A6D63AE73E39CE8","108381","pdfjs"
"regression\pdfjs\test\pdfs\issue15053.pdf","0","6C8C1F23110E5E87506EF59FBA0EDBED0AF6307453537DDCA93CAB1D5754E201","108405","pdfjs"
"regression\pdfjs\test\pdfs\issue15092.pdf","0","A18E69A69E7BB7916CD8E9D3499895532326BCE0D77756A3BD924E002A01825A","17012","pdfjs"
"regression\pdfjs\test\pdfs\issue15096.pdf","3","631BB62DA0013C22DF4A829BD8F374531B37F3D3CC50399E528A17E205012BC1","203730","pdfjs"
"regression\pdfjs\test\pdfs\issue1512r.pdf","0","C7DBD4AA5765A102C2F99ED1784E88912120C91228D78B81F3264D196C462ACC","31198","pdfjs"
"regression\pdfjs\test\pdfs\issue15150.pdf","3","122016379EFAD59780860B34A2D16511A1F426C2167D2FC80F4CE7FEBEDFF396","449","pdfjs"
"regression\pdfjs\test\pdfs\issue15262.pdf","0","16CDAEC128AE8C8EA8387990BB97602F22298A8A1DE73DB37DBC1701DA0DE1AF","14788","pdfjs"
"regression\pdfjs\test\pdfs\issue15340.pdf","0","D4B6D8406DECD678DE5A004DEAC79F42AD7F8F2E342E8BD025612311A04AC430","13798","pdfjs"
"regression\pdfjs\test\pdfs\issue15367.pdf","0","8D8F482704866E72A3653DDFA34436C572D31ED0300716DBBA348B45F1B1C35E","42112","pdfjs"
"regression\pdfjs\test\pdfs\issue15372.pdf","0","94580093A9EBEC71FF1C002DBF40796F3C8AADCA043747661BA9FDAE095941DC","109219","pdfjs"
"regression\pdfjs\test\pdfs\issue15441.pdf","3","775651192CDA0689408579D797FD7A139AE526F703B344BD9C62008B5C6A532D","1135","pdfjs"
"regression\pdfjs\test\pdfs\issue15443.pdf","3","A20C6B128B1922CAED9FEE45308A36329B50FBE34BCC024E0CC8A8A8EA3617F0","1187","pdfjs"
"regression\pdfjs\test\pdfs\issue15516_reduced.pdf","0","52E65F522805D7C3BAA69F3F5FBCAD41D7A3922146A3BD591F4AE5BD84359AAD","35146","pdfjs"
"regression\pdfjs\test\pdfs\issue15557.pdf","0","F3BFDB8C23C901653DA63A659A5BABD18AC2D8B5B6417F93A923A3F542DC780B","11823","pdfjs"
"regression\pdfjs\test\pdfs\issue15590.pdf","2","C711BB3357ECCEC499968AC7B4E286EBD3F49910B458B0596D81731C890EEDB6","191","pdfjs"
"regression\pdfjs\test\pdfs\issue15594_reduced.pdf","0","0B90E594B44F17EE5BC3A39C373B084F4400E49876A90054F06F0186CBCF9247","1045","pdfjs"
"regression\pdfjs\test\pdfs\issue15597.pdf","0","66130F365E0D734854FE80BCF9C4C461D420012B7C2C8B9FCB662449455CCEA9","7933","pdfjs"
"regression\pdfjs\test\pdfs\issue15629.pdf","0","BFE8D9B35C5E6DAFC99E1CCF5FF1E49E41E325B59559BF7AF93EBF3AF0D56551","159165","pdfjs"
"regression\pdfjs\test\pdfs\issue15690.pdf","3","FF7440DD49B03B58AF05C7A4FF9A8156174BBEE93991EEEB928656E5A01CF1FA","18794","pdfjs"
"regression\pdfjs\test\pdfs\issue15716.pdf","3","81D7216E1C1BAFC3B728A056EDCF21C9F3DE76E043E218DFC81618486A8035A8","2125","pdfjs"
"regression\pdfjs\test\pdfs\issue15753.pdf","3","B591D66F0DFC10527DC269429DF080C379CADF060440BB4578DCFE48D29C5E89","11637","pdfjs"
"regression\pdfjs\test\pdfs\issue15759.pdf","3","33985CC27E83ED287165FDF3A43AE8FDF1939BF54F9CC539913023B82B807D8F","14851","pdfjs"
"regression\pdfjs\test\pdfs\issue15789.pdf","3","BDEE3EBDB17C0EA4C14799F2092A5E3E232A8C44560C9434B2CF70B50F4C7D16","4920","pdfjs"
"regression\pdfjs\test\pdfs\issue15815.pdf","3","07E14CE3B86BC5699CD2938AFE2F374C7B0AB555AAFEFEF734F68B7330427E6A","7424","pdfjs"
"regression\pdfjs\test\pdfs\issue15818.pdf","3","08355E696F274C08C0E285D6FF4921DD4CF52215D6EF1CDFDB3B41438E1B458A","7331","pdfjs"
"regression\pdfjs\test\pdfs\issue15893_reduced.pdf","2","3C2815853E6FE5C34FEB76BB14402CBC46BBD484ECD57B672FC03577D0458EE8","1610","pdfjs"
"regression\pdfjs\test\pdfs\issue15910.pdf","0","D93267BDDC9B13F054A07538C6347E78D2FB4CE460B69981EF0A1189091DB56B","82190","pdfjs"
"regression\pdfjs\test\pdfs\issue15977_reduced.pdf","3","EDEC2B809F2553F036A000E152885C3D5453DDD8E9760BDCBAF0570C42486A3B","1667","pdfjs"
"regression\pdfjs\test\pdfs\issue16021.pdf","0","0664E85BB2C46624E26B9AFA6F133C4CDD232BB9006156677D4B009D24B45F22","5865","pdfjs"
"regression\pdfjs\test\pdfs\issue16038.pdf","0","81CC4B4D0ED5822E70A62798D4F2EC7B3650C95B54C622026722743830DAA2A9","1781","pdfjs"
"regression\pdfjs\test\pdfs\issue16063.pdf","0","8B2332E9C1BA48F221E8688BA0478499F6A87A151BDCEDFFE789A6AE358DB7E3","58483","pdfjs"
"regression\pdfjs\test\pdfs\issue16067.pdf","0","74946AA1F1F72C20C6B346E59C39FDF298D7144E9584A2140D1A03F04A698A31","3761","pdfjs"
"regression\pdfjs\test\pdfs\issue16091.pdf","2","6E7422F615F4DF076D02BE4C71A0E08156FCB6E52E749082BA66437B778C45BA","107355","pdfjs"
"regression\pdfjs\test\pdfs\issue16176.pdf","0","14F9955E5A0C8FA698664D89BF9A65485980249CEA730C3DF823173DB2410690","65589","pdfjs"
"regression\pdfjs\test\pdfs\issue16221.pdf","3","1842D40D8F79A2FBCC1C2F57FD118860C2D2CE2B69B6789DCF4F4DEE29EA4B31","10087","pdfjs"
"regression\pdfjs\test\pdfs\issue16224.pdf","3","D3EDDE378E89E178587C96C193446162D921384575950E4854059DB125F42503","14724","pdfjs"
"regression\pdfjs\test\pdfs\issue16263.pdf","0","99548E25DA254ED0114C31B84F92CF3DC71D458DA66648A777B8FD21FF14F062","58122","pdfjs"
"regression\pdfjs\test\pdfs\issue16278.pdf","3","89DA5DB038B028242684ED2FA5044E7F0CE6527717CB794FBCA043A99BAE9146","4871","pdfjs"
"regression\pdfjs\test\pdfs\issue16287.pdf","0","B816ED55AC696E3345C978983B192E4921DDFCC1CBDB77918FE06D6EC303F377","76570","pdfjs"
"regression\pdfjs\test\pdfs\issue16316.pdf","0","969825933BF11772E72A7AA2A9613379543EC8A31D8AEDFBA68DEA0C03C197B6","109744","pdfjs"
"regression\pdfjs\test\pdfs\issue16473.pdf","3","1A8108EB4247342F0B1CBBCE085FF30BA9C7E59A0E4C48C24F00A8C253B34B1D","6641","pdfjs"
"regression\pdfjs\test\pdfs\issue16500.pdf","0","213B277A367D792139910ED724831D3579E787192A2FA1DB14D375AF5CB3599B","22022","pdfjs"
"regression\pdfjs\test\pdfs\issue16538.pdf","0","308A2CABDC09425E52C08582FE7AB8183F507D3748A6E393EA9EBE8B5F752C5D","60516","pdfjs"
"regression\pdfjs\test\pdfs\issue16553.pdf","0","F07B09F8F71688CBCC36CEFDBB9DDD618A6243FC7875D7A13B76823A5AD58BB7","718356","pdfjs"
"regression\pdfjs\test\pdfs\issue1655r.pdf","0","35727E2FA2BB533EC1E5D69A3B7A29DE2214F7005AFA6AFEDBD14CE1E53E8252","34275","pdfjs"
"regression\pdfjs\test\pdfs\issue16633.pdf","0","2CBBB87EDD9346EFC2E5E9E865C2F9F056D8B8431135347287E45710BB2BDB0A","35196","pdfjs"
"regression\pdfjs\test\pdfs\issue16742.pdf","0","873721F1F0C1092FC5DA06B4489471A4EC0EF5B6D69204D4CC4669D9B8237B4E","2580","pdfjs"
"regression\pdfjs\test\pdfs\issue17056.pdf","0","2B83ABFED38422F2C48C814DFF05A98EAF3E749560ED9F4AE6AFD0F52894D6C0","13124","pdfjs"
"regression\pdfjs\test\pdfs\issue17064_readonly.pdf","0","AF4E9077C482196FBAF3A73845374B0839CF5957EBE42B4C6C1B45E516341894","2912","pdfjs"
"regression\pdfjs\test\pdfs\issue17065.pdf","0","E36C533A459551308F608586E13CF706CDB8419E4388441C6E0C4843F908E5DF","3707","pdfjs"
"regression\pdfjs\test\pdfs\issue17069.pdf","3","338FA82E5D4EE20033967EAFB229D3B64A38EDD0465421592800165B94003DAC","706317","pdfjs"
"regression\pdfjs\test\pdfs\issue17147.pdf","3","03DC20F6E920CB6C192175B52BF3AD1577838CBBC30DFD01E9EDBFD43ABE36B3","45182","pdfjs"
"regression\pdfjs\test\pdfs\issue17215.pdf","0","9C7E17268760375503C5D03256FDBEBF5D902935C453E07237B9A0E742112537","16566","pdfjs"
"regression\pdfjs\test\pdfs\issue17333.pdf","0","3144759CC34B7AAD7EA6A11090E20A81D850921349EAF018D482F787CDC0F9AE","5249","pdfjs"
"regression\pdfjs\test\pdfs\issue17492.pdf","0","80A2AB5BCF4C6DF52880D7E73A996D5FDF89511E0CDFADDCB74067470AAAD745","70166","pdfjs"
"regression\pdfjs\test\pdfs\issue17540.pdf","0","7C980AAB81AE8F1001242A4CC914D92FAE2C292D42118F92F5E97C9F6DCAD3F9","39800","pdfjs"
"regression\pdfjs\test\pdfs\issue17554.pdf","3","2DC1F90970388BBA5A28BEAEB21199839AA0D2C1058B60E49C9728ACF462D10C","651","pdfjs"
"regression\pdfjs\test\pdfs\issue17671.pdf","3","DD4261BABB58F609F9719079424D5104712E20D6847AE6EB571B4A1DA8A613F8","20490","pdfjs"
"regression\pdfjs\test\pdfs\issue17679_2.pdf","0","559D519382CC45CADDB3D2BAA3EA32FC68F6C32E5FA1F719481243B58C2722A1","2221","pdfjs"
"regression\pdfjs\test\pdfs\issue17679.pdf","0","7F1148F82E5E597CE4B0AEF7C87C34E45A5F0368F9BC3E23021433FD37968E09","2221","pdfjs"
"regression\pdfjs\test\pdfs\issue17730.pdf","0","D1D3BE1674F4756D82630D68F08A8088F5B912C58F3379F45EB63B025AD99B14","102596","pdfjs"
"regression\pdfjs\test\pdfs\issue17808.pdf","0","2B082B535FBABAE9E066DF04D2D68B984783E17559A1FE70258250078F3CF0FA","979045","pdfjs"
"regression\pdfjs\test\pdfs\issue17846.pdf","0","702E38257D963C7362CCD1ECC78D96D20039629616153865283C695CD5A860F3","14935","pdfjs"
"regression\pdfjs\test\pdfs\issue17848.pdf","0","96B6F7C4BF701B837BFA4A2175B71301E74AD28B4A20D95652BB0214183A9F83","1033","pdfjs"
"regression\pdfjs\test\pdfs\issue17871_bottom_right.pdf","0","3681E15DA45BB3C2130CDA4B1905941D375304A555E9A70BF3B71F32F4E110B2","1133","pdfjs"
"regression\pdfjs\test\pdfs\issue17871_top_right.pdf","0","E97382739E44085F7ED8D8670EEDC27685873BDD548E2281FAE90763FED97881","1133","pdfjs"
"regression\pdfjs\test\pdfs\issue17904.pdf","0","DD840DBB64C17878F38068519B8F49C12A8BDC7B367DCFF8E789E0FEE9D47BF8","1693","pdfjs"
"regression\pdfjs\test\pdfs\issue17929.pdf","0","D2330689179CBB661C97D29E02B5E2D0CEAE1A0D9F96ECA8B17C0DE6602BF1E0","7352","pdfjs"
"regression\pdfjs\test\pdfs\issue17998.pdf","0","6A608A89E311137D4797BC250EBECC032F41B4DC7CB1AD859130C5A6A56A1357","7762","pdfjs"
"regression\pdfjs\test\pdfs\issue18030.pdf","0","2E5098D4F46773B0FA69810495E7385EA46040753D9037684580DBCE02C77E23","12788","pdfjs"
"regression\pdfjs\test\pdfs\issue18032.pdf","3","D6B82F30EB0AD60E5BF1FA64B2DF7A4A3F7F0543F0373E27C7A8D313261521D3","103353","pdfjs"
"regression\pdfjs\test\pdfs\issue18036.pdf","0","F1DA07A2BC62CD325EFCF82DCE1E8B463A93D86B62DCE5B420068C3B9962C2D9","69127","pdfjs"
"regression\pdfjs\test\pdfs\issue18042.pdf","3","A410DC2964A6FFDE68B9E5342A43B130E98CAE010E2AFC168223D8563270D5BF","1247","pdfjs"
"regression\pdfjs\test\pdfs\issue18059.pdf","0","5C0F886BD4281EB532D2C716D666E28547B7275CED637E28DC630D347907E477","15002","pdfjs"
"regression\pdfjs\test\pdfs\issue18072.pdf","3","DAE99B50B58EDC0383A4BE153930F03BDFE363D4473D337B1F35BA434054D5FD","7199","pdfjs"
"regression\pdfjs\test\pdfs\issue18099_reduced.pdf","0","50356972B31A8C15AB0B52593F625F1819EEB263CA43017DE365631A01776B26","1483","pdfjs"
"regression\pdfjs\test\pdfs\issue18117.pdf","0","36DF977BEE762441A06312AA9BA514CFE9D600A6D9F4D3D00C16039645D84BB7","19929","pdfjs"
"regression\pdfjs\test\pdfs\issue18305.pdf","0","5862358013704D786347A1E5BE0C2470DF2DC319C0B3C49AD62038D2663379F1","7999","pdfjs"
"regression\pdfjs\test\pdfs\issue18360.pdf","3","B2DA464CAAF8DB01C81040D5C6F68D114FDE1EF80DCA1FD81204A8C2DE36C44E","10075","pdfjs"
"regression\pdfjs\test\pdfs\issue18408_reduced.pdf","0","887CC910D2EEC2613241EB4FE71AD769A46B51B4EB79095E1ADAA4E0019DEE1C","9787","pdfjs"
"regression\pdfjs\test\pdfs\issue18529.pdf","0","6EC9516A0E15A65D8A9547DA747EFE66AD0D4DD7D185D8624CFA6AE1A2847962","4218","pdfjs"
"regression\pdfjs\test\pdfs\issue18536.pdf","3","E54D8F847646E7DD995C6DA2BD64396ABE48135F9709A25499F13AE4DAB117A5","8351","pdfjs"
"regression\pdfjs\test\pdfs\issue18548_reduced.pdf","0","9C2E99D83BB1D1143874E72C67A6EFA832F4B6887AB0D6A85BE8DE8622BA9A25","3271","pdfjs"
"regression\pdfjs\test\pdfs\issue18561.pdf","3","468FB86481F08F9C16D592B1B1039DBCA8623B1B572A937BD27B537CE1D6A884","7043","pdfjs"
"regression\pdfjs\test\pdfs\issue18645.pdf","0","CA14F25C991CA5E8F93D592BC6FA6BC7CEDCEED83791D33F7EFF7790F4A4327F","22462","pdfjs"
"regression\pdfjs\test\pdfs\issue18693.pdf","3","A8BE6CC97AE5D7CD75D79ED4389CC4C367CD5643FD2E6F164B3DF63035C0F504","9641","pdfjs"
"regression\pdfjs\test\pdfs\issue18694.pdf","3","8DBBAF0DD31AE6880471F624367BCC8FE4117A852F1D8EB43DBE9317D425AB06","7531","pdfjs"
"regression\pdfjs\test\pdfs\issue18816.pdf","0","F76A4EDE23D09190DD10A68AC1336DFF3DF1EBC4A0B2D531B4A29451E0BDB03F","3472","pdfjs"
"regression\pdfjs\test\pdfs\issue18823.pdf","0","BB1D3ED3D19F43ACDE7FEC6431941ED48F0B17D3714E0116F98A75249C679E1B","26596","pdfjs"
"regression\pdfjs\test\pdfs\issue18894.pdf","3","F140B083CC6657C85A4FBF31968A437DC143ACA0551A18386F129BE1035A05FE","2581","pdfjs"
"regression\pdfjs\test\pdfs\issue18911.pdf","0","C62CE23251433BE44FE4097CF328554CB436DF1B6E78F24D926C4C42F70679B2","1018050","pdfjs"
"regression\pdfjs\test\pdfs\issue18956.pdf","3","033E0A837D32D43A624F9820CEAB80AFDCE51FE616CD24E95DABCAD453BF4C0B","9204","pdfjs"
"regression\pdfjs\test\pdfs\issue18986.pdf","2","38CADDEE94F73206ADF4A329E17F7631A3AEB0D8D169FC7BE4E34412C09600E2","862","pdfjs"
"regression\pdfjs\test\pdfs\issue1905.pdf","0","A75F3220B351D509E954BA30EA131E55A2C7530D96586EB0968A1D7D1D8B3C56","918339","pdfjs"
"regression\pdfjs\test\pdfs\issue19083.pdf","3","4443A5E2D0A7DF40C5AECBA2E4A31EECFA4FCFBE51C2AC47F04E64D997B0E5DB","6673","pdfjs"
"regression\pdfjs\test\pdfs\issue19120.pdf","0","30412934CC368FD2ADFD13812CC71692FBC3D562B9414BAF34FD139F3D7F269F","26879","pdfjs"
"regression\pdfjs\test\pdfs\issue19176.pdf","0","5FAFD5649ADE0B3F5B12C647D877F7F3723FA14D4104648548AA25C9B1ADD122","466","pdfjs"
"regression\pdfjs\test\pdfs\issue19182.pdf","0","6E49BE1AB2AB6A2581F9E5F6DF5619FBBD30D2A0D7B2AD6796C14835DAB9C054","175528","pdfjs"
"regression\pdfjs\test\pdfs\issue19207.pdf","0","0C73B780A16F6D65F22B86CD0458DA50DF81102DA1044ED0907583EF41316133","5113","pdfjs"
"regression\pdfjs\test\pdfs\issue19239.pdf","0","C131A299252C13EB60F817069FDF8E61C2C846293D189021C7C6F55173141D2F","1060670","pdfjs"
"regression\pdfjs\test\pdfs\issue19326.pdf","0","FD41067A652C07786412D9FE40E275C2EDDF30493E3083EDCDE297900F9748ED","37546","pdfjs"
"regression\pdfjs\test\pdfs\issue19360.pdf","3","6661A7B83EB7141AD9134CDA5830A4DD3507E3F4C020FC24065866935B12445C","1223311","pdfjs"
"regression\pdfjs\test\pdfs\issue19389.pdf","0","E6AE8B5AD348BC6666822280EFCD5C5F96AD21B886D2AF785954A53DCFB93A2A","6931","pdfjs"
"regression\pdfjs\test\pdfs\issue19424.pdf","0","7E24653BF838E76863D76D7FFA3CEE457AF087FB687A815E5A277ACD3D993E9F","9092","pdfjs"
"regression\pdfjs\test\pdfs\issue19474.pdf","0","45E569FB50EA4EAC01CB1C71D217ECE8EE37AFBB59DFBE084951523DF20F09B2","2361","pdfjs"
"regression\pdfjs\test\pdfs\issue19484_1.pdf","2","0F020604762FE289EAED602BFB5F4E3D921FB04FFC0FD61EC5423933A03F1948","47688","pdfjs"
"regression\pdfjs\test\pdfs\issue19484_2.pdf","2","247215F0CA711EC552289C3076CC7EE38F117C3E0D9C83BFC136FF99F2627216","47196","pdfjs"
"regression\pdfjs\test\pdfs\issue19505.pdf","3","79FBA817E97AE52211497E06629C1AA4562549553E1E2B77505C33565E364156","6528","pdfjs"
"regression\pdfjs\test\pdfs\issue19517.pdf","0","908C133880C7148864102EAB517224D524CDD32769D2AE0F1E6D69E75A0471D6","6262577","pdfjs"
"regression\pdfjs\test\pdfs\issue19532.pdf","0","37FF3DD93C34F01724565F07BA0CBFB931AC53A52AC37D004E3262D1202C0BD7","10160","pdfjs"
"regression\pdfjs\test\pdfs\issue19550.pdf","3","685039E45D72059B037D284F1096395873496DE9A391ACAD352442F0D2AFF934","15559","pdfjs"
"regression\pdfjs\test\pdfs\issue19633.pdf","0","FE5B96455A9187F8088DDCC2CAA3E555635387FCB8EDB9EA2E461685AE5DDF36","312652","pdfjs"
"regression\pdfjs\test\pdfs\issue19634.pdf","0","FF1D639128049737BACE5C67A550B6FA33AC1B9FDAF408DC2859E57B0DD56C9C","50101","pdfjs"
"regression\pdfjs\test\pdfs\issue19695.pdf","3","3E3E095F9289FB4DDFB0C122288E4E5A4720896ED2FABE58EFF13520203C41A9","1480","pdfjs"
"regression\pdfjs\test\pdfs\issue19800.pdf","3","0F1A00F85F3949DFBEC0B43347594F21728CE5D918329E9DC9315E39220B5D15","1105","pdfjs"
"regression\pdfjs\test\pdfs\issue19802.pdf","0","60A754CE3295370B4CCB86A6346C4A005A6D5FB127E3E0ADE45B7B46BE190439","42376","pdfjs"
"regression\pdfjs\test\pdfs\issue19848.pdf","0","BA6DFA6ECC665B1F2A40018F499DDB3714B6AAEEFCA35B9AAB21021671A7841F","6803","pdfjs"
"regression\pdfjs\test\pdfs\issue1985.pdf","3","0F991F71856C5E88775F48CF194BF4CD3800C27875352473461E16E01750F3D6","9884","pdfjs"
"regression\pdfjs\test\pdfs\issue19971.pdf","0","178C6207203151CF4036CD377D233E92A3CFB07E7787DD68BC2B2203D5EF3CE1","1729186","pdfjs"
"regression\pdfjs\test\pdfs\issue20062.pdf","0","3E672FFA739DE89B375121387B971CEBAC0A14A4A661015AE5A2C072518094FA","5551","pdfjs"
"regression\pdfjs\test\pdfs\issue20065.pdf","0","DCC93A15A0A6C36FCF44E66149A4655F087F6CD821692B15CB58C1962879DE34","13682","pdfjs"
"regression\pdfjs\test\pdfs\issue20102.pdf","0","AA8ED84E1BE605D3A2850B109E46FB66E174F633B5389AFE1A7867C31A792958","13682","pdfjs"
"regression\pdfjs\test\pdfs\issue2017r.pdf","0","2E243840E40F788BA864C5B05970B9B7CB6D070E92B9432DBE283C2AA3A5166F","34802","pdfjs"
"regression\pdfjs\test\pdfs\issue20225.pdf","3","8AC6AE7D1A1C1D8EE662FAF3297F677190026E3D2FBF9854577ED164B1763C4C","9288","pdfjs"
"regression\pdfjs\test\pdfs\issue20232.pdf","3","8D433CACB07B0CE16A476193ED9CAC6AC5C54A47CBB5B9365A8BFE6254BE302C","38452","pdfjs"
"regression\pdfjs\test\pdfs\issue20319_1.pdf","0","D13A16ACECCACE929D46DBCBB15F2E2F24AAB1ADF310EB7019A934F42F50F8BA","49916","pdfjs"
"regression\pdfjs\test\pdfs\issue20319_2.pdf","0","D9CB5D39B8C254A56C96ED468993F9B4AFEBFCDCA88C99828DE3A62AF4CD54DF","984","pdfjs"
"regression\pdfjs\test\pdfs\issue20324.pdf","3","033CBFB8667324B4D23BE0E2DEBCD74747CAF80AB22672A945B76124BAD8B733","11151","pdfjs"
"regression\pdfjs\test\pdfs\issue20439.pdf","0","83141BCCA434C38C3AE8F634B9F06FE17847B2380CDD64168949077F88C79F85","1300","pdfjs"
"regression\pdfjs\test\pdfs\issue20453.pdf","3","2BA76790CD0789536FE4A457106BC90DAF4A2B625B7376995DAC814B2D4080E8","22176","pdfjs"
"regression\pdfjs\test\pdfs\issue20489.pdf","0","B4F9DCBAD293B7C8B886B680011467C3BBCCBCEA0207DFFA08852585A7A14956","7337","pdfjs"
"regression\pdfjs\test\pdfs\issue20504_skia.pdf","0","F4B7720C007B23834DF923502E8F8CCB22B38BE867417085E26EB6B81A44BC69","19535","pdfjs"
"regression\pdfjs\test\pdfs\issue20504.pdf","0","36132B55AFDEDEFB8090459ACB7DC52D503598CEBA26F1EB2C69A0A6B203B22E","31847","pdfjs"
"regression\pdfjs\test\pdfs\issue20513.pdf","0","73EFCDC978845ACA15107BAE9A18AE2DCF0ADEF5820168D434D1E450E3F9DD84","1157253","pdfjs"
"regression\pdfjs\test\pdfs\issue20516.pdf","3","935D3A4733D4D0C740E2E18F6EA81C2D26C1E8BAA100D13552640347F2F8A0A0","8572","pdfjs"
"regression\pdfjs\test\pdfs\issue2074.pdf","0","47496C67BD2119676C132F2AFBF7FF6CD944B89155E9C4C15B969FF666978D18","39478","pdfjs"
"regression\pdfjs\test\pdfs\issue20930.pdf","0","3A99C5B58D38E5E4C79F279E1A76062CD1B3085201BD9A1A780462C1C1F3705E","141480","pdfjs"
"regression\pdfjs\test\pdfs\issue2099-1.pdf","0","007C39EBFE248CA435ADD765BDDC9A983E075E4059EFBF4BA013672C55937E5D","2861","pdfjs"
"regression\pdfjs\test\pdfs\issue21068.pdf","3","CD4D0EE0FF2E6821B3297CD532A13117B9F70DC9F63C72154B01BC1FE3D4EDCC","7557","pdfjs"
"regression\pdfjs\test\pdfs\issue21126.pdf","0","94C7C9BB8DC75F51BDA39F4672C610020D686F8FBF229956B32B1C0F5D1DDCC0","15332","pdfjs"
"regression\pdfjs\test\pdfs\issue2128r.pdf","0","4820D9475F71CDC7EE60F4F8A5C7EC7268BAB9F249305A70B3CC65E5BB1B3A64","1525","pdfjs"
"regression\pdfjs\test\pdfs\issue21346.pdf","0","95A892AC8C5E10E114AB6648A1FCC4AF6A58EE3E30947691FD0E5386E1AAFD78","5173","pdfjs"
"regression\pdfjs\test\pdfs\issue21436.pdf","3","3C69C1E001372EE9D6A7B60DEBF5CD83A580F49398EDF94875E188C9974CB275","450","pdfjs"
"regression\pdfjs\test\pdfs\issue215.pdf","3","CC7F2DAC4EAC4EAFDDE6FAD8441C8044B07BE9DDE55B02ECC2ECDE8BDAB8BBA4","82195","pdfjs"
"regression\pdfjs\test\pdfs\issue21570.pdf","0","579446F26902C03C038C64D0FC80CC4998414292C6EFF276ABB45DE92FE983CC","5319","pdfjs"
"regression\pdfjs\test\pdfs\issue21579.pdf","2","3B3D1DB2AA4797E63D6DC7E48DC4F327C468144B93F80301771940230651DA2E","1394","pdfjs"
"regression\pdfjs\test\pdfs\issue2176.pdf","3","F19D113C682A80A697746E62DAFFE024F69249422EC4675755C242DD860C523F","56760","pdfjs"
"regression\pdfjs\test\pdfs\issue2177.pdf","3","FA5B5A3D2654EC1FF6FCC775616AC71435A17ABD64544243C3D997D54F757C01","3035","pdfjs"
"regression\pdfjs\test\pdfs\issue2391-1.pdf","0","D8EFB66423AD2DDF275D4C6292C5BEEF166F9819CD2C4E3679E4A67187050A24","2782","pdfjs"
"regression\pdfjs\test\pdfs\issue2391-2.pdf","0","91B83B33A1D996BE26CAA5CDE81CD0B5D58CDFED004853A24C569F5C338E93A4","2754","pdfjs"
"regression\pdfjs\test\pdfs\issue2462.pdf","0","4F7B9E5EB213BAE3B6DF7534E2108BD2F2D6E356BC2B70A129220FF7AC90D026","139946","pdfjs"
"regression\pdfjs\test\pdfs\issue2537r.pdf","3","6E7BD57FFA12DFC05DE588EF2102F00829B95BEB2368404351C2A4FE7C9AE8FC","27297","pdfjs"
"regression\pdfjs\test\pdfs\issue269_1.pdf","0","931F6D6F386CF827FFD5DFBEDC5249C75AAF58A64E99646079BF2AAC6851EEE9","55300","pdfjs"
"regression\pdfjs\test\pdfs\issue269_2.pdf","3","7B2ECFD279406633930101CDE80B7959118FB3713AA6AE55C82EDE326CA41E8F","271024","pdfjs"
"regression\pdfjs\test\pdfs\issue2761.pdf","3","73984619BD5FC699AA87118ABE8608904B3AAB762045326C96950716D3CE11E3","12142","pdfjs"
"regression\pdfjs\test\pdfs\issue2833.pdf","3","A085386355D927D4A1211368E7E1CBD3972AF8A0D7A75039E680A578C055CF3A","5615","pdfjs"
"regression\pdfjs\test\pdfs\issue2840.pdf","3","5EACCE1A54086198B7EB7513BFBFD0254DC651CE4BE94BCFE75369001A8395B3","3720","pdfjs"
"regression\pdfjs\test\pdfs\issue2884_reduced.pdf","3","814B5C3F2F134DA4344C8AC5B4931B4D1FF1D4A84C7EF5A7FA880EEFD740DE16","18416","pdfjs"
"regression\pdfjs\test\pdfs\issue2931.pdf","3","D2E28238998C391F21343D9005AECF257B37B71ABAC10AB07409AB029CD0AE61","25688","pdfjs"
"regression\pdfjs\test\pdfs\issue2948.pdf","0","CA52F1602D984CB7A0DB562EA1217D879CDE4FEF402A9564152CAB15F6546D5B","23038","pdfjs"
"regression\pdfjs\test\pdfs\issue2956.pdf","0","5A8EF0877C8DF0913F3FC4E592972FBB7EABA14DAF6293E2707F5988F4BBDCF8","103556","pdfjs"
"regression\pdfjs\test\pdfs\issue3025.pdf","3","5679B6C2BA894CF7DE6D15A07C7C6A37B39AAAECE9F9D6C3FFF0FFE88197FC58","7467","pdfjs"
"regression\pdfjs\test\pdfs\issue3061.pdf","3","DB6993F15214CB761A3E74DF53A344BB59BE2EE8418C128E75772170402F68C4","17022","pdfjs"
"regression\pdfjs\test\pdfs\issue3188.pdf","0","6245A949D6D7418620B0683E2FF44852628D51D484598BAAA677839F0172D27B","8125374","pdfjs"
"regression\pdfjs\test\pdfs\issue3205r.pdf","0","C18CC334710201216B047EC58DE81950BE942B97A5FFB20B50F91A7C64A3DA4F","126273","pdfjs"
"regression\pdfjs\test\pdfs\issue3207r.pdf","0","C47D302F6604F5518258EA5D6C00AE2FFF6E3A2C3EBCE31631A87D534DE55D9D","50914","pdfjs"
"regression\pdfjs\test\pdfs\issue3214.pdf","0","9D39B20224377279563A019808163105147486B63F09F7D37EE33F62D4FB11B5","11139","pdfjs"
"regression\pdfjs\test\pdfs\issue3263r.pdf","0","BEB3B7D23B37A63310184C9EE9BE62895E67C06AD78C6E0EA51B50401FF7D3CF","31592","pdfjs"
"regression\pdfjs\test\pdfs\issue3323.pdf","3","E27B6AF9ECBCE8CC68588B8AE7F4AF4F5214BC80DCBB479BDB928010B4DEC26B","40553","pdfjs"
"regression\pdfjs\test\pdfs\issue3371.pdf","2","0C3FB45D9B61EA762B4B3298C8C47E5375E83D151D356D87D740BCB85D953473","12323","pdfjs"
"regression\pdfjs\test\pdfs\issue3405r.pdf","0","3B2D73A8E1BBFB43D54B0FB429455AF9896A7EDBDC748B68C42065F36DF31825","31492","pdfjs"
"regression\pdfjs\test\pdfs\issue3438.pdf","3","BB5066A767CD245860F67F66C177FDB1C543B6464A003566EEA277B4E58E2E9C","70033","pdfjs"
"regression\pdfjs\test\pdfs\issue3458.pdf","3","80355E5C612373A6856E8FF87A702D3499F4989319AC21ACF1B83E906B0D088B","39226","pdfjs"
"regression\pdfjs\test\pdfs\issue3521.pdf","0","5AB6217D6634589FB9A2C4C8780C6AED02B498BB0A60AD9419F9E13A2E1BFE2D","4486","pdfjs"
"regression\pdfjs\test\pdfs\issue3566.pdf","3","1202E4C94155A0021343825EDD896524F3541FD3887CC456987F7279FF80AAE3","9805","pdfjs"
"regression\pdfjs\test\pdfs\issue3584.pdf","3","B3FDD74779209C148220BE77A21B4873D5C356E15F3F2895856177E05742E1B0","21424","pdfjs"
"regression\pdfjs\test\pdfs\issue3694_reduced.pdf","3","A684ABF319234A32FA27445DFA6399D3698D8C756F07518FA719F6E6857019D8","24550","pdfjs"
"regression\pdfjs\test\pdfs\issue3879r.pdf","0","50DE2F1186F3AAA5639BBDA9E0F91220A4F2C08EE6FDACC62D7993FD2DAC2F40","984","pdfjs"
"regression\pdfjs\test\pdfs\issue3885.pdf","3","B0B7E25DA99E2D32A24A05FCDA4D81026FD093FF0AD3A75A2356CF2C1FC52F4A","6988","pdfjs"
"regression\pdfjs\test\pdfs\issue3928.pdf","0","32F66C48D16D5B44A1BE2922B2DB2D68C0931197B38F35825E22DD94343267A1","31272","pdfjs"
"regression\pdfjs\test\pdfs\issue4061.pdf","0","52C96D3AC7D6C9F2A08022DC1DE36AEE3812753B5E7C522A64B8ACD8400F72C1","115240","pdfjs"
"regression\pdfjs\test\pdfs\issue4246.pdf","0","EB4B7F8CC7AE323AAE080311C8AFD639AE1CBEFDD5CDE3444F87A90EC2B3E11D","7068","pdfjs"
"regression\pdfjs\test\pdfs\issue4260_reduced.pdf","3","FE1CADEECB91BF1286C9E496A083349725A79396D0959A96B48A95F3D10AC1FA","2113","pdfjs"
"regression\pdfjs\test\pdfs\issue4304.pdf","3","9ADD40EDEDB0859956993CB970F041089FBB8B16DA593E61FA2E174156BE97A3","895","pdfjs"
"regression\pdfjs\test\pdfs\issue4379.pdf","0","6A6C99D02D3E45BDF9AD0418A17E777E07003673B00D60EC872FACA1382FACA6","4264","pdfjs"
"regression\pdfjs\test\pdfs\issue4398.pdf","0","A66F7B67136A0B580196421B7A85FA814F04B28810544D1A5A3DFF4D5E61B8BE","14295","pdfjs"
"regression\pdfjs\test\pdfs\issue4402_reduced.pdf","3","0031FFE9EA3BF005CA059798D5A204BB3332AECCF733DCD3245C3AA725236313","22346","pdfjs"
"regression\pdfjs\test\pdfs\issue4436r.pdf","0","45932053F115B1EBEC02CBE266B9028D8FBA305A317D931D45872B29A2653857","777","pdfjs"
"regression\pdfjs\test\pdfs\issue4461.pdf","3","86F561B0B17A9487326FBA41F717B7E085FF838BC101C07EBAD929C29466F52E","476","pdfjs"
"regression\pdfjs\test\pdfs\issue4550.pdf","0","66208858DE102CD00E82AB76069FCF005FD2CEAA7D68A45C62057F8AA153A733","17003","pdfjs"
"regression\pdfjs\test\pdfs\issue4573.pdf","2","BAD4083714FC1712492C05DE2D1EE42ABA48DFF1AE09C05E79452A8C95EA913E","8474","pdfjs"
"regression\pdfjs\test\pdfs\issue4575.pdf","0","C6A9B71B4558344E708D5E04E156215FD5033E9088B4A87C72C5266F8B13196D","861","pdfjs"
"regression\pdfjs\test\pdfs\issue4630.pdf","3","B467EE69DB8B7D16A9499965143D3599E9195E94A6544C96CDC01A62D3E17235","73122","pdfjs"
"regression\pdfjs\test\pdfs\issue4650.pdf","3","DA6CA7EB0FFFC4B71266B16CC343B8F86BE37D45B3801037D6CE25201255BCAD","26856","pdfjs"
"regression\pdfjs\test\pdfs\issue4665.pdf","0","05F4AE66465C3B72B2D5A645D901924B8C37C0D09CE84F3392DEC3E2F01FE612","42242","pdfjs"
"regression\pdfjs\test\pdfs\issue4668.pdf","3","42DC06AD6222984B5DE6BCA851CCD9125C26167D44FB7EC0C6773454D97B7051","32814","pdfjs"
"regression\pdfjs\test\pdfs\issue4684.pdf","0","CC0B8D9B634DBCB48D55AD5336259BE8BD5C3EC62C22FA3C8D0C06F94C9F79E5","3714","pdfjs"
"regression\pdfjs\test\pdfs\issue4706.pdf","3","CB1534D0F6FE86E72EEED4AEB60A0E5C14C90097C847B2DF7C0F33982E138E4E","10527","pdfjs"
"regression\pdfjs\test\pdfs\issue4722.pdf","0","0A514189636E293A822B7BD6C3E6AFA0B0B686CD87D3854A983FADEF5E936B05","1405","pdfjs"
"regression\pdfjs\test\pdfs\issue4800.pdf","3","334231B2C8969C2EE1CBB208D9451825034E7B8F8F902F2401242E23564C6957","23060","pdfjs"
"regression\pdfjs\test\pdfs\issue4801.pdf","3","9C2AB488159B24BA5ABF4269765313281A1D9BB7723001B90131423B9F8FA782","8375","pdfjs"
"regression\pdfjs\test\pdfs\issue4875.pdf","3","AF7509FA6526257E37EA0603844DAE7EE0E2CA7AA1EEE027FFA71B64C4FD2ADD","202841","pdfjs"
"regression\pdfjs\test\pdfs\issue4881.pdf","0","05B708B0465D3E6489CEB0C4A3991D00F48839D427733171523AB8B8C5CCCFD3","49470","pdfjs"
"regression\pdfjs\test\pdfs\issue4909.pdf","0","013645B5DF7A0265BE2DE8A141B29F298FB80BC4E7EB3309FD3B6CA3D993BB82","12688","pdfjs"
"regression\pdfjs\test\pdfs\issue4934.pdf","3","A47FFDA2901FCC102CF5CACE080BEF062DDD5D6D0C65A77449FB775E451A2B0A","1822","pdfjs"
"regression\pdfjs\test\pdfs\issue5010.pdf","3","9810339AA21FCD2A7626BC9FF10D4139782E9CFCA29A1615BA3ED0847B6E9008","4443","pdfjs"
"regression\pdfjs\test\pdfs\issue5039.pdf","3","36A193E02E5AA530ABE2F3E57606687775DC35DDFC85C0943F9E73D3DD321EEA","30475","pdfjs"
"regression\pdfjs\test\pdfs\issue5044.pdf","0","451F60BC1A822E1D67DDB6E18952FA69C6F7508901A8F1F351BCDFBA1C9A093E","24214","pdfjs"
"regression\pdfjs\test\pdfs\issue5070.pdf","0","BC4180EE2D25174FAB1BB7A4BF15605A0C28FE87A51C20245D2181EFDA3A6A64","34369","pdfjs"
"regression\pdfjs\test\pdfs\issue5084.pdf","0","0B03CFC542438510E9601532D75038523F1C94F389C63016F0806E692329D550","15526","pdfjs"
"regression\pdfjs\test\pdfs\issue5138.pdf","0","7B3F664D77682C5D4A39F8D33FFBAC60EDD47F4226A2F195867332D5F4E2238F","4794","pdfjs"
"regression\pdfjs\test\pdfs\issue5202.pdf","0","CBF504DCED6920B7D01ABFC0BE2FADB782E8025FAE8CE0A196D544B9353C079B","5241","pdfjs"
"regression\pdfjs\test\pdfs\issue5238.pdf","0","D8D538D18ACB38B6516C9E23C7E3BC4F24428F3BC40CBA06B517EA9C6018145A","1152","pdfjs"
"regression\pdfjs\test\pdfs\issue5244.pdf","3","C58E678695D2E987491236C17E8152F403D885DA27F0992F4F4B6A5202B3261C","1703","pdfjs"
"regression\pdfjs\test\pdfs\issue5256.pdf","0","3D25886488B4834746EF352D1E0270675540051C022B3AC921DF76CDC74B59BA","6136","pdfjs"
"regression\pdfjs\test\pdfs\issue5280.pdf","0","93F9373CF39A30201FC506741E55726441A99737242882D77BC7FC1E07A5E0B6","6550","pdfjs"
"regression\pdfjs\test\pdfs\issue5291.pdf","3","33F8E9ABC90FF88C8E505EF9056062466E36BC852306ECD89BEDCB79D6374BCF","731","pdfjs"
"regression\pdfjs\test\pdfs\issue5334.pdf","3","A9D939B63E03A43D01C47EFDA339E7D7AF5F2E8064B6EC7E93DDAC6378011115","65778","pdfjs"
"regression\pdfjs\test\pdfs\issue5421.pdf","0","2A72ED6EA260507A66ECBCE9C10516C0DEC4C64A8F0D934447A63F4B6C7E0BE6","3209","pdfjs"
"regression\pdfjs\test\pdfs\issue5470.pdf","0","82DDF33EE8A09085BDB59F890C007ABCCA93A21A0545A77A7CB2ECE8BA2E4701","1378","pdfjs"
"regression\pdfjs\test\pdfs\issue5475.pdf","0","C50D4B50FA976B9001774F30D7D1F23A50169C9FD7E50DACC7022D7A0EA6A0EF","166026","pdfjs"
"regression\pdfjs\test\pdfs\issue5481.pdf","3","95A47B344B6121E7E648CAB049C9FABFF020F01120920A6C6C48332BF4F7E75B","1720095","pdfjs"
"regression\pdfjs\test\pdfs\issue5501.pdf","0","E5F00402F0F35AA5556BC3ECB175FC9B7BC33D1F099D3C47B5442E377840A968","15180","pdfjs"
"regression\pdfjs\test\pdfs\issue5540.pdf","0","6103400D6361905D55C62948B75C091542362C7CB575548ACCB1D5AEF873241C","17459","pdfjs"
"regression\pdfjs\test\pdfs\issue5549.pdf","0","F12BE65798D8B65B68C27DB08F89FE87EA506482309BA37AEE837702A06410CD","830412","pdfjs"
"regression\pdfjs\test\pdfs\issue5564_reduced.pdf","0","26BA0DCC4A2159D0769F795778A42E8955C14E2301FB553FA99C1D0982AC809C","1859","pdfjs"
"regression\pdfjs\test\pdfs\issue5567.pdf","0","35431E73744702C34B0A4295867550DBA020AFCA0C85C5D7D3100533D27ABFDC","2169844","pdfjs"
"regression\pdfjs\test\pdfs\issue5599.pdf","3","7F5175FAC61D7D25FDB5255D42C807CF88ABD4755E29CE885B798CC013E016CB","756","pdfjs"
"regression\pdfjs\test\pdfs\issue5677.pdf","0","ACBB02053BE2446C6F3DAC06661AD47D3399DE6B5F268EFE34E62884E1F3BF02","194851","pdfjs"
"regression\pdfjs\test\pdfs\issue5686.pdf","0","64E74208D9BC9E0B576313F0C0C465AC6883682EE12CA92BE0322BBDA6B2DA85","23718","pdfjs"
"regression\pdfjs\test\pdfs\issue5701.pdf","0","A839951DD4A9DA9F6E39AED5EAE26AC15E3EED7EB30BF2A9D308F8B8AD01E8A9","13993","pdfjs"
"regression\pdfjs\test\pdfs\issue5704.pdf","3","CB5EC13B7BFB3B86791F873314718C80FD06C0E101DC8BE77C50322A3439394C","17915","pdfjs"
"regression\pdfjs\test\pdfs\issue5734.pdf","0","4250EC156BE135111C7DF006DE4E099F323882CCB3528C9DDA7FB127C64D9877","8873","pdfjs"
"regression\pdfjs\test\pdfs\issue5747.pdf","0","F7083A6DCEF36F41E31EB7FA36A1798FA9B1552D9CD773B1EC05BECB47552070","112018","pdfjs"
"regression\pdfjs\test\pdfs\issue5751.pdf","0","D4AD464CE981087DD0B433D5FDC7604A1620F6819F31B2DF03A193B86070557C","67017","pdfjs"
"regression\pdfjs\test\pdfs\issue5801.pdf","0","34DB8378A02D89415E6E995E5D3AF54405BE69A5989F24675071E8838E45B59C","12045","pdfjs"
"regression\pdfjs\test\pdfs\issue5804.pdf","0","B859458ABD0E92E6E65BDCECAA269CF3C9BD7ACE8BDD7E7693E86534E1BDFA3C","8498","pdfjs"
"regression\pdfjs\test\pdfs\issue5808.pdf","0","6A6E3E9E82FBE3453F934045B6E588D98F138AA69450E7F5ED2D0A5B9F7F277D","1322","pdfjs"
"regression\pdfjs\test\pdfs\issue5874.pdf","0","12DB245AAE3FEBAF5DDA2214C2E9F4A489674C92A89FBCD4D7D6A05B14FAFF3A","214331","pdfjs"
"regression\pdfjs\test\pdfs\issue5896.pdf","0","DD657F1723CF357B21427ACD4DE0DD028DDDCA0983EA882E9C0B60A4C1FFC932","11541","pdfjs"
"regression\pdfjs\test\pdfs\issue5946.pdf","0","5DCFA832656376DEFB2A44D8A131F3FD922E6E6D8AAC8F8B408F34BEBCD61E5F","239220","pdfjs"
"regression\pdfjs\test\pdfs\issue5954.pdf","0","D8A3D013A02AF9AC09DAE86B4DEAF9ED0C9B575EA8954C8580DF54552BC2A739","741","pdfjs"
"regression\pdfjs\test\pdfs\issue5972.pdf","0","89C19057E13BCB80A737B51807F5526B0A478A4CD73B691CF0559E395D164C18","767","pdfjs"
"regression\pdfjs\test\pdfs\issue5994.pdf","0","AA366A359BFCA79F8B842D8E393AD299FF534ED5C057CD9C50899BC230EEFE8B","1248986","pdfjs"
"regression\pdfjs\test\pdfs\issue6006.pdf","0","E5D66571AE5D5227ED188C5B016148F9055E29BB283CC062B14A15B77B98364E","1374","pdfjs"
"regression\pdfjs\test\pdfs\issue6010_1.pdf","2","D7FD95E016B7D43BC9EED1041B0CDD6EE00E3DD902E50D0307B0A428782C543C","1116","pdfjs"
"regression\pdfjs\test\pdfs\issue6010_2.pdf","2","53008DD89A45E313112AD6C6F17ADE3E5C8F33F3106028A4E5B61F570B270CE9","1116","pdfjs"
"regression\pdfjs\test\pdfs\issue6019.pdf","0","C0576800E8EB53287CCD4E7FAD2AB50A9F99E2F959AD6B3C0C08C445156D0F28","791","pdfjs"
"regression\pdfjs\test\pdfs\issue6068.pdf","0","7CFDEDACB3CAADFE7B3A3BB92C58231F9380CFEBDA9F3922FCB0EB9EAEA3B56B","432895","pdfjs"
"regression\pdfjs\test\pdfs\issue6069.pdf","3","40A5A310ED3ABFF8C69B1C0D6A2BB4BCF66CAE563B2EC7E71A3E212184F4E25E","565","pdfjs"
"regression\pdfjs\test\pdfs\issue6081.pdf","0","B30AD6DCE47693B1880F9119BDDD6E57BA4880143199DC5CE3F19F0EB30D128B","2266","pdfjs"
"regression\pdfjs\test\pdfs\issue6099.pdf","0","B9DD958825D1067EDCF6A31414B3326E68909A05A172F3E53678383F17347862","13934","pdfjs"
"regression\pdfjs\test\pdfs\issue6106.pdf","0","1000CAB6419D42A4CB1C749DBE9ADAE4A81FC9FB79F2751600E6D8F6E7AC2BC4","994","pdfjs"
"regression\pdfjs\test\pdfs\issue6108.pdf","3","F9846B2BEEC7D75BEC4C9DD0F1A9FF8F81915F87C1D122C551E7FE4F066D94BC","680","pdfjs"
"regression\pdfjs\test\pdfs\issue6113.pdf","0","F7AD8D0D3FA03A7B6E9746C3BE3F5DA8FECE23F50F5D7E798D76951CC971DE9E","5248","pdfjs"
"regression\pdfjs\test\pdfs\issue6127.pdf","0","75E1A2B98EB8FE6D65B6AC0E34CCFE3AD0A1D7BC0A08165301A14F5FB4CAA73A","1446634","pdfjs"
"regression\pdfjs\test\pdfs\issue6132.pdf","0","255889D533FE7B7D8DB56B2AE0137F0CB676D2BAB9245B417175CFBE8F899185","119101","pdfjs"
"regression\pdfjs\test\pdfs\issue6151.pdf","0","4F7BE0C758EB539E7AC05CD35493198415C08F7DD7D2D334FD85BBE5934A0B13","979","pdfjs"
"regression\pdfjs\test\pdfs\issue6179_reduced.pdf","0","182DC1637A54238C600C1692329215DD3850C0FA5B99FD70AD09891C5EBCEA95","16136","pdfjs"
"regression\pdfjs\test\pdfs\issue6204.pdf","0","F95B16DCFCF8D6B8A7F5E1C3CA52B642FDC058195C1D00E4765D4120653C7281","2696","pdfjs"
"regression\pdfjs\test\pdfs\issue6231_1.pdf","0","3F724F976FD3E83ACBD3EEE73F115B3611E1E3BB94A2C2C749D2702DE1605E79","23748","pdfjs"
"regression\pdfjs\test\pdfs\issue6286.pdf","0","3499439D8B1B51FCC62C908F8CBD4B08BEAF18248B81BF2D73D552AE42FEF9AA","1909445","pdfjs"
"regression\pdfjs\test\pdfs\issue6296.pdf","0","CCD042E65C0EC22C87114702E4F318F45787A2BC44089056508BABCC11803D44","2971","pdfjs"
"regression\pdfjs\test\pdfs\issue6298.pdf","0","2B2322397063621047F7BA3BFB43FD00114453396616CD658A68FE5E242EA269","2979","pdfjs"
"regression\pdfjs\test\pdfs\issue6336.pdf","0","6CFC174E9393CA78B31E3CF5E469DD1CFF60FC396F248347CFFE909555AC0C4F","10224","pdfjs"
"regression\pdfjs\test\pdfs\issue6342.pdf","0","AD1F9F1055A36825453086EF3C64CD6DCBB1C2F8806332C2B303E71C2E18374D","2214","pdfjs"
"regression\pdfjs\test\pdfs\issue6387.pdf","3","B13C79F463E65A9BF1ED082145F32EB8F8A415F8190D7A0C90DAFC8499DE4E29","66117","pdfjs"
"regression\pdfjs\test\pdfs\issue6410.pdf","0","474D50B159E3D6EDD7358A20515BF4B951566EABCD89C68A0519D310770E1894","211633","pdfjs"
"regression\pdfjs\test\pdfs\issue6413.pdf","0","AE2F2FFEE7BE973EB2BE74BAD9BF69517C2CA1241CC1CF1005B7F1006DA42C01","3385","pdfjs"
"regression\pdfjs\test\pdfs\issue6541.pdf","0","3A7F016C61917474CBAF9F5EA71D537C1D3EF1978990829075E1F5CADCFD8724","2154","pdfjs"
"regression\pdfjs\test\pdfs\issue6605.pdf","0","A14F0C95F8F4AFE1134161613276BD95E72B6DC7D494F5619C157DBF94A51984","174718","pdfjs"
"regression\pdfjs\test\pdfs\issue6612.pdf","0","2940293C5F32C23C1CCF5DF34C44D226CFF4E46C7FF633772B9F677D6C4E5738","7067","pdfjs"
"regression\pdfjs\test\pdfs\issue6621.pdf","0","84F56091DB5EA9021A65A4DE5DFD6EDA345D117DAEEAF4FC75BA6CE2D8A20310","14521","pdfjs"
"regression\pdfjs\test\pdfs\issue6652.pdf","3","5561CCFFC138CE3850112BB7C19EABA25F7E62AD04C0D0B6A82A8E0DCDE9041C","709","pdfjs"
"regression\pdfjs\test\pdfs\issue6721_reduced.pdf","0","434DABA1AF8E934ED9BD8AE9E1A3501B3A2E5F63D7620160898023B26F738D60","103344","pdfjs"
"regression\pdfjs\test\pdfs\issue6769_no_matrix.pdf","0","606F991BC2CCF9B47435AE2FA70E9240F1CC46BF211690AA5EDB65880847343D","1190","pdfjs"
"regression\pdfjs\test\pdfs\issue6769.pdf","0","90782094E9D97213E1C9119F4A94B5E7D7AB50BB2D8430A8EEE3F1E4DA1C11E3","1190","pdfjs"
"regression\pdfjs\test\pdfs\issue6782.pdf","0","ACF8B64F51B07D79EEBDC78C31CBA97E52BC718E8383FEDC6091D6F7D8EFCCA6","23181","pdfjs"
"regression\pdfjs\test\pdfs\issue6889.pdf","0","39211B5820655CBD8B0E9F662C5A0868DE02CB7E93BED6E5ED9B89D4C7D53CDF","513863","pdfjs"
"regression\pdfjs\test\pdfs\issue6894.pdf","0","7151196D916F7B7DF6DFFCF2C0FF83C89E0562C7A1A3B23A3C828EB7313B4F73","1372448","pdfjs"
"regression\pdfjs\test\pdfs\issue6901.pdf","0","0DCE224C830F563DCA993EE5757D73F97CF880BD09BFBCA9346162AA68885BAA","25100","pdfjs"
"regression\pdfjs\test\pdfs\issue6931_reduced.pdf","0","917373F97930FE07E955BD2123919EB5FEE1C1754B8C19247AC2B36A160F2AD3","56202","pdfjs"
"regression\pdfjs\test\pdfs\issue6961.pdf","0","7D3431EA9AA0256CA3CC65A850D7F1389B204F1629CB98BC17E1DD5D30D60110","2156587","pdfjs"
"regression\pdfjs\test\pdfs\issue6962.pdf","0","6EE42810C18980A24BACC53BD4C743CD9B7B2634F2D8B0D7ED90C5D404599F39","79762","pdfjs"
"regression\pdfjs\test\pdfs\issue7014.pdf","3","C56341A940C28792A5D56EEC886DAAB0D4C8EEF24C141900610FCDF5930CEED2","114757","pdfjs"
"regression\pdfjs\test\pdfs\issue7020.pdf","0","317B74D2A71C232F816C68FC868AC663BFEB4207A6B471874FFC42D1D7987E92","17014","pdfjs"
"regression\pdfjs\test\pdfs\issue7074_reduced.pdf","3","FA06804263274BF34F79A974191B17C28FE624F31CE94E871E062442220905AD","33952","pdfjs"
"regression\pdfjs\test\pdfs\issue7101.pdf","0","EFB6953B5A131C84FE4D04095E7D1F09A1AA8296D572C5859AC658E025EA9394","6832","pdfjs"
"regression\pdfjs\test\pdfs\issue7115.pdf","0","309DE181DE6CD58E47D2B401BD55282AADB43D1820396FE6F02F4DF388202D2E","1014","pdfjs"
"regression\pdfjs\test\pdfs\issue7180.pdf","0","82018287CDEA98618E736D10F5E3DF71E4A19D356F2F7228099D93DBECC87B8B","10391","pdfjs"
"regression\pdfjs\test\pdfs\issue7200.pdf","0","9FF3272BE159D68D2B9D146955184778926D7F789F1F4F5517C8B0ECAC2E2C20","37095","pdfjs"
"regression\pdfjs\test\pdfs\issue7229.pdf","3","AF26F8639F6A9F5BE9B82FD9F071539B1DD61B4F7BD9A261D77B9D3394EFCA95","1153154","pdfjs"
"regression\pdfjs\test\pdfs\issue7339_reduced.pdf","0","A411577F9EF7771B8FE6BAF0B70169109AB6859D8A207E963D9B6F1579B2B6FE","1360","pdfjs"
"regression\pdfjs\test\pdfs\issue7403.pdf","0","28290702EB89FFBBA7E0EB7FEFFBECC7C0BE203EA7F5798CFC26A66C4759013D","51871","pdfjs"
"regression\pdfjs\test\pdfs\issue7406.pdf","0","C98728407F906D5F84C2000C9C5471ECE541120DEA164BD182CDE12AC5C05580","7468","pdfjs"
"regression\pdfjs\test\pdfs\issue7426.pdf","0","D352269684B0AA59BCBFD272B1F3B8DFC32610E54C617AFB79C985BBC38BDDC4","117531","pdfjs"
"regression\pdfjs\test\pdfs\issue7439.pdf","0","DFC84C9998C254DF72242A8BB323489EF07538EBFF55967681BA372436F4A1CC","18557","pdfjs"
"regression\pdfjs\test\pdfs\issue7446.pdf","0","CB52CF851D91A24D2830C1CBFBB6C15F485E66EF2FCBDBC035E2EFC07DD3A929","720","pdfjs"
"regression\pdfjs\test\pdfs\issue7454.pdf","0","46FAF8FA06869D21EC70C4C8766B874AC149EA48B263BA8723DF9CF73978A1F0","101777","pdfjs"
"regression\pdfjs\test\pdfs\issue7492.pdf","0","720E995E98D92580F8F8484B07449C40E92CC8FFB04301BA036C9F051F351042","4619","pdfjs"
"regression\pdfjs\test\pdfs\issue7507.pdf","3","E3638E5D9C84F9D43E1E832BE4B1DA7E3E9842F8D79E40F2F531DD03D59D8982","18647","pdfjs"
"regression\pdfjs\test\pdfs\issue7544.pdf","0","CC46F96EE726D3DE2EDD74995CAC9217E7D6C3DC1EE970A30EE8D07F2DD03EA7","21143","pdfjs"
"regression\pdfjs\test\pdfs\issue7580.pdf","0","83129E967D59580A8EC2B97667879084172290AA48A7A3D059C7A03F3A458C45","1440","pdfjs"
"regression\pdfjs\test\pdfs\issue7598.pdf","0","C8C9279B899C610ED70B5596F510A659829B22D07470B5564AC3CFF8E2120EAC","74785","pdfjs"
"regression\pdfjs\test\pdfs\issue7665.pdf","0","CD1D57895BA287085780A752BE15293983B5D3733E2D62428E6083331CA336EC","1472","pdfjs"
"regression\pdfjs\test\pdfs\issue7696.pdf","0","2666C86E2C0FA1F3CC3EB7EFAB30EED8165EDFEA915989295CE232E56DBE14A7","3523","pdfjs"
"regression\pdfjs\test\pdfs\issue7769.pdf","3","B975920DFA15059A86D8083D757F728AD16D49325E49021CD4BF6F1BE1C31F3C","10923","pdfjs"
"regression\pdfjs\test\pdfs\issue7821.pdf","3","6D0DE0587EE1D98A116E0F5A2C9C96E38A6F179637057C187876B640EC5EF67F","8500","pdfjs"
"regression\pdfjs\test\pdfs\issue7835.pdf","0","B1B1AD9A9B41E982130EF63863FB6967D60DBA82C4202809A8A15A8C4763F0DD","4650","pdfjs"
"regression\pdfjs\test\pdfs\issue7847_radial.pdf","0","816C816188E1AD8AF5BA1F70A66EBB9D3C07CBC674DD6999F063EEE34E58C13F","1467","pdfjs"
"regression\pdfjs\test\pdfs\issue7855.pdf","0","87D502DD2F8DCD5BC7F90FBC42882776480E22667D0C67A1E2B355894723E0BB","50862","pdfjs"
"regression\pdfjs\test\pdfs\issue7872.pdf","0","AF6E68B5A171089C1BC758E279F4C3E61D095BB2D6FE1230F63CEC5DD7804BDE","870","pdfjs"
"regression\pdfjs\test\pdfs\issue7878.pdf","3","16376D8623328F67CE637B911B449C537DC7389FD1EC7F93BF6CE4FB206E464B","36048","pdfjs"
"regression\pdfjs\test\pdfs\issue7891_bc0.pdf","3","E1059C2AB842BB77B89DFAE40AA01FFD27914579639AB7728772886FDC44A316","59755","pdfjs"
"regression\pdfjs\test\pdfs\issue7891_bc1.pdf","3","B3500CC6EBD096E4B052F60B9629566DA028958E54700B9923859DF8E81EFCA3","59755","pdfjs"
"regression\pdfjs\test\pdfs\issue7901.pdf","0","5253CB0EF9D1A455E3E74D487B3713B1C3A09979FB3FBD5D8FB9C4B2A6872ED0","38225","pdfjs"
"regression\pdfjs\test\pdfs\issue8061.pdf","0","B73F222D2FA9FBC96FAE04348C43FF3635DFD5064FB82639E47C04FBA5E90BF3","87672","pdfjs"
"regression\pdfjs\test\pdfs\issue8088.pdf","0","8098C1026C7B711BBC842A14CAF5B3DF4BEE788DA0B9DBAB7B03B91C9B6E4A0A","1583","pdfjs"
"regression\pdfjs\test\pdfs\issue8092.pdf","0","02AED13156AD37F806EE1FD5DD6C05CFCDC598D99FD3B70F399A58BBD28C5CD9","3356","pdfjs"
"regression\pdfjs\test\pdfs\issue8097_reduced.pdf","0","C92D29D64715AEFC05521CF41C52F6688D7BCC5A7471CBC6E7EF0B1AC38D7E54","51582","pdfjs"
"regression\pdfjs\test\pdfs\issue8111.pdf","0","D650521540D7DCFE6EAA605C3CACE0938F707C57D3D3D2360C33F3CF801AC1AC","1272","pdfjs"
"regression\pdfjs\test\pdfs\issue8125.pdf","0","22406734101FD97265B0ED18541215071A2C02CF09DEBA0C85D928641C77AA3E","690","pdfjs"
"regression\pdfjs\test\pdfs\issue8187.pdf","3","A30D2CCFC65EFC65B155C6CE7CCC05214589C8BB1DA9E0AA29356F0132B06F9D","2841","pdfjs"
"regression\pdfjs\test\pdfs\issue8229.pdf","0","107A418DD4513F31001991603635E8DA82B79C9CB1443B6A1114BF75C2DF8504","20854","pdfjs"
"regression\pdfjs\test\pdfs\issue8234.pdf","0","5C0F01979272D8D690F13232B66C77EE3B27EB8D5B96807CD46F390B02B5F2E8","13704","pdfjs"
"regression\pdfjs\test\pdfs\issue8276_reduced.pdf","0","0849BFE6F950D4AD44B5011A40FFBE96C80F52E44873B49CDDF725D1632D5620","682","pdfjs"
"regression\pdfjs\test\pdfs\issue8372.pdf","0","660D63348BC4F0835286393DCFE2285BC87F9884C57A451388492AC29E42307D","1143","pdfjs"
"regression\pdfjs\test\pdfs\issue840.pdf","0","A06DDB834E9AEC52EE0EC3837FA8AFC296B8A411FA9F8217D555CF3597C52C5D","152333","pdfjs"
"regression\pdfjs\test\pdfs\issue8424.pdf","0","A84A85F3620D30D9E61092A25CED56393093200767E54FBDF161715584EE0B73","49015","pdfjs"
"regression\pdfjs\test\pdfs\issue845r.pdf","0","833D36AF50D66869B1E25AB1F7333107BD6C2D53FA75E59AA02C749CA0D5662F","27472","pdfjs"
"regression\pdfjs\test\pdfs\issue8480.pdf","0","9867C384EC4356199C500E885F1CD3058C57B73CE14BE3C39A77E5648C10BC29","45238","pdfjs"
"regression\pdfjs\test\pdfs\issue8565.pdf","0","BC1121943F81C9C1D445C80CBB332E2800D56A9B7E97532BE1D0B6656F634599","2238","pdfjs"
"regression\pdfjs\test\pdfs\issue8570.pdf","0","86B6C3C00FA7C49164C5331680BF0E19BE3728845256332DDB7FDD52D45895AB","229717","pdfjs"
"regression\pdfjs\test\pdfs\issue8586.pdf","3","422DA454809258865A7E7A4C823CCE7D393A33E608F7C4AC5C6C12F291ED9054","4146","pdfjs"
"regression\pdfjs\test\pdfs\issue8697.pdf","0","82E38E1D1EDB6BFB5D79F54C0AA4CF8EE82E2B7C266394314B3EEE3E1516EFF9","1400","pdfjs"
"regression\pdfjs\test\pdfs\issue8702.pdf","0","934965758EC7A6AD7A696F9EC848C1A43CD227B7E763149A233C6B6A1576EE72","7379","pdfjs"
"regression\pdfjs\test\pdfs\issue8707.pdf","3","9F1D3B5ACEE018AB9CACABA34995ACAEF04CB8E9ED430D1D92AF3ABE15D75FE7","10055","pdfjs"
"regression\pdfjs\test\pdfs\issue8795_reduced.pdf","3","6D8595632BF38BA15FE333DD9A11D5DFFC3454BFA8374E6F1622826112735447","4244537","pdfjs"
"regression\pdfjs\test\pdfs\issue8798r.pdf","0","C3AD0A0BF535DA4C0C84209B75D93FDDAA62DCAD16A571C5F1ADCACFB0AD3B73","823","pdfjs"
"regression\pdfjs\test\pdfs\issue8823.pdf","0","1EC3B2238941900EE7B3E89D495D6E2180B437C5117ECF2F47F618A5CB2B8814","1771","pdfjs"
"regression\pdfjs\test\pdfs\issue8844.pdf","0","9CEE7E38B20F4A6816F4263ACC0D952C8D770291FEBB67F49D5D8D447445806D","38910","pdfjs"
"regression\pdfjs\test\pdfs\issue8960_reduced.pdf","0","604904277D07B517FDD662312EE6F18119CA6993F530AEA4E80A4C3470BED5C5","8414","pdfjs"
"regression\pdfjs\test\pdfs\issue9017_reduced.pdf","0","5EEE68B0A4BD33F5BC6D1DF9CA51173293CB6C975C5CB843685302F69E92417F","6118","pdfjs"
"regression\pdfjs\test\pdfs\issue9084.pdf","0","386A9969EA8387B99EE328E9A646D36F0037057318870B181F6B2120B2E6D4E8","25823","pdfjs"
"regression\pdfjs\test\pdfs\issue9105_other.pdf","2","6829F033D91558FCEA1C34271EFA88B535BE9C8FCF0ABDEEC616C95B8E51D385","187","pdfjs"
"regression\pdfjs\test\pdfs\issue9105_reduced.pdf","3","6820AC7E4949964E6A828DFBB40C321B5E0389391066FE90A663A7437232BC70","723","pdfjs"
"regression\pdfjs\test\pdfs\issue918.pdf","0","E1D8246BD5EA9F8F1EAB8A58EF7CBA661D455D9048A1082AD6AB328D921125B7","52483","pdfjs"
"regression\pdfjs\test\pdfs\issue9243.pdf","0","AC60BB9A3384145E144C647DEF3900F947FA3535022D19D6C91A821778AE1224","1608","pdfjs"
"regression\pdfjs\test\pdfs\issue925.pdf","0","C6FFC08443E46174B5A8B2D71ADC7ECC4454A7FABCEDBF24CDFB9B96F1822603","80185","pdfjs"
"regression\pdfjs\test\pdfs\issue9252.pdf","3","05884918343345AE4F9D133DDD654B9AFB7A434E83F3504C05557454106387BA","1289","pdfjs"
"regression\pdfjs\test\pdfs\issue9262_reduced.pdf","0","D05DC91E7AB4DC33BFC7A383AFBFA1512B69231C75F1F12247DD26D71D6B697F","5536057","pdfjs"
"regression\pdfjs\test\pdfs\issue9278.pdf","0","B3094A6BC30B97D76B14AAFBE68F309E20B5E24CA89D00090E1B0F007641A701","8662","pdfjs"
"regression\pdfjs\test\pdfs\issue9291.pdf","0","83360D7511263C2A80CC3FF56B4B0AC6DA8A597DF800FF50607EA6C0D732CBDB","2040","pdfjs"
"regression\pdfjs\test\pdfs\issue9418.pdf","2","BC0D5EC68433277D36AEA4D80C3F8A97A85672B3DED52696118F69623F9A5114","151088","pdfjs"
"regression\pdfjs\test\pdfs\issue9458.pdf","0","689293DC1CA3CA70497C917D28C143F5E3DDFA23D43995F51B3857CC66AC0E51","106412","pdfjs"
"regression\pdfjs\test\pdfs\issue9534_reduced.pdf","0","CBE7BD0638099BDC5CCBB6CED084843DDF76FD635B36338D17B72101B372FB00","32585","pdfjs"
"regression\pdfjs\test\pdfs\issue9655_reduced.pdf","0","96C15C74D31A21E8690C6333B9B4EBA8B99FA35D3B5E8C7331138F5C109C2C52","31518","pdfjs"
"regression\pdfjs\test\pdfs\issue9713.pdf","0","F45A2BD81BAB714096B72CE3B7F023EC903A85662536601E6558E31EE5BFE3A4","49425","pdfjs"
"regression\pdfjs\test\pdfs\issue9915_reduced.pdf","0","3183FC50D942D86F6D73D8D241A85A7F271ED4A1418E16F49C9AF0FF7061A31D","13814","pdfjs"
"regression\pdfjs\test\pdfs\issue9940.pdf","3","D30472298858145F9D52AAA99FA28DE2ABE4F68A87BC96DA3249D9BE941431CA","394734","pdfjs"
"regression\pdfjs\test\pdfs\issue9949.pdf","0","0BED9DD73C79C4B5FF1F74725F7EBFAAE85981BB8E0C3C971C721A5371740CEC","844757","pdfjs"
"regression\pdfjs\test\pdfs\issue9972-1.pdf","0","DC072721F16954E5625E10DF7C3D103E74454DD43395E98B68DDFB75D4B40379","80970","pdfjs"
"regression\pdfjs\test\pdfs\issue9972-2.pdf","0","E82DD398579B1BEA6875554957C8349D125A40EA5280C3B9DC4A3130B8F3928C","80960","pdfjs"
"regression\pdfjs\test\pdfs\issue9972-3.pdf","0","E4420AFF3BC24D4ADE628C7780398DA998AF212601C4FE59AE3E5FE47FE85A22","80951","pdfjs"
"regression\pdfjs\test\pdfs\javauninstall-7r.pdf","0","F16AC42EBBB209579FD7AA0E42AAEF6FE7C48E3A7AA74EB0DF4446C0EF179EEC","77197","pdfjs"
"regression\pdfjs\test\pdfs\jbig2_file_header.pdf","0","5EDB6045FC86EE5FA8E837685A35A57014764D1F72518E136E5E8F13FCF92C8D","774","pdfjs"
"regression\pdfjs\test\pdfs\jbig2_symbol_offset.pdf","0","305B71C67829EF0BB8BDDAB9FA3EE763DCECD173F5FD996740D17212888FA97D","1157","pdfjs"
"regression\pdfjs\test\pdfs\jp2k-resetprob.pdf","0","582DA92F1CAD4FA47639E5DF5C29EBBA6E4AE432BA5E9283297EE6E5E88D7EFA","3251","pdfjs"
"regression\pdfjs\test\pdfs\jpx_smaskindata.pdf","0","A82813559C74F074B0CAF92C80875FC018ACB737269A2AF5508C7E083B2A5FD3","2515","pdfjs"
"regression\pdfjs\test\pdfs\js-authors.pdf","3","6774979776528D491D6D7117DBCF33445643E00E824BB53E1E421D07DE968972","7078","pdfjs"
"regression\pdfjs\test\pdfs\js-buttons.pdf","3","4679EE03EE84B48D8B67BA39975E946DE49216BA744A729FA30EF8F32C3EA9BA","29410","pdfjs"
"regression\pdfjs\test\pdfs\js-colors.pdf","3","26664CD35630438BF0F0313F4B78C656C3A1C4F05CB9B30475F27482C3FBC78F","10380","pdfjs"
"regression\pdfjs\test\pdfs\knockout_blend_multiply.pdf","0","FF31A84877C957101040906F087D4A73D0F29F3A3060448CB6F6929DBCEE5280","900","pdfjs"
"regression\pdfjs\test\pdfs\knockout_groups_test.pdf","0","8F5E60DE3A74B1FBCC28105DD6573205FD2FD4355F8E90B5CB69B7B66C223026","25286","pdfjs"
"regression\pdfjs\test\pdfs\knockout_inner_backdrop.pdf","0","BE0B806E63AD097945AA372D286784C8AC152102DC268780AE94DBE89A78E23C","1146","pdfjs"
"regression\pdfjs\test\pdfs\knockout_isolated_overlap.pdf","0","459B1C79FD0D7F1B13EF2D339CEF65A13A6B65A3ECF31D33DC7A6D781666C66B","901","pdfjs"
"regression\pdfjs\test\pdfs\knockout_nested_group_alpha.pdf","0","FF110A1262E8E9E3E63327F88D8676FC6EB1461634D64F45D41AE481A72F59EF","1166","pdfjs"
"regression\pdfjs\test\pdfs\knockout_nested.pdf","0","7A13EFD7F00463B5CC0BB8C02DEF692CD4F8354E3C6A3CB4AB802AC0CB6F796F","1128","pdfjs"
"regression\pdfjs\test\pdfs\knockout_nonisolated_sparse.pdf","0","DBA9F7E4267ED6F247F783E6F43916DFB0E6CC3EDE56A1E7D27C425C16190709","870","pdfjs"
"regression\pdfjs\test\pdfs\knockout_smask.pdf","0","8C33AD7D984A62355E1C5643B50855EA82538756BC8303256A791177D186F540","1153","pdfjs"
"regression\pdfjs\test\pdfs\labelled_pages.pdf","3","5469CF9139B28CEC6FECE1AC7697C98F1EA529999332D8B59535C0439F1140D1","6717","pdfjs"
"regression\pdfjs\test\pdfs\large_jpeg_downscale.pdf","0","876D768B597E5176AFB2BB35119916414F03851D544BC4589467A2491F8C86F5","121794","pdfjs"
"regression\pdfjs\test\pdfs\listbox_actions.pdf","3","F5A4E190006001978980A0F6DDF723FBC620BC7DC199E697419A5CFC31F7EB58","9022","pdfjs"
"regression\pdfjs\test\pdfs\mesh_shading_empty.pdf","3","90F2CDFEDEB307E40806D6089B333BC276BF24FD7BBA829572CE78ED129901F7","1407","pdfjs"
"regression\pdfjs\test\pdfs\mixedfonts.pdf","0","04F17B84112D8130D75601F8F9C2027481A19DF595AACB753CA3F9F3B08B2350","405432","pdfjs"
"regression\pdfjs\test\pdfs\mmtype1.pdf","3","6E08F0E3F64ED302F00572E2C4E391614DF98CC9FA9D5E40538D495AA1A2063C","8044","pdfjs"
"regression\pdfjs\test\pdfs\multiline.pdf","3","A320198CF4BF28EAEB99080AFCD92E5C2F864AF1620B1B394A7BEA44FB01C93C","6455","pdfjs"
"regression\pdfjs\test\pdfs\multimedia_annotations.pdf","0","C3D4D2C0F75D99E297D32713303F52B099F34BBA642C1A10B0C95819AA5F10F6","115662","pdfjs"
"regression\pdfjs\test\pdfs\multiple-filters-length-zero.pdf","3","7988A74A1A2A383C42A80631CE196D1A895CE88FE9B16D0BF9FDAB9C6D63542F","18374","pdfjs"
"regression\pdfjs\test\pdfs\named_dest_collision_for_editor.pdf","3","C82BCB3934F24C82A80D52838AB90E2B2D0FCA7B5C2973E5A482123FE1B84949","811","pdfjs"
"regression\pdfjs\test\pdfs\nested_outline.pdf","0","1283AA2173BC57DEF82323EA2601A4E08ADA5BEB2466873AEC8AA04DDD74C013","5929","pdfjs"
"regression\pdfjs\test\pdfs\noembed-eucjp.pdf","0","CADD5B9A27E2DE9A11A0CF29B20724CB0F63643387BE5E690DE35CA35922E45C","1472","pdfjs"
"regression\pdfjs\test\pdfs\noembed-identity-2.pdf","0","457EE3DDBB36B2C42AC3F7BAD8D595694D606A31CF0E925CFF53C22969EB731F","2147","pdfjs"
"regression\pdfjs\test\pdfs\noembed-identity.pdf","0","B9BDCC78758415331A3F94C0D05A45FD605C462F907DA38EC1E79BE1FE37517B","3054","pdfjs"
"regression\pdfjs\test\pdfs\noembed-jis7.pdf","0","812493361351A703B3A1C34830115DF762024229AAC8E41D9A16B8A075761691","15306","pdfjs"
"regression\pdfjs\test\pdfs\noembed-sjis.pdf","0","13FD4811BEAF0390D313847E23839DB237D1FB65EFC839F6D9F534EA52311C95","1472","pdfjs"
"regression\pdfjs\test\pdfs\non-embedded-NuptialScript.pdf","0","3BFB04490B14A02C8A100CE63DDB9119E65966B04C7A8FAE8E9DEF072B1F35D5","1627","pdfjs"
"regression\pdfjs\test\pdfs\nonisolated_blend_smask.pdf","0","866D8D75177357EB29CF330A0C30676CC07E22C9E5BD759FBB29F1DE79E51F33","3258","pdfjs"
"regression\pdfjs\test\pdfs\openoffice.pdf","0","5C9841D641406B074F16087442A62F652057A607364B7AA82F8B4851F7E2ACFC","10388","pdfjs"
"regression\pdfjs\test\pdfs\operator_list_cycle.pdf","3","565BE6068E48DA36C0E2F71035C311095341CC2A9867329ABF282F24E33E805B","1230","pdfjs"
"regression\pdfjs\test\pdfs\operator-in-TJ-array.pdf","3","30F2536F754C14121B4596A50D95FC38592B8A0D81640E92C1FBE6553F482479","1004","pdfjs"
"regression\pdfjs\test\pdfs\opt_demo.pdf","0","7AFEC50B428DA02826C85816D7EBA9049761002E6D36F7CA5BE6F933109F7AF4","5642","pdfjs"
"regression\pdfjs\test\pdfs\outline_goto_action.pdf","3","7B653D3E95CA550509ABCFD3887754D2EC0C68DA330EC03A95C77BDB47479ECC","1061","pdfjs"
"regression\pdfjs\test\pdfs\outlines_for_editor.pdf","3","084E3B2EB28F5D512F12CD3871BB8B161226F5EE43C82F89C7C5EE0987F58D1E","2982","pdfjs"
"regression\pdfjs\test\pdfs\outlines_se.pdf","0","11D268780724FAF63110612A4625923420D2F60075C07D5365D2C9197D1C04CD","30444","pdfjs"
"regression\pdfjs\test\pdfs\page_with_number_and_link.pdf","0","F80FF0FE5FD0B0388F6496E243F44E2D5B9B3C5208DD35BAE6A32DD1487DC14D","71816","pdfjs"
"regression\pdfjs\test\pdfs\page_with_number.pdf","3","6793B754A8AF3088F09FCCE92C83FC7F230393CB9197A3DD3968B11740E769BA","35537","pdfjs"
"regression\pdfjs\test\pdfs\Pages-tree-refs.pdf","2","77C8817EA016296EA59E0991EA1A6D1440EF2480CDCD9ACB59106938B649233F","1098","pdfjs"
"regression\pdfjs\test\pdfs\paragraph_and_link.pdf","3","9CF19511A545DD8F5958A590595747C8A150BEFF2EF8B52E324E21483FFE2562","45232","pdfjs"
"regression\pdfjs\test\pdfs\pattern_text_embedded_font.pdf","0","0D87537CFBA850B7501DB8010801BEBE62B9CC19776AE387F9DAFC61E00B1699","2662","pdfjs"
"regression\pdfjs\test\pdfs\PDFBOX-3148-2-fuzzed.pdf","3","1C780335B494AC52EAE9FA4D05F1BBA88C18CA6B24E6E302B9F271DE05E256AA","244351","pdfjs"
"regression\pdfjs\test\pdfs\PDFBOX-4352-0.pdf","2","EDE76CE3AAA8A5D9DA0E6F7FADCE8470083BE748035DA6DB08EDE9EA34813F40","1481","pdfjs"
"regression\pdfjs\test\pdfs\pdfjs_wikipedia.pdf","0","4A10E1AEE6565B5F329F073470CF95410272412510985948DC86399B57D7B4DB","207960","pdfjs"
"regression\pdfjs\test\pdfs\PDFJS-7562-reduced.pdf","3","86FC03927AA3E1B216910DE7B98C51AA42BAB9BAA359219FF4F422133188ED98","13653","pdfjs"
"regression\pdfjs\test\pdfs\PDFJS-9279-reduced.pdf","0","B3067F37E7B2EA17AC0CC547644C32F77174D2D409106893A939B702B0BDE617","3090252","pdfjs"
"regression\pdfjs\test\pdfs\pdfjsbad1586.pdf","0","4625F06D2A8796CB76999B5D450CF41BBB41B00FFE0196A9954B20BFA7D916FE","7911","pdfjs"
"regression\pdfjs\test\pdfs\pdfkit_compressed.pdf","3","920B8491769E72567E5C40EF9249F1E9FCCACAD244A82264C28B97FC97D5EF73","8286","pdfjs"
"regression\pdfjs\test\pdfs\pdkids.pdf","0","C4EA5CCC138BB58109ABA4EC33C7841BF9BDA637B20CEC932904CBEE700845B5","546144","pdfjs"
"regression\pdfjs\test\pdfs\personwithdog.pdf","0","F23B044B9A983F07690400375AE41AA346A93759A701009B633BD45D3D3FA2C8","521565","pdfjs"
"regression\pdfjs\test\pdfs\poppler-395-0-fuzzed.pdf","2","E2EC919E787C0069948598F9C9D7A39787ACDE602AACD2BB263298A85E2E0C64","23068","pdfjs"
"regression\pdfjs\test\pdfs\poppler-67295-0.pdf","0","F513F3B4B4A1CB223622E91F03701C0F396E6EED47121FB8CBA5C0E515357D3B","794","pdfjs"
"regression\pdfjs\test\pdfs\poppler-742-0-fuzzed.pdf","2","E651252B0D4FB2556C957C13844F5630B32352B0483FB2CC1592CD778290A01A","40662","pdfjs"
"regression\pdfjs\test\pdfs\poppler-85140-0.pdf","2","A358D66CFCF9BFD348908A54CDE605B5D9B2F974CE68F7C8A327F074C0B76F9A","340","pdfjs"
"regression\pdfjs\test\pdfs\poppler-90-0-fuzzed.pdf","2","233C39DC16ED862911668784739D07DC9A27AE844D63188DE7019DA4F012F942","611575","pdfjs"
"regression\pdfjs\test\pdfs\poppler-91414-0-53.pdf","3","48650946B6037581B3FB8B399C82C6669557B599B917153EDFC5D4A3D9B155BC","757","pdfjs"
"regression\pdfjs\test\pdfs\poppler-91414-0-54.pdf","3","1B2290FDA39D79506E2CC104199BDA3A5FB1A38BBF67E213778E0FC3B83FA2A4","843","pdfjs"
"regression\pdfjs\test\pdfs\poppler-937-0-fuzzed.pdf","2","732311F7B606C6360121644B9B7709DC8D369F37157704DC16E6791A4CA6E680","1666","pdfjs"
"regression\pdfjs\test\pdfs\postscript_type4_many_outputs.pdf","0","F9E8901E33B91E7D43431D4030D3F658D89CCDE7C30C5A434E0E46547E2D7EF2","1117","pdfjs"
"regression\pdfjs\test\pdfs\pr12564.pdf","0","9840C2AEA98182955F561B33BBECD66866B809B1E3DEBB0102DEFB24D7F332A0","147420","pdfjs"
"regression\pdfjs\test\pdfs\pr12828.pdf","3","767D1F8F5EE32A05C98DCA799D99E4C8AE556BBDA001D1C0ACF5E3BC3D362F45","16711","pdfjs"
"regression\pdfjs\test\pdfs\pr19449.pdf","3","64E541852F705F1C410B95EEC38C1F49E7471F1987C042BB699F2651491B74CF","11528","pdfjs"
"regression\pdfjs\test\pdfs\pr20043.pdf","3","710402DA97DF04A6AA1BF3F5FD4AE7A07CCBB225754E9097A923BA5D34A696F3","92617","pdfjs"
"regression\pdfjs\test\pdfs\pr4922.pdf","0","B4172E31F3CEA17853A143865334C5E54E1BF04A075378BE48F4F57534D5BFD9","63472","pdfjs"
"regression\pdfjs\test\pdfs\pr6531_1.pdf","2","A5584AB7DA3A77A2D3726E8289D7740AD11DF06375AF95F81BD4C7CC63A7E4FC","43414","pdfjs"
"regression\pdfjs\test\pdfs\pr6531_2.pdf","3","E85D22B832A61BE1D302A811E29C5DF5CCD2A3795633178449D0B2E0E2451118","6139","pdfjs"
"regression\pdfjs\test\pdfs\pr7352.pdf","0","0DB206FAE31DBA72521D689E21E6450FB9F2D992E8BB853291340C20C573DA63","1648","pdfjs"
"regression\pdfjs\test\pdfs\prefilled_f1040.pdf","0","899EDB271684D2451337E225268003324A583A7D3429E23EFD69F1654ADF9BF9","306416","pdfjs"
"regression\pdfjs\test\pdfs\print_protection.pdf","2","E5497249E49832011090C5D7A757787192AF4231FBD82980F87683E4E5E4E3FA","10832","pdfjs"
"regression\pdfjs\test\pdfs\quadpoints.pdf","0","6BF7592ED72A73D26D1D2D613FECDCC5BAABCC4024C0B01477972F19854E79A6","33054","pdfjs"
"regression\pdfjs\test\pdfs\radial_gradients.pdf","0","4FF43A6591900D190A5C48DACE581028A47F4D9BC8A2AE151E8D5805EAD7DDC0","11851","pdfjs"
"regression\pdfjs\test\pdfs\rc_annotation.pdf","0","8C6D74945C1F4F0FC03C27E63C384E41253AD7626F74020F64A4290A321793EF","1331","pdfjs"
"regression\pdfjs\test\pdfs\recursiveCompositGlyf.pdf","0","AC0D0AF644681F2CCB8C89D5FA0541F1AAECA071EB9772CCBA0BD7175877701D","1938","pdfjs"
"regression\pdfjs\test\pdfs\red_stamp.pdf","0","41371762B5EFDDE3B81896E64445736ABDEC2F9E09D37C8979054E430293CFE4","5860","pdfjs"
"regression\pdfjs\test\pdfs\REDHAT-1531897-0.pdf","2","F468FC2F922BB179F3CB9994C9476FB1840445FE6DEB6CDCCA42244AB0218786","871","pdfjs"
"regression\pdfjs\test\pdfs\resetform.pdf","3","BB8443EDE056964948657153C44CE5E82A9FE231AD3AA2ABF6849C956E82DA27","20907","pdfjs"
"regression\pdfjs\test\pdfs\rotated_freetexts.pdf","0","552B9A199ACF8172BBF9C8F30827869401A9C0D4FA4A17DB40218E00275CA041","13693","pdfjs"
"regression\pdfjs\test\pdfs\rotated_ink.pdf","0","D6C0C27B6ADCE8FADBCF9B2255DAAD588C93FD952F006D35397A53DC7B5FD280","22682","pdfjs"
"regression\pdfjs\test\pdfs\rotated.pdf","0","08C31DB1EBD2345D1DCDCD3EE2BAFFE47845DB76E9911A823AD9ED8638B5A294","12963","pdfjs"
"regression\pdfjs\test\pdfs\rotation.pdf","3","5087C2AFE763D145537D652BB3BC6C321ACE3A267B2679AE2C178ADD3BA7F1D9","6605","pdfjs"
"regression\pdfjs\test\pdfs\S2.pdf","0","57D874F2760DED2B70EB58B7B5E31DF407D5641B7225576B77458B5DC5009543","478490","pdfjs"
"regression\pdfjs\test\pdfs\saslprep-r6.pdf","2","E570BEA23D5E1B8A796FFC3701920F04FC114543B4B25E8F03BD913CA47F1DA9","1312","pdfjs"
"regression\pdfjs\test\pdfs\scan-bad.pdf","3","D40F31F182CF254AB134826D379875ACACB1F7B48BF1A57BCE2E30B38D16628E","29832","pdfjs"
"regression\pdfjs\test\pdfs\sci-notation.pdf","3","51046CCEFCB6C4D5165ADCDD5B01FFC8FEE2FD0DB6D15DBE12CD1A9F4BEE7F20","657","pdfjs"
"regression\pdfjs\test\pdfs\scorecard_reduced.pdf","3","5B1EDE16C90BB63D121D037966C7786BA37C20C15E55FF2FADF14C28500C38F7","6975","pdfjs"
"regression\pdfjs\test\pdfs\secHandler.pdf","3","AE133AD139E2B6FAD8F2A74B035779B41C0A008D519503AC48EB70AE61B0609C","7801","pdfjs"
"regression\pdfjs\test\pdfs\shading_extend.pdf","0","F71E22D120201B289E5FAD9609060BB06611DB387921E946878AEF35DB079774","9514","pdfjs"
"regression\pdfjs\test\pdfs\ShowText-ShadingPattern.pdf","0","13AC785E8445FBF01D5A8200E0E899DAA204CDBE723B02F38F8AF61AC48707BB","4671","pdfjs"
"regression\pdfjs\test\pdfs\signed_verified.pdf","0","1FE9051D9AC1F39828988040DB471916251DC2953C1A32EFD6596E4975DA848C","10252","pdfjs"
"regression\pdfjs\test\pdfs\SimFang-variant.pdf","0","E6C6E3FB472F06A3D812BEF23AFC026E90B33497408122B61D577E0F7DF49418","4108","pdfjs"
"regression\pdfjs\test\pdfs\simpletype3font.pdf","0","A5697CBC51C19816944658B91E3A41F86E98AE63FBD1007798994B073385AEF1","1624","pdfjs"
"regression\pdfjs\test\pdfs\sizes.pdf","0","5FA399FA5E639C7D5CA03AB1F50047C4F7F1C218043FFDA3EB76E99CC36437F1","13739","pdfjs"
"regression\pdfjs\test\pdfs\smask_alpha_bc.pdf","0","FDA2A361BE849A4B4D95120C8A87208F3D68B06D92FA2293E4DCB96E052D1E34","945","pdfjs"
"regression\pdfjs\test\pdfs\smask_alpha_oob_transfer.pdf","0","90B1909AA674C400C76DAE0E265E89A83BEBC77DA4A875A8137C58C7A35A49EC","1031","pdfjs"
"regression\pdfjs\test\pdfs\smask_alpha_oob.pdf","0","38472DE8C3E42B94859DEAE76931FA232B85BA7B86F23D18CCAADB907D697832","1031","pdfjs"
"regression\pdfjs\test\pdfs\smask_luminosity_oob_transfer.pdf","0","C691FB3206B5163D0AF4D02A1471C0E96F78D9F63804D8BA85867DBDC1C0E740","1093","pdfjs"
"regression\pdfjs\test\pdfs\smaskdim.pdf","3","E03B8359F8B64E1A18A795AA9376BC98D98DCA89A828EC20C49A4AC2F36A3D82","29745","pdfjs"
"regression\pdfjs\test\pdfs\stamps.pdf","0","8B07B29819B29F225419DDA5B24AFA743B604003ADBE0F468846FB3D4E9630ED","107372","pdfjs"
"regression\pdfjs\test\pdfs\standard_fonts.pdf","0","4D48FC12E619A823BF70B3A4D8E9D916A85683ECB176D138AF66A57351BD21F9","94800","pdfjs"
"regression\pdfjs\test\pdfs\structure_simple.pdf","0","5B5510BB5F91C86AA0BBD4882842D4583C814E0E69A0CFBFF0E70DC250A8D0F3","40264","pdfjs"
"regression\pdfjs\test\pdfs\tagged_stamp.pdf","0","0CE2C20E36B70558EEA45511A2C307CE7E22AD0D51BE1216B27F7085C0311198","18885","pdfjs"
"regression\pdfjs\test\pdfs\TAMReview.pdf","3","A6DB6D2F5E4F97E1E28A5919A875A40B89E38D0229B33CC023CA4D353F3AB3EC","674629","pdfjs"
"regression\pdfjs\test\pdfs\tensor-allflags-withfunction.pdf","0","D0167F51046DC315AEB6BE6C48AE874C776F532CBC1B8F4D64EFD6AD1215F480","3381","pdfjs"
"regression\pdfjs\test\pdfs\Test-plusminus.pdf","0","2D572B042E50128127CC1C5A056DA3F94B77854B6CCA89FF074E1269B9172A45","28401","pdfjs"
"regression\pdfjs\test\pdfs\text_clip_cff_cid.pdf","0","81AAF48F55C659D29D7A533CD913BD9D028FFAD183B46580A2122EEBE5187506","7393","pdfjs"
"regression\pdfjs\test\pdfs\text_field_own_canvas_calc.pdf","0","B307EC462E469E7FDC7ACC2630641F41EF9DA4DADF8DD5C736720C60EE19248C","1797","pdfjs"
"regression\pdfjs\test\pdfs\text_rise_eol_bug.pdf","0","0D3CB608BBCDC3DA823F2955FB026D9760A20BE7802C7CA6E1A34632F87D0127","670","pdfjs"
"regression\pdfjs\test\pdfs\textfields.pdf","3","F05E613732FBD3013578322E84A83925E98FFE522D2868A1F41485DEB5855788","8854","pdfjs"
"regression\pdfjs\test\pdfs\three_pages_with_number.pdf","0","94DB0A3FC8E8EAD772BAA165CD4378BB0D9C7191056EBCF77AB45B4F56FC70A4","25798","pdfjs"
"regression\pdfjs\test\pdfs\ThuluthFeatures.pdf","3","752304C24A50834D111793FC038CAFC892C071D04F214072729C41A178C161E7","117677","pdfjs"
"regression\pdfjs\test\pdfs\tiling_patterns_variations.pdf","0","2B7B9CCCCCEF7407C18690CF4F007A04FC8A013B868738D025A71113A4700350","2326","pdfjs"
"regression\pdfjs\test\pdfs\tiling-pattern-box.pdf","0","B67AE1BD9C8064F4DDC94B10C9C80FB2AEAC668694A2CB4C2CD840712BA7190B","59948","pdfjs"
"regression\pdfjs\test\pdfs\tiling-pattern-large-steps.pdf","0","10DF93162F8B7B9C8846F2E394FA45BCEF2B752B4CBE96A1B065B728437DFE99","983","pdfjs"
"regression\pdfjs\test\pdfs\tracemonkey_a11y.pdf","0","35730B8E3AD3873CCC70067A4688B08DDE6240FF0D9DB94E7F38DABEB6D748D7","110108","pdfjs"
"regression\pdfjs\test\pdfs\tracemonkey_annotation_on_page_8.pdf","0","3B1DAFE75E23FEE1E01F42345A41195EA67095DB543C4C2DC55223BEB65D8EDE","1052147","pdfjs"
"regression\pdfjs\test\pdfs\tracemonkey_freetext.pdf","0","8DF3A27A60AFB51CD16B75146AF5B5408D792C6D98D4C4B90E838684A4FE2DEF","1017319","pdfjs"
"regression\pdfjs\test\pdfs\tracemonkey_with_annotations.pdf","0","4271377F0EFC94E1405B0D2A5CE008DAA697FAF25D8FDFBA2E22793D087D9862","1021717","pdfjs"
"regression\pdfjs\test\pdfs\tracemonkey_with_editable_annotations.pdf","0","1C673D35678A8FDE066ED70ADA527A07F8674E4F6D8EF817AB97F742B1405D38","1212647","pdfjs"
"regression\pdfjs\test\pdfs\tracemonkey.pdf","0","3662FF519E485810520552BF301D8C3B2B917FD2F83303F4965D7ABED367E113","1016315","pdfjs"
"regression\pdfjs\test\pdfs\transparency_group.pdf","0","029DD50635ADEE0711836095B76AAB62226CA8731F6642A9454B25E2668226DD","347690","pdfjs"
"regression\pdfjs\test\pdfs\transparent.pdf","0","5CC2708008E30ACDF87F1A7FCEBC1EDF6B8497BEEB29D94C56BC63C9B2742BBA","56597","pdfjs"
"regression\pdfjs\test\pdfs\TrueType_without_cmap.pdf","0","3E111EEF52CE9C0D0B1DA043290DF4B49A5670C89891FCB3DB6962EDB12E35AA","3989","pdfjs"
"regression\pdfjs\test\pdfs\two_pages.pdf","3","749BA62AFD093133FF50A3A92CF190948C65544D59D9DEA3581763A29DAF7228","98403","pdfjs"
"regression\pdfjs\test\pdfs\two_paragraphs.pdf","3","59A5E21F0BAFB2E908EA3555FBB32B54A2EC972E99A01031CA17DADDCA5B62DE","25142","pdfjs"
"regression\pdfjs\test\pdfs\Type3WordSpacing.pdf","0","8AC40DC49D40AF8B5A50B442CED56B8DB962C961A779A0284CD3A6207ADC0BB7","2693","pdfjs"
"regression\pdfjs\test\pdfs\type4psfunc.pdf","0","FC69EB3C8E7C605522AD331C9E1F7CAA48ED263BFCAA0FF3232B44E15D2859E0","25751","pdfjs"
"regression\pdfjs\test\pdfs\vertical.pdf","0","514511143DB12309893FB69CDF98C76F2361C20DA394F79FDFF2C119ED7A4393","6905","pdfjs"
"regression\pdfjs\test\pdfs\visibility_expressions.pdf","0","5BFE308439D012F9EA734DEC8E12A4AF943D83A135A33887698362E5A537D2B9","3921","pdfjs"
"regression\pdfjs\test\pdfs\widget_hidden_print.pdf","0","025FDDAAED7DEB42B10DD7B09923D20B07F77C448EABFB8C7DBE7B28197B8ECF","6995","pdfjs"
"regression\pdfjs\test\pdfs\xfa_filled_imm1344e.pdf","0","8313C52EA97B49908137FD744E85FC37584B502210FCC0A73D6C272CCA9D7889","3023968","pdfjs"
"regression\pdfjs\test\pdfs\xfa_issue14315.pdf","3","D039A40EA28384BAE8D1A24929A4288AAE1AEB433C441FD39C04FAD618FA6F19","11568","pdfjs"
"regression\pdfjs\test\pdfs\XiaoBiaoSong.pdf","0","1EA20B84D94B90FA1CCB08BDD2E79E710071E0593FDE6D547AB1CD4A3EBC0F88","5652","pdfjs"
"regression\pdfjs\test\pdfs\xobject-image.pdf","3","9BD4A6F17BAC7B6D218AE0F8D28EA80F7025948499FA3686E46D6950CAC6AB9A","1462","pdfjs"
"regression\pdfjs\test\pdfs\xref_command_missing.pdf","3","88D3905774607B3F529E369DB122B2D14051417993C9A704472C91C6702CCFF6","631","pdfjs"
"regression\pdfjs\test\pdfs\ZapfDingbats.pdf","3","F0D3D15D1DD611A8CA6904389DB4FA111FF53C506CB75177743A27FB5C4273FE","17602","pdfjs"
"regression\pdfjs\test\pdfs\zero_descent.pdf","3","9F49DAE4E2EE60C81283E2D42FC39CA4AB9308345EF9BCEF1DDCCE746AE45619","66554","pdfjs"
"regression\pdfjs\test\pdfs\zerowidthline.pdf","0","CC3EE77C644B2824AF036500A2C69955D27869EA03773EEEBE75AB4DC142AC3D","6569","pdfjs"
