"File","SHA256","Bytes","QpdfExitCode","QpdfOutput"
"regression/arxiv-cc-2025-01-08-to-14-batch3/2501.02702v1.pdf","236213B98DB58EA23379B417072B253E73A6069F4D86994C9E8AA3AF84FBDED9","918828","0","checking C:\Users\steve\code\KillerPDF-Corpus\corpus\regression\arxiv-cc-2025-01-08-to-14-batch3\2501.02702v1.pdf PDF Version: 1.5 File is not encrypted File is not linearized No syntax or stream encoding errors found; the file may still contain errors that qpdf cannot detect"
"regression/arxiv-cc-2025-01-08-to-14-batch3/2501.02717v2.pdf","D93AA2E231802E8666A2869A3889BC5DD9DFE7DA6A03A822214D1FFC193F0999","2040357","0","checking C:\Users\steve\code\KillerPDF-Corpus\corpus\regression\arxiv-cc-2025-01-08-to-14-batch3\2501.02717v2.pdf PDF Version: 1.5 File is not encrypted File is not linearized No syntax or stream encoding errors found; the file may still contain errors that qpdf cannot detect"
"regression/arxiv-cc-2025-01-08-to-14-batch3/2501.02804v2.pdf","A5FB51665E4831F0705F69FC3985F05FDA2765999D5A88A0671E3E5E6635BDD1","346651","0","checking C:\Users\steve\code\KillerPDF-Corpus\corpus\regression\arxiv-cc-2025-01-08-to-14-batch3\2501.02804v2.pdf PDF Version: 1.5 File is not encrypted File is not linearized No syntax or stream encoding errors found; the file may still contain errors that qpdf cannot detect"
"regression/arxiv-cc-2025-01-08-to-14-batch3/2501.02827v2.pdf","F57E6BAAE8DACAC3CA82D617B00DC942F557E4E65FF1BEB719897CCEFD8A26DF","269980","0","checking C:\Users\steve\code\KillerPDF-Corpus\corpus\regression\arxiv-cc-2025-01-08-to-14-batch3\2501.02827v2.pdf PDF Version: 1.4 File is not encrypted File is not linearized No syntax or stream encoding errors found; the file may still contain errors that qpdf cannot detect"
"regression/arxiv-cc-2025-01-08-to-14-batch3/2501.02867v2.pdf","6D2811A35C79B2A3332D6878A0304ED08009E07F997F66F79BED4E56ECAC0F89","944664","0","checking C:\Users\steve\code\KillerPDF-Corpus\corpus\regression\arxiv-cc-2025-01-08-to-14-batch3\2501.02867v2.pdf PDF Version: 1.5 File is not encrypted File is not linearized No syntax or stream encoding errors found; the file may still contain errors that qpdf cannot detect"
"regression/arxiv-cc-2025-01-08-to-14-batch3/2501.02868v1.pdf","BEF21FF5BF0AE0D80A529193CDCA9001199D02A930AA8B5FE35B54F828799C61","8473820","0","checking C:\Users\steve\code\KillerPDF-Corpus\corpus\regression\arxiv-cc-2025-01-08-to-14-batch3\2501.02868v1.pdf PDF Version: 1.5 File is not encrypted File is not linearized No syntax or stream encoding errors found; the file may still contain errors that qpdf cannot detect"
"regression/arxiv-cc-2025-01-08-to-14-batch3/2501.02923v2.pdf","266AF8D543D96BD4D4AF89915D7185BF54EE8D39B806EA26CE701B558250362D","480910","0","checking C:\Users\steve\code\KillerPDF-Corpus\corpus\regression\arxiv-cc-2025-01-08-to-14-batch3\2501.02923v2.pdf PDF Version: 1.5 File is not encrypted File is not linearized No syntax or stream encoding errors found; the file may still contain errors that qpdf cannot detect"
"regression/arxiv-cc-2025-01-08-to-14-batch3/2501.02964v2.pdf","3CB6F28356E26A0E0BDDE85DF223292CB96D9ABED10F1211FF8254646369CC32","1918471","0","checking C:\Users\steve\code\KillerPDF-Corpus\corpus\regression\arxiv-cc-2025-01-08-to-14-batch3\2501.02964v2.pdf PDF Version: 1.4 File is not encrypted File is not linearized No syntax or stream encoding errors found; the file may still contain errors that qpdf cannot detect"
"regression/arxiv-cc-2025-01-08-to-14-batch3/2501.02992v2.pdf","5740C3DD7215E26B5C38CD132DC7FF624DAA804DEFB3F6275ADEB23248D3F47D","689723","0","checking C:\Users\steve\code\KillerPDF-Corpus\corpus\regression\arxiv-cc-2025-01-08-to-14-batch3\2501.02992v2.pdf PDF Version: 1.5 File is not encrypted File is not linearized No syntax or stream encoding errors found; the file may still contain errors that qpdf cannot detect"
"regression/arxiv-cc-2025-01-08-to-14-batch3/2501.03013v2.pdf","55976BA35787F2924A5B9C77AD2A238D48C53EBE23D38308E6CECA84702DBD76","2400821","0","checking C:\Users\steve\code\KillerPDF-Corpus\corpus\regression\arxiv-cc-2025-01-08-to-14-batch3\2501.03013v2.pdf PDF Version: 1.5 File is not encrypted File is not linearized No syntax or stream encoding errors found; the file may still contain errors that qpdf cannot detect"
"regression/arxiv-cc-2025-01-08-to-14-batch3/2501.03078v1.pdf","5C90EB4A355D07BE919861611158C93DC538F4B159B9FC303B5C1502C3E7CE2E","1376834","0","checking C:\Users\steve\code\KillerPDF-Corpus\corpus\regression\arxiv-cc-2025-01-08-to-14-batch3\2501.03078v1.pdf PDF Version: 1.5 File is not encrypted File is not linearized No syntax or stream encoding errors found; the file may still contain errors that qpdf cannot detect"
"regression/arxiv-cc-2025-01-08-to-14-batch3/2501.03230v1.pdf","BA361FDB830F56E9A681FE465182A8FA11A26B9C4D44379807833A86B4077322","1477404","0","checking C:\Users\steve\code\KillerPDF-Corpus\corpus\regression\arxiv-cc-2025-01-08-to-14-batch3\2501.03230v1.pdf PDF Version: 1.5 File is not encrypted File is not linearized No syntax or stream encoding errors found; the file may still contain errors that qpdf cannot detect"
"regression/arxiv-cc-2025-01-08-to-14-batch3/2501.03233v1.pdf","EAC4038DDA2049006B5CC5488F3E045A0475885F61C8A52A11B6610614F956AD","130860","0","checking C:\Users\steve\code\KillerPDF-Corpus\corpus\regression\arxiv-cc-2025-01-08-to-14-batch3\2501.03233v1.pdf PDF Version: 1.4 File is not encrypted File is not linearized No syntax or stream encoding errors found; the file may still contain errors that qpdf cannot detect"
"regression/arxiv-cc-2025-01-08-to-14-batch3/2501.03238v1.pdf","A341682485FC2826BCF0347481EFE98C955AE3748BC2286E043851D20B4EF865","79007","0","checking C:\Users\steve\code\KillerPDF-Corpus\corpus\regression\arxiv-cc-2025-01-08-to-14-batch3\2501.03238v1.pdf PDF Version: 1.4 File is not encrypted File is not linearized No syntax or stream encoding errors found; the file may still contain errors that qpdf cannot detect"
"regression/arxiv-cc-2025-01-08-to-14-batch3/2501.03242v1.pdf","7C45EAD2639B87C1B824897A6F6F3308E2F3D66CC652931B18B04782A526386E","379203","0","checking C:\Users\steve\code\KillerPDF-Corpus\corpus\regression\arxiv-cc-2025-01-08-to-14-batch3\2501.03242v1.pdf PDF Version: 1.5 File is not encrypted File is not linearized No syntax or stream encoding errors found; the file may still contain errors that qpdf cannot detect"
"regression/arxiv-cc-2025-01-08-to-14-batch3/2501.03250v1.pdf","DA66D36718297968DE69DE030105791129F8867DC26ED5DFDC415294D9262717","2901472","0","checking C:\Users\steve\code\KillerPDF-Corpus\corpus\regression\arxiv-cc-2025-01-08-to-14-batch3\2501.03250v1.pdf PDF Version: 1.5 File is not encrypted File is not linearized No syntax or stream encoding errors found; the file may still contain errors that qpdf cannot detect"
"regression/arxiv-cc-2025-01-08-to-14-batch3/2501.03254v1.pdf","35E590C4A1D225DF2B68999D98D8068381D664B2DD0DC350731BD20242FB3953","2525102","0","checking C:\Users\steve\code\KillerPDF-Corpus\corpus\regression\arxiv-cc-2025-01-08-to-14-batch3\2501.03254v1.pdf PDF Version: 1.7 File is not encrypted File is not linearized No syntax or stream encoding errors found; the file may still contain errors that qpdf cannot detect"
"regression/arxiv-cc-2025-01-08-to-14-batch3/2501.03255v1.pdf","0DB4A2E449A44448B27455FC6A3973F4954E80912F79F0B8AE8EC35342F30ED5","7124313","0","checking C:\Users\steve\code\KillerPDF-Corpus\corpus\regression\arxiv-cc-2025-01-08-to-14-batch3\2501.03255v1.pdf PDF Version: 1.5 File is not encrypted File is not linearized No syntax or stream encoding errors found; the file may still contain errors that qpdf cannot detect"
"regression/arxiv-cc-2025-01-08-to-14-batch3/2501.03259v1.pdf","3FC3AE1F82531C0B36CEFE7872D7FCD92327EB4700711FC2FE98BD050F1BFF32","9092378","0","checking C:\Users\steve\code\KillerPDF-Corpus\corpus\regression\arxiv-cc-2025-01-08-to-14-batch3\2501.03259v1.pdf PDF Version: 1.5 File is not encrypted File is not linearized No syntax or stream encoding errors found; the file may still contain errors that qpdf cannot detect"
"regression/arxiv-cc-2025-01-08-to-14-batch3/2501.03261v1.pdf","B6A3E95C8AA714336F9249B663605D6325B0968163063669BB3F6A9ADAABB288","3523769","0","checking C:\Users\steve\code\KillerPDF-Corpus\corpus\regression\arxiv-cc-2025-01-08-to-14-batch3\2501.03261v1.pdf PDF Version: 1.5 File is not encrypted File is not linearized No syntax or stream encoding errors found; the file may still contain errors that qpdf cannot detect"
"regression/arxiv-cc-2025-01-08-to-14-batch3/2501.03268v1.pdf","80B858A3B65A9EF3839A2FA6BD95D084476F7D875B81B58BC056E949743EE75F","1539864","0","checking C:\Users\steve\code\KillerPDF-Corpus\corpus\regression\arxiv-cc-2025-01-08-to-14-batch3\2501.03268v1.pdf PDF Version: 1.5 File is not encrypted File is not linearized No syntax or stream encoding errors found; the file may still contain errors that qpdf cannot detect"
"regression/arxiv-cc-2025-01-08-to-14-batch3/2501.03270v1.pdf","BD859AAC10CC781AEAAAA376613431F356A01703E25A1E483C72ABABE8D0F104","214634","0","checking C:\Users\steve\code\KillerPDF-Corpus\corpus\regression\arxiv-cc-2025-01-08-to-14-batch3\2501.03270v1.pdf PDF Version: 1.4 File is not encrypted File is not linearized No syntax or stream encoding errors found; the file may still contain errors that qpdf cannot detect"
"regression/arxiv-cc-2025-01-08-to-14-batch3/2501.03273v1.pdf","C2CAB21751BAD7FDCEFE30453E457413A5625EBB3C001E4C7E8EF8C625502113","521567","0","checking C:\Users\steve\code\KillerPDF-Corpus\corpus\regression\arxiv-cc-2025-01-08-to-14-batch3\2501.03273v1.pdf PDF Version: 1.5 File is not encrypted File is not linearized No syntax or stream encoding errors found; the file may still contain errors that qpdf cannot detect"
"regression/arxiv-cc-2025-01-08-to-14-batch3/2501.03276v1.pdf","D42FA1AAA384623BB2108E22A8742E69B870F932A4A217E980418CD804FC6174","1949692","0","checking C:\Users\steve\code\KillerPDF-Corpus\corpus\regression\arxiv-cc-2025-01-08-to-14-batch3\2501.03276v1.pdf PDF Version: 1.5 File is not encrypted File is not linearized No syntax or stream encoding errors found; the file may still contain errors that qpdf cannot detect"
"regression/arxiv-cc-2025-01-08-to-14-batch3/2501.03277v1.pdf","A9D7DE971E108982BB8CB545EC6D53220A8D6E7AF216625609CECE1B65BC8278","398845","0","checking C:\Users\steve\code\KillerPDF-Corpus\corpus\regression\arxiv-cc-2025-01-08-to-14-batch3\2501.03277v1.pdf PDF Version: 1.5 File is not encrypted File is not linearized No syntax or stream encoding errors found; the file may still contain errors that qpdf cannot detect"
"regression/arxiv-cc-2025-01-08-to-14-batch3/2501.03278v1.pdf","2DBB15837BFF6BD66A0046306E71F7E6AE72533CFCB6D91C604D4B2B495A4331","2112029","0","checking C:\Users\steve\code\KillerPDF-Corpus\corpus\regression\arxiv-cc-2025-01-08-to-14-batch3\2501.03278v1.pdf PDF Version: 1.7 File is not encrypted File is not linearized No syntax or stream encoding errors found; the file may still contain errors that qpdf cannot detect"
"regression/arxiv-cc-2025-01-08-to-14-batch3/2501.03279v1.pdf","17863F547D63976D3F886A725E7B8B94B589225465AB9CA994570D890DBD2ABF","510047","0","checking C:\Users\steve\code\KillerPDF-Corpus\corpus\regression\arxiv-cc-2025-01-08-to-14-batch3\2501.03279v1.pdf PDF Version: 1.5 File is not encrypted File is not linearized No syntax or stream encoding errors found; the file may still contain errors that qpdf cannot detect"
"regression/arxiv-cc-2025-01-08-to-14-batch3/2501.03280v1.pdf","B7155E72A504CC9C8BB83F1C4C4B72255890F266F68A34B98991F7A769DEE726","5240117","0","checking C:\Users\steve\code\KillerPDF-Corpus\corpus\regression\arxiv-cc-2025-01-08-to-14-batch3\2501.03280v1.pdf PDF Version: 1.5 File is not encrypted File is not linearized No syntax or stream encoding errors found; the file may still contain errors that qpdf cannot detect"
"regression/arxiv-cc-2025-01-08-to-14-batch3/2501.03283v1.pdf","BD8E176D5BDCCD04BCE96B1F78CD7D4491929CC2ECAA7CF808C6EA13480FB0C3","6454365","0","checking C:\Users\steve\code\KillerPDF-Corpus\corpus\regression\arxiv-cc-2025-01-08-to-14-batch3\2501.03283v1.pdf PDF Version: 1.5 File is not encrypted File is not linearized No syntax or stream encoding errors found; the file may still contain errors that qpdf cannot detect"
"regression/arxiv-cc-2025-01-08-to-14-batch3/2501.03287v1.pdf","E48457397D8F3063802D39FE3EB3969E8E5337E0254894E1B5A304D3F786701A","31401265","0","checking C:\Users\steve\code\KillerPDF-Corpus\corpus\regression\arxiv-cc-2025-01-08-to-14-batch3\2501.03287v1.pdf PDF Version: 1.5 File is not encrypted File is not linearized No syntax or stream encoding errors found; the file may still contain errors that qpdf cannot detect"
"regression/arxiv-cc-2025-01-08-to-14-batch3/2501.03288v1.pdf","154D0FAD277779B939027C6BDD5F388CE9EDBBD9F38AD932A0979B3AC6FF5E22","440267","0","checking C:\Users\steve\code\KillerPDF-Corpus\corpus\regression\arxiv-cc-2025-01-08-to-14-batch3\2501.03288v1.pdf PDF Version: 1.5 File is not encrypted File is not linearized No syntax or stream encoding errors found; the file may still contain errors that qpdf cannot detect"
"regression/arxiv-cc-2025-01-08-to-14-batch3/2501.03290v1.pdf","F1A884ADA7CCE6728FDDEA6058D7D34024E4FDD9A475B637F8A7EEBE4791770B","2480721","0","checking C:\Users\steve\code\KillerPDF-Corpus\corpus\regression\arxiv-cc-2025-01-08-to-14-batch3\2501.03290v1.pdf PDF Version: 1.5 File is not encrypted File is not linearized No syntax or stream encoding errors found; the file may still contain errors that qpdf cannot detect"
"regression/arxiv-cc-2025-01-08-to-14-batch3/2501.03292v1.pdf","EDB7DB4D88B974590FB95528647A5CB2C06E3F516A11C8C72FBD2FF1ACCAD906","3335751","0","checking C:\Users\steve\code\KillerPDF-Corpus\corpus\regression\arxiv-cc-2025-01-08-to-14-batch3\2501.03292v1.pdf PDF Version: 1.5 File is not encrypted File is not linearized No syntax or stream encoding errors found; the file may still contain errors that qpdf cannot detect"
"regression/arxiv-cc-2025-01-08-to-14-batch3/2501.03293v2.pdf","AD9D00DA6745EC4C004AFDB92B9F8003168F5D0264E05AA61A44C61814FA331E","3287012","0","checking C:\Users\steve\code\KillerPDF-Corpus\corpus\regression\arxiv-cc-2025-01-08-to-14-batch3\2501.03293v2.pdf PDF Version: 1.5 File is not encrypted File is not linearized No syntax or stream encoding errors found; the file may still contain errors that qpdf cannot detect"
"regression/arxiv-cc-2025-01-08-to-14-batch3/2501.03296v1.pdf","56EE56271663916499A8333890B5F1590D4159D26E2A13E6FD9D6F2DD7BA89D8","369560","0","checking C:\Users\steve\code\KillerPDF-Corpus\corpus\regression\arxiv-cc-2025-01-08-to-14-batch3\2501.03296v1.pdf PDF Version: 1.5 File is not encrypted File is not linearized No syntax or stream encoding errors found; the file may still contain errors that qpdf cannot detect"
"regression/arxiv-cc-2025-01-08-to-14-batch3/2501.03308v1.pdf","0B654FEF69537EB90A5D991A2DE9177955A278CC12AA6C6C9508FD50A6B473E9","11831883","0","checking C:\Users\steve\code\KillerPDF-Corpus\corpus\regression\arxiv-cc-2025-01-08-to-14-batch3\2501.03308v1.pdf PDF Version: 1.5 File is not encrypted File is not linearized No syntax or stream encoding errors found; the file may still contain errors that qpdf cannot detect"
"regression/arxiv-cc-2025-01-08-to-14-batch3/2501.03310v1.pdf","FC4A2F94EE4D6B02D5A73B76D1A04B8A4458DF4F840DBE040203F8B83B4781CF","4144930","0","checking C:\Users\steve\code\KillerPDF-Corpus\corpus\regression\arxiv-cc-2025-01-08-to-14-batch3\2501.03310v1.pdf PDF Version: 1.5 File is not encrypted File is not linearized No syntax or stream encoding errors found; the file may still contain errors that qpdf cannot detect"
"regression/arxiv-cc-2025-01-08-to-14-batch3/2501.03323v1.pdf","CF251A8BCD54DE1B3EE6FAAB765EA91BC830A4A5CA99C536BF2275F469437E22","3760395","0","checking C:\Users\steve\code\KillerPDF-Corpus\corpus\regression\arxiv-cc-2025-01-08-to-14-batch3\2501.03323v1.pdf PDF Version: 1.5 File is not encrypted File is not linearized No syntax or stream encoding errors found; the file may still contain errors that qpdf cannot detect"
"regression/arxiv-cc-2025-01-08-to-14-batch3/2501.03324v1.pdf","F3C92D2127E2E90003769E8FC3BD58DD45A941213F6A0F63750EDBD55C86DBE1","10571535","0","checking C:\Users\steve\code\KillerPDF-Corpus\corpus\regression\arxiv-cc-2025-01-08-to-14-batch3\2501.03324v1.pdf PDF Version: 1.7 File is not encrypted File is not linearized No syntax or stream encoding errors found; the file may still contain errors that qpdf cannot detect"
"regression/arxiv-cc-2025-01-08-to-14-batch3/2501.03327v2.pdf","9B5C70898C8BFF1EA61AA5C04A90DDE378636BD8F9347A4CEB1309F758DBAAA2","1744249","0","checking C:\Users\steve\code\KillerPDF-Corpus\corpus\regression\arxiv-cc-2025-01-08-to-14-batch3\2501.03327v2.pdf PDF Version: 1.5 File is not encrypted File is not linearized No syntax or stream encoding errors found; the file may still contain errors that qpdf cannot detect"
"regression/arxiv-cc-2025-01-08-to-14-batch3/2501.03328v1.pdf","E90C348EF47CE6B794AA1F26813D5F212EDBA6881D7809AA9AC3D0A05791DBA3","12069617","0","checking C:\Users\steve\code\KillerPDF-Corpus\corpus\regression\arxiv-cc-2025-01-08-to-14-batch3\2501.03328v1.pdf PDF Version: 1.5 File is not encrypted File is not linearized No syntax or stream encoding errors found; the file may still contain errors that qpdf cannot detect"
"regression/arxiv-cc-2025-01-08-to-14-batch3/2501.03331v1.pdf","136180E7D32ADB2DFC4372FAA7B536191427E3C9BD9D07704C3077FF57AE1811","842637","0","checking C:\Users\steve\code\KillerPDF-Corpus\corpus\regression\arxiv-cc-2025-01-08-to-14-batch3\2501.03331v1.pdf PDF Version: 1.5 File is not encrypted File is not linearized No syntax or stream encoding errors found; the file may still contain errors that qpdf cannot detect"
"regression/arxiv-cc-2025-01-08-to-14-batch3/2501.03332v1.pdf","C3B0CC84A790D6787C3978AB3B82407CFF3A4855958606EE753C4EBC7F767249","448928","0","checking C:\Users\steve\code\KillerPDF-Corpus\corpus\regression\arxiv-cc-2025-01-08-to-14-batch3\2501.03332v1.pdf PDF Version: 1.5 File is not encrypted File is not linearized No syntax or stream encoding errors found; the file may still contain errors that qpdf cannot detect"
"regression/arxiv-cc-2025-01-08-to-14-batch3/2501.03336v1.pdf","370A77639E5A17733FB1BDE12078E4FD072C71D7469D7ECA62912829D6FC6AEC","2707092","0","checking C:\Users\steve\code\KillerPDF-Corpus\corpus\regression\arxiv-cc-2025-01-08-to-14-batch3\2501.03336v1.pdf PDF Version: 1.5 File is not encrypted File is not linearized No syntax or stream encoding errors found; the file may still contain errors that qpdf cannot detect"
"regression/arxiv-cc-2025-01-08-to-14-batch3/2501.03339v1.pdf","A0863E9106256155DB3F75A5A792BE6AB459C1BB1D0680EEE4AFB6EAE6239DE7","16244216","0","checking C:\Users\steve\code\KillerPDF-Corpus\corpus\regression\arxiv-cc-2025-01-08-to-14-batch3\2501.03339v1.pdf PDF Version: 1.5 File is not encrypted File is not linearized No syntax or stream encoding errors found; the file may still contain errors that qpdf cannot detect"
"regression/arxiv-cc-2025-01-08-to-14-batch3/2501.03340v1.pdf","CF5E56E61181E6C232EE109AFA3206007A11E3CB1A6918B2F066DCB7CB76148D","1362069","0","checking C:\Users\steve\code\KillerPDF-Corpus\corpus\regression\arxiv-cc-2025-01-08-to-14-batch3\2501.03340v1.pdf PDF Version: 1.7 File is not encrypted File is not linearized No syntax or stream encoding errors found; the file may still contain errors that qpdf cannot detect"
"regression/arxiv-cc-2025-01-08-to-14-batch3/2501.03346v1.pdf","D8E16089A0443AB1F04A9E825B1CADF7097DC618E9B37EC474C5069C20E852EF","531175","0","checking C:\Users\steve\code\KillerPDF-Corpus\corpus\regression\arxiv-cc-2025-01-08-to-14-batch3\2501.03346v1.pdf PDF Version: 1.4 File is not encrypted File is not linearized No syntax or stream encoding errors found; the file may still contain errors that qpdf cannot detect"
"regression/arxiv-cc-2025-01-08-to-14-batch3/2501.03349v1.pdf","8E49B451909A050B0B488B88146B84DE3C86D56FC4DD0487CC9F18C7F0D3EA53","1436862","3","checking C:\Users\steve\code\KillerPDF-Corpus\corpus\regression\arxiv-cc-2025-01-08-to-14-batch3\2501.03349v1.pdf PDF Version: 1.6 File is not encrypted File is linearized WARNING: C:\Users\steve\code\KillerPDF-Corpus\corpus\regression\arxiv-cc-2025-01-08-to-14-batch3\2501.03349v1.pdf: linearized file contains an uncompressed object after a compressed one in a cross-reference stream WARNING: C:\Users\steve\code\KillerPDF-Corpus\corpus\regression\arxiv-cc-2025-01-08-to-14-batch3\2501.03349v1.pdf: end of first page section (/E) mismatch: /E = 105421; computed = 1427012..1427013 WARNING: C:\Users\steve\code\KillerPDF-Corpus\corpus\regression\arxiv-cc-2025-01-08-to-14-batch3\2501.03349v1.pdf: first shared object number mismatch: hint table = 79; computed = 19 WARNING: C:\Users\steve\code\KillerPDF-Corpus\corpus\regression\arxiv-cc-2025-01-08-to-14-batch3\2501.03349v1.pdf: first shared object offset mismatch: hint table = 1284825; computed = 1284352 WARNING: C:\Users\steve\code\KillerPDF-Corpus\corpus\regression\arxiv-cc-2025-01-08-to-14-batch3\2501.03349v1.pdf: object count mismatch for page 0: hint table = 18; computed = 19 WARNING: C:\Users\steve\code\KillerPDF-Corpus\corpus\regression\arxiv-cc-2025-01-08-to-14-batch3\2501.03349v1.pdf: page 0 has shared identifier entries WARNING: C:\Users\steve\code\KillerPDF-Corpus\corpus\regression\arxiv-cc-2025-01-08-to-14-batch3\2501.03349v1.pdf: page 0: shared object 1812: in hint table but not computed list WARNING: C:\Users\steve\code\KillerPDF-Corpus\corpus\regression\arxiv-cc-2025-01-08-to-14-batch3\2501.03349v1.pdf: page 1: shared object 107: in computed list but not hint table WARNING: C:\Users\steve\code\KillerPDF-Corpus\corpus\regression\arxiv-cc-2025-01-08-to-14-batch3\2501.03349v1.pdf: object count mismatch for page 3: hint table = 11; computed = 10 WARNING: C:\Users\steve\code\KillerPDF-Corpus\corpus\regression\arxiv-cc-2025-01-08-to-14-batch3\2501.03349v1.pdf: page 3: shared object 19: in computed list but not hint table WARNING: C:\Users\steve\code\KillerPDF-Corpus\corpus\regression\arxiv-cc-2025-01-08-to-14-batch3\2501.03349v1.pdf: page 4: shared object 19: in computed list but not hint table WARNING: C:\Users\steve\code\KillerPDF-Corpus\corpus\regression\arxiv-cc-2025-01-08-to-14-batch3\2501.03349v1.pdf: page 4: shared object 107: in computed list but not hint table WARNING: C:\Users\steve\code\KillerPDF-Corpus\corpus\regression\arxiv-cc-2025-01-08-to-14-batch3\2501.03349v1.pdf: page 7: shared object 19: in computed list but not hint table WARNING: C:\Users\steve\code\KillerPDF-Corpus\corpus\regression\arxiv-cc-2025-01-08-to-14-batch3\2501.03349v1.pdf: page 12: shared object 107: in computed list but not hint table qpdf: operation succeeded with warnings"
"regression/arxiv-cc-2025-01-08-to-14-batch3/2501.03350v1.pdf","11EEB36DFB40CDD8B1057ECC59BF3A1A1300591266DD78C7DDC66C5B53A033C9","173074","0","checking C:\Users\steve\code\KillerPDF-Corpus\corpus\regression\arxiv-cc-2025-01-08-to-14-batch3\2501.03350v1.pdf PDF Version: 1.4 File is not encrypted File is not linearized No syntax or stream encoding errors found; the file may still contain errors that qpdf cannot detect"
"regression/arxiv-cc-2025-01-08-to-14-batch3/2501.03352v3.pdf","807275D669AABEA35433F1EB37F01ACF8D6CCA0A96140840201A730C40441D50","14233667","0","checking C:\Users\steve\code\KillerPDF-Corpus\corpus\regression\arxiv-cc-2025-01-08-to-14-batch3\2501.03352v3.pdf PDF Version: 1.5 File is not encrypted File is not linearized No syntax or stream encoding errors found; the file may still contain errors that qpdf cannot detect"
"regression/arxiv-cc-2025-01-08-to-14-batch3/2501.03359v1.pdf","5114868656C5C3954D2269A2480982008D292F0484047440D42B968A93DE002E","304020","0","checking C:\Users\steve\code\KillerPDF-Corpus\corpus\regression\arxiv-cc-2025-01-08-to-14-batch3\2501.03359v1.pdf PDF Version: 1.5 File is not encrypted File is not linearized No syntax or stream encoding errors found; the file may still contain errors that qpdf cannot detect"
"regression/arxiv-cc-2025-01-08-to-14-batch3/2501.03361v1.pdf","BBF2794C88688CF004F5A20C92D8B6C680C726C5781B119D952D03F48B3B2FB2","11557056","0","checking C:\Users\steve\code\KillerPDF-Corpus\corpus\regression\arxiv-cc-2025-01-08-to-14-batch3\2501.03361v1.pdf PDF Version: 1.5 File is not encrypted File is not linearized No syntax or stream encoding errors found; the file may still contain errors that qpdf cannot detect"
"regression/arxiv-cc-2025-01-08-to-14-batch3/2501.03363v1.pdf","ACBBAD2AEDF8A5BA8357BEA5EACC8A28A42DF80746ED2322BB27518C9E9AD762","501778","0","checking C:\Users\steve\code\KillerPDF-Corpus\corpus\regression\arxiv-cc-2025-01-08-to-14-batch3\2501.03363v1.pdf PDF Version: 1.5 File is not encrypted File is not linearized No syntax or stream encoding errors found; the file may still contain errors that qpdf cannot detect"
"regression/arxiv-cc-2025-01-08-to-14-batch3/2501.03366v1.pdf","9AFC632CC2587ACD377D568C0A63666330543EC88663A08AB67E96E9C16A7903","1836904","0","checking C:\Users\steve\code\KillerPDF-Corpus\corpus\regression\arxiv-cc-2025-01-08-to-14-batch3\2501.03366v1.pdf PDF Version: 1.5 File is not encrypted File is not linearized No syntax or stream encoding errors found; the file may still contain errors that qpdf cannot detect"
"regression/arxiv-cc-2025-01-08-to-14-batch3/2501.03370v1.pdf","4718362D4A72DEFEC4A2FC2C74AFFDAEFD3557F0DDDB723070BC56636305CBF6","716773","0","checking C:\Users\steve\code\KillerPDF-Corpus\corpus\regression\arxiv-cc-2025-01-08-to-14-batch3\2501.03370v1.pdf PDF Version: 1.5 File is not encrypted File is not linearized No syntax or stream encoding errors found; the file may still contain errors that qpdf cannot detect"
"regression/arxiv-cc-2025-01-08-to-14-batch3/2501.03372v1.pdf","07F01BEECED1B8BAD17281F834ECF21EA02F21E19ADFE230D8C3D31A032363DB","646254","0","checking C:\Users\steve\code\KillerPDF-Corpus\corpus\regression\arxiv-cc-2025-01-08-to-14-batch3\2501.03372v1.pdf PDF Version: 1.7 File is not encrypted File is not linearized No syntax or stream encoding errors found; the file may still contain errors that qpdf cannot detect"
"regression/arxiv-cc-2025-01-08-to-14-batch3/2501.03373v1.pdf","2785DA23CE8EFF720DAC42AF4CB5D60847DB5028543740C4D712066F496E4380","760526","0","checking C:\Users\steve\code\KillerPDF-Corpus\corpus\regression\arxiv-cc-2025-01-08-to-14-batch3\2501.03373v1.pdf PDF Version: 1.5 File is not encrypted File is not linearized No syntax or stream encoding errors found; the file may still contain errors that qpdf cannot detect"
"regression/arxiv-cc-2025-01-08-to-14-batch3/2501.03374v1.pdf","A3E874F0DBF9A3CDAF71183890B68E964DA6532B8DDA28CFA0BF5CCC769831DE","4203727","0","checking C:\Users\steve\code\KillerPDF-Corpus\corpus\regression\arxiv-cc-2025-01-08-to-14-batch3\2501.03374v1.pdf PDF Version: 1.5 File is not encrypted File is not linearized No syntax or stream encoding errors found; the file may still contain errors that qpdf cannot detect"
"regression/arxiv-cc-2025-01-08-to-14-batch3/2501.03376v1.pdf","C29429F557096EFDF0897DD3C25D8B04F3EFE684A2C2141D0F072C86618C9575","648483","0","checking C:\Users\steve\code\KillerPDF-Corpus\corpus\regression\arxiv-cc-2025-01-08-to-14-batch3\2501.03376v1.pdf PDF Version: 1.5 File is not encrypted File is not linearized No syntax or stream encoding errors found; the file may still contain errors that qpdf cannot detect"
"regression/arxiv-cc-2025-01-08-to-14-batch3/2501.03378v1.pdf","B1A9EC6700504F14261E7282F2D9DF42D0A9D7BE01709CFC218B366E318930FA","525836","0","checking C:\Users\steve\code\KillerPDF-Corpus\corpus\regression\arxiv-cc-2025-01-08-to-14-batch3\2501.03378v1.pdf PDF Version: 1.5 File is not encrypted File is not linearized No syntax or stream encoding errors found; the file may still contain errors that qpdf cannot detect"
"regression/arxiv-cc-2025-01-08-to-14-batch3/2501.03380v1.pdf","44267431C2F322879B0FFEBA33B7182355B88779F5834D4CD83223A85A51CC55","3713068","0","checking C:\Users\steve\code\KillerPDF-Corpus\corpus\regression\arxiv-cc-2025-01-08-to-14-batch3\2501.03380v1.pdf PDF Version: 1.5 File is not encrypted File is not linearized No syntax or stream encoding errors found; the file may still contain errors that qpdf cannot detect"
"regression/arxiv-cc-2025-01-08-to-14-batch3/2501.03387v1.pdf","E7C1477C3E2BEBF14A8CCD1EE2F8DACB9C0A03267FFEE6C0630B74471C4C52AC","2475233","0","checking C:\Users\steve\code\KillerPDF-Corpus\corpus\regression\arxiv-cc-2025-01-08-to-14-batch3\2501.03387v1.pdf PDF Version: 1.5 File is not encrypted File is not linearized No syntax or stream encoding errors found; the file may still contain errors that qpdf cannot detect"
"regression/arxiv-cc-2025-01-08-to-14-batch3/2501.03390v2.pdf","FF65B3623D98075AA9112678C52A9E9F9AEAC100C3B2BCCA5496A4CB09458E2E","264836","0","checking C:\Users\steve\code\KillerPDF-Corpus\corpus\regression\arxiv-cc-2025-01-08-to-14-batch3\2501.03390v2.pdf PDF Version: 1.4 File is not encrypted File is not linearized No syntax or stream encoding errors found; the file may still contain errors that qpdf cannot detect"
"regression/arxiv-cc-2025-01-08-to-14-batch3/2501.03395v1.pdf","A9F447C807C6EE26CA25EDCAD59EEF80CCBF244A7D8C4FF3540650F46C80B722","667811","0","checking C:\Users\steve\code\KillerPDF-Corpus\corpus\regression\arxiv-cc-2025-01-08-to-14-batch3\2501.03395v1.pdf PDF Version: 1.5 File is not encrypted File is not linearized No syntax or stream encoding errors found; the file may still contain errors that qpdf cannot detect"
"regression/arxiv-cc-2025-01-08-to-14-batch3/2501.03396v1.pdf","8FE7BF2B81B943C8CB172160C638EF67E3706442DE7DFFAB3AAC71A54C5F8B0D","34998981","0","checking C:\Users\steve\code\KillerPDF-Corpus\corpus\regression\arxiv-cc-2025-01-08-to-14-batch3\2501.03396v1.pdf PDF Version: 1.7 File is not encrypted File is not linearized No syntax or stream encoding errors found; the file may still contain errors that qpdf cannot detect"
"regression/arxiv-cc-2025-01-08-to-14-batch3/2501.03398v1.pdf","5A96D378BA1D1E1778AC93BDBBBF7FC75A640F952C9E5C045A236CF21D00436D","702790","0","checking C:\Users\steve\code\KillerPDF-Corpus\corpus\regression\arxiv-cc-2025-01-08-to-14-batch3\2501.03398v1.pdf PDF Version: 1.5 File is not encrypted File is not linearized No syntax or stream encoding errors found; the file may still contain errors that qpdf cannot detect"
"regression/arxiv-cc-2025-01-08-to-14-batch3/2501.03399v1.pdf","F226A79BE6386C2F668B4EBA91CD055FD913634037A8ECB1A4AAF05031A7F715","2564086","0","checking C:\Users\steve\code\KillerPDF-Corpus\corpus\regression\arxiv-cc-2025-01-08-to-14-batch3\2501.03399v1.pdf PDF Version: 1.4 File is not encrypted File is not linearized No syntax or stream encoding errors found; the file may still contain errors that qpdf cannot detect"
"regression/arxiv-cc-2025-01-08-to-14-batch3/2501.03405v1.pdf","946FE29E3F7575A82D56A179DA90DD3374B0608D90F3421AF3A55389FCB618EC","2944627","0","checking C:\Users\steve\code\KillerPDF-Corpus\corpus\regression\arxiv-cc-2025-01-08-to-14-batch3\2501.03405v1.pdf PDF Version: 1.5 File is not encrypted File is not linearized No syntax or stream encoding errors found; the file may still contain errors that qpdf cannot detect"
"regression/arxiv-cc-2025-01-08-to-14-batch3/2501.03413v1.pdf","FE7EB821A377AD226EB5BA76CC865ACA34C15863629A6FF0D3F00707A71DAB3D","809853","0","checking C:\Users\steve\code\KillerPDF-Corpus\corpus\regression\arxiv-cc-2025-01-08-to-14-batch3\2501.03413v1.pdf PDF Version: 1.5 File is not encrypted File is not linearized No syntax or stream encoding errors found; the file may still contain errors that qpdf cannot detect"
"regression/arxiv-cc-2025-01-08-to-14-batch3/2501.03415v1.pdf","8ED426758B5BBB10241029439C68C306604F8205E57E9F2A4C4EE6F607297CD9","204197","0","checking C:\Users\steve\code\KillerPDF-Corpus\corpus\regression\arxiv-cc-2025-01-08-to-14-batch3\2501.03415v1.pdf PDF Version: 1.4 File is not encrypted File is not linearized No syntax or stream encoding errors found; the file may still contain errors that qpdf cannot detect"
"regression/arxiv-cc-2025-01-08-to-14-batch3/2501.03418v1.pdf","137C3E36161F0ED93178815D11C1065AD1615BDB42A65B02447953C698947832","373656","0","checking C:\Users\steve\code\KillerPDF-Corpus\corpus\regression\arxiv-cc-2025-01-08-to-14-batch3\2501.03418v1.pdf PDF Version: 1.5 File is not encrypted File is not linearized No syntax or stream encoding errors found; the file may still contain errors that qpdf cannot detect"
"regression/arxiv-cc-2025-01-08-to-14-batch3/2501.03423v1.pdf","F0E3DE945DAE9D99FDF34895F3753834A2037E1FFDAEBEBE4EAAC99D27C2BF87","609364","0","checking C:\Users\steve\code\KillerPDF-Corpus\corpus\regression\arxiv-cc-2025-01-08-to-14-batch3\2501.03423v1.pdf PDF Version: 1.5 File is not encrypted File is not linearized No syntax or stream encoding errors found; the file may still contain errors that qpdf cannot detect"
"regression/arxiv-cc-2025-01-08-to-14-batch3/2501.03424v1.pdf","53E00A30FD850A5B978C0BC2FB204D7E987C23B469A6321CC6CBE9834F0566B6","253303","0","checking C:\Users\steve\code\KillerPDF-Corpus\corpus\regression\arxiv-cc-2025-01-08-to-14-batch3\2501.03424v1.pdf PDF Version: 1.4 File is not encrypted File is not linearized No syntax or stream encoding errors found; the file may still contain errors that qpdf cannot detect"
"regression/arxiv-cc-2025-01-08-to-14-batch3/2501.03425v1.pdf","E9C19D27147501A6998394C4CAF67161AACBBA14A5A2E5C92D688D78CBF5459E","1753911","0","checking C:\Users\steve\code\KillerPDF-Corpus\corpus\regression\arxiv-cc-2025-01-08-to-14-batch3\2501.03425v1.pdf PDF Version: 1.5 File is not encrypted File is not linearized No syntax or stream encoding errors found; the file may still contain errors that qpdf cannot detect"
"regression/arxiv-cc-2025-01-08-to-14-batch3/2501.03426v1.pdf","5C46F9CB11AA5E0B48D956E485AAB504BB3214AC589BF699823C1AF960F45697","237928","0","checking C:\Users\steve\code\KillerPDF-Corpus\corpus\regression\arxiv-cc-2025-01-08-to-14-batch3\2501.03426v1.pdf PDF Version: 1.4 File is not encrypted File is not linearized No syntax or stream encoding errors found; the file may still contain errors that qpdf cannot detect"
"regression/arxiv-cc-2025-01-08-to-14-batch3/2501.03428v2.pdf","EDA5C1B809CABA31BE662B2BC67AA734A41F69527997E4C6A146D278F550BE90","544655","0","checking C:\Users\steve\code\KillerPDF-Corpus\corpus\regression\arxiv-cc-2025-01-08-to-14-batch3\2501.03428v2.pdf PDF Version: 1.4 File is not encrypted File is not linearized No syntax or stream encoding errors found; the file may still contain errors that qpdf cannot detect"
"regression/arxiv-cc-2025-01-08-to-14-batch3/2501.03434v2.pdf","04AB6909449DE7432CF7DED4E37614F3DBBAB9B09AFE51AD2548F6E7CA40DD5B","1342991","0","checking C:\Users\steve\code\KillerPDF-Corpus\corpus\regression\arxiv-cc-2025-01-08-to-14-batch3\2501.03434v2.pdf PDF Version: 1.5 File is not encrypted File is not linearized No syntax or stream encoding errors found; the file may still contain errors that qpdf cannot detect"
"regression/arxiv-cc-2025-01-08-to-14-batch3/2501.03450v1.pdf","D1F605EEE59160C902D78633C33FCF2D0D3C5F245DFDFCE35EDBECA294B338FD","2232907","0","checking C:\Users\steve\code\KillerPDF-Corpus\corpus\regression\arxiv-cc-2025-01-08-to-14-batch3\2501.03450v1.pdf PDF Version: 1.5 File is not encrypted File is not linearized No syntax or stream encoding errors found; the file may still contain errors that qpdf cannot detect"
"regression/arxiv-cc-2025-01-08-to-14-batch3/2501.03453v1.pdf","81D6F978479EF0FD8B4C652C30C193A80C44B80DB941131EB4978619BC4F85D8","33611258","0","checking C:\Users\steve\code\KillerPDF-Corpus\corpus\regression\arxiv-cc-2025-01-08-to-14-batch3\2501.03453v1.pdf PDF Version: 1.5 File is not encrypted File is not linearized No syntax or stream encoding errors found; the file may still contain errors that qpdf cannot detect"
"regression/arxiv-cc-2025-01-08-to-14-batch3/2501.03469v1.pdf","FE80AD5D94C50958B5F13838810E8795188BA1B4235DEB274142A05197CBA178","1967552","0","checking C:\Users\steve\code\KillerPDF-Corpus\corpus\regression\arxiv-cc-2025-01-08-to-14-batch3\2501.03469v1.pdf PDF Version: 1.5 File is not encrypted File is not linearized No syntax or stream encoding errors found; the file may still contain errors that qpdf cannot detect"
"regression/arxiv-cc-2025-01-08-to-14-batch3/2501.03473v1.pdf","33C8BE1AC2E8BA43E31A483E8D28A8A36400A15F1F1223BF6358BC630A0CDB8D","3839876","0","checking C:\Users\steve\code\KillerPDF-Corpus\corpus\regression\arxiv-cc-2025-01-08-to-14-batch3\2501.03473v1.pdf PDF Version: 1.4 File is not encrypted File is not linearized No syntax or stream encoding errors found; the file may still contain errors that qpdf cannot detect"
"regression/arxiv-cc-2025-01-08-to-14-batch3/2501.03474v1.pdf","A8FAC04BE73BF0F9105470E87B7DA52E4DDF4B0B3B5FE34BF6B30347B9DB869E","337447","0","checking C:\Users\steve\code\KillerPDF-Corpus\corpus\regression\arxiv-cc-2025-01-08-to-14-batch3\2501.03474v1.pdf PDF Version: 1.5 File is not encrypted File is not linearized No syntax or stream encoding errors found; the file may still contain errors that qpdf cannot detect"
"regression/arxiv-cc-2025-01-08-to-14-batch3/2501.03475v1.pdf","16E5D97FCC2B4D0C41127D9C5F3168AB2120EBA593D6DA8821B7CF6A38046C83","2333515","0","checking C:\Users\steve\code\KillerPDF-Corpus\corpus\regression\arxiv-cc-2025-01-08-to-14-batch3\2501.03475v1.pdf PDF Version: 1.5 File is not encrypted File is not linearized No syntax or stream encoding errors found; the file may still contain errors that qpdf cannot detect"
"regression/arxiv-cc-2025-01-08-to-14-batch3/2501.03476v1.pdf","EC37B5ADFC9DF2F1360E34A1D625CE10EB4ECF05F4265E96131E598651B4FDE8","564355","0","checking C:\Users\steve\code\KillerPDF-Corpus\corpus\regression\arxiv-cc-2025-01-08-to-14-batch3\2501.03476v1.pdf PDF Version: 1.5 File is not encrypted File is not linearized No syntax or stream encoding errors found; the file may still contain errors that qpdf cannot detect"
"regression/arxiv-cc-2025-01-08-to-14-batch3/2501.03477v1.pdf","943CC1D008F8CF23B2643659352F4BD0DD748883F52A01B718CC0304B7D32EFC","522751","3","checking C:\Users\steve\code\KillerPDF-Corpus\corpus\regression\arxiv-cc-2025-01-08-to-14-batch3\2501.03477v1.pdf PDF Version: 1.7 File is not encrypted File is linearized WARNING: C:\Users\steve\code\KillerPDF-Corpus\corpus\regression\arxiv-cc-2025-01-08-to-14-batch3\2501.03477v1.pdf: linearized file contains an uncompressed object after a compressed one in a cross-reference stream WARNING: C:\Users\steve\code\KillerPDF-Corpus\corpus\regression\arxiv-cc-2025-01-08-to-14-batch3\2501.03477v1.pdf: object count mismatch for page 0: hint table = 12; computed = 11 WARNING: C:\Users\steve\code\KillerPDF-Corpus\corpus\regression\arxiv-cc-2025-01-08-to-14-batch3\2501.03477v1.pdf: page 0 has shared identifier entries WARNING: C:\Users\steve\code\KillerPDF-Corpus\corpus\regression\arxiv-cc-2025-01-08-to-14-batch3\2501.03477v1.pdf: page 0: shared object 352: in hint table but not computed list WARNING: C:\Users\steve\code\KillerPDF-Corpus\corpus\regression\arxiv-cc-2025-01-08-to-14-batch3\2501.03477v1.pdf: page 1: shared object 353: in hint table but not computed list WARNING: C:\Users\steve\code\KillerPDF-Corpus\corpus\regression\arxiv-cc-2025-01-08-to-14-batch3\2501.03477v1.pdf: page 1: shared object 33: in computed list but not hint table WARNING: C:\Users\steve\code\KillerPDF-Corpus\corpus\regression\arxiv-cc-2025-01-08-to-14-batch3\2501.03477v1.pdf: page 2: shared object 353: in hint table but not computed list WARNING: C:\Users\steve\code\KillerPDF-Corpus\corpus\regression\arxiv-cc-2025-01-08-to-14-batch3\2501.03477v1.pdf: page 3: shared object 353: in hint table but not computed list WARNING: C:\Users\steve\code\KillerPDF-Corpus\corpus\regression\arxiv-cc-2025-01-08-to-14-batch3\2501.03477v1.pdf: page 4: shared object 353: in hint table but not computed list WARNING: C:\Users\steve\code\KillerPDF-Corpus\corpus\regression\arxiv-cc-2025-01-08-to-14-batch3\2501.03477v1.pdf: page 5: shared object 353: in hint table but not computed list WARNING: C:\Users\steve\code\KillerPDF-Corpus\corpus\regression\arxiv-cc-2025-01-08-to-14-batch3\2501.03477v1.pdf: page 6: shared object 353: in hint table but not computed list WARNING: C:\Users\steve\code\KillerPDF-Corpus\corpus\regression\arxiv-cc-2025-01-08-to-14-batch3\2501.03477v1.pdf: page 7: shared object 353: in hint table but not computed list WARNING: C:\Users\steve\code\KillerPDF-Corpus\corpus\regression\arxiv-cc-2025-01-08-to-14-batch3\2501.03477v1.pdf: page 7: shared object 33: in computed list but not hint table WARNING: C:\Users\steve\code\KillerPDF-Corpus\corpus\regression\arxiv-cc-2025-01-08-to-14-batch3\2501.03477v1.pdf: page 8: shared object 353: in hint table but not computed list WARNING: C:\Users\steve\code\KillerPDF-Corpus\corpus\regression\arxiv-cc-2025-01-08-to-14-batch3\2501.03477v1.pdf: page 8: shared object 33: in computed list but not hint table qpdf: operation succeeded with warnings"
"regression/arxiv-cc-2025-01-08-to-14-batch3/2501.03478v1.pdf","C4D7D06520E123130FDAB8A4112634A4EA28B60D7E52BF8C433BD765E3006269","1005901","0","checking C:\Users\steve\code\KillerPDF-Corpus\corpus\regression\arxiv-cc-2025-01-08-to-14-batch3\2501.03478v1.pdf PDF Version: 1.5 File is not encrypted File is not linearized No syntax or stream encoding errors found; the file may still contain errors that qpdf cannot detect"
"regression/arxiv-cc-2025-01-08-to-14-batch3/2501.03486v1.pdf","5EE1605CEC7798B96A94F57855359B176CFD9F0C8799E8F697FE08E0D7258F71","901458","0","checking C:\Users\steve\code\KillerPDF-Corpus\corpus\regression\arxiv-cc-2025-01-08-to-14-batch3\2501.03486v1.pdf PDF Version: 1.5 File is not encrypted File is not linearized No syntax or stream encoding errors found; the file may still contain errors that qpdf cannot detect"
"regression/arxiv-cc-2025-01-08-to-14-batch3/2501.03487v1.pdf","241E723A3AEF219909B2F51B3D1B959260D3D8DC42232DDA99D21374C7720D92","501135","0","checking C:\Users\steve\code\KillerPDF-Corpus\corpus\regression\arxiv-cc-2025-01-08-to-14-batch3\2501.03487v1.pdf PDF Version: 1.5 File is not encrypted File is not linearized No syntax or stream encoding errors found; the file may still contain errors that qpdf cannot detect"
"regression/arxiv-cc-2025-01-08-to-14-batch3/2501.03504v1.pdf","C93FB1A148FFC33AF91A2C6D5B10EA7898C3F879147D3E75DA6B3E3ED3CA97C5","211904","0","checking C:\Users\steve\code\KillerPDF-Corpus\corpus\regression\arxiv-cc-2025-01-08-to-14-batch3\2501.03504v1.pdf PDF Version: 1.4 File is not encrypted File is not linearized No syntax or stream encoding errors found; the file may still contain errors that qpdf cannot detect"
"regression/arxiv-cc-2025-01-08-to-14-batch3/2501.03506v1.pdf","3E487302F5080FD27032C9D98DB76ABCB22713B450EB3668F85054F2588B63D8","1159427","0","checking C:\Users\steve\code\KillerPDF-Corpus\corpus\regression\arxiv-cc-2025-01-08-to-14-batch3\2501.03506v1.pdf PDF Version: 1.5 File is not encrypted File is not linearized No syntax or stream encoding errors found; the file may still contain errors that qpdf cannot detect"
"regression/arxiv-cc-2025-01-08-to-14-batch3/2501.03507v1.pdf","7454E03E72A23A1D5329609C4BCA76245EBA67EC55924EE6EC792C1FF0078621","2938037","0","checking C:\Users\steve\code\KillerPDF-Corpus\corpus\regression\arxiv-cc-2025-01-08-to-14-batch3\2501.03507v1.pdf PDF Version: 1.5 File is not encrypted File is not linearized No syntax or stream encoding errors found; the file may still contain errors that qpdf cannot detect"
"regression/arxiv-cc-2025-01-08-to-14-batch3/2501.03509v1.pdf","B7DA30794351A92C9572687B559815365D4911CFA12B6486682090D279797491","1323222","0","checking C:\Users\steve\code\KillerPDF-Corpus\corpus\regression\arxiv-cc-2025-01-08-to-14-batch3\2501.03509v1.pdf PDF Version: 1.5 File is not encrypted File is not linearized No syntax or stream encoding errors found; the file may still contain errors that qpdf cannot detect"
"regression/arxiv-cc-2025-01-08-to-14-batch3/2501.03515v1.pdf","499038E58749EE1EF4E00E008A3D4FB0FFEE975E22D570DA2E94873F469CDD6F","10940725","0","checking C:\Users\steve\code\KillerPDF-Corpus\corpus\regression\arxiv-cc-2025-01-08-to-14-batch3\2501.03515v1.pdf PDF Version: 1.5 File is not encrypted File is not linearized No syntax or stream encoding errors found; the file may still contain errors that qpdf cannot detect"
"regression/arxiv-cc-2025-01-08-to-14-batch3/2501.03519v1.pdf","6DDC55E576C3DDF6E58DDFFB5EB65861BB6AF1D33BBA612EB53905B8797762D6","456269","0","checking C:\Users\steve\code\KillerPDF-Corpus\corpus\regression\arxiv-cc-2025-01-08-to-14-batch3\2501.03519v1.pdf PDF Version: 1.4 File is not encrypted File is not linearized No syntax or stream encoding errors found; the file may still contain errors that qpdf cannot detect"
"regression/arxiv-cc-2025-01-08-to-14-batch3/2501.03522v1.pdf","06AC270BF3D4251D11C5DBF96ECC2DDA53A80AA366B760C15E619DA7290BEB26","188518","0","checking C:\Users\steve\code\KillerPDF-Corpus\corpus\regression\arxiv-cc-2025-01-08-to-14-batch3\2501.03522v1.pdf PDF Version: 1.4 File is not encrypted File is not linearized No syntax or stream encoding errors found; the file may still contain errors that qpdf cannot detect"
"regression/arxiv-cc-2025-01-08-to-14-batch3/2501.03523v1.pdf","D091653A790A7D805DA8F54E4E1F9DE5F3DADB9938472444CE3D41947A998AA3","164429","0","checking C:\Users\steve\code\KillerPDF-Corpus\corpus\regression\arxiv-cc-2025-01-08-to-14-batch3\2501.03523v1.pdf PDF Version: 1.4 File is not encrypted File is not linearized No syntax or stream encoding errors found; the file may still contain errors that qpdf cannot detect"
"regression/arxiv-cc-2025-01-08-to-14-batch3/2501.03526v1.pdf","60846B6ACB446E91A46D98355D4C30C4153E643549AEB1DEDDC19BA430199FAB","42176913","0","checking C:\Users\steve\code\KillerPDF-Corpus\corpus\regression\arxiv-cc-2025-01-08-to-14-batch3\2501.03526v1.pdf PDF Version: 1.5 File is not encrypted File is not linearized No syntax or stream encoding errors found; the file may still contain errors that qpdf cannot detect"
"regression/arxiv-cc-2025-01-08-to-14-batch3/2501.03529v1.pdf","DC26A9A8FE08A16138850099C40326774643552E53096A2F748C4121C4C8E9D6","2206730","0","checking C:\Users\steve\code\KillerPDF-Corpus\corpus\regression\arxiv-cc-2025-01-08-to-14-batch3\2501.03529v1.pdf PDF Version: 1.5 File is not encrypted File is not linearized No syntax or stream encoding errors found; the file may still contain errors that qpdf cannot detect"
"regression/arxiv-cc-2025-01-08-to-14-batch3/2501.03530v1.pdf","883056B5CCB9F0BFAD514569271A9C5755D8E40A700CF0964F03D8FA8D4C5846","2084174","0","checking C:\Users\steve\code\KillerPDF-Corpus\corpus\regression\arxiv-cc-2025-01-08-to-14-batch3\2501.03530v1.pdf PDF Version: 1.5 File is not encrypted File is not linearized No syntax or stream encoding errors found; the file may still contain errors that qpdf cannot detect"
"regression/arxiv-cc-2025-01-08-to-14-batch3/2501.03534v1.pdf","2B24993F993A98F8C952065559703049BB823BCA1060FE0C688ECD6EC0410FD8","335013","0","checking C:\Users\steve\code\KillerPDF-Corpus\corpus\regression\arxiv-cc-2025-01-08-to-14-batch3\2501.03534v1.pdf PDF Version: 1.4 File is not encrypted File is not linearized No syntax or stream encoding errors found; the file may still contain errors that qpdf cannot detect"
"regression/arxiv-cc-2025-01-08-to-14-batch3/2501.03538v1.pdf","57F7B4E1A6CB200088CD608AAE933579BAEDAE9264E6A9A47B03D0B208B87E92","4991181","0","checking C:\Users\steve\code\KillerPDF-Corpus\corpus\regression\arxiv-cc-2025-01-08-to-14-batch3\2501.03538v1.pdf PDF Version: 1.5 File is not encrypted File is not linearized No syntax or stream encoding errors found; the file may still contain errors that qpdf cannot detect"
"regression/arxiv-cc-2025-01-08-to-14-batch3/2501.03539v1.pdf","F05965CEF9092621DB10B59754FD95BF077E135F81C6E6F334B4CB976560F69F","5036207","0","checking C:\Users\steve\code\KillerPDF-Corpus\corpus\regression\arxiv-cc-2025-01-08-to-14-batch3\2501.03539v1.pdf PDF Version: 1.5 File is not encrypted File is not linearized No syntax or stream encoding errors found; the file may still contain errors that qpdf cannot detect"
"regression/arxiv-cc-2025-01-08-to-14-batch3/2501.03546v1.pdf","2E6378962816D54989A1FBAAA1E29AF38666AE71287F42672D5CA4F7B7682FF2","10552401","0","checking C:\Users\steve\code\KillerPDF-Corpus\corpus\regression\arxiv-cc-2025-01-08-to-14-batch3\2501.03546v1.pdf PDF Version: 1.5 File is not encrypted File is not linearized No syntax or stream encoding errors found; the file may still contain errors that qpdf cannot detect"
"regression/arxiv-cc-2025-01-08-to-14-batch3/2501.03557v1.pdf","F8F5344CD9DC77C4F447AEC209A8A535BA7862863F77C03FE6A501CECFE8EF04","13907509","0","checking C:\Users\steve\code\KillerPDF-Corpus\corpus\regression\arxiv-cc-2025-01-08-to-14-batch3\2501.03557v1.pdf PDF Version: 1.5 File is not encrypted File is not linearized No syntax or stream encoding errors found; the file may still contain errors that qpdf cannot detect"
"regression/arxiv-cc-2025-01-08-to-14-batch3/2501.03558v1.pdf","EBE04C2E980F8D32866C46A8813A0E747A56D8F8E90BC702E967260977C941EF","3613534","0","checking C:\Users\steve\code\KillerPDF-Corpus\corpus\regression\arxiv-cc-2025-01-08-to-14-batch3\2501.03558v1.pdf PDF Version: 1.5 File is not encrypted File is not linearized No syntax or stream encoding errors found; the file may still contain errors that qpdf cannot detect"
"regression/arxiv-cc-2025-01-08-to-14-batch3/2501.03559v1.pdf","8EC7837E0EEDF7F0934458ADD39A0683FF6CE68DE7D1B740DE3CD56C9EC7E0B2","2429399","3","checking C:\Users\steve\code\KillerPDF-Corpus\corpus\regression\arxiv-cc-2025-01-08-to-14-batch3\2501.03559v1.pdf PDF Version: 1.7 File is not encrypted File is not linearized WARNING: C:\Users\steve\code\KillerPDF-Corpus\corpus\regression\arxiv-cc-2025-01-08-to-14-batch3\2501.03559v1.pdf (Name/Number tree node (object 184)): name/number tree node has neither non-empty /Names nor /Kids qpdf: operation succeeded with warnings"
"regression/arxiv-cc-2025-01-08-to-14-batch3/2501.03564v1.pdf","A8F4DADD32590081B20A706A7FBA31158E34F3A170E2A1CE43BCBB69E58E784F","2298464","0","checking C:\Users\steve\code\KillerPDF-Corpus\corpus\regression\arxiv-cc-2025-01-08-to-14-batch3\2501.03564v1.pdf PDF Version: 1.5 File is not encrypted File is not linearized No syntax or stream encoding errors found; the file may still contain errors that qpdf cannot detect"
"regression/arxiv-cc-2025-01-08-to-14-batch3/2501.03566v1.pdf","42C2AE7BACEA0AFDE1B6A3CD3CAA2B7CEC8E2F17C713CBCB1C274C39C3395556","1335308","0","checking C:\Users\steve\code\KillerPDF-Corpus\corpus\regression\arxiv-cc-2025-01-08-to-14-batch3\2501.03566v1.pdf PDF Version: 1.5 File is not encrypted File is not linearized No syntax or stream encoding errors found; the file may still contain errors that qpdf cannot detect"
"regression/arxiv-cc-2025-01-08-to-14-batch3/2501.03568v1.pdf","E1411A6FAF20D43D82F9DC821E182685C3C387596C199B8F1146AAEEECE6B0BB","285349","0","checking C:\Users\steve\code\KillerPDF-Corpus\corpus\regression\arxiv-cc-2025-01-08-to-14-batch3\2501.03568v1.pdf PDF Version: 1.5 File is not encrypted File is not linearized No syntax or stream encoding errors found; the file may still contain errors that qpdf cannot detect"
"regression/arxiv-cc-2025-01-08-to-14-batch3/2501.03569v1.pdf","D5BA0205EC22BFD70DF86047EE2380C146E704F1BFF2101CBC7335723DFFC70C","5205189","0","checking C:\Users\steve\code\KillerPDF-Corpus\corpus\regression\arxiv-cc-2025-01-08-to-14-batch3\2501.03569v1.pdf PDF Version: 1.5 File is not encrypted File is not linearized No syntax or stream encoding errors found; the file may still contain errors that qpdf cannot detect"
"regression/arxiv-cc-2025-01-08-to-14-batch3/2501.03571v1.pdf","226A72D97078A7CF31D256FC4050081E2E3F526E9FAB366DAA10191B10208C02","27781629","3","checking C:\Users\steve\code\KillerPDF-Corpus\corpus\regression\arxiv-cc-2025-01-08-to-14-batch3\2501.03571v1.pdf PDF Version: 1.4 File is not encrypted File is linearized WARNING: C:\Users\steve\code\KillerPDF-Corpus\corpus\regression\arxiv-cc-2025-01-08-to-14-batch3\2501.03571v1.pdf: first shared object offset mismatch: hint table = 27568030; computed = 27567377 WARNING: C:\Users\steve\code\KillerPDF-Corpus\corpus\regression\arxiv-cc-2025-01-08-to-14-batch3\2501.03571v1.pdf: page 0 has shared identifier entries WARNING: C:\Users\steve\code\KillerPDF-Corpus\corpus\regression\arxiv-cc-2025-01-08-to-14-batch3\2501.03571v1.pdf: page 0: shared object 1466: in hint table but not computed list WARNING: C:\Users\steve\code\KillerPDF-Corpus\corpus\regression\arxiv-cc-2025-01-08-to-14-batch3\2501.03571v1.pdf: incorrect offset in outlines table: hint table = 27720045; computed = 27719392 qpdf: operation succeeded with warnings"
"regression/arxiv-cc-2025-01-08-to-14-batch3/2501.03577v1.pdf","802D74D9F917FF16B0B66504623CF3DD7350C6FF0EE39F7A0F359771649C029E","6452630","0","checking C:\Users\steve\code\KillerPDF-Corpus\corpus\regression\arxiv-cc-2025-01-08-to-14-batch3\2501.03577v1.pdf PDF Version: 1.5 File is not encrypted File is not linearized No syntax or stream encoding errors found; the file may still contain errors that qpdf cannot detect"
"regression/arxiv-cc-2025-01-08-to-14-batch3/2501.03582v1.pdf","C23668BCA2632C97148A02824C66E753FCC047D1E50E191A32A085E009C8CF83","6325142","0","checking C:\Users\steve\code\KillerPDF-Corpus\corpus\regression\arxiv-cc-2025-01-08-to-14-batch3\2501.03582v1.pdf PDF Version: 1.5 File is not encrypted File is not linearized No syntax or stream encoding errors found; the file may still contain errors that qpdf cannot detect"
"regression/arxiv-cc-2025-01-08-to-14-batch3/2501.03589v1.pdf","FA9C13D0C00A3EA79E9243D535BBE3F61ABEA7D4B7C06C4E7C91906F09B7DE02","3801798","0","checking C:\Users\steve\code\KillerPDF-Corpus\corpus\regression\arxiv-cc-2025-01-08-to-14-batch3\2501.03589v1.pdf PDF Version: 1.5 File is not encrypted File is not linearized No syntax or stream encoding errors found; the file may still contain errors that qpdf cannot detect"
"regression/arxiv-cc-2025-01-08-to-14-batch3/2501.03604v1.pdf","6C21A6F79B10FE16BB3880ED94D2276B49D0795ABC2DABEEAF9FE8FFB27519A3","3149115","0","checking C:\Users\steve\code\KillerPDF-Corpus\corpus\regression\arxiv-cc-2025-01-08-to-14-batch3\2501.03604v1.pdf PDF Version: 1.5 File is not encrypted File is not linearized No syntax or stream encoding errors found; the file may still contain errors that qpdf cannot detect"
"regression/arxiv-cc-2025-01-08-to-14-batch3/2501.03608v1.pdf","CEC0EAB678180D91A212875C8AF3E04CA6E7F6A31B5D9DB6F18D400C765EF734","1598814","0","checking C:\Users\steve\code\KillerPDF-Corpus\corpus\regression\arxiv-cc-2025-01-08-to-14-batch3\2501.03608v1.pdf PDF Version: 1.5 File is not encrypted File is not linearized No syntax or stream encoding errors found; the file may still contain errors that qpdf cannot detect"
"regression/arxiv-cc-2025-01-08-to-14-batch3/2501.03611v1.pdf","C9D89D64970905EE4425F783C4AF1E0423965BFA32B47BC7B7BA7A17AA59CE9F","517058","0","checking C:\Users\steve\code\KillerPDF-Corpus\corpus\regression\arxiv-cc-2025-01-08-to-14-batch3\2501.03611v1.pdf PDF Version: 1.7 File is not encrypted File is not linearized No syntax or stream encoding errors found; the file may still contain errors that qpdf cannot detect"
"regression/arxiv-cc-2025-01-08-to-14-batch3/2501.03621v1.pdf","A1B0C43DFDE9BE9E77C361E655F9A4C47F699C58F5F2F4726C948767F46DEDB4","20078107","0","checking C:\Users\steve\code\KillerPDF-Corpus\corpus\regression\arxiv-cc-2025-01-08-to-14-batch3\2501.03621v1.pdf PDF Version: 1.5 File is not encrypted File is not linearized No syntax or stream encoding errors found; the file may still contain errors that qpdf cannot detect"
"regression/arxiv-cc-2025-01-08-to-14-batch3/2501.03632v1.pdf","8B37CBF61C5CF89859C999874A1719F7F85FCA4CBC9BED290CA5FFDADA44B1AD","1861169","0","checking C:\Users\steve\code\KillerPDF-Corpus\corpus\regression\arxiv-cc-2025-01-08-to-14-batch3\2501.03632v1.pdf PDF Version: 1.4 File is not encrypted File is not linearized No syntax or stream encoding errors found; the file may still contain errors that qpdf cannot detect"
"regression/arxiv-cc-2025-01-08-to-14-batch3/2501.03634v1.pdf","368C14F0B418F500541493EB9CAA078F74EC79D65AE13A2EF2C69E97BB993946","985809","0","checking C:\Users\steve\code\KillerPDF-Corpus\corpus\regression\arxiv-cc-2025-01-08-to-14-batch3\2501.03634v1.pdf PDF Version: 1.7 File is not encrypted File is not linearized No syntax or stream encoding errors found; the file may still contain errors that qpdf cannot detect"
"regression/arxiv-cc-2025-01-08-to-14-batch3/2501.03635v1.pdf","A68B1FCB8899C506954B99B9B77AC7677C4C9E93DC1F772A1794C3E7CDC3C696","829123","0","checking C:\Users\steve\code\KillerPDF-Corpus\corpus\regression\arxiv-cc-2025-01-08-to-14-batch3\2501.03635v1.pdf PDF Version: 1.5 File is not encrypted File is not linearized No syntax or stream encoding errors found; the file may still contain errors that qpdf cannot detect"
"regression/arxiv-cc-2025-01-08-to-14-batch3/2501.03646v1.pdf","5CF86E9A483A3848B3823CE7AB373FAE4475C373927EBC26FD6302229CAA26A6","158925","0","checking C:\Users\steve\code\KillerPDF-Corpus\corpus\regression\arxiv-cc-2025-01-08-to-14-batch3\2501.03646v1.pdf PDF Version: 1.4 File is not encrypted File is not linearized No syntax or stream encoding errors found; the file may still contain errors that qpdf cannot detect"
"regression/arxiv-cc-2025-01-08-to-14-batch3/2501.03653v1.pdf","787FEEF6D1767D5D05944B5C1A470D67E41C04AAB99585A32F7A4CAF2304E8C3","1697200","0","checking C:\Users\steve\code\KillerPDF-Corpus\corpus\regression\arxiv-cc-2025-01-08-to-14-batch3\2501.03653v1.pdf PDF Version: 1.4 File is not encrypted File is not linearized No syntax or stream encoding errors found; the file may still contain errors that qpdf cannot detect"
"regression/arxiv-cc-2025-01-08-to-14-batch3/2501.03656v1.pdf","93A56471C99CD8591DC961B90CC4DAC531BDC4C18B49636821C33DE31AADEEB9","6895735","0","checking C:\Users\steve\code\KillerPDF-Corpus\corpus\regression\arxiv-cc-2025-01-08-to-14-batch3\2501.03656v1.pdf PDF Version: 1.5 File is not encrypted File is not linearized No syntax or stream encoding errors found; the file may still contain errors that qpdf cannot detect"
"regression/arxiv-cc-2025-01-08-to-14-batch3/2501.03663v1.pdf","06EF4E580FCDAC28BF6C2BBA7A5515B78BF663EBFB634F09D2C7BAB9D4F106A8","852590","0","checking C:\Users\steve\code\KillerPDF-Corpus\corpus\regression\arxiv-cc-2025-01-08-to-14-batch3\2501.03663v1.pdf PDF Version: 1.5 File is not encrypted File is not linearized No syntax or stream encoding errors found; the file may still contain errors that qpdf cannot detect"
"regression/arxiv-cc-2025-01-08-to-14-batch3/2501.03668v1.pdf","DAB912D13A9987B11176BEA474ACDE3C7441467DFC2BD2D0C5B31EDBF1D9A6A3","3954634","0","checking C:\Users\steve\code\KillerPDF-Corpus\corpus\regression\arxiv-cc-2025-01-08-to-14-batch3\2501.03668v1.pdf PDF Version: 1.5 File is not encrypted File is not linearized No syntax or stream encoding errors found; the file may still contain errors that qpdf cannot detect"
"regression/arxiv-cc-2025-01-08-to-14-batch3/2501.03676v2.pdf","20958F886026DADAC3C1B64322790D7CD68D7F57792763896CA4378D188F5BF9","3923105","0","checking C:\Users\steve\code\KillerPDF-Corpus\corpus\regression\arxiv-cc-2025-01-08-to-14-batch3\2501.03676v2.pdf PDF Version: 1.5 File is not encrypted File is not linearized No syntax or stream encoding errors found; the file may still contain errors that qpdf cannot detect"
"regression/arxiv-cc-2025-01-08-to-14-batch3/2501.03682v2.pdf","4AFFA11381DA040413D8868513338658E39D670DD478173891236105373A29EB","1236086","0","checking C:\Users\steve\code\KillerPDF-Corpus\corpus\regression\arxiv-cc-2025-01-08-to-14-batch3\2501.03682v2.pdf PDF Version: 1.5 File is not encrypted File is not linearized No syntax or stream encoding errors found; the file may still contain errors that qpdf cannot detect"
"regression/arxiv-cc-2025-01-08-to-14-batch3/2501.03687v1.pdf","DB83B81F6F343E76A134DB4AB3EC22EA2FA8389133649E7CFD5685E5FC4203E8","772583","0","checking C:\Users\steve\code\KillerPDF-Corpus\corpus\regression\arxiv-cc-2025-01-08-to-14-batch3\2501.03687v1.pdf PDF Version: 1.4 File is not encrypted File is not linearized No syntax or stream encoding errors found; the file may still contain errors that qpdf cannot detect"
"regression/arxiv-cc-2025-01-08-to-14-batch3/2501.03688v1.pdf","CB276B5993A29A9B023195BC88F7F8B75E54F71C23EE326D107B1F552C3DBEFC","316515","0","checking C:\Users\steve\code\KillerPDF-Corpus\corpus\regression\arxiv-cc-2025-01-08-to-14-batch3\2501.03688v1.pdf PDF Version: 1.4 File is not encrypted File is not linearized No syntax or stream encoding errors found; the file may still contain errors that qpdf cannot detect"
"regression/arxiv-cc-2025-01-08-to-14-batch3/2501.03689v1.pdf","324DA7763ECF428B25E72E8327F04E079242B052EBE6D6B041ED05151EF8148E","1857786","0","checking C:\Users\steve\code\KillerPDF-Corpus\corpus\regression\arxiv-cc-2025-01-08-to-14-batch3\2501.03689v1.pdf PDF Version: 1.5 File is not encrypted File is not linearized No syntax or stream encoding errors found; the file may still contain errors that qpdf cannot detect"
"regression/arxiv-cc-2025-01-08-to-14-batch3/2501.03692v1.pdf","37A76DE25713B7C8AA68E62337079440EE811E3A5A89098B98927ED5E1095B70","360434","0","checking C:\Users\steve\code\KillerPDF-Corpus\corpus\regression\arxiv-cc-2025-01-08-to-14-batch3\2501.03692v1.pdf PDF Version: 1.4 File is not encrypted File is not linearized No syntax or stream encoding errors found; the file may still contain errors that qpdf cannot detect"
"regression/arxiv-cc-2025-01-08-to-14-batch3/2501.03693v1.pdf","8334595CE435BD2DB67A6336EB110F3E7254FD559CD5AF341D18F284D4A2D146","1104805","0","checking C:\Users\steve\code\KillerPDF-Corpus\corpus\regression\arxiv-cc-2025-01-08-to-14-batch3\2501.03693v1.pdf PDF Version: 1.5 File is not encrypted File is not linearized No syntax or stream encoding errors found; the file may still contain errors that qpdf cannot detect"
"regression/arxiv-cc-2025-01-08-to-14-batch3/2501.03700v1.pdf","B8480A37B825ED903BE2CB5412FA0BC3ABD5D608A3D45E960703520BE38BFFB6","13173944","0","checking C:\Users\steve\code\KillerPDF-Corpus\corpus\regression\arxiv-cc-2025-01-08-to-14-batch3\2501.03700v1.pdf PDF Version: 1.5 File is not encrypted File is not linearized No syntax or stream encoding errors found; the file may still contain errors that qpdf cannot detect"
"regression/arxiv-cc-2025-01-08-to-14-batch3/2501.03703v1.pdf","23A8CE999252341378D3BDF6760F9D72A0A67E7646A789BA3879A2B343541B93","452470","0","checking C:\Users\steve\code\KillerPDF-Corpus\corpus\regression\arxiv-cc-2025-01-08-to-14-batch3\2501.03703v1.pdf PDF Version: 1.5 File is not encrypted File is not linearized No syntax or stream encoding errors found; the file may still contain errors that qpdf cannot detect"
"regression/arxiv-cc-2025-01-08-to-14-batch3/2501.03704v1.pdf","8C5142E0357B37E9BC8FC6FA3CA27FCE0B4747A167EB9B252D3DAEBBC804AF69","709158","0","checking C:\Users\steve\code\KillerPDF-Corpus\corpus\regression\arxiv-cc-2025-01-08-to-14-batch3\2501.03704v1.pdf PDF Version: 1.5 File is not encrypted File is not linearized No syntax or stream encoding errors found; the file may still contain errors that qpdf cannot detect"
"regression/arxiv-cc-2025-01-08-to-14-batch3/2501.03712v1.pdf","98BECA76F43FB002DDFE59FF1280DD34A09409B0508F204EDD0F1EC20E01123D","1028960","0","checking C:\Users\steve\code\KillerPDF-Corpus\corpus\regression\arxiv-cc-2025-01-08-to-14-batch3\2501.03712v1.pdf PDF Version: 1.7 File is not encrypted File is not linearized No syntax or stream encoding errors found; the file may still contain errors that qpdf cannot detect"
"regression/arxiv-cc-2025-01-08-to-14-batch3/2501.03718v2.pdf","F9CDC728C6B7F81105612CD62E73B016F2C6F4722F154A2419E217EDD1D73876","1043723","0","checking C:\Users\steve\code\KillerPDF-Corpus\corpus\regression\arxiv-cc-2025-01-08-to-14-batch3\2501.03718v2.pdf PDF Version: 1.5 File is not encrypted File is not linearized No syntax or stream encoding errors found; the file may still contain errors that qpdf cannot detect"
"regression/arxiv-cc-2025-01-08-to-14-batch3/2501.03720v1.pdf","45E6455EFF12FB816EDB95B55801668E8CB12FA5A3ED5B85628160BCED5EEE30","612617","0","checking C:\Users\steve\code\KillerPDF-Corpus\corpus\regression\arxiv-cc-2025-01-08-to-14-batch3\2501.03720v1.pdf PDF Version: 1.5 File is not encrypted File is not linearized No syntax or stream encoding errors found; the file may still contain errors that qpdf cannot detect"
"regression/arxiv-cc-2025-01-08-to-14-batch3/2501.03729v1.pdf","46055CE07D0C719BE6B8FF04E1F0E59CC99F4C8169538C12C36F04AB045A2CE3","912118","0","checking C:\Users\steve\code\KillerPDF-Corpus\corpus\regression\arxiv-cc-2025-01-08-to-14-batch3\2501.03729v1.pdf PDF Version: 1.5 File is not encrypted File is not linearized No syntax or stream encoding errors found; the file may still contain errors that qpdf cannot detect"
"regression/arxiv-cc-2025-01-08-to-14-batch3/2501.03731v1.pdf","F1191CE34C6674C9C5CD4BBE434510E7C8383F47DEBC964F1BDB906AE1363EAD","327326","0","checking C:\Users\steve\code\KillerPDF-Corpus\corpus\regression\arxiv-cc-2025-01-08-to-14-batch3\2501.03731v1.pdf PDF Version: 1.4 File is not encrypted File is not linearized No syntax or stream encoding errors found; the file may still contain errors that qpdf cannot detect"
"regression/arxiv-cc-2025-01-08-to-14-batch3/2501.03732v1.pdf","580FCE80EBDE5D69B8B092B9524BD783D91B1C2047EECD841E649F66B56522A4","4647181","0","checking C:\Users\steve\code\KillerPDF-Corpus\corpus\regression\arxiv-cc-2025-01-08-to-14-batch3\2501.03732v1.pdf PDF Version: 1.5 File is not encrypted File is not linearized No syntax or stream encoding errors found; the file may still contain errors that qpdf cannot detect"
"regression/arxiv-cc-2025-01-08-to-14-batch3/2501.03744v2.pdf","C03E8C388C2F84F87218762D8AC29B339251882342990BA77E5AEDE8896CDDCD","1545675","3","checking C:\Users\steve\code\KillerPDF-Corpus\corpus\regression\arxiv-cc-2025-01-08-to-14-batch3\2501.03744v2.pdf PDF Version: 1.5 File is not encrypted File is not linearized WARNING: C:\Users\steve\code\KillerPDF-Corpus\corpus\regression\arxiv-cc-2025-01-08-to-14-batch3\2501.03744v2.pdf (object 1672 0, offset 1497958): treating bad indirect reference (0 0 R) as null qpdf: operation succeeded with warnings"
"regression/arxiv-cc-2025-01-08-to-14-batch3/2501.03754v2.pdf","346DB6658A23AAF2D387D3E3430C06F0485B322F220E2C1B41B53C3CB8E28A42","171818","0","checking C:\Users\steve\code\KillerPDF-Corpus\corpus\regression\arxiv-cc-2025-01-08-to-14-batch3\2501.03754v2.pdf PDF Version: 1.4 File is not encrypted File is not linearized No syntax or stream encoding errors found; the file may still contain errors that qpdf cannot detect"
"regression/arxiv-cc-2025-01-08-to-14-batch3/2501.03761v1.pdf","6F2930784408B568CED6E368653E2F1332BEA682BECC6DADDB3C15F965BDD96D","797410","0","checking C:\Users\steve\code\KillerPDF-Corpus\corpus\regression\arxiv-cc-2025-01-08-to-14-batch3\2501.03761v1.pdf PDF Version: 1.5 File is not encrypted File is not linearized No syntax or stream encoding errors found; the file may still contain errors that qpdf cannot detect"
"regression/arxiv-cc-2025-01-08-to-14-batch3/2501.03767v1.pdf","02A640309B42F6E27C19EA32F8B8F3A8812CB25132CEF21130912A72AF4BA1E0","6872117","0","checking C:\Users\steve\code\KillerPDF-Corpus\corpus\regression\arxiv-cc-2025-01-08-to-14-batch3\2501.03767v1.pdf PDF Version: 1.6 File is not encrypted File is not linearized No syntax or stream encoding errors found; the file may still contain errors that qpdf cannot detect"
"regression/arxiv-cc-2025-01-08-to-14-batch3/2501.03770v1.pdf","6620281C15A5453297BB90732581730E4367C4210789F42A7D8F0C954E379046","5117853","0","checking C:\Users\steve\code\KillerPDF-Corpus\corpus\regression\arxiv-cc-2025-01-08-to-14-batch3\2501.03770v1.pdf PDF Version: 1.5 File is not encrypted File is not linearized No syntax or stream encoding errors found; the file may still contain errors that qpdf cannot detect"
"regression/arxiv-cc-2025-01-08-to-14-batch3/2501.03771v1.pdf","621F2D50C0CDCFF6D3202ECC0BD67ED370CFCD50FB63491EC25EC7ABA6C6DBE6","4950638","0","checking C:\Users\steve\code\KillerPDF-Corpus\corpus\regression\arxiv-cc-2025-01-08-to-14-batch3\2501.03771v1.pdf PDF Version: 1.5 File is not encrypted File is not linearized No syntax or stream encoding errors found; the file may still contain errors that qpdf cannot detect"
"regression/arxiv-cc-2025-01-08-to-14-batch3/2501.03772v1.pdf","AA4CD5A58AF15D959E96780A00E547F8F074CEB70E3B85F92C9526C0736014E5","268570","0","checking C:\Users\steve\code\KillerPDF-Corpus\corpus\regression\arxiv-cc-2025-01-08-to-14-batch3\2501.03772v1.pdf PDF Version: 1.4 File is not encrypted File is not linearized No syntax or stream encoding errors found; the file may still contain errors that qpdf cannot detect"
"regression/arxiv-cc-2025-01-08-to-14-batch3/2501.03779v1.pdf","0033CA7E43F5B756856A45CA799E17BA2FAC628E6473B2420B17F2134023093B","6706790","0","checking C:\Users\steve\code\KillerPDF-Corpus\corpus\regression\arxiv-cc-2025-01-08-to-14-batch3\2501.03779v1.pdf PDF Version: 1.5 File is not encrypted File is not linearized No syntax or stream encoding errors found; the file may still contain errors that qpdf cannot detect"
"regression/arxiv-cc-2025-01-08-to-14-batch3/2501.03781v2.pdf","D390C4202064886772A5BE746356EEFD72A7DA6691E80B4E0CB66C5E850E9C69","728200","0","checking C:\Users\steve\code\KillerPDF-Corpus\corpus\regression\arxiv-cc-2025-01-08-to-14-batch3\2501.03781v2.pdf PDF Version: 1.5 File is not encrypted File is not linearized No syntax or stream encoding errors found; the file may still contain errors that qpdf cannot detect"
"regression/arxiv-cc-2025-01-08-to-14-batch3/2501.03787v1.pdf","E0942A2EDAE181D407170928C595582015CE9450C783758293E5A1BB66B7DD87","2221466","0","checking C:\Users\steve\code\KillerPDF-Corpus\corpus\regression\arxiv-cc-2025-01-08-to-14-batch3\2501.03787v1.pdf PDF Version: 1.5 File is not encrypted File is not linearized No syntax or stream encoding errors found; the file may still contain errors that qpdf cannot detect"
"regression/arxiv-cc-2025-01-08-to-14-batch3/2501.03790v1.pdf","3336702E033E01A6B7D1681763274BC4A5D5B8469AA657F73A25D2EFC9B5D502","307346","0","checking C:\Users\steve\code\KillerPDF-Corpus\corpus\regression\arxiv-cc-2025-01-08-to-14-batch3\2501.03790v1.pdf PDF Version: 1.4 File is not encrypted File is not linearized No syntax or stream encoding errors found; the file may still contain errors that qpdf cannot detect"
"regression/arxiv-cc-2025-01-08-to-14-batch3/2501.03791v2.pdf","43C0386D134CD5E804D962887D87A13E06153F38197489EC5C48362290CED8B5","448623","0","checking C:\Users\steve\code\KillerPDF-Corpus\corpus\regression\arxiv-cc-2025-01-08-to-14-batch3\2501.03791v2.pdf PDF Version: 1.4 File is not encrypted File is not linearized No syntax or stream encoding errors found; the file may still contain errors that qpdf cannot detect"
"regression/arxiv-cc-2025-01-08-to-14-batch3/2501.03793v1.pdf","57F1F67DB07869C743A2607913451F59D7B9E1429ECFD60BB09164B0CA94AD5D","1002200","0","checking C:\Users\steve\code\KillerPDF-Corpus\corpus\regression\arxiv-cc-2025-01-08-to-14-batch3\2501.03793v1.pdf PDF Version: 1.5 File is not encrypted File is not linearized No syntax or stream encoding errors found; the file may still contain errors that qpdf cannot detect"
"regression/arxiv-cc-2025-01-08-to-14-batch3/2501.03796v1.pdf","557D7AC5D6524027C2E90AACABECD1D415E673B47829F18E1B795282B85B69F5","5711263","0","checking C:\Users\steve\code\KillerPDF-Corpus\corpus\regression\arxiv-cc-2025-01-08-to-14-batch3\2501.03796v1.pdf PDF Version: 1.5 File is not encrypted File is not linearized No syntax or stream encoding errors found; the file may still contain errors that qpdf cannot detect"
"regression/arxiv-cc-2025-01-08-to-14-batch3/2501.03802v1.pdf","158A056C8A944F40F70C0BDC594BD45CD2E68575F86601B0727D2DF8D236F764","352498","0","checking C:\Users\steve\code\KillerPDF-Corpus\corpus\regression\arxiv-cc-2025-01-08-to-14-batch3\2501.03802v1.pdf PDF Version: 1.4 File is not encrypted File is not linearized No syntax or stream encoding errors found; the file may still contain errors that qpdf cannot detect"
"regression/arxiv-cc-2025-01-08-to-14-batch3/2501.03807v1.pdf","14AAE540D5A77508EC6ED7E6DA696265E9EE30DF13E713F28C41B1EC7F34ED76","558686","0","checking C:\Users\steve\code\KillerPDF-Corpus\corpus\regression\arxiv-cc-2025-01-08-to-14-batch3\2501.03807v1.pdf PDF Version: 1.5 File is not encrypted File is not linearized No syntax or stream encoding errors found; the file may still contain errors that qpdf cannot detect"
"regression/arxiv-cc-2025-01-08-to-14-batch3/2501.03809v1.pdf","C60AB0ADCA7BA45EADEE8447FAE68995B2BDC49E1DD437F0EE4ABA5542E3A327","1129138","0","checking C:\Users\steve\code\KillerPDF-Corpus\corpus\regression\arxiv-cc-2025-01-08-to-14-batch3\2501.03809v1.pdf PDF Version: 1.5 File is not encrypted File is not linearized No syntax or stream encoding errors found; the file may still contain errors that qpdf cannot detect"
"regression/arxiv-cc-2025-01-08-to-14-batch3/2501.03811v1.pdf","375E3C33F8331D94883941EBBFE593D0176CA90B3BCA44793421C1ADC42E9EAE","556640","0","checking C:\Users\steve\code\KillerPDF-Corpus\corpus\regression\arxiv-cc-2025-01-08-to-14-batch3\2501.03811v1.pdf PDF Version: 1.5 File is not encrypted File is not linearized No syntax or stream encoding errors found; the file may still contain errors that qpdf cannot detect"
"regression/arxiv-cc-2025-01-08-to-14-batch3/2501.03817v1.pdf","088E16ED5EF3926184024C4007E0F538624064C297F3C3AB9FBEA65E84526FB9","3992100","0","checking C:\Users\steve\code\KillerPDF-Corpus\corpus\regression\arxiv-cc-2025-01-08-to-14-batch3\2501.03817v1.pdf PDF Version: 1.5 File is not encrypted File is not linearized No syntax or stream encoding errors found; the file may still contain errors that qpdf cannot detect"
"regression/arxiv-cc-2025-01-08-to-14-batch3/2501.03825v1.pdf","BE02143D7F0A28180E2CBB53C946A27D2CEA0F540AD5D6177D05FDDCE4232274","719862","0","checking C:\Users\steve\code\KillerPDF-Corpus\corpus\regression\arxiv-cc-2025-01-08-to-14-batch3\2501.03825v1.pdf PDF Version: 1.5 File is not encrypted File is not linearized No syntax or stream encoding errors found; the file may still contain errors that qpdf cannot detect"
"regression/arxiv-cc-2025-01-08-to-14-batch3/2501.03830v1.pdf","3591D6ADB7D477CC87CB4D4A40805F9EC3DE5BDCE4BE07E5926BE28C36FE88E8","500446","3","checking C:\Users\steve\code\KillerPDF-Corpus\corpus\regression\arxiv-cc-2025-01-08-to-14-batch3\2501.03830v1.pdf PDF Version: 1.3 File is not encrypted File is not linearized WARNING: C:\Users\steve\code\KillerPDF-Corpus\corpus\regression\arxiv-cc-2025-01-08-to-14-batch3\2501.03830v1.pdf (object 6 0): object has offset 0 - a common error handled correctly by qpdf and most other applications WARNING: C:\Users\steve\code\KillerPDF-Corpus\corpus\regression\arxiv-cc-2025-01-08-to-14-batch3\2501.03830v1.pdf (object 8 0): object has offset 0 - a common error handled correctly by qpdf and most other applications WARNING: C:\Users\steve\code\KillerPDF-Corpus\corpus\regression\arxiv-cc-2025-01-08-to-14-batch3\2501.03830v1.pdf (object 10 0): object has offset 0 - a common error handled correctly by qpdf and most other applications WARNING: C:\Users\steve\code\KillerPDF-Corpus\corpus\regression\arxiv-cc-2025-01-08-to-14-batch3\2501.03830v1.pdf (object 20 0): object has offset 0 - a common error handled correctly by qpdf and most other applications WARNING: C:\Users\steve\code\KillerPDF-Corpus\corpus\regression\arxiv-cc-2025-01-08-to-14-batch3\2501.03830v1.pdf (object 22 0): object has offset 0 - a common error handled correctly by qpdf and most other applications WARNING: C:\Users\steve\code\KillerPDF-Corpus\corpus\regression\arxiv-cc-2025-01-08-to-14-batch3\2501.03830v1.pdf (object 24 0): object has offset 0 - a common error handled correctly by qpdf and most other applications WARNING: C:\Users\steve\code\KillerPDF-Corpus\corpus\regression\arxiv-cc-2025-01-08-to-14-batch3\2501.03830v1.pdf (object 26 0): object has offset 0 - a common error handled correctly by qpdf and most other applications WARNING: C:\Users\steve\code\KillerPDF-Corpus\corpus\regression\arxiv-cc-2025-01-08-to-14-batch3\2501.03830v1.pdf (object 28 0): object has offset 0 - a common error handled correctly by qpdf and most other applications WARNING: C:\Users\steve\code\KillerPDF-Corpus\corpus\regression\arxiv-cc-2025-01-08-to-14-batch3\2501.03830v1.pdf (object 38 0): object has offset 0 - a common error handled correctly by qpdf and most other applications WARNING: C:\Users\steve\code\KillerPDF-Corpus\corpus\regression\arxiv-cc-2025-01-08-to-14-batch3\2501.03830v1.pdf (object 40 0): object has offset 0 - a common error handled correctly by qpdf and most other applications WARNING: C:\Users\steve\code\KillerPDF-Corpus\corpus\regression\arxiv-cc-2025-01-08-to-14-batch3\2501.03830v1.pdf (object 42 0): object has offset 0 - a common error handled correctly by qpdf and most other applications WARNING: C:\Users\steve\code\KillerPDF-Corpus\corpus\regression\arxiv-cc-2025-01-08-to-14-batch3\2501.03830v1.pdf (object 44 0): object has offset 0 - a common error handled correctly by qpdf and most other applications WARNING: C:\Users\steve\code\KillerPDF-Corpus\corpus\regression\arxiv-cc-2025-01-08-to-14-batch3\2501.03830v1.pdf (object 46 0): object has offset 0 - a common error handled correctly by qpdf and most other applications WARNING: C:\Users\steve\code\KillerPDF-Corpus\corpus\regression\arxiv-cc-2025-01-08-to-14-batch3\2501.03830v1.pdf (object 48 0): object has offset 0 - a common error handled correctly by qpdf and most other applications WARNING: C:\Users\steve\code\KillerPDF-Corpus\corpus\regression\arxiv-cc-2025-01-08-to-14-batch3\2501.03830v1.pdf (object 58 0): object has offset 0 - a common error handled correctly by qpdf and most other applications WARNING: C:\Users\steve\code\KillerPDF-Corpus\corpus\regression\arxiv-cc-2025-01-08-to-14-batch3\2501.03830v1.pdf (object 61 0): object has offset 0 - a common error handled correctly by qpdf and most other applications WARNING: C:\Users\steve\code\KillerPDF-Corpus\corpus\regression\arxiv-cc-2025-01-08-to-14-batch3\2501.03830v1.pdf (object 69 0): object has offset 0 - a common error handled correctly by qpdf and most other applications qpdf: operation succeeded with warnings"
"regression/arxiv-cc-2025-01-08-to-14-batch3/2501.03839v1.pdf","106343948FAED0121D02E13FD569CF89F3161B56E493878411758A53C9BACF98","895640","0","checking C:\Users\steve\code\KillerPDF-Corpus\corpus\regression\arxiv-cc-2025-01-08-to-14-batch3\2501.03839v1.pdf PDF Version: 1.5 File is not encrypted File is not linearized No syntax or stream encoding errors found; the file may still contain errors that qpdf cannot detect"
"regression/arxiv-cc-2025-01-08-to-14-batch3/2501.03843v1.pdf","B587A3F058C2DCAD7BCA036F6A4C38441293A66A8C98F81CAD863AB33D830935","1657954","0","checking C:\Users\steve\code\KillerPDF-Corpus\corpus\regression\arxiv-cc-2025-01-08-to-14-batch3\2501.03843v1.pdf PDF Version: 1.5 File is not encrypted File is linearized No syntax or stream encoding errors found; the file may still contain errors that qpdf cannot detect"
"regression/arxiv-cc-2025-01-08-to-14-batch3/2501.03844v1.pdf","2495D7FD3D1C673524B8BECA673169592B70F258918EC65968CA3455D946786B","17636996","0","checking C:\Users\steve\code\KillerPDF-Corpus\corpus\regression\arxiv-cc-2025-01-08-to-14-batch3\2501.03844v1.pdf PDF Version: 1.5 File is not encrypted File is not linearized No syntax or stream encoding errors found; the file may still contain errors that qpdf cannot detect"
"regression/arxiv-cc-2025-01-08-to-14-batch3/2501.03846v1.pdf","0376A912246947BB49E8FF095A38F02525AE4DFA52D74B1BC4DE68F4B143251B","412305","0","checking C:\Users\steve\code\KillerPDF-Corpus\corpus\regression\arxiv-cc-2025-01-08-to-14-batch3\2501.03846v1.pdf PDF Version: 1.4 File is not encrypted File is not linearized No syntax or stream encoding errors found; the file may still contain errors that qpdf cannot detect"
"regression/arxiv-cc-2025-01-08-to-14-batch3/2501.03848v1.pdf","F1246529AA1F34DB956CEFDEAF56BBEC57322CD44FF614CE9F7573A68535A4C3","552294","0","checking C:\Users\steve\code\KillerPDF-Corpus\corpus\regression\arxiv-cc-2025-01-08-to-14-batch3\2501.03848v1.pdf PDF Version: 1.5 File is not encrypted File is not linearized No syntax or stream encoding errors found; the file may still contain errors that qpdf cannot detect"
"regression/arxiv-cc-2025-01-08-to-14-batch3/2501.03850v1.pdf","DCF915EA5AAE0DB5DB9AD2E8DC1B5C6D316997685260005D33DB38E894401E9D","768983","0","checking C:\Users\steve\code\KillerPDF-Corpus\corpus\regression\arxiv-cc-2025-01-08-to-14-batch3\2501.03850v1.pdf PDF Version: 1.5 File is not encrypted File is not linearized No syntax or stream encoding errors found; the file may still contain errors that qpdf cannot detect"
"regression/arxiv-cc-2025-01-08-to-14-batch3/2501.03853v1.pdf","7AB2A5ACC5DE368521CB5168FA08271325F6FB2976DF1B65498A148F5ECD34D9","225313","0","checking C:\Users\steve\code\KillerPDF-Corpus\corpus\regression\arxiv-cc-2025-01-08-to-14-batch3\2501.03853v1.pdf PDF Version: 1.4 File is not encrypted File is not linearized No syntax or stream encoding errors found; the file may still contain errors that qpdf cannot detect"
"regression/arxiv-cc-2025-01-08-to-14-batch3/2501.03857v1.pdf","21C8457341E22797AC242B00CE3D386D72D94EBCC1F59866A176711AE786D210","1066615","0","checking C:\Users\steve\code\KillerPDF-Corpus\corpus\regression\arxiv-cc-2025-01-08-to-14-batch3\2501.03857v1.pdf PDF Version: 1.5 File is not encrypted File is not linearized No syntax or stream encoding errors found; the file may still contain errors that qpdf cannot detect"
"regression/arxiv-cc-2025-01-08-to-14-batch3/2501.03862v1.pdf","34B0AB2F6C82519A61429782FAB352CE826D286326A9D0825E59150AE381B2E6","1171594","3","checking C:\Users\steve\code\KillerPDF-Corpus\corpus\regression\arxiv-cc-2025-01-08-to-14-batch3\2501.03862v1.pdf PDF Version: 1.6 File is not encrypted File is linearized WARNING: C:\Users\steve\code\KillerPDF-Corpus\corpus\regression\arxiv-cc-2025-01-08-to-14-batch3\2501.03862v1.pdf: linearized file contains an uncompressed object after a compressed one in a cross-reference stream WARNING: C:\Users\steve\code\KillerPDF-Corpus\corpus\regression\arxiv-cc-2025-01-08-to-14-batch3\2501.03862v1.pdf: first shared object number mismatch: hint table = 82; computed = 32 WARNING: C:\Users\steve\code\KillerPDF-Corpus\corpus\regression\arxiv-cc-2025-01-08-to-14-batch3\2501.03862v1.pdf: first shared object offset mismatch: hint table = 1089078; computed = 1088562 WARNING: C:\Users\steve\code\KillerPDF-Corpus\corpus\regression\arxiv-cc-2025-01-08-to-14-batch3\2501.03862v1.pdf: page 0 has shared identifier entries WARNING: C:\Users\steve\code\KillerPDF-Corpus\corpus\regression\arxiv-cc-2025-01-08-to-14-batch3\2501.03862v1.pdf: page 0: shared object 829: in hint table but not computed list WARNING: C:\Users\steve\code\KillerPDF-Corpus\corpus\regression\arxiv-cc-2025-01-08-to-14-batch3\2501.03862v1.pdf: object count mismatch for page 12: hint table = 5; computed = 4 WARNING: C:\Users\steve\code\KillerPDF-Corpus\corpus\regression\arxiv-cc-2025-01-08-to-14-batch3\2501.03862v1.pdf: page 12: shared object 32: in computed list but not hint table WARNING: C:\Users\steve\code\KillerPDF-Corpus\corpus\regression\arxiv-cc-2025-01-08-to-14-batch3\2501.03862v1.pdf: page 14: shared object 32: in computed list but not hint table WARNING: C:\Users\steve\code\KillerPDF-Corpus\corpus\regression\arxiv-cc-2025-01-08-to-14-batch3\2501.03862v1.pdf: page 19: shared object 32: in computed list but not hint table WARNING: C:\Users\steve\code\KillerPDF-Corpus\corpus\regression\arxiv-cc-2025-01-08-to-14-batch3\2501.03862v1.pdf: incorrect offset in outlines table: hint table = 1150451; computed = 1149935 qpdf: operation succeeded with warnings"
"regression/arxiv-cc-2025-01-08-to-14-batch3/2501.03867v1.pdf","B7794E53F0DB05913109B0D8F81AB77A7028F8B56D9235044FF0C785484F25FA","168640","0","checking C:\Users\steve\code\KillerPDF-Corpus\corpus\regression\arxiv-cc-2025-01-08-to-14-batch3\2501.03867v1.pdf PDF Version: 1.4 File is not encrypted File is not linearized No syntax or stream encoding errors found; the file may still contain errors that qpdf cannot detect"
"regression/arxiv-cc-2025-01-08-to-14-batch3/2501.03872v1.pdf","C45BAA1AA271A539830175F9E487487A63CB8D7E24A0F50A3B2FE364E01A5D8C","578922","0","checking C:\Users\steve\code\KillerPDF-Corpus\corpus\regression\arxiv-cc-2025-01-08-to-14-batch3\2501.03872v1.pdf PDF Version: 1.5 File is not encrypted File is not linearized No syntax or stream encoding errors found; the file may still contain errors that qpdf cannot detect"
"regression/arxiv-cc-2025-01-08-to-14-batch3/2501.03873v1.pdf","EC3F160C4C352C460B911227FC4E17B1BC6C7F6C89150FC2754349B603721EDB","272649","0","checking C:\Users\steve\code\KillerPDF-Corpus\corpus\regression\arxiv-cc-2025-01-08-to-14-batch3\2501.03873v1.pdf PDF Version: 1.4 File is not encrypted File is not linearized No syntax or stream encoding errors found; the file may still contain errors that qpdf cannot detect"
"regression/arxiv-cc-2025-01-08-to-14-batch3/2501.03875v1.pdf","205603D45AE3C3E32FFE56A7FB146EFAC213135EC873B1F7C4F54E1A91278BC5","35202446","0","checking C:\Users\steve\code\KillerPDF-Corpus\corpus\regression\arxiv-cc-2025-01-08-to-14-batch3\2501.03875v1.pdf PDF Version: 1.5 File is not encrypted File is not linearized No syntax or stream encoding errors found; the file may still contain errors that qpdf cannot detect"
"regression/arxiv-cc-2025-01-08-to-14-batch3/2501.03881v1.pdf","960519BC489C8177B0BA47CE11C6E4343B088B2435BFF8C579A47F5AAC13F3D9","2563536","0","checking C:\Users\steve\code\KillerPDF-Corpus\corpus\regression\arxiv-cc-2025-01-08-to-14-batch3\2501.03881v1.pdf PDF Version: 1.5 File is not encrypted File is not linearized No syntax or stream encoding errors found; the file may still contain errors that qpdf cannot detect"
"regression/arxiv-cc-2025-01-08-to-14-batch3/2501.03899v1.pdf","77602B2C7097D1223FE69DADA823F448D824C90CAB6CEE30EB70833D3F7C0296","876731","0","checking C:\Users\steve\code\KillerPDF-Corpus\corpus\regression\arxiv-cc-2025-01-08-to-14-batch3\2501.03899v1.pdf PDF Version: 1.7 File is not encrypted File is not linearized No syntax or stream encoding errors found; the file may still contain errors that qpdf cannot detect"
"regression/arxiv-cc-2025-01-08-to-14-batch3/2501.03902v1.pdf","7C54A807236AD1DC76ED3A07522A91A26749A6ACCECBE9FAC4F7E85B24D85D41","2203621","0","checking C:\Users\steve\code\KillerPDF-Corpus\corpus\regression\arxiv-cc-2025-01-08-to-14-batch3\2501.03902v1.pdf PDF Version: 1.5 File is not encrypted File is not linearized No syntax or stream encoding errors found; the file may still contain errors that qpdf cannot detect"
"regression/arxiv-cc-2025-01-08-to-14-batch3/2501.03904v1.pdf","F51ED3A8E08379400758F6E56EA71D560300FB1CC7DB85B7670CE5447CBF3B97","318564","0","checking C:\Users\steve\code\KillerPDF-Corpus\corpus\regression\arxiv-cc-2025-01-08-to-14-batch3\2501.03904v1.pdf PDF Version: 1.5 File is not encrypted File is not linearized No syntax or stream encoding errors found; the file may still contain errors that qpdf cannot detect"
"regression/arxiv-cc-2025-01-08-to-14-batch3/2501.03911v1.pdf","11C0A9A7E3A8E356735B50C456BA40729AF01F48F2F4B3A94B1B8F268A9709A9","1956888","0","checking C:\Users\steve\code\KillerPDF-Corpus\corpus\regression\arxiv-cc-2025-01-08-to-14-batch3\2501.03911v1.pdf PDF Version: 1.5 File is not encrypted File is not linearized No syntax or stream encoding errors found; the file may still contain errors that qpdf cannot detect"
"regression/arxiv-cc-2025-01-08-to-14-batch3/2501.03922v1.pdf","8CBB2400BB44633A7E4E6B6BF74D33F5E6FF14147014E4AF3EAD2F47FB6BF61C","464834","0","checking C:\Users\steve\code\KillerPDF-Corpus\corpus\regression\arxiv-cc-2025-01-08-to-14-batch3\2501.03922v1.pdf PDF Version: 1.5 File is not encrypted File is not linearized No syntax or stream encoding errors found; the file may still contain errors that qpdf cannot detect"
"regression/arxiv-cc-2025-01-08-to-14-batch3/2501.03924v1.pdf","5B35FA14DCED8E41AC10259C0A311A0B4D3B6A2CDEA9603D1FA48552362D4B85","546639","0","checking C:\Users\steve\code\KillerPDF-Corpus\corpus\regression\arxiv-cc-2025-01-08-to-14-batch3\2501.03924v1.pdf PDF Version: 1.5 File is not encrypted File is not linearized No syntax or stream encoding errors found; the file may still contain errors that qpdf cannot detect"
"regression/arxiv-cc-2025-01-08-to-14-batch3/2501.03929v1.pdf","A6398DFBCBD4DABF4A508F623FA66D26CC6B36FAF350C0E4639B4FAC66466E53","2797886","0","checking C:\Users\steve\code\KillerPDF-Corpus\corpus\regression\arxiv-cc-2025-01-08-to-14-batch3\2501.03929v1.pdf PDF Version: 1.5 File is not encrypted File is not linearized No syntax or stream encoding errors found; the file may still contain errors that qpdf cannot detect"
"regression/arxiv-cc-2025-01-08-to-14-batch3/2501.03941v1.pdf","A5E77FA31358DFD6E827E5BB1B4A13B2D35405E73B243FD482EA40C43101A8BC","641873","0","checking C:\Users\steve\code\KillerPDF-Corpus\corpus\regression\arxiv-cc-2025-01-08-to-14-batch3\2501.03941v1.pdf PDF Version: 1.5 File is not encrypted File is not linearized No syntax or stream encoding errors found; the file may still contain errors that qpdf cannot detect"
"regression/arxiv-cc-2025-01-08-to-14-batch3/2501.03964v1.pdf","3A96C02D70D61268B764D626F6292E0BE3A6E3C8C94AC9596BEC3D1B8FA90EFD","2929956","0","checking C:\Users\steve\code\KillerPDF-Corpus\corpus\regression\arxiv-cc-2025-01-08-to-14-batch3\2501.03964v1.pdf PDF Version: 1.5 File is not encrypted File is not linearized No syntax or stream encoding errors found; the file may still contain errors that qpdf cannot detect"
"regression/arxiv-cc-2025-01-08-to-14-batch3/2501.03967v1.pdf","18253635DEE73649F25AB32085984495212C603DC5B2D700D512E8DD28D50187","436443","0","checking C:\Users\steve\code\KillerPDF-Corpus\corpus\regression\arxiv-cc-2025-01-08-to-14-batch3\2501.03967v1.pdf PDF Version: 1.5 File is not encrypted File is not linearized No syntax or stream encoding errors found; the file may still contain errors that qpdf cannot detect"
"regression/arxiv-cc-2025-01-08-to-14-batch3/2501.03969v1.pdf","939F83874CD256842921C9959F9867A43365CF3DEF6C41DACD495BD63ED91D68","195253","0","checking C:\Users\steve\code\KillerPDF-Corpus\corpus\regression\arxiv-cc-2025-01-08-to-14-batch3\2501.03969v1.pdf PDF Version: 1.4 File is not encrypted File is not linearized No syntax or stream encoding errors found; the file may still contain errors that qpdf cannot detect"
"regression/arxiv-cc-2025-01-08-to-14-batch3/2501.03985v1.pdf","138F71BDD3747F6E96BA7A1D67D2D4234363D14AF941F727B1653A4831992F98","7268593","0","checking C:\Users\steve\code\KillerPDF-Corpus\corpus\regression\arxiv-cc-2025-01-08-to-14-batch3\2501.03985v1.pdf PDF Version: 1.5 File is not encrypted File is not linearized No syntax or stream encoding errors found; the file may still contain errors that qpdf cannot detect"
"regression/arxiv-cc-2025-01-08-to-14-batch3/2501.03986v1.pdf","751FAAE1D0A3B9FD019F414ED10C65043C4D43315FF7E4C1FB2A530E333007F8","1951267","0","checking C:\Users\steve\code\KillerPDF-Corpus\corpus\regression\arxiv-cc-2025-01-08-to-14-batch3\2501.03986v1.pdf PDF Version: 1.4 File is not encrypted File is not linearized No syntax or stream encoding errors found; the file may still contain errors that qpdf cannot detect"
"regression/arxiv-cc-2025-01-08-to-14-batch3/2501.03988v1.pdf","D27DD792F1E37EB9BE798A252D79337FF7D061D52198709B8B27F33C9EA2891F","1249799","0","checking C:\Users\steve\code\KillerPDF-Corpus\corpus\regression\arxiv-cc-2025-01-08-to-14-batch3\2501.03988v1.pdf PDF Version: 1.5 File is not encrypted File is linearized No syntax or stream encoding errors found; the file may still contain errors that qpdf cannot detect"
"regression/arxiv-cc-2025-01-08-to-14-batch3/2501.03989v1.pdf","6A4844231D829C792C4440EB005821E7A943E3C2784E5C762C1E64BF4F1FBEA0","991251","0","checking C:\Users\steve\code\KillerPDF-Corpus\corpus\regression\arxiv-cc-2025-01-08-to-14-batch3\2501.03989v1.pdf PDF Version: 1.5 File is not encrypted File is not linearized No syntax or stream encoding errors found; the file may still contain errors that qpdf cannot detect"
"regression/arxiv-cc-2025-01-08-to-14-batch3/2501.03991v1.pdf","6F9520B27532746C4219AD43002A12D38B83E70D51A25D8013C4F4CC49DCCD43","1637448","0","checking C:\Users\steve\code\KillerPDF-Corpus\corpus\regression\arxiv-cc-2025-01-08-to-14-batch3\2501.03991v1.pdf PDF Version: 1.5 File is not encrypted File is not linearized No syntax or stream encoding errors found; the file may still contain errors that qpdf cannot detect"
"regression/arxiv-cc-2025-01-08-to-14-batch3/2501.04000v1.pdf","0D7AD53C68EF6B551D4B532D5037FCDC71E925BC0E3EB980C53BD6436E471D8E","1524456","0","checking C:\Users\steve\code\KillerPDF-Corpus\corpus\regression\arxiv-cc-2025-01-08-to-14-batch3\2501.04000v1.pdf PDF Version: 1.5 File is not encrypted File is not linearized No syntax or stream encoding errors found; the file may still contain errors that qpdf cannot detect"
"regression/arxiv-cc-2025-01-08-to-14-batch3/2501.04002v1.pdf","72BD195041BFB81776494D030C7A0324F72E93944DC630E7E2EFD921E32277B8","596628","0","checking C:\Users\steve\code\KillerPDF-Corpus\corpus\regression\arxiv-cc-2025-01-08-to-14-batch3\2501.04002v1.pdf PDF Version: 1.7 File is not encrypted File is not linearized No syntax or stream encoding errors found; the file may still contain errors that qpdf cannot detect"
"regression/arxiv-cc-2025-01-08-to-14-batch3/2501.04012v1.pdf","E6A97B406BC2220568C8304823A0367A78AB4B0801785F7ADB06C7DE61B2B1AD","1960931","0","checking C:\Users\steve\code\KillerPDF-Corpus\corpus\regression\arxiv-cc-2025-01-08-to-14-batch3\2501.04012v1.pdf PDF Version: 1.5 File is not encrypted File is not linearized No syntax or stream encoding errors found; the file may still contain errors that qpdf cannot detect"
"regression/arxiv-cc-2025-01-08-to-14-batch3/2501.04013v1.pdf","E149659A55EAF54F10ED74F434D3292D7BD5BA498B361FE69EBBA709E090A26D","233165","0","checking C:\Users\steve\code\KillerPDF-Corpus\corpus\regression\arxiv-cc-2025-01-08-to-14-batch3\2501.04013v1.pdf PDF Version: 1.4 File is not encrypted File is not linearized No syntax or stream encoding errors found; the file may still contain errors that qpdf cannot detect"
"regression/arxiv-cc-2025-01-08-to-14-batch3/2501.04014v1.pdf","FFF4368C039999BF7913B27C5A23A4CB8F082796B7F5F40B76705749F2ABA86C","912684","0","checking C:\Users\steve\code\KillerPDF-Corpus\corpus\regression\arxiv-cc-2025-01-08-to-14-batch3\2501.04014v1.pdf PDF Version: 1.7 File is not encrypted File is not linearized No syntax or stream encoding errors found; the file may still contain errors that qpdf cannot detect"
"regression/arxiv-cc-2025-01-08-to-14-batch3/2501.04017v1.pdf","12EE28F5E5BFEC761A38E48C9A7169DFC353CC73102F2C323F463B51CF5D106E","18546317","0","checking C:\Users\steve\code\KillerPDF-Corpus\corpus\regression\arxiv-cc-2025-01-08-to-14-batch3\2501.04017v1.pdf PDF Version: 1.5 File is not encrypted File is not linearized No syntax or stream encoding errors found; the file may still contain errors that qpdf cannot detect"
"regression/arxiv-cc-2025-01-08-to-14-batch3/2501.04018v1.pdf","10BB84D40C5783C91BBC4AD0EB9D0E1C17A8CFB73B6470CF4B03663E16B63559","4220791","0","checking C:\Users\steve\code\KillerPDF-Corpus\corpus\regression\arxiv-cc-2025-01-08-to-14-batch3\2501.04018v1.pdf PDF Version: 1.5 File is not encrypted File is not linearized No syntax or stream encoding errors found; the file may still contain errors that qpdf cannot detect"
"regression/arxiv-cc-2025-01-08-to-14-batch3/2501.04025v1.pdf","46B2030622A9995AA6BED9C7E329103399B7FE8531945BCB5CEC897C033D285E","952050","0","checking C:\Users\steve\code\KillerPDF-Corpus\corpus\regression\arxiv-cc-2025-01-08-to-14-batch3\2501.04025v1.pdf PDF Version: 1.7 File is not encrypted File is not linearized No syntax or stream encoding errors found; the file may still contain errors that qpdf cannot detect"
"regression/arxiv-cc-2025-01-08-to-14-batch3/2501.04029v1.pdf","AF6EF0B2EF2DEAC927A745686F025A0E0D32F126D6D019E013A35E8BCCBC2A23","211838","0","checking C:\Users\steve\code\KillerPDF-Corpus\corpus\regression\arxiv-cc-2025-01-08-to-14-batch3\2501.04029v1.pdf PDF Version: 1.4 File is not encrypted File is not linearized No syntax or stream encoding errors found; the file may still contain errors that qpdf cannot detect"
"regression/arxiv-cc-2025-01-08-to-14-batch3/2501.04035v1.pdf","7C597F9482021781488FDCF5C7B0FEEEAAEAFECE2C737005A8913E682235DC34","557480","0","checking C:\Users\steve\code\KillerPDF-Corpus\corpus\regression\arxiv-cc-2025-01-08-to-14-batch3\2501.04035v1.pdf PDF Version: 1.4 File is not encrypted File is not linearized No syntax or stream encoding errors found; the file may still contain errors that qpdf cannot detect"
"regression/arxiv-cc-2025-01-08-to-14-batch3/2501.04041v1.pdf","708BCC68EA5429EFEFFF1D139FC5BA52969AAB0FE4839893208B4741ABEF562E","32022351","0","checking C:\Users\steve\code\KillerPDF-Corpus\corpus\regression\arxiv-cc-2025-01-08-to-14-batch3\2501.04041v1.pdf PDF Version: 1.5 File is not encrypted File is not linearized No syntax or stream encoding errors found; the file may still contain errors that qpdf cannot detect"
"regression/arxiv-cc-2025-01-08-to-14-batch3/2501.04043v1.pdf","9ED961565EF02F57624479562528D50A9349C0B2CCEB4DF7E05B399E77D28CBF","552539","0","checking C:\Users\steve\code\KillerPDF-Corpus\corpus\regression\arxiv-cc-2025-01-08-to-14-batch3\2501.04043v1.pdf PDF Version: 1.4 File is not encrypted File is not linearized No syntax or stream encoding errors found; the file may still contain errors that qpdf cannot detect"
"regression/arxiv-cc-2025-01-08-to-14-batch3/2501.04045v1.pdf","BB6E3F96A0ED137302832EE36E04023AAC8224E17F41C61ABFD9D11C9F879317","183771","0","checking C:\Users\steve\code\KillerPDF-Corpus\corpus\regression\arxiv-cc-2025-01-08-to-14-batch3\2501.04045v1.pdf PDF Version: 1.4 File is not encrypted File is not linearized No syntax or stream encoding errors found; the file may still contain errors that qpdf cannot detect"
"regression/arxiv-cc-2025-01-08-to-14-batch3/2501.04054v1.pdf","EF99FD7D39B2BD6CF2B8129D3B666C3D4EC92F48774D23E3FF51351C983C3336","5996528","0","checking C:\Users\steve\code\KillerPDF-Corpus\corpus\regression\arxiv-cc-2025-01-08-to-14-batch3\2501.04054v1.pdf PDF Version: 1.4 File is not encrypted File is not linearized No syntax or stream encoding errors found; the file may still contain errors that qpdf cannot detect"
"regression/arxiv-cc-2025-01-08-to-14-batch3/2501.04058v1.pdf","765B4ED5DEB3AAB51F8B0A12D4FF419F1A579C8A987224D98F687CE14CFABFAB","610185","0","checking C:\Users\steve\code\KillerPDF-Corpus\corpus\regression\arxiv-cc-2025-01-08-to-14-batch3\2501.04058v1.pdf PDF Version: 1.7 File is not encrypted File is not linearized No syntax or stream encoding errors found; the file may still contain errors that qpdf cannot detect"
"regression/arxiv-cc-2025-01-08-to-14-batch3/2501.04060v1.pdf","7578CDBAA4A8FB681380E8B6CAF9DE5B86E6664B465088832254F1AC1A91CA78","894654","0","checking C:\Users\steve\code\KillerPDF-Corpus\corpus\regression\arxiv-cc-2025-01-08-to-14-batch3\2501.04060v1.pdf PDF Version: 1.5 File is not encrypted File is not linearized No syntax or stream encoding errors found; the file may still contain errors that qpdf cannot detect"
"regression/arxiv-cc-2025-01-08-to-14-batch3/2501.04061v1.pdf","50CF9A85C58012FEA570FA80E0CC9720C7B3323297D981E9AC025D9E037CFA46","39253068","3","checking C:\Users\steve\code\KillerPDF-Corpus\corpus\regression\arxiv-cc-2025-01-08-to-14-batch3\2501.04061v1.pdf PDF Version: 1.6 File is not encrypted File is linearized WARNING: C:\Users\steve\code\KillerPDF-Corpus\corpus\regression\arxiv-cc-2025-01-08-to-14-batch3\2501.04061v1.pdf: linearized file contains an uncompressed object after a compressed one in a cross-reference stream WARNING: C:\Users\steve\code\KillerPDF-Corpus\corpus\regression\arxiv-cc-2025-01-08-to-14-batch3\2501.04061v1.pdf: end of first page section (/E) mismatch: /E = 111142; computed = 39242512..39242513 WARNING: C:\Users\steve\code\KillerPDF-Corpus\corpus\regression\arxiv-cc-2025-01-08-to-14-batch3\2501.04061v1.pdf: first shared object number mismatch: hint table = 486; computed = 39 WARNING: C:\Users\steve\code\KillerPDF-Corpus\corpus\regression\arxiv-cc-2025-01-08-to-14-batch3\2501.04061v1.pdf: first shared object offset mismatch: hint table = 39034238; computed = 39033357 WARNING: C:\Users\steve\code\KillerPDF-Corpus\corpus\regression\arxiv-cc-2025-01-08-to-14-batch3\2501.04061v1.pdf: object count mismatch for page 0: hint table = 9; computed = 10 WARNING: C:\Users\steve\code\KillerPDF-Corpus\corpus\regression\arxiv-cc-2025-01-08-to-14-batch3\2501.04061v1.pdf: page 0 has shared identifier entries WARNING: C:\Users\steve\code\KillerPDF-Corpus\corpus\regression\arxiv-cc-2025-01-08-to-14-batch3\2501.04061v1.pdf: page 0: shared object 3594: in hint table but not computed list WARNING: C:\Users\steve\code\KillerPDF-Corpus\corpus\regression\arxiv-cc-2025-01-08-to-14-batch3\2501.04061v1.pdf: page 10: shared object 529: in computed list but not hint table WARNING: C:\Users\steve\code\KillerPDF-Corpus\corpus\regression\arxiv-cc-2025-01-08-to-14-batch3\2501.04061v1.pdf: object count mismatch for page 16: hint table = 5; computed = 4 WARNING: C:\Users\steve\code\KillerPDF-Corpus\corpus\regression\arxiv-cc-2025-01-08-to-14-batch3\2501.04061v1.pdf: page 16: shared object 39: in computed list but not hint table WARNING: C:\Users\steve\code\KillerPDF-Corpus\corpus\regression\arxiv-cc-2025-01-08-to-14-batch3\2501.04061v1.pdf: page 17: shared object 39: in computed list but not hint table WARNING: C:\Users\steve\code\KillerPDF-Corpus\corpus\regression\arxiv-cc-2025-01-08-to-14-batch3\2501.04061v1.pdf: page 19: shared object 39: in computed list but not hint table WARNING: C:\Users\steve\code\KillerPDF-Corpus\corpus\regression\arxiv-cc-2025-01-08-to-14-batch3\2501.04061v1.pdf: page 20: shared object 39: in computed list but not hint table WARNING: C:\Users\steve\code\KillerPDF-Corpus\corpus\regression\arxiv-cc-2025-01-08-to-14-batch3\2501.04061v1.pdf: page 21: shared object 39: in computed list but not hint table WARNING: C:\Users\steve\code\KillerPDF-Corpus\corpus\regression\arxiv-cc-2025-01-08-to-14-batch3\2501.04061v1.pdf: page 22: shared object 39: in computed list but not hint table WARNING: C:\Users\steve\code\KillerPDF-Corpus\corpus\regression\arxiv-cc-2025-01-08-to-14-batch3\2501.04061v1.pdf: page 23: shared object 39: in computed list but not hint table WARNING: C:\Users\steve\code\KillerPDF-Corpus\corpus\regression\arxiv-cc-2025-01-08-to-14-batch3\2501.04061v1.pdf: page 24: shared object 39: in computed list but not hint table WARNING: C:\Users\steve\code\KillerPDF-Corpus\corpus\regression\arxiv-cc-2025-01-08-to-14-batch3\2501.04061v1.pdf: page 25: shared object 39: in computed list but not hint table WARNING: C:\Users\steve\code\KillerPDF-Corpus\corpus\regression\arxiv-cc-2025-01-08-to-14-batch3\2501.04061v1.pdf: page 26: shared object 39: in computed list but not hint table WARNING: C:\Users\steve\code\KillerPDF-Corpus\corpus\regression\arxiv-cc-2025-01-08-to-14-batch3\2501.04061v1.pdf: page 27: shared object 39: in computed list but not hint table WARNING: C:\Users\steve\code\KillerPDF-Corpus\corpus\regression\arxiv-cc-2025-01-08-to-14-batch3\2501.04061v1.pdf: page 28: shared object 39: in computed list but not hint table WARNING: C:\Users\steve\code\KillerPDF-Corpus\corpus\regression\arxiv-cc-2025-01-08-to-14-batch3\2501.04061v1.pdf: page 29: shared object 39: in computed list but not hint table WARNING: C:\Users\steve\code\KillerPDF-Corpus\corpus\regression\arxiv-cc-2025-01-08-to-14-batch3\2501.04061v1.pdf: page 30: shared object 39: in computed list but not hint table WARNING: C:\Users\steve\code\KillerPDF-Corpus\corpus\regression\arxiv-cc-2025-01-08-to-14-batch3\2501.04061v1.pdf: page 31: shared object 39: in computed list but not hint table WARNING: C:\Users\steve\code\KillerPDF-Corpus\corpus\regression\arxiv-cc-2025-01-08-to-14-batch3\2501.04061v1.pdf: page 32: shared object 39: in computed list but not hint table WARNING: C:\Users\steve\code\KillerPDF-Corpus\corpus\regression\arxiv-cc-2025-01-08-to-14-batch3\2501.04061v1.pdf: page 33: shared object 39: in computed list but not hint table WARNING: C:\Users\steve\code\KillerPDF-Corpus\corpus\regression\arxiv-cc-2025-01-08-to-14-batch3\2501.04061v1.pdf: page 34: shared object 39: in computed list but not hint table WARNING: C:\Users\steve\code\KillerPDF-Corpus\corpus\regression\arxiv-cc-2025-01-08-to-14-batch3\2501.04061v1.pdf: page 35: shared object 39: in computed list but not hint table WARNING: C:\Users\steve\code\KillerPDF-Corpus\corpus\regression\arxiv-cc-2025-01-08-to-14-batch3\2501.04061v1.pdf: page 36: shared object 39: in computed list but not hint table WARNING: C:\Users\steve\code\KillerPDF-Corpus\corpus\regression\arxiv-cc-2025-01-08-to-14-batch3\2501.04061v1.pdf: page 37: shared object 39: in computed list but not hint table WARNING: C:\Users\steve\code\KillerPDF-Corpus\corpus\regression\arxiv-cc-2025-01-08-to-14-batch3\2501.04061v1.pdf: page 38: shared object 39: in computed list but not hint table WARNING: C:\Users\steve\code\KillerPDF-Corpus\corpus\regression\arxiv-cc-2025-01-08-to-14-batch3\2501.04061v1.pdf: page 39: shared object 39: in computed list but not hint table WARNING: C:\Users\steve\code\KillerPDF-Corpus\corpus\regression\arxiv-cc-2025-01-08-to-14-batch3\2501.04061v1.pdf: page 40: shared object 39: in computed list but not hint table WARNING: C:\Users\steve\code\KillerPDF-Corpus\corpus\regression\arxiv-cc-2025-01-08-to-14-batch3\2501.04061v1.pdf: page 42: shared object 39: in computed list but not hint table WARNING: C:\Users\steve\code\KillerPDF-Corpus\corpus\regression\arxiv-cc-2025-01-08-to-14-batch3\2501.04061v1.pdf: page 43: shared object 39: in computed list but not hint table WARNING: C:\Users\steve\code\KillerPDF-Corpus\corpus\regression\arxiv-cc-2025-01-08-to-14-batch3\2501.04061v1.pdf: page 44: shared object 39: in computed list but not hint table WARNING: C:\Users\steve\code\KillerPDF-Corpus\corpus\regression\arxiv-cc-2025-01-08-to-14-batch3\2501.04061v1.pdf: page 45: shared object 39: in computed list but not hint table WARNING: C:\Users\steve\code\KillerPDF-Corpus\corpus\regression\arxiv-cc-2025-01-08-to-14-batch3\2501.04061v1.pdf: page 46: shared object 39: in computed list but not hint table WARNING: C:\Users\steve\code\KillerPDF-Corpus\corpus\regression\arxiv-cc-2025-01-08-to-14-batch3\2501.04061v1.pdf: page 47: shared object 39: in computed list but not hint table WARNING: C:\Users\steve\code\KillerPDF-Corpus\corpus\regression\arxiv-cc-2025-01-08-to-14-batch3\2501.04061v1.pdf: page 48: shared object 39: in computed list but not hint table WARNING: C:\Users\steve\code\KillerPDF-Corpus\corpus\regression\arxiv-cc-2025-01-08-to-14-batch3\2501.04061v1.pdf: page 49: shared object 39: in computed list but not hint table WARNING: C:\Users\steve\code\KillerPDF-Corpus\corpus\regression\arxiv-cc-2025-01-08-to-14-batch3\2501.04061v1.pdf: page 50: shared object 39: in computed list but not hint table WARNING: C:\Users\steve\code\KillerPDF-Corpus\corpus\regression\arxiv-cc-2025-01-08-to-14-batch3\2501.04061v1.pdf: page 51: shared object 39: in computed list but not hint table WARNING: C:\Users\steve\code\KillerPDF-Corpus\corpus\regression\arxiv-cc-2025-01-08-to-14-batch3\2501.04061v1.pdf: page 52: shared object 39: in computed list but not hint table WARNING: C:\Users\steve\code\KillerPDF-Corpus\corpus\regression\arxiv-cc-2025-01-08-to-14-batch3\2501.04061v1.pdf: page 53: shared object 39: in computed list but not hint table WARNING: C:\Users\steve\code\KillerPDF-Corpus\corpus\regression\arxiv-cc-2025-01-08-to-14-batch3\2501.04061v1.pdf: page 54: shared object 39: in computed list but not hint table WARNING: C:\Users\steve\code\KillerPDF-Corpus\corpus\regression\arxiv-cc-2025-01-08-to-14-batch3\2501.04061v1.pdf: page 55: shared object 39: in computed list but not hint table WARNING: C:\Users\steve\code\KillerPDF-Corpus\corpus\regression\arxiv-cc-2025-01-08-to-14-batch3\2501.04061v1.pdf: page 56: shared object 39: in computed list but not hint table WARNING: C:\Users\steve\code\KillerPDF-Corpus\corpus\regression\arxiv-cc-2025-01-08-to-14-batch3\2501.04061v1.pdf: page 57: shared object 39: in computed list but not hint table WARNING: C:\Users\steve\code\KillerPDF-Corpus\corpus\regression\arxiv-cc-2025-01-08-to-14-batch3\2501.04061v1.pdf: page 58: shared object 39: in computed list but not hint table WARNING: C:\Users\steve\code\KillerPDF-Corpus\corpus\regression\arxiv-cc-2025-01-08-to-14-batch3\2501.04061v1.pdf: page 59: shared object 39: in computed list but not hint table WARNING: C:\Users\steve\code\KillerPDF-Corpus\corpus\regression\arxiv-cc-2025-01-08-to-14-batch3\2501.04061v1.pdf: page 60: shared object 39: in computed list but not hint table WARNING: C:\Users\steve\code\KillerPDF-Corpus\corpus\regression\arxiv-cc-2025-01-08-to-14-batch3\2501.04061v1.pdf: page 61: shared object 39: in computed list but not hint table WARNING: C:\Users\steve\code\KillerPDF-Corpus\corpus\regression\arxiv-cc-2025-01-08-to-14-batch3\2501.04061v1.pdf: page 62: shared object 39: in computed list but not hint table WARNING: C:\Users\steve\code\KillerPDF-Corpus\corpus\regression\arxiv-cc-2025-01-08-to-14-batch3\2501.04061v1.pdf: page 64: shared object 39: in computed list but not hint table WARNING: C:\Users\steve\code\KillerPDF-Corpus\corpus\regression\arxiv-cc-2025-01-08-to-14-batch3\2501.04061v1.pdf: page 65: shared object 39: in computed list but not hint table WARNING: C:\Users\steve\code\KillerPDF-Corpus\corpus\regression\arxiv-cc-2025-01-08-to-14-batch3\2501.04061v1.pdf: page 66: shared object 39: in computed list but not hint table WARNING: C:\Users\steve\code\KillerPDF-Corpus\corpus\regression\arxiv-cc-2025-01-08-to-14-batch3\2501.04061v1.pdf: page 67: shared object 39: in computed list but not hint table WARNING: C:\Users\steve\code\KillerPDF-Corpus\corpus\regression\arxiv-cc-2025-01-08-to-14-batch3\2501.04061v1.pdf: page 68: shared object 39: in computed list but not hint table WARNING: C:\Users\steve\code\KillerPDF-Corpus\corpus\regression\arxiv-cc-2025-01-08-to-14-batch3\2501.04061v1.pdf: page 69: shared object 39: in computed list but not hint table WARNING: C:\Users\steve\code\KillerPDF-Corpus\corpus\regression\arxiv-cc-2025-01-08-to-14-batch3\2501.04061v1.pdf: page 70: shared object 39: in computed list but not hint table WARNING: C:\Users\steve\code\KillerPDF-Corpus\corpus\regression\arxiv-cc-2025-01-08-to-14-batch3\2501.04061v1.pdf: page 71: shared object 39: in computed list but not hint table WARNING: C:\Users\steve\code\KillerPDF-Corpus\corpus\regression\arxiv-cc-2025-01-08-to-14-batch3\2501.04061v1.pdf: page 72: shared object 39: in computed list but not hint table WARNING: C:\Users\steve\code\KillerPDF-Corpus\corpus\regression\arxiv-cc-2025-01-08-to-14-batch3\2501.04061v1.pdf: page 73: shared object 39: in computed list but not hint table WARNING: C:\Users\steve\code\KillerPDF-Corpus\corpus\regression\arxiv-cc-2025-01-08-to-14-batch3\2501.04061v1.pdf: page 74: shared object 39: in computed list but not hint table WARNING: C:\Users\steve\code\KillerPDF-Corpus\corpus\regression\arxiv-cc-2025-01-08-to-14-batch3\2501.04061v1.pdf: page 75: shared object 39: in computed list but not hint table WARNING: C:\Users\steve\code\KillerPDF-Corpus\corpus\regression\arxiv-cc-2025-01-08-to-14-batch3\2501.04061v1.pdf: page 76: shared object 39: in computed list but not hint table WARNING: C:\Users\steve\code\KillerPDF-Corpus\corpus\regression\arxiv-cc-2025-01-08-to-14-batch3\2501.04061v1.pdf: page 77: shared object 39: in computed list but not hint table WARNING: C:\Users\steve\code\KillerPDF-Corpus\corpus\regression\arxiv-cc-2025-01-08-to-14-batch3\2501.04061v1.pdf: page 78: shared object 39: in computed list but not hint table WARNING: C:\Users\steve\code\KillerPDF-Corpus\corpus\regression\arxiv-cc-2025-01-08-to-14-batch3\2501.04061v1.pdf: page 79: shared object 39: in computed list but not hint table WARNING: C:\Users\steve\code\KillerPDF-Corpus\corpus\regression\arxiv-cc-2025-01-08-to-14-batch3\2501.04061v1.pdf: page 80: shared object 39: in computed list but not hint table WARNING: C:\Users\steve\code\KillerPDF-Corpus\corpus\regression\arxiv-cc-2025-01-08-to-14-batch3\2501.04061v1.pdf: page 81: shared object 39: in computed list but not hint table WARNING: C:\Users\steve\code\KillerPDF-Corpus\corpus\regression\arxiv-cc-2025-01-08-to-14-batch3\2501.04061v1.pdf: page 82: shared object 39: in computed list but not hint table WARNING: C:\Users\steve\code\KillerPDF-Corpus\corpus\regression\arxiv-cc-2025-01-08-to-14-batch3\2501.04061v1.pdf: page 83: shared object 39: in computed list but not hint table WARNING: C:\Users\steve\code\KillerPDF-Corpus\corpus\regression\arxiv-cc-2025-01-08-to-14-batch3\2501.04061v1.pdf: page 84: shared object 39: in computed list but not hint table WARNING: C:\Users\steve\code\KillerPDF-Corpus\corpus\regression\arxiv-cc-2025-01-08-to-14-batch3\2501.04061v1.pdf: page 86: shared object 39: in computed list but not hint table WARNING: C:\Users\steve\code\KillerPDF-Corpus\corpus\regression\arxiv-cc-2025-01-08-to-14-batch3\2501.04061v1.pdf: page 87: shared object 39: in computed list but not hint table WARNING: C:\Users\steve\code\KillerPDF-Corpus\corpus\regression\arxiv-cc-2025-01-08-to-14-batch3\2501.04061v1.pdf: page 88: shared object 39: in computed list but not hint table WARNING: C:\Users\steve\code\KillerPDF-Corpus\corpus\regression\arxiv-cc-2025-01-08-to-14-batch3\2501.04061v1.pdf: page 89: shared object 39: in computed list but not hint table WARNING: C:\Users\steve\code\KillerPDF-Corpus\corpus\regression\arxiv-cc-2025-01-08-to-14-batch3\2501.04061v1.pdf: page 90: shared object 39: in computed list but not hint table WARNING: C:\Users\steve\code\KillerPDF-Corpus\corpus\regression\arxiv-cc-2025-01-08-to-14-batch3\2501.04061v1.pdf: page 91: shared object 39: in computed list but not hint table WARNING: C:\Users\steve\code\KillerPDF-Corpus\corpus\regression\arxiv-cc-2025-01-08-to-14-batch3\2501.04061v1.pdf: page 92: shared object 39: in computed list but not hint table WARNING: C:\Users\steve\code\KillerPDF-Corpus\corpus\regression\arxiv-cc-2025-01-08-to-14-batch3\2501.04061v1.pdf: page 93: shared object 39: in computed list but not hint table WARNING: C:\Users\steve\code\KillerPDF-Corpus\corpus\regression\arxiv-cc-2025-01-08-to-14-batch3\2501.04061v1.pdf: page 94: shared object 39: in computed list but not hint table WARNING: C:\Users\steve\code\KillerPDF-Corpus\corpus\regression\arxiv-cc-2025-01-08-to-14-batch3\2501.04061v1.pdf: page 95: shared object 39: in computed list but not hint table WARNING: C:\Users\steve\code\KillerPDF-Corpus\corpus\regression\arxiv-cc-2025-01-08-to-14-batch3\2501.04061v1.pdf: page 96: shared object 39: in computed list but not hint table WARNING: C:\Users\steve\code\KillerPDF-Corpus\corpus\regression\arxiv-cc-2025-01-08-to-14-batch3\2501.04061v1.pdf: page 97: shared object 39: in computed list but not hint table WARNING: C:\Users\steve\code\KillerPDF-Corpus\corpus\regression\arxiv-cc-2025-01-08-to-14-batch3\2501.04061v1.pdf: page 98: shared object 39: in computed list but not hint table WARNING: C:\Users\steve\code\KillerPDF-Corpus\corpus\regression\arxiv-cc-2025-01-08-to-14-batch3\2501.04061v1.pdf: page 99: shared object 39: in computed list but not hint table WARNING: C:\Users\steve\code\KillerPDF-Corpus\corpus\regression\arxiv-cc-2025-01-08-to-14-batch3\2501.04061v1.pdf: page 100: shared object 39: in computed list but not hint table WARNING: C:\Users\steve\code\KillerPDF-Corpus\corpus\regression\arxiv-cc-2025-01-08-to-14-batch3\2501.04061v1.pdf: page 101: shared object 39: in computed list but not hint table WARNING: C:\Users\steve\code\KillerPDF-Corpus\corpus\regression\arxiv-cc-2025-01-08-to-14-batch3\2501.04061v1.pdf: page 102: shared object 39: in computed list but not hint table WARNING: C:\Users\steve\code\KillerPDF-Corpus\corpus\regression\arxiv-cc-2025-01-08-to-14-batch3\2501.04061v1.pdf: page 103: shared object 39: in computed list but not hint table WARNING: C:\Users\steve\code\KillerPDF-Corpus\corpus\regression\arxiv-cc-2025-01-08-to-14-batch3\2501.04061v1.pdf: page 104: shared object 39: in computed list but not hint table WARNING: C:\Users\steve\code\KillerPDF-Corpus\corpus\regression\arxiv-cc-2025-01-08-to-14-batch3\2501.04061v1.pdf: page 106: shared object 39: in computed list but not hint table WARNING: C:\Users\steve\code\KillerPDF-Corpus\corpus\regression\arxiv-cc-2025-01-08-to-14-batch3\2501.04061v1.pdf: page 107: shared object 39: in computed list but not hint table WARNING: C:\Users\steve\code\KillerPDF-Corpus\corpus\regression\arxiv-cc-2025-01-08-to-14-batch3\2501.04061v1.pdf: page 108: shared object 39: in computed list but not hint table WARNING: C:\Users\steve\code\KillerPDF-Corpus\corpus\regression\arxiv-cc-2025-01-08-to-14-batch3\2501.04061v1.pdf: page 109: shared object 39: in computed list but not hint table WARNING: C:\Users\steve\code\KillerPDF-Corpus\corpus\regression\arxiv-cc-2025-01-08-to-14-batch3\2501.04061v1.pdf: page 110: shared object 39: in computed list but not hint table WARNING: C:\Users\steve\code\KillerPDF-Corpus\corpus\regression\arxiv-cc-2025-01-08-to-14-batch3\2501.04061v1.pdf: page 111: shared object 39: in computed list but not hint table WARNING: C:\Users\steve\code\KillerPDF-Corpus\corpus\regression\arxiv-cc-2025-01-08-to-14-batch3\2501.04061v1.pdf: page 112: shared object 39: in computed list but not hint table WARNING: C:\Users\steve\code\KillerPDF-Corpus\corpus\regression\arxiv-cc-2025-01-08-to-14-batch3\2501.04061v1.pdf: page 113: shared object 39: in computed list but not hint table WARNING: C:\Users\steve\code\KillerPDF-Corpus\corpus\regression\arxiv-cc-2025-01-08-to-14-batch3\2501.04061v1.pdf: page 114: shared object 39: in computed list but not hint table WARNING: C:\Users\steve\code\KillerPDF-Corpus\corpus\regression\arxiv-cc-2025-01-08-to-14-batch3\2501.04061v1.pdf: page 115: shared object 39: in computed list but not hint table WARNING: C:\Users\steve\code\KillerPDF-Corpus\corpus\regression\arxiv-cc-2025-01-08-to-14-batch3\2501.04061v1.pdf: page 116: shared object 39: in computed list but not hint table WARNING: C:\Users\steve\code\KillerPDF-Corpus\corpus\regression\arxiv-cc-2025-01-08-to-14-batch3\2501.04061v1.pdf: page 117: shared object 39: in computed list but not hint table WARNING: C:\Users\steve\code\KillerPDF-Corpus\corpus\regression\arxiv-cc-2025-01-08-to-14-batch3\2501.04061v1.pdf: page 118: shared object 39: in computed list but not hint table WARNING: C:\Users\steve\code\KillerPDF-Corpus\corpus\regression\arxiv-cc-2025-01-08-to-14-batch3\2501.04061v1.pdf: page 119: shared object 39: in computed list but not hint table WARNING: C:\Users\steve\code\KillerPDF-Corpus\corpus\regression\arxiv-cc-2025-01-08-to-14-batch3\2501.04061v1.pdf: page 120: shared object 39: in computed list but not hint table WARNING: C:\Users\steve\code\KillerPDF-Corpus\corpus\regression\arxiv-cc-2025-01-08-to-14-batch3\2501.04061v1.pdf: page 121: shared object 39: in computed list but not hint table WARNING: C:\Users\steve\code\KillerPDF-Corpus\corpus\regression\arxiv-cc-2025-01-08-to-14-batch3\2501.04061v1.pdf: page 122: shared object 39: in computed list but not hint table WARNING: C:\Users\steve\code\KillerPDF-Corpus\corpus\regression\arxiv-cc-2025-01-08-to-14-batch3\2501.04061v1.pdf: page 123: shared object 39: in computed list but not hint table WARNING: C:\Users\steve\code\KillerPDF-Corpus\corpus\regression\arxiv-cc-2025-01-08-to-14-batch3\2501.04061v1.pdf: page 124: shared object 39: in computed list but not hint table WARNING: C:\Users\steve\code\KillerPDF-Corpus\corpus\regression\arxiv-cc-2025-01-08-to-14-batch3\2501.04061v1.pdf: page 125: shared object 39: in computed list but not hint table WARNING: C:\Users\steve\code\KillerPDF-Corpus\corpus\regression\arxiv-cc-2025-01-08-to-14-batch3\2501.04061v1.pdf: page 126: shared object 39: in computed list but not hint table WARNING: C:\Users\steve\code\KillerPDF-Corpus\corpus\regression\arxiv-cc-2025-01-08-to-14-batch3\2501.04061v1.pdf: page 127: shared object 39: in computed list but not hint table WARNING: C:\Users\steve\code\KillerPDF-Corpus\corpus\regression\arxiv-cc-2025-01-08-to-14-batch3\2501.04061v1.pdf: page 128: shared object 39: in computed list but not hint table WARNING: C:\Users\steve\code\KillerPDF-Corpus\corpus\regression\arxiv-cc-2025-01-08-to-14-batch3\2501.04061v1.pdf: page 129: shared object 39: in computed list but not hint table WARNING: C:\Users\steve\code\KillerPDF-Corpus\corpus\regression\arxiv-cc-2025-01-08-to-14-batch3\2501.04061v1.pdf: page 130: shared object 39: in computed list but not hint table WARNING: C:\Users\steve\code\KillerPDF-Corpus\corpus\regression\arxiv-cc-2025-01-08-to-14-batch3\2501.04061v1.pdf: incorrect offset in outlines table: hint table = 39201363; computed = 39200482 qpdf: operation succeeded with warnings"
"regression/arxiv-cc-2025-01-08-to-14-batch3/2501.04064v1.pdf","2A9447AF03A0A57CD5250BC2B712DCE6A697C5621943ADFCD35001EEC53A4775","320480","3","checking C:\Users\steve\code\KillerPDF-Corpus\corpus\regression\arxiv-cc-2025-01-08-to-14-batch3\2501.04064v1.pdf PDF Version: 1.6 File is not encrypted File is linearized WARNING: C:\Users\steve\code\KillerPDF-Corpus\corpus\regression\arxiv-cc-2025-01-08-to-14-batch3\2501.04064v1.pdf: linearized file contains an uncompressed object after a compressed one in a cross-reference stream WARNING: C:\Users\steve\code\KillerPDF-Corpus\corpus\regression\arxiv-cc-2025-01-08-to-14-batch3\2501.04064v1.pdf: first shared object offset mismatch: hint table = 254924; computed = 254507 WARNING: C:\Users\steve\code\KillerPDF-Corpus\corpus\regression\arxiv-cc-2025-01-08-to-14-batch3\2501.04064v1.pdf: page 0 has shared identifier entries WARNING: C:\Users\steve\code\KillerPDF-Corpus\corpus\regression\arxiv-cc-2025-01-08-to-14-batch3\2501.04064v1.pdf: page 0: shared object 358: in hint table but not computed list WARNING: C:\Users\steve\code\KillerPDF-Corpus\corpus\regression\arxiv-cc-2025-01-08-to-14-batch3\2501.04064v1.pdf: page 11: shared object 54: in computed list but not hint table WARNING: C:\Users\steve\code\KillerPDF-Corpus\corpus\regression\arxiv-cc-2025-01-08-to-14-batch3\2501.04064v1.pdf: page 13: shared object 54: in computed list but not hint table WARNING: C:\Users\steve\code\KillerPDF-Corpus\corpus\regression\arxiv-cc-2025-01-08-to-14-batch3\2501.04064v1.pdf: incorrect offset in outlines table: hint table = 311598; computed = 311181 qpdf: operation succeeded with warnings"
"regression/arxiv-cc-2025-01-08-to-14-batch3/2501.04067v1.pdf","432EB66B8D35478821CB58D2A1CB01419153EEC00369B6960C2DF1EF343788B0","4566838","0","checking C:\Users\steve\code\KillerPDF-Corpus\corpus\regression\arxiv-cc-2025-01-08-to-14-batch3\2501.04067v1.pdf PDF Version: 1.5 File is not encrypted File is not linearized No syntax or stream encoding errors found; the file may still contain errors that qpdf cannot detect"
"regression/arxiv-cc-2025-01-08-to-14-batch3/2501.04068v1.pdf","9483A859E59C9346F21408DA77F43A6D25FF6DBD194E8371E484113F5603823C","1338322","0","checking C:\Users\steve\code\KillerPDF-Corpus\corpus\regression\arxiv-cc-2025-01-08-to-14-batch3\2501.04068v1.pdf PDF Version: 1.5 File is not encrypted File is not linearized No syntax or stream encoding errors found; the file may still contain errors that qpdf cannot detect"
"regression/arxiv-cc-2025-01-08-to-14-batch3/2501.04073v1.pdf","AD280AE58B5BE855DD054969134B8452D9220838010B9BF17EDED1FA7FC4065A","10867043","0","checking C:\Users\steve\code\KillerPDF-Corpus\corpus\regression\arxiv-cc-2025-01-08-to-14-batch3\2501.04073v1.pdf PDF Version: 1.5 File is not encrypted File is not linearized No syntax or stream encoding errors found; the file may still contain errors that qpdf cannot detect"
"regression/arxiv-cc-2025-01-08-to-14-batch3/2501.04079v1.pdf","BCDEDECF690F8D1F7807B912B5C0816C95E9C36844B3FE969B02DA3E69AD5190","11843050","0","checking C:\Users\steve\code\KillerPDF-Corpus\corpus\regression\arxiv-cc-2025-01-08-to-14-batch3\2501.04079v1.pdf PDF Version: 1.5 File is not encrypted File is not linearized No syntax or stream encoding errors found; the file may still contain errors that qpdf cannot detect"
"regression/arxiv-cc-2025-01-08-to-14-batch3/2501.04080v1.pdf","BA802A558C755296A2E5B9E3E8088913A74C0390B260BFD8D30053CB925BC3D5","1745217","0","checking C:\Users\steve\code\KillerPDF-Corpus\corpus\regression\arxiv-cc-2025-01-08-to-14-batch3\2501.04080v1.pdf PDF Version: 1.5 File is not encrypted File is not linearized No syntax or stream encoding errors found; the file may still contain errors that qpdf cannot detect"
"regression/arxiv-cc-2025-01-08-to-14-batch3/2501.04081v1.pdf","0796F0DF822975E91C083207B31A8CD712762DA624A14C84B1E2740751DD96DA","8239283","0","checking C:\Users\steve\code\KillerPDF-Corpus\corpus\regression\arxiv-cc-2025-01-08-to-14-batch3\2501.04081v1.pdf PDF Version: 1.5 File is not encrypted File is not linearized No syntax or stream encoding errors found; the file may still contain errors that qpdf cannot detect"
"regression/arxiv-cc-2025-01-08-to-14-batch3/2501.04087v1.pdf","6E2DB487714E3C92D4BD5A7FE1276242FFA2936B9E5AF63EB786412D522874E5","937239","0","checking C:\Users\steve\code\KillerPDF-Corpus\corpus\regression\arxiv-cc-2025-01-08-to-14-batch3\2501.04087v1.pdf PDF Version: 1.5 File is not encrypted File is not linearized No syntax or stream encoding errors found; the file may still contain errors that qpdf cannot detect"
"regression/arxiv-cc-2025-01-08-to-14-batch3/2501.04090v1.pdf","DDAACD7871806B09156091991CC36BDC5683BD0CBF04F1DAFFA69A1FFC0AA595","8495201","0","checking C:\Users\steve\code\KillerPDF-Corpus\corpus\regression\arxiv-cc-2025-01-08-to-14-batch3\2501.04090v1.pdf PDF Version: 1.5 File is not encrypted File is not linearized No syntax or stream encoding errors found; the file may still contain errors that qpdf cannot detect"
"regression/arxiv-cc-2025-01-08-to-14-batch3/2501.04094v1.pdf","DD0410D83A85650DEFD7A289139F8677E805B3870C2D98D0274CCA08210728A1","1733684","0","checking C:\Users\steve\code\KillerPDF-Corpus\corpus\regression\arxiv-cc-2025-01-08-to-14-batch3\2501.04094v1.pdf PDF Version: 1.5 File is not encrypted File is not linearized No syntax or stream encoding errors found; the file may still contain errors that qpdf cannot detect"
"regression/arxiv-cc-2025-01-08-to-14-batch3/2501.04095v1.pdf","36268635B8C06B7554941FDB721DAE90950AD7E3A5005A0E7809BCDC8F0FFC28","1999029","0","checking C:\Users\steve\code\KillerPDF-Corpus\corpus\regression\arxiv-cc-2025-01-08-to-14-batch3\2501.04095v1.pdf PDF Version: 1.5 File is not encrypted File is not linearized No syntax or stream encoding errors found; the file may still contain errors that qpdf cannot detect"
"regression/arxiv-cc-2025-01-08-to-14-batch3/2501.04096v1.pdf","A736F745139395F19E6EDCD151076C608F1CA69A12EC21E9A0293430C19CD5FC","16491672","0","checking C:\Users\steve\code\KillerPDF-Corpus\corpus\regression\arxiv-cc-2025-01-08-to-14-batch3\2501.04096v1.pdf PDF Version: 1.5 File is not encrypted File is not linearized No syntax or stream encoding errors found; the file may still contain errors that qpdf cannot detect"
"regression/arxiv-cc-2025-01-08-to-14-batch3/2501.04100v1.pdf","6111D82ADAE4280616DD3F07D86A3704C282A94AC3DA78750989BBB1D1F7F2D3","2938127","3","checking C:\Users\steve\code\KillerPDF-Corpus\corpus\regression\arxiv-cc-2025-01-08-to-14-batch3\2501.04100v1.pdf PDF Version: 1.3 File is not encrypted File is not linearized WARNING: C:\Users\steve\code\KillerPDF-Corpus\corpus\regression\arxiv-cc-2025-01-08-to-14-batch3\2501.04100v1.pdf (object 18 0): object has offset 0 - a common error handled correctly by qpdf and most other applications WARNING: C:\Users\steve\code\KillerPDF-Corpus\corpus\regression\arxiv-cc-2025-01-08-to-14-batch3\2501.04100v1.pdf (object 113 0): object has offset 0 - a common error handled correctly by qpdf and most other applications WARNING: C:\Users\steve\code\KillerPDF-Corpus\corpus\regression\arxiv-cc-2025-01-08-to-14-batch3\2501.04100v1.pdf (object 143 0): object has offset 0 - a common error handled correctly by qpdf and most other applications WARNING: C:\Users\steve\code\KillerPDF-Corpus\corpus\regression\arxiv-cc-2025-01-08-to-14-batch3\2501.04100v1.pdf (object 208 0): object has offset 0 - a common error handled correctly by qpdf and most other applications WARNING: C:\Users\steve\code\KillerPDF-Corpus\corpus\regression\arxiv-cc-2025-01-08-to-14-batch3\2501.04100v1.pdf (object 280 0): object has offset 0 - a common error handled correctly by qpdf and most other applications WARNING: C:\Users\steve\code\KillerPDF-Corpus\corpus\regression\arxiv-cc-2025-01-08-to-14-batch3\2501.04100v1.pdf (object 320 0): object has offset 0 - a common error handled correctly by qpdf and most other applications qpdf: operation succeeded with warnings"
"regression/arxiv-cc-2025-01-08-to-14-batch3/2501.04102v1.pdf","F65981E80CE602BF4B692CE5E262898F5D9A2963D40EA108320C79713A8CD60D","1134345","0","checking C:\Users\steve\code\KillerPDF-Corpus\corpus\regression\arxiv-cc-2025-01-08-to-14-batch3\2501.04102v1.pdf PDF Version: 1.6 File is not encrypted File is not linearized No syntax or stream encoding errors found; the file may still contain errors that qpdf cannot detect"
"regression/arxiv-cc-2025-01-08-to-14-batch3/2501.04103v1.pdf","3D4F3C67E56DB0F99388C0575CD132B1F98EF97DFAEACE06F9E3E8FA003A0422","954507","0","checking C:\Users\steve\code\KillerPDF-Corpus\corpus\regression\arxiv-cc-2025-01-08-to-14-batch3\2501.04103v1.pdf PDF Version: 1.5 File is not encrypted File is not linearized No syntax or stream encoding errors found; the file may still contain errors that qpdf cannot detect"
"regression/arxiv-cc-2025-01-08-to-14-batch3/2501.04105v1.pdf","065499D35D85F60778FE9635F61EA0E91221F11BC6DC37229EB2C98BB264EE5A","10092381","0","checking C:\Users\steve\code\KillerPDF-Corpus\corpus\regression\arxiv-cc-2025-01-08-to-14-batch3\2501.04105v1.pdf PDF Version: 1.5 File is not encrypted File is not linearized No syntax or stream encoding errors found; the file may still contain errors that qpdf cannot detect"
"regression/arxiv-cc-2025-01-08-to-14-batch3/2501.04111v2.pdf","F67138592573CBA619CAAA273D0F6B46633AADAD4B88DD73A08A9B6761158093","431506","0","checking C:\Users\steve\code\KillerPDF-Corpus\corpus\regression\arxiv-cc-2025-01-08-to-14-batch3\2501.04111v2.pdf PDF Version: 1.7 File is not encrypted File is not linearized No syntax or stream encoding errors found; the file may still contain errors that qpdf cannot detect"
"regression/arxiv-cc-2025-01-08-to-14-batch3/2501.04112v1.pdf","A2CB9B9B5700E8B386D7E4A27917B49AEFC291FEDAB47BF1ADD7D2F4D7500EC6","275816","0","checking C:\Users\steve\code\KillerPDF-Corpus\corpus\regression\arxiv-cc-2025-01-08-to-14-batch3\2501.04112v1.pdf PDF Version: 1.4 File is not encrypted File is not linearized No syntax or stream encoding errors found; the file may still contain errors that qpdf cannot detect"
"regression/arxiv-cc-2025-01-08-to-14-batch3/2501.04122v1.pdf","4B4027DF24FE0F32392C3DADEFC11E3B4C72D2050A4A83074AF94DA6EB1823FB","6844008","3","checking C:\Users\steve\code\KillerPDF-Corpus\corpus\regression\arxiv-cc-2025-01-08-to-14-batch3\2501.04122v1.pdf PDF Version: 1.7 File is not encrypted File is linearized WARNING: C:\Users\steve\code\KillerPDF-Corpus\corpus\regression\arxiv-cc-2025-01-08-to-14-batch3\2501.04122v1.pdf: shared object 142 length mismatch: hint table = 6032; computed = 6033 WARNING: C:\Users\steve\code\KillerPDF-Corpus\corpus\regression\arxiv-cc-2025-01-08-to-14-batch3\2501.04122v1.pdf: object count mismatch for page 1: hint table = 69; computed = 3 WARNING: C:\Users\steve\code\KillerPDF-Corpus\corpus\regression\arxiv-cc-2025-01-08-to-14-batch3\2501.04122v1.pdf: object count mismatch for page 2: hint table = 17; computed = 4 WARNING: C:\Users\steve\code\KillerPDF-Corpus\corpus\regression\arxiv-cc-2025-01-08-to-14-batch3\2501.04122v1.pdf: object count mismatch for page 3: hint table = 21; computed = 3 WARNING: C:\Users\steve\code\KillerPDF-Corpus\corpus\regression\arxiv-cc-2025-01-08-to-14-batch3\2501.04122v1.pdf: object count mismatch for page 4: hint table = 57; computed = 17 WARNING: C:\Users\steve\code\KillerPDF-Corpus\corpus\regression\arxiv-cc-2025-01-08-to-14-batch3\2501.04122v1.pdf: object count mismatch for page 5: hint table = 24; computed = 4 WARNING: C:\Users\steve\code\KillerPDF-Corpus\corpus\regression\arxiv-cc-2025-01-08-to-14-batch3\2501.04122v1.pdf: object count mismatch for page 6: hint table = 6; computed = 4 WARNING: C:\Users\steve\code\KillerPDF-Corpus\corpus\regression\arxiv-cc-2025-01-08-to-14-batch3\2501.04122v1.pdf: object count mismatch for page 7: hint table = 29; computed = 4 WARNING: C:\Users\steve\code\KillerPDF-Corpus\corpus\regression\arxiv-cc-2025-01-08-to-14-batch3\2501.04122v1.pdf: object count mismatch for page 8: hint table = 26; computed = 3 WARNING: C:\Users\steve\code\KillerPDF-Corpus\corpus\regression\arxiv-cc-2025-01-08-to-14-batch3\2501.04122v1.pdf: object count mismatch for page 9: hint table = 10; computed = 8 WARNING: C:\Users\steve\code\KillerPDF-Corpus\corpus\regression\arxiv-cc-2025-01-08-to-14-batch3\2501.04122v1.pdf: object count mismatch for page 10: hint table = 60; computed = 3 WARNING: C:\Users\steve\code\KillerPDF-Corpus\corpus\regression\arxiv-cc-2025-01-08-to-14-batch3\2501.04122v1.pdf: object count mismatch for page 11: hint table = 112; computed = 3 qpdf: operation succeeded with warnings"
"regression/arxiv-cc-2025-01-08-to-14-batch3/2501.04125v1.pdf","CD4149A090ACF9A487F013AB22CD71F3CA9B1881CC373FECCDEA58D40200D4DA","338981","0","checking C:\Users\steve\code\KillerPDF-Corpus\corpus\regression\arxiv-cc-2025-01-08-to-14-batch3\2501.04125v1.pdf PDF Version: 1.5 File is not encrypted File is not linearized No syntax or stream encoding errors found; the file may still contain errors that qpdf cannot detect"
"regression/arxiv-cc-2025-01-08-to-14-batch3/2501.04128v1.pdf","817F125352291EC69C3D969A46FCF61A9E19D98AE9FA6C31964B9C5B46005327","1770018","0","checking C:\Users\steve\code\KillerPDF-Corpus\corpus\regression\arxiv-cc-2025-01-08-to-14-batch3\2501.04128v1.pdf PDF Version: 1.5 File is not encrypted File is not linearized No syntax or stream encoding errors found; the file may still contain errors that qpdf cannot detect"
"regression/arxiv-cc-2025-01-08-to-14-batch3/2501.04129v1.pdf","49C00AAF0094C2EB445380C8C8F9163665D5D6A26DEDFCDDAF6A23DF7A354602","183117","0","checking C:\Users\steve\code\KillerPDF-Corpus\corpus\regression\arxiv-cc-2025-01-08-to-14-batch3\2501.04129v1.pdf PDF Version: 1.4 File is not encrypted File is not linearized No syntax or stream encoding errors found; the file may still contain errors that qpdf cannot detect"
"regression/arxiv-cc-2025-01-08-to-14-batch3/2501.04138v1.pdf","CAF669D8DB8D7B30BA6830CE2C0B6DA4BBE9D97A485B51E56266872439138D48","200008","0","checking C:\Users\steve\code\KillerPDF-Corpus\corpus\regression\arxiv-cc-2025-01-08-to-14-batch3\2501.04138v1.pdf PDF Version: 1.5 File is not encrypted File is not linearized No syntax or stream encoding errors found; the file may still contain errors that qpdf cannot detect"
"regression/arxiv-cc-2025-01-08-to-14-batch3/2501.04143v1.pdf","FA7E2D6772995AEF6714041EDEA0D522C73B7F67BB9D31369369A2E62E3343EE","2415260","0","checking C:\Users\steve\code\KillerPDF-Corpus\corpus\regression\arxiv-cc-2025-01-08-to-14-batch3\2501.04143v1.pdf PDF Version: 1.4 File is not encrypted File is not linearized No syntax or stream encoding errors found; the file may still contain errors that qpdf cannot detect"
"regression/arxiv-cc-2025-01-08-to-14-batch3/2501.04145v1.pdf","EBC8F8A84010B4DADD6C1E306D27588405A0F9368D62FDDDC0B07892242B3573","1903628","0","checking C:\Users\steve\code\KillerPDF-Corpus\corpus\regression\arxiv-cc-2025-01-08-to-14-batch3\2501.04145v1.pdf PDF Version: 1.5 File is not encrypted File is not linearized No syntax or stream encoding errors found; the file may still contain errors that qpdf cannot detect"
"regression/arxiv-cc-2025-01-08-to-14-batch3/2501.04149v1.pdf","033006ADAB5CC805A29E37A32763E43BE55B1DB538C364D1CB8A033BB20B9B6B","1961132","0","checking C:\Users\steve\code\KillerPDF-Corpus\corpus\regression\arxiv-cc-2025-01-08-to-14-batch3\2501.04149v1.pdf PDF Version: 1.5 File is not encrypted File is not linearized No syntax or stream encoding errors found; the file may still contain errors that qpdf cannot detect"
"regression/arxiv-cc-2025-01-08-to-14-batch3/2501.04150v1.pdf","7DE0F8A42F119678F17FCA698397560B123DBD775A9C6E6E1C28665A13C1FD63","83987512","0","checking C:\Users\steve\code\KillerPDF-Corpus\corpus\regression\arxiv-cc-2025-01-08-to-14-batch3\2501.04150v1.pdf PDF Version: 1.5 File is not encrypted File is linearized No syntax or stream encoding errors found; the file may still contain errors that qpdf cannot detect"
"regression/arxiv-cc-2025-01-08-to-14-batch3/2501.04152v1.pdf","05D2282FDFDE6226F4B6FFE9D34CF7A2890DCD4F2F8263CFD32F004593F1DD61","131182","0","checking C:\Users\steve\code\KillerPDF-Corpus\corpus\regression\arxiv-cc-2025-01-08-to-14-batch3\2501.04152v1.pdf PDF Version: 1.4 File is not encrypted File is not linearized No syntax or stream encoding errors found; the file may still contain errors that qpdf cannot detect"
"regression/arxiv-cc-2025-01-08-to-14-batch3/2501.04153v1.pdf","034FFC46E58CCE43403EE893484A59F4A30425D3482929FE5076A8CFBCBC0E73","281023","0","checking C:\Users\steve\code\KillerPDF-Corpus\corpus\regression\arxiv-cc-2025-01-08-to-14-batch3\2501.04153v1.pdf PDF Version: 1.5 File is not encrypted File is not linearized No syntax or stream encoding errors found; the file may still contain errors that qpdf cannot detect"
"regression/arxiv-cc-2025-01-08-to-14-batch3/2501.04155v1.pdf","0582DCDAE52BA0BAA83FD8092D1D020E9B913A989355C0F77F5B0E6FB43DC313","1525224","0","checking C:\Users\steve\code\KillerPDF-Corpus\corpus\regression\arxiv-cc-2025-01-08-to-14-batch3\2501.04155v1.pdf PDF Version: 1.5 File is not encrypted File is not linearized No syntax or stream encoding errors found; the file may still contain errors that qpdf cannot detect"
"regression/arxiv-cc-2025-01-08-to-14-batch3/2501.04156v1.pdf","26B26BEE287472D9240AF81BECA57957E012B2EFE7BF8227A9EAA34FFCADED09","3573580","0","checking C:\Users\steve\code\KillerPDF-Corpus\corpus\regression\arxiv-cc-2025-01-08-to-14-batch3\2501.04156v1.pdf PDF Version: 1.7 File is not encrypted File is not linearized No syntax or stream encoding errors found; the file may still contain errors that qpdf cannot detect"
"regression/arxiv-cc-2025-01-08-to-14-batch3/2501.04160v2.pdf","E8290413F1CB6D75ABA267679578FD2F5140F67295E4175BC4A9E8A1DBD5781C","1126282","0","checking C:\Users\steve\code\KillerPDF-Corpus\corpus\regression\arxiv-cc-2025-01-08-to-14-batch3\2501.04160v2.pdf PDF Version: 1.5 File is not encrypted File is not linearized No syntax or stream encoding errors found; the file may still contain errors that qpdf cannot detect"
"regression/arxiv-cc-2025-01-08-to-14-batch3/2501.04161v1.pdf","A65774E957AE539E8321E57BEC3C9D804BC4D15A88DEB1926C18D33139E8AF3A","757022","0","checking C:\Users\steve\code\KillerPDF-Corpus\corpus\regression\arxiv-cc-2025-01-08-to-14-batch3\2501.04161v1.pdf PDF Version: 1.5 File is not encrypted File is not linearized No syntax or stream encoding errors found; the file may still contain errors that qpdf cannot detect"
"regression/arxiv-cc-2025-01-08-to-14-batch3/2501.04164v1.pdf","9AEBA76ED6509B34BAE891313E5FD0554ACE3C3C8200C7383E014735E36DCF51","1651762","0","checking C:\Users\steve\code\KillerPDF-Corpus\corpus\regression\arxiv-cc-2025-01-08-to-14-batch3\2501.04164v1.pdf PDF Version: 1.5 File is not encrypted File is not linearized No syntax or stream encoding errors found; the file may still contain errors that qpdf cannot detect"
"regression/arxiv-cc-2025-01-08-to-14-batch3/2501.04165v1.pdf","4D5B78A808FAD3C1E6313966496AE92D01F4A66C365F52A3F292D8D9ED32D034","200671","0","checking C:\Users\steve\code\KillerPDF-Corpus\corpus\regression\arxiv-cc-2025-01-08-to-14-batch3\2501.04165v1.pdf PDF Version: 1.4 File is not encrypted File is not linearized No syntax or stream encoding errors found; the file may still contain errors that qpdf cannot detect"
"regression/arxiv-cc-2025-01-08-to-14-batch3/2501.04166v1.pdf","B256C1CB74234835C4528EEB987ABB143E68B658242F7BAD5B6A41726A734515","1267724","0","checking C:\Users\steve\code\KillerPDF-Corpus\corpus\regression\arxiv-cc-2025-01-08-to-14-batch3\2501.04166v1.pdf PDF Version: 1.5 File is not encrypted File is not linearized No syntax or stream encoding errors found; the file may still contain errors that qpdf cannot detect"
"regression/arxiv-cc-2025-01-08-to-14-batch3/2501.04168v1.pdf","5E46B70E1EBC3F13D0CCBD95B02DCF31F9940BAF23EF3A50D61B3BD6E1DC96B4","214043","0","checking C:\Users\steve\code\KillerPDF-Corpus\corpus\regression\arxiv-cc-2025-01-08-to-14-batch3\2501.04168v1.pdf PDF Version: 1.4 File is not encrypted File is not linearized No syntax or stream encoding errors found; the file may still contain errors that qpdf cannot detect"
"regression/arxiv-cc-2025-01-08-to-14-batch3/2501.04172v1.pdf","0BE24F1FF937A22143C1DD5B16DD79F2162BA6CFBD923A2FB89C626218089BB9","2568379","0","checking C:\Users\steve\code\KillerPDF-Corpus\corpus\regression\arxiv-cc-2025-01-08-to-14-batch3\2501.04172v1.pdf PDF Version: 1.7 File is not encrypted File is not linearized No syntax or stream encoding errors found; the file may still contain errors that qpdf cannot detect"
"regression/arxiv-cc-2025-01-08-to-14-batch3/2501.04173v1.pdf","A5C63911B36070F8A19BBE6C2901E06F94C14804DB87E855F1769C1480AACEB5","8017785","0","checking C:\Users\steve\code\KillerPDF-Corpus\corpus\regression\arxiv-cc-2025-01-08-to-14-batch3\2501.04173v1.pdf PDF Version: 1.5 File is not encrypted File is not linearized No syntax or stream encoding errors found; the file may still contain errors that qpdf cannot detect"
"regression/arxiv-cc-2025-01-08-to-14-batch3/2501.04189v1.pdf","2C0A68B028D4263F68E3B1B6D20832EC829E83C0E4CEAC58B02608F423143031","75931","0","checking C:\Users\steve\code\KillerPDF-Corpus\corpus\regression\arxiv-cc-2025-01-08-to-14-batch3\2501.04189v1.pdf PDF Version: 1.4 File is not encrypted File is not linearized No syntax or stream encoding errors found; the file may still contain errors that qpdf cannot detect"
"regression/arxiv-cc-2025-01-08-to-14-batch3/2501.04191v1.pdf","6AB4952FE65DACF0B5072E34099F4B20314392FB985F3548899DE1FF05D48BA9","794189","0","checking C:\Users\steve\code\KillerPDF-Corpus\corpus\regression\arxiv-cc-2025-01-08-to-14-batch3\2501.04191v1.pdf PDF Version: 1.5 File is not encrypted File is not linearized No syntax or stream encoding errors found; the file may still contain errors that qpdf cannot detect"
"regression/arxiv-cc-2025-01-08-to-14-batch3/2501.04192v1.pdf","5CB5F151EB4D6C61EAF5537C77C05E2D6A260635D44249CA38B1100691BA4FE2","17721111","0","checking C:\Users\steve\code\KillerPDF-Corpus\corpus\regression\arxiv-cc-2025-01-08-to-14-batch3\2501.04192v1.pdf PDF Version: 1.5 File is not encrypted File is not linearized No syntax or stream encoding errors found; the file may still contain errors that qpdf cannot detect"
"regression/arxiv-cc-2025-01-08-to-14-batch3/2501.04193v1.pdf","A725D17648AA9AAEEE76C4EC50EB333B773AD99DF5B06D64B8D265F6159B4A5F","42115419","0","checking C:\Users\steve\code\KillerPDF-Corpus\corpus\regression\arxiv-cc-2025-01-08-to-14-batch3\2501.04193v1.pdf PDF Version: 1.5 File is not encrypted File is not linearized No syntax or stream encoding errors found; the file may still contain errors that qpdf cannot detect"
"regression/arxiv-cc-2025-01-08-to-14-batch3/2501.04198v1.pdf","D1F498E5506CAD5DD52B0E8EC367AFE4AD580476797F688CAF66EE889C9243EC","541464","0","checking C:\Users\steve\code\KillerPDF-Corpus\corpus\regression\arxiv-cc-2025-01-08-to-14-batch3\2501.04198v1.pdf PDF Version: 1.5 File is not encrypted File is not linearized No syntax or stream encoding errors found; the file may still contain errors that qpdf cannot detect"
"regression/arxiv-cc-2025-01-08-to-14-batch3/2501.04207v1.pdf","78A58DAF5516A0E5136825351412005161CE3ACA8F0F25DD989C0E38AB377292","211145","0","checking C:\Users\steve\code\KillerPDF-Corpus\corpus\regression\arxiv-cc-2025-01-08-to-14-batch3\2501.04207v1.pdf PDF Version: 1.4 File is not encrypted File is not linearized No syntax or stream encoding errors found; the file may still contain errors that qpdf cannot detect"
"regression/arxiv-cc-2025-01-08-to-14-batch3/2501.04208v1.pdf","3CEC77CAD0EF4E2E9B969B056B9DDEC3D746EA45DE7FB537B3ACB65875D0A23E","2871177","0","checking C:\Users\steve\code\KillerPDF-Corpus\corpus\regression\arxiv-cc-2025-01-08-to-14-batch3\2501.04208v1.pdf PDF Version: 1.5 File is not encrypted File is not linearized No syntax or stream encoding errors found; the file may still contain errors that qpdf cannot detect"
"regression/arxiv-cc-2025-01-08-to-14-batch3/2501.04212v1.pdf","0F1FDD611575CD743C05E98F960CD1C1ED7792B50BBED35CEE0E4FE5E8947EE5","243782","0","checking C:\Users\steve\code\KillerPDF-Corpus\corpus\regression\arxiv-cc-2025-01-08-to-14-batch3\2501.04212v1.pdf PDF Version: 1.4 File is not encrypted File is not linearized No syntax or stream encoding errors found; the file may still contain errors that qpdf cannot detect"
"regression/arxiv-cc-2025-01-08-to-14-batch3/2501.04221v2.pdf","1398BC14C60D613D922F479E6E24E20B72317B65538D935EAB2DFCBD60C3516F","322050","0","checking C:\Users\steve\code\KillerPDF-Corpus\corpus\regression\arxiv-cc-2025-01-08-to-14-batch3\2501.04221v2.pdf PDF Version: 1.4 File is not encrypted File is not linearized No syntax or stream encoding errors found; the file may still contain errors that qpdf cannot detect"
"regression/arxiv-cc-2025-01-08-to-14-batch3/2501.04222v1.pdf","C47604823D61F21C11D9BB275326BA4644E9B63FB00DA68B4E21E320B3C92F2D","344866","0","checking C:\Users\steve\code\KillerPDF-Corpus\corpus\regression\arxiv-cc-2025-01-08-to-14-batch3\2501.04222v1.pdf PDF Version: 1.4 File is not encrypted File is not linearized No syntax or stream encoding errors found; the file may still contain errors that qpdf cannot detect"
"regression/arxiv-cc-2025-01-08-to-14-batch3/2501.04223v1.pdf","51F423AAECB44D40246EEFE97476346983FA8AAC5508507DB5DC03DE89BE3DD6","985865","0","checking C:\Users\steve\code\KillerPDF-Corpus\corpus\regression\arxiv-cc-2025-01-08-to-14-batch3\2501.04223v1.pdf PDF Version: 1.5 File is not encrypted File is not linearized No syntax or stream encoding errors found; the file may still contain errors that qpdf cannot detect"
"regression/arxiv-cc-2025-01-08-to-14-batch3/2501.04230v1.pdf","7014CF6A30DFCC0B397970F67C15338EF8C9CF6F805BC5EC55DE463BC2608FD9","350211","0","checking C:\Users\steve\code\KillerPDF-Corpus\corpus\regression\arxiv-cc-2025-01-08-to-14-batch3\2501.04230v1.pdf PDF Version: 1.4 File is not encrypted File is not linearized No syntax or stream encoding errors found; the file may still contain errors that qpdf cannot detect"
"regression/arxiv-cc-2025-01-08-to-14-batch3/2501.04232v1.pdf","FA032EAF4E8D43BD1B1FAEEBB48BC8A7B82024B367E07F5904AAF651E904E362","205075","0","checking C:\Users\steve\code\KillerPDF-Corpus\corpus\regression\arxiv-cc-2025-01-08-to-14-batch3\2501.04232v1.pdf PDF Version: 1.4 File is not encrypted File is not linearized No syntax or stream encoding errors found; the file may still contain errors that qpdf cannot detect"
"regression/arxiv-cc-2025-01-08-to-14-batch3/2501.04234v1.pdf","40A094F99885D2D016ECE4AC74788AAA2DECF83A330C68B62E3CFB39EA66821F","3311391","0","checking C:\Users\steve\code\KillerPDF-Corpus\corpus\regression\arxiv-cc-2025-01-08-to-14-batch3\2501.04234v1.pdf PDF Version: 1.5 File is not encrypted File is not linearized No syntax or stream encoding errors found; the file may still contain errors that qpdf cannot detect"
"regression/arxiv-cc-2025-01-08-to-14-batch3/2501.04238v1.pdf","2F8BB24E12144F1AAD4663D8934E3332B73C9A7B7E82D059AA0381C67FF25AC4","1805703","0","checking C:\Users\steve\code\KillerPDF-Corpus\corpus\regression\arxiv-cc-2025-01-08-to-14-batch3\2501.04238v1.pdf PDF Version: 1.4 File is not encrypted File is not linearized No syntax or stream encoding errors found; the file may still contain errors that qpdf cannot detect"
"regression/arxiv-cc-2025-01-08-to-14-batch3/2501.04240v1.pdf","635364122F4CB947004A721F91EBE8208318E9ADD4539B502ED5C9E20758593B","521852","0","checking C:\Users\steve\code\KillerPDF-Corpus\corpus\regression\arxiv-cc-2025-01-08-to-14-batch3\2501.04240v1.pdf PDF Version: 1.4 File is not encrypted File is not linearized No syntax or stream encoding errors found; the file may still contain errors that qpdf cannot detect"
"regression/arxiv-cc-2025-01-08-to-14-batch3/2501.04242v1.pdf","01B48FA46065BDC5EC53C880BB91AE93D99931462EEC6485A2C767F1F1349B3E","638725","0","checking C:\Users\steve\code\KillerPDF-Corpus\corpus\regression\arxiv-cc-2025-01-08-to-14-batch3\2501.04242v1.pdf PDF Version: 1.4 File is not encrypted File is not linearized No syntax or stream encoding errors found; the file may still contain errors that qpdf cannot detect"
"regression/arxiv-cc-2025-01-08-to-14-batch3/2501.04246v1.pdf","3A09DCC866FB69095A1557C318C445583421D91DE5936DDB51F2C87FB4A23486","806309","0","checking C:\Users\steve\code\KillerPDF-Corpus\corpus\regression\arxiv-cc-2025-01-08-to-14-batch3\2501.04246v1.pdf PDF Version: 1.5 File is not encrypted File is not linearized No syntax or stream encoding errors found; the file may still contain errors that qpdf cannot detect"
"regression/arxiv-cc-2025-01-08-to-14-batch3/2501.04252v1.pdf","4CE11D7F109773DE7DC4A9F560704F33965068E9745FF7ACA1997B987C4FF5A8","463669","0","checking C:\Users\steve\code\KillerPDF-Corpus\corpus\regression\arxiv-cc-2025-01-08-to-14-batch3\2501.04252v1.pdf PDF Version: 1.5 File is not encrypted File is not linearized No syntax or stream encoding errors found; the file may still contain errors that qpdf cannot detect"
"regression/arxiv-cc-2025-01-08-to-14-batch3/2501.04254v1.pdf","9B6A07EF5E85F09F9AFFE2F8C118A7F06B7FE7491741AD033E1A5E13F597E007","338582","0","checking C:\Users\steve\code\KillerPDF-Corpus\corpus\regression\arxiv-cc-2025-01-08-to-14-batch3\2501.04254v1.pdf PDF Version: 1.4 File is not encrypted File is not linearized No syntax or stream encoding errors found; the file may still contain errors that qpdf cannot detect"
"regression/arxiv-cc-2025-01-08-to-14-batch3/2501.04258v1.pdf","C7F4FA024D0B53637E1DBB46EB7CF214E9521C213E2A907BB2521E40800C78C9","11913105","0","checking C:\Users\steve\code\KillerPDF-Corpus\corpus\regression\arxiv-cc-2025-01-08-to-14-batch3\2501.04258v1.pdf PDF Version: 1.5 File is not encrypted File is not linearized No syntax or stream encoding errors found; the file may still contain errors that qpdf cannot detect"
"regression/arxiv-cc-2025-01-08-to-14-batch3/2501.04268v1.pdf","4B42B8F2D63973A96173B1441FC13C30B93788038F65D9288C0776C493278CB0","34665997","0","checking C:\Users\steve\code\KillerPDF-Corpus\corpus\regression\arxiv-cc-2025-01-08-to-14-batch3\2501.04268v1.pdf PDF Version: 1.5 File is not encrypted File is not linearized No syntax or stream encoding errors found; the file may still contain errors that qpdf cannot detect"
"regression/arxiv-cc-2025-01-08-to-14-batch3/2501.04277v1.pdf","A6077CFA047CD8D6A9D7FE0449F0B2222D9196A25455C2AA0823BB47024242CF","1691775","0","checking C:\Users\steve\code\KillerPDF-Corpus\corpus\regression\arxiv-cc-2025-01-08-to-14-batch3\2501.04277v1.pdf PDF Version: 1.5 File is not encrypted File is not linearized No syntax or stream encoding errors found; the file may still contain errors that qpdf cannot detect"
"regression/arxiv-cc-2025-01-08-to-14-batch3/2501.04281v1.pdf","89BCE3BD68E63BD03EE5F70DD1BAD0134DD63220A165A8D3ED3E6D82D4884928","630797","0","checking C:\Users\steve\code\KillerPDF-Corpus\corpus\regression\arxiv-cc-2025-01-08-to-14-batch3\2501.04281v1.pdf PDF Version: 1.5 File is not encrypted File is not linearized No syntax or stream encoding errors found; the file may still contain errors that qpdf cannot detect"
"regression/arxiv-cc-2025-01-08-to-14-batch3/2501.04282v1.pdf","6ED48F8920327B96679936A6A4337E708B2A85B279306335DA16A5D4116C1C4B","745898","0","checking C:\Users\steve\code\KillerPDF-Corpus\corpus\regression\arxiv-cc-2025-01-08-to-14-batch3\2501.04282v1.pdf PDF Version: 1.4 File is not encrypted File is not linearized No syntax or stream encoding errors found; the file may still contain errors that qpdf cannot detect"
"regression/arxiv-cc-2025-01-08-to-14-batch3/2501.04289v1.pdf","8D50E4BD747D79418CD86CD64424CB7BC0ED99FF3FFAA4BADEEEF963949CC852","2143317","0","checking C:\Users\steve\code\KillerPDF-Corpus\corpus\regression\arxiv-cc-2025-01-08-to-14-batch3\2501.04289v1.pdf PDF Version: 1.5 File is not encrypted File is not linearized No syntax or stream encoding errors found; the file may still contain errors that qpdf cannot detect"
"regression/arxiv-cc-2025-01-08-to-14-batch3/2501.04290v1.pdf","B1626A5FA73FFDFDCD9447499D9198E000823F158F85353861EF083398B17FEC","6879171","0","checking C:\Users\steve\code\KillerPDF-Corpus\corpus\regression\arxiv-cc-2025-01-08-to-14-batch3\2501.04290v1.pdf PDF Version: 1.5 File is not encrypted File is not linearized No syntax or stream encoding errors found; the file may still contain errors that qpdf cannot detect"
"regression/arxiv-cc-2025-01-08-to-14-batch3/2501.04299v1.pdf","34D0D9C5FD0CC7617449C3238262E6BB933DEDAAD900765560D557FC44FF94FA","250267","0","checking C:\Users\steve\code\KillerPDF-Corpus\corpus\regression\arxiv-cc-2025-01-08-to-14-batch3\2501.04299v1.pdf PDF Version: 1.4 File is not encrypted File is not linearized No syntax or stream encoding errors found; the file may still contain errors that qpdf cannot detect"
"regression/arxiv-cc-2025-01-08-to-14-batch3/2501.04309v1.pdf","02E200B31FFF774C8C05DD0E56B432B54BEB6F3E0B14C74D564B60E79B88B18D","1109733","0","checking C:\Users\steve\code\KillerPDF-Corpus\corpus\regression\arxiv-cc-2025-01-08-to-14-batch3\2501.04309v1.pdf PDF Version: 1.5 File is not encrypted File is not linearized No syntax or stream encoding errors found; the file may still contain errors that qpdf cannot detect"
"regression/arxiv-cc-2025-01-08-to-14-batch3/2501.04315v2.pdf","37CAF28B5B5473D6F16C587510FD67B0FBB7F1DC1A072B62C20460EFAFE4649D","631090","0","checking C:\Users\steve\code\KillerPDF-Corpus\corpus\regression\arxiv-cc-2025-01-08-to-14-batch3\2501.04315v2.pdf PDF Version: 1.5 File is not encrypted File is not linearized No syntax or stream encoding errors found; the file may still contain errors that qpdf cannot detect"
"regression/arxiv-cc-2025-01-08-to-14-batch3/2501.04326v1.pdf","48BF61F7B8928A8C34D71BA3A08D6B663092C056AAC24EBD8FC5BF3A8D2A1794","256657","0","checking C:\Users\steve\code\KillerPDF-Corpus\corpus\regression\arxiv-cc-2025-01-08-to-14-batch3\2501.04326v1.pdf PDF Version: 1.4 File is not encrypted File is not linearized No syntax or stream encoding errors found; the file may still contain errors that qpdf cannot detect"
"regression/arxiv-cc-2025-01-08-to-14-batch3/2501.04327v1.pdf","9B914AC2DC3D7ADD939A73E742B9007B64847B33AD688516BEBA8D57EE1842B9","2308910","0","checking C:\Users\steve\code\KillerPDF-Corpus\corpus\regression\arxiv-cc-2025-01-08-to-14-batch3\2501.04327v1.pdf PDF Version: 1.7 File is not encrypted File is not linearized No syntax or stream encoding errors found; the file may still contain errors that qpdf cannot detect"
"regression/arxiv-cc-2025-01-08-to-14-batch3/2501.04333v1.pdf","E3BD86C640C1E545C939CA57137D665ED69AE371AA4181BDCD10602DBD36B41D","137271","0","checking C:\Users\steve\code\KillerPDF-Corpus\corpus\regression\arxiv-cc-2025-01-08-to-14-batch3\2501.04333v1.pdf PDF Version: 1.4 File is not encrypted File is not linearized No syntax or stream encoding errors found; the file may still contain errors that qpdf cannot detect"
"regression/arxiv-cc-2025-01-08-to-14-batch3/2501.04343v1.pdf","2AC68AEE92C5BFB08CC6F05595C7A7E58335E27FE57AD12F095E7F0FE2E908CB","696954","0","checking C:\Users\steve\code\KillerPDF-Corpus\corpus\regression\arxiv-cc-2025-01-08-to-14-batch3\2501.04343v1.pdf PDF Version: 1.5 File is not encrypted File is not linearized No syntax or stream encoding errors found; the file may still contain errors that qpdf cannot detect"
"regression/arxiv-cc-2025-01-08-to-14-batch3/2501.04347v1.pdf","6253C8868DEB59EA29177BEC7CC177455F2AE639A2913169149DAAA3471543AA","628358","0","checking C:\Users\steve\code\KillerPDF-Corpus\corpus\regression\arxiv-cc-2025-01-08-to-14-batch3\2501.04347v1.pdf PDF Version: 1.5 File is not encrypted File is not linearized No syntax or stream encoding errors found; the file may still contain errors that qpdf cannot detect"
"regression/arxiv-cc-2025-01-08-to-14-batch3/2501.04349v1.pdf","BF9127161647D0CD75CF5401D1A7AFC3098339447BEB1C5C6C76C970F9B4A63A","291217","0","checking C:\Users\steve\code\KillerPDF-Corpus\corpus\regression\arxiv-cc-2025-01-08-to-14-batch3\2501.04349v1.pdf PDF Version: 1.4 File is not encrypted File is not linearized No syntax or stream encoding errors found; the file may still contain errors that qpdf cannot detect"
"regression/arxiv-cc-2025-01-08-to-14-batch3/2501.04351v1.pdf","46EE1773CD4D246DD190ED34DFA9057E0584D783453FFF00090BF38F29E1B9FB","231027","0","checking C:\Users\steve\code\KillerPDF-Corpus\corpus\regression\arxiv-cc-2025-01-08-to-14-batch3\2501.04351v1.pdf PDF Version: 1.4 File is not encrypted File is not linearized No syntax or stream encoding errors found; the file may still contain errors that qpdf cannot detect"
"regression/arxiv-cc-2025-01-08-to-14-batch3/2501.04352v1.pdf","1B807343D56DD4DC6F0230EEFDD2BA7533ADD14052B77E4B08C8B5B36D7CCB68","519656","0","checking C:\Users\steve\code\KillerPDF-Corpus\corpus\regression\arxiv-cc-2025-01-08-to-14-batch3\2501.04352v1.pdf PDF Version: 1.5 File is not encrypted File is not linearized No syntax or stream encoding errors found; the file may still contain errors that qpdf cannot detect"
"regression/arxiv-cc-2025-01-08-to-14-batch3/2501.04361v1.pdf","5EC55CCC9213661B2FA45D220544EB133D3F54D97C710820F264ACDA4D3E66DF","1024640","0","checking C:\Users\steve\code\KillerPDF-Corpus\corpus\regression\arxiv-cc-2025-01-08-to-14-batch3\2501.04361v1.pdf PDF Version: 1.5 File is not encrypted File is not linearized No syntax or stream encoding errors found; the file may still contain errors that qpdf cannot detect"
"regression/arxiv-cc-2025-01-08-to-14-batch3/2501.04374v1.pdf","F428400D8BA26BAF40CDD8B40B0F4F16022F25144AE56FB1AC6F7862A4C04FE6","20871190","0","checking C:\Users\steve\code\KillerPDF-Corpus\corpus\regression\arxiv-cc-2025-01-08-to-14-batch3\2501.04374v1.pdf PDF Version: 1.5 File is not encrypted File is not linearized No syntax or stream encoding errors found; the file may still contain errors that qpdf cannot detect"
"regression/arxiv-cc-2025-01-08-to-14-batch3/2501.04376v1.pdf","F1AFA5607321E8798701A136D0B7E17C538337465D7ED3625D6F5FCB80BFBD20","1957145","0","checking C:\Users\steve\code\KillerPDF-Corpus\corpus\regression\arxiv-cc-2025-01-08-to-14-batch3\2501.04376v1.pdf PDF Version: 1.5 File is not encrypted File is not linearized No syntax or stream encoding errors found; the file may still contain errors that qpdf cannot detect"
"regression/arxiv-cc-2025-01-08-to-14-batch3/2501.04387v1.pdf","9369EE4EA9D2441D74991B723F70047D2281FC97588724CB9F0B2D56ED4106FB","4322799","0","checking C:\Users\steve\code\KillerPDF-Corpus\corpus\regression\arxiv-cc-2025-01-08-to-14-batch3\2501.04387v1.pdf PDF Version: 1.5 File is not encrypted File is not linearized No syntax or stream encoding errors found; the file may still contain errors that qpdf cannot detect"
"regression/arxiv-cc-2025-01-08-to-14-batch3/2501.04388v1.pdf","43C128028B8FBAFBCB2B8E702D43570331A534FC1394D4222BBA79A5A1F0FBCA","366959","0","checking C:\Users\steve\code\KillerPDF-Corpus\corpus\regression\arxiv-cc-2025-01-08-to-14-batch3\2501.04388v1.pdf PDF Version: 1.5 File is not encrypted File is not linearized No syntax or stream encoding errors found; the file may still contain errors that qpdf cannot detect"
"regression/arxiv-cc-2025-01-08-to-14-batch3/2501.04391v1.pdf","86FAFFA992A869E68C026A7AACF75C7018653E5020135A5AC825D13F343648D9","310819","0","checking C:\Users\steve\code\KillerPDF-Corpus\corpus\regression\arxiv-cc-2025-01-08-to-14-batch3\2501.04391v1.pdf PDF Version: 1.5 File is not encrypted File is not linearized No syntax or stream encoding errors found; the file may still contain errors that qpdf cannot detect"
"regression/arxiv-cc-2025-01-08-to-14-batch3/2501.04393v1.pdf","C2AD5B67251B3142421B1AF5D273538594523866812BAA524425B3A7793E0AA7","621647","0","checking C:\Users\steve\code\KillerPDF-Corpus\corpus\regression\arxiv-cc-2025-01-08-to-14-batch3\2501.04393v1.pdf PDF Version: 1.5 File is not encrypted File is not linearized No syntax or stream encoding errors found; the file may still contain errors that qpdf cannot detect"
"regression/arxiv-cc-2025-01-08-to-14-batch3/2501.04398v1.pdf","BA5978E3BE4114B44E1E4C2D5FBBE1422A81CC7D95A646C4FBC095E583DA218C","361633","0","checking C:\Users\steve\code\KillerPDF-Corpus\corpus\regression\arxiv-cc-2025-01-08-to-14-batch3\2501.04398v1.pdf PDF Version: 1.7 File is not encrypted File is not linearized No syntax or stream encoding errors found; the file may still contain errors that qpdf cannot detect"
"regression/arxiv-cc-2025-01-08-to-14-batch3/2501.04401v1.pdf","3EC958005D609532A3775010C600DF753534D49DF9BA320F4256D050FB9BB3DF","2467206","0","checking C:\Users\steve\code\KillerPDF-Corpus\corpus\regression\arxiv-cc-2025-01-08-to-14-batch3\2501.04401v1.pdf PDF Version: 1.5 File is not encrypted File is not linearized No syntax or stream encoding errors found; the file may still contain errors that qpdf cannot detect"
"regression/arxiv-cc-2025-01-08-to-14-batch3/2501.04403v1.pdf","3293096DC0A5FA9D99B358DD554FD66C959654B1C7B39AFE2B2CA778C956D90B","412211","0","checking C:\Users\steve\code\KillerPDF-Corpus\corpus\regression\arxiv-cc-2025-01-08-to-14-batch3\2501.04403v1.pdf PDF Version: 1.5 File is not encrypted File is not linearized No syntax or stream encoding errors found; the file may still contain errors that qpdf cannot detect"
"regression/arxiv-cc-2025-01-08-to-14-batch3/2501.04415v1.pdf","DC56DB024322F8CFC86DB0CD49C38A4487B2FEC23221D1FECCC9546DE70ABB63","431451","0","checking C:\Users\steve\code\KillerPDF-Corpus\corpus\regression\arxiv-cc-2025-01-08-to-14-batch3\2501.04415v1.pdf PDF Version: 1.4 File is not encrypted File is not linearized No syntax or stream encoding errors found; the file may still contain errors that qpdf cannot detect"
"regression/arxiv-cc-2025-01-08-to-14-batch3/2501.04418v1.pdf","46994784BABF77DCE8531DE958CF8932E58172753A5BCB35EDAB5E20DE27A739","1056401","0","checking C:\Users\steve\code\KillerPDF-Corpus\corpus\regression\arxiv-cc-2025-01-08-to-14-batch3\2501.04418v1.pdf PDF Version: 1.5 File is not encrypted File is not linearized No syntax or stream encoding errors found; the file may still contain errors that qpdf cannot detect"
"regression/arxiv-cc-2025-01-08-to-14-batch3/2501.04420v1.pdf","4203679DB1E60797D98718B199C126B5D4B58192F9045C28961C0232991561A6","530762","0","checking C:\Users\steve\code\KillerPDF-Corpus\corpus\regression\arxiv-cc-2025-01-08-to-14-batch3\2501.04420v1.pdf PDF Version: 1.5 File is not encrypted File is not linearized No syntax or stream encoding errors found; the file may still contain errors that qpdf cannot detect"
"regression/arxiv-cc-2025-01-08-to-14-batch3/2501.04421v1.pdf","D141891C3DF1FE3FFE13D543C934A46DF09CB73B909C73CD71A592CDDF02B199","8544532","0","checking C:\Users\steve\code\KillerPDF-Corpus\corpus\regression\arxiv-cc-2025-01-08-to-14-batch3\2501.04421v1.pdf PDF Version: 1.5 File is not encrypted File is not linearized No syntax or stream encoding errors found; the file may still contain errors that qpdf cannot detect"
"regression/arxiv-cc-2025-01-08-to-14-batch3/2501.04425v1.pdf","7ACAB8DB7775C88FD02D8867843FF3766C022076D12DACB5995CD50BB4B868F0","563069","0","checking C:\Users\steve\code\KillerPDF-Corpus\corpus\regression\arxiv-cc-2025-01-08-to-14-batch3\2501.04425v1.pdf PDF Version: 1.5 File is not encrypted File is not linearized No syntax or stream encoding errors found; the file may still contain errors that qpdf cannot detect"
"regression/arxiv-cc-2025-01-08-to-14-batch3/2501.04431v1.pdf","680D9D3A9800E7BB79E6FE5E18E527FCDE713DB82D9F6EDA6C7ECACA623CA54D","1941274","0","checking C:\Users\steve\code\KillerPDF-Corpus\corpus\regression\arxiv-cc-2025-01-08-to-14-batch3\2501.04431v1.pdf PDF Version: 1.5 File is not encrypted File is not linearized No syntax or stream encoding errors found; the file may still contain errors that qpdf cannot detect"
"regression/arxiv-cc-2025-01-08-to-14-batch3/2501.04437v1.pdf","690F6DDBB5EE9A2CF96B651F830D9014A745680EE6B6C1EAE1ABFCE6A7B04A11","3980886","0","checking C:\Users\steve\code\KillerPDF-Corpus\corpus\regression\arxiv-cc-2025-01-08-to-14-batch3\2501.04437v1.pdf PDF Version: 1.5 File is not encrypted File is not linearized No syntax or stream encoding errors found; the file may still contain errors that qpdf cannot detect"
"regression/arxiv-cc-2025-01-08-to-14-batch3/2501.04438v1.pdf","AFAEC1435B1F0B18F7788AFAE06AC903F4E6DCC8F4E453DBCF98757D4AD93778","712180","0","checking C:\Users\steve\code\KillerPDF-Corpus\corpus\regression\arxiv-cc-2025-01-08-to-14-batch3\2501.04438v1.pdf PDF Version: 1.7 File is not encrypted File is not linearized No syntax or stream encoding errors found; the file may still contain errors that qpdf cannot detect"
"regression/arxiv-cc-2025-01-08-to-14-batch3/2501.04441v1.pdf","FAB12C43BA1C8A04BFD19657D9C7A231BEA967336E6C33C211BB95A494B729E5","890459","0","checking C:\Users\steve\code\KillerPDF-Corpus\corpus\regression\arxiv-cc-2025-01-08-to-14-batch3\2501.04441v1.pdf PDF Version: 1.5 File is not encrypted File is not linearized No syntax or stream encoding errors found; the file may still contain errors that qpdf cannot detect"
"regression/arxiv-cc-2025-01-08-to-14-batch3/2501.04447v1.pdf","BE35B5E53179B14D93CFCC540F62F6081806D47F90A97681D7F48602A5144409","2651202","0","checking C:\Users\steve\code\KillerPDF-Corpus\corpus\regression\arxiv-cc-2025-01-08-to-14-batch3\2501.04447v1.pdf PDF Version: 1.7 File is not encrypted File is not linearized No syntax or stream encoding errors found; the file may still contain errors that qpdf cannot detect"
"regression/arxiv-cc-2025-01-08-to-14-batch3/2501.04452v1.pdf","3146AAAC4DC09DC0C1B2505F6C14A81950941B40CF7347EC581F11177C96A967","4351776","0","checking C:\Users\steve\code\KillerPDF-Corpus\corpus\regression\arxiv-cc-2025-01-08-to-14-batch3\2501.04452v1.pdf PDF Version: 1.5 File is not encrypted File is not linearized No syntax or stream encoding errors found; the file may still contain errors that qpdf cannot detect"
"regression/arxiv-cc-2025-01-08-to-14-batch3/2501.04455v1.pdf","9FC475F23315375F28702674C22E1E00419031474152594C25369B9B9A8AA780","795616","0","checking C:\Users\steve\code\KillerPDF-Corpus\corpus\regression\arxiv-cc-2025-01-08-to-14-batch3\2501.04455v1.pdf PDF Version: 1.7 File is not encrypted File is not linearized No syntax or stream encoding errors found; the file may still contain errors that qpdf cannot detect"
"regression/arxiv-cc-2025-01-08-to-14-batch3/2501.04459v1.pdf","29D1F09ED98599BD0B31E47E035E5DB57CA4B97F6611DCB61B735D88DCAC5B6C","1728877","0","checking C:\Users\steve\code\KillerPDF-Corpus\corpus\regression\arxiv-cc-2025-01-08-to-14-batch3\2501.04459v1.pdf PDF Version: 1.7 File is not encrypted File is not linearized No syntax or stream encoding errors found; the file may still contain errors that qpdf cannot detect"
"regression/arxiv-cc-2025-01-08-to-14-batch3/2501.04461v1.pdf","09831FE31206865437AE223ACCB95C5C47819A5E85D330E23AF5B1AB1332AE5B","162235","0","checking C:\Users\steve\code\KillerPDF-Corpus\corpus\regression\arxiv-cc-2025-01-08-to-14-batch3\2501.04461v1.pdf PDF Version: 1.4 File is not encrypted File is not linearized No syntax or stream encoding errors found; the file may still contain errors that qpdf cannot detect"
"regression/arxiv-cc-2025-01-08-to-14-batch3/2501.04462v1.pdf","6F1FC6FF6582CB1A3C37780D17F7AA278C7EDB36E3E36A388C450EDF746A5B5C","1818708","0","checking C:\Users\steve\code\KillerPDF-Corpus\corpus\regression\arxiv-cc-2025-01-08-to-14-batch3\2501.04462v1.pdf PDF Version: 1.7 File is not encrypted File is not linearized No syntax or stream encoding errors found; the file may still contain errors that qpdf cannot detect"
"regression/arxiv-cc-2025-01-08-to-14-batch3/2501.04473v1.pdf","E8270DD4484742FEEAAF02D5C062CE10130B48D6890DB6FD88D33688A8C2213A","1682053","0","checking C:\Users\steve\code\KillerPDF-Corpus\corpus\regression\arxiv-cc-2025-01-08-to-14-batch3\2501.04473v1.pdf PDF Version: 1.5 File is not encrypted File is not linearized No syntax or stream encoding errors found; the file may still contain errors that qpdf cannot detect"
"regression/arxiv-cc-2025-01-08-to-14-batch3/2501.04476v2.pdf","4890E2F8E3E5F511B448481618CAFEEC7098ACFBB27119BBA00C75BCC39E37AC","536056","0","checking C:\Users\steve\code\KillerPDF-Corpus\corpus\regression\arxiv-cc-2025-01-08-to-14-batch3\2501.04476v2.pdf PDF Version: 1.5 File is not encrypted File is not linearized No syntax or stream encoding errors found; the file may still contain errors that qpdf cannot detect"
"regression/arxiv-cc-2025-01-08-to-14-batch3/2501.04481v1.pdf","587F9C5CF097C9637FB4673046420422534E504D2278E7DD895EA30AA5CE5184","9818371","0","checking C:\Users\steve\code\KillerPDF-Corpus\corpus\regression\arxiv-cc-2025-01-08-to-14-batch3\2501.04481v1.pdf PDF Version: 1.5 File is not encrypted File is not linearized No syntax or stream encoding errors found; the file may still contain errors that qpdf cannot detect"
"regression/arxiv-cc-2025-01-08-to-14-batch3/2501.04485v2.pdf","B44F6329C10CCBC530F2137D3C854E922E6818A7A392DE838F48ED6DD4CFAFB9","9627337","0","checking C:\Users\steve\code\KillerPDF-Corpus\corpus\regression\arxiv-cc-2025-01-08-to-14-batch3\2501.04485v2.pdf PDF Version: 1.5 File is not encrypted File is not linearized No syntax or stream encoding errors found; the file may still contain errors that qpdf cannot detect"
"regression/arxiv-cc-2025-01-08-to-14-batch3/2501.04491v1.pdf","57429F08D11613B933C54C818A8B1DD033F0C0B5425E489D86D6F3664573D732","1248561","0","checking C:\Users\steve\code\KillerPDF-Corpus\corpus\regression\arxiv-cc-2025-01-08-to-14-batch3\2501.04491v1.pdf PDF Version: 1.5 File is not encrypted File is not linearized No syntax or stream encoding errors found; the file may still contain errors that qpdf cannot detect"
"regression/arxiv-cc-2025-01-08-to-14-batch3/2501.04495v1.pdf","F2AB80926A7F17BDD78007E046B03A1C6CBE6749692E2AF8BABBCEA30D7E85E4","26271333","0","checking C:\Users\steve\code\KillerPDF-Corpus\corpus\regression\arxiv-cc-2025-01-08-to-14-batch3\2501.04495v1.pdf PDF Version: 1.5 File is not encrypted File is not linearized No syntax or stream encoding errors found; the file may still contain errors that qpdf cannot detect"
"regression/arxiv-cc-2025-01-08-to-14-batch3/2501.04496v1.pdf","F815AFEFA3D95F8A722AB73A8E3C0F08F96029CB8234D18FA62CCF02C8CF4B0C","333402","0","checking C:\Users\steve\code\KillerPDF-Corpus\corpus\regression\arxiv-cc-2025-01-08-to-14-batch3\2501.04496v1.pdf PDF Version: 1.7 File is not encrypted File is not linearized No syntax or stream encoding errors found; the file may still contain errors that qpdf cannot detect"
"regression/arxiv-cc-2025-01-08-to-14-batch3/2501.04499v1.pdf","EC5C3122AB1EFFC2F04DF72EEA31DDAC56B60D20F9E58CA5CFCFE3F5E116E2DE","8160439","0","checking C:\Users\steve\code\KillerPDF-Corpus\corpus\regression\arxiv-cc-2025-01-08-to-14-batch3\2501.04499v1.pdf PDF Version: 1.5 File is not encrypted File is not linearized No syntax or stream encoding errors found; the file may still contain errors that qpdf cannot detect"
"regression/arxiv-cc-2025-01-08-to-14-batch3/2501.04506v1.pdf","10B6DF8CAFDAD49E090B2733B73703FFEF127D737324D85E02C99ED7516E3D39","200305","0","checking C:\Users\steve\code\KillerPDF-Corpus\corpus\regression\arxiv-cc-2025-01-08-to-14-batch3\2501.04506v1.pdf PDF Version: 1.4 File is not encrypted File is not linearized No syntax or stream encoding errors found; the file may still contain errors that qpdf cannot detect"
"regression/arxiv-cc-2025-01-08-to-14-batch3/2501.04512v1.pdf","1F11139CF49B182A189EDFEAAB4649D78369AEEF07CCCBC8B1B0FA6579CAC0C7","1656419","0","checking C:\Users\steve\code\KillerPDF-Corpus\corpus\regression\arxiv-cc-2025-01-08-to-14-batch3\2501.04512v1.pdf PDF Version: 1.5 File is not encrypted File is not linearized No syntax or stream encoding errors found; the file may still contain errors that qpdf cannot detect"
"regression/arxiv-cc-2025-01-08-to-14-batch3/2501.04516v1.pdf","2567612E5123CA8ED20E9F7DD7D345E4B83247CE7437BB511B5BB5DB359AD2C1","3112972","0","checking C:\Users\steve\code\KillerPDF-Corpus\corpus\regression\arxiv-cc-2025-01-08-to-14-batch3\2501.04516v1.pdf PDF Version: 1.7 File is not encrypted File is not linearized No syntax or stream encoding errors found; the file may still contain errors that qpdf cannot detect"
"regression/arxiv-cc-2025-01-08-to-14-batch3/2501.04517v2.pdf","EED6FD43F877A62F79090C39198209BC33632474BF75B1F50B160E0BE90BFCCF","804780","0","checking C:\Users\steve\code\KillerPDF-Corpus\corpus\regression\arxiv-cc-2025-01-08-to-14-batch3\2501.04517v2.pdf PDF Version: 1.5 File is not encrypted File is not linearized No syntax or stream encoding errors found; the file may still contain errors that qpdf cannot detect"
"regression/arxiv-cc-2025-01-08-to-14-batch3/2501.04521v2.pdf","4974BBB3BD18E23B317BD2FD767CC438A08CD698D93F93C08BE72A8FEACB4651","155643","0","checking C:\Users\steve\code\KillerPDF-Corpus\corpus\regression\arxiv-cc-2025-01-08-to-14-batch3\2501.04521v2.pdf PDF Version: 1.4 File is not encrypted File is not linearized No syntax or stream encoding errors found; the file may still contain errors that qpdf cannot detect"
"regression/arxiv-cc-2025-01-08-to-14-batch3/2501.04522v1.pdf","DBE2440698E92CAC284F59B54078E3562BDCFF89DB1E811ECBE3E808310E5F1C","48887948","0","checking C:\Users\steve\code\KillerPDF-Corpus\corpus\regression\arxiv-cc-2025-01-08-to-14-batch3\2501.04522v1.pdf PDF Version: 1.7 File is not encrypted File is not linearized No syntax or stream encoding errors found; the file may still contain errors that qpdf cannot detect"
"regression/arxiv-cc-2025-01-08-to-14-batch3/2501.04523v3.pdf","207F9ECE03A16BBECC97A91E109FB9FCE2A5D593E265592652E403DC72A311B8","9941127","0","checking C:\Users\steve\code\KillerPDF-Corpus\corpus\regression\arxiv-cc-2025-01-08-to-14-batch3\2501.04523v3.pdf PDF Version: 1.5 File is not encrypted File is not linearized No syntax or stream encoding errors found; the file may still contain errors that qpdf cannot detect"
"regression/arxiv-cc-2025-01-08-to-14-batch3/2501.04533v1.pdf","892E77760E4D8A382AA0BCEB32CAA22173C00865C15FA24857582FABBC444056","1504946","0","checking C:\Users\steve\code\KillerPDF-Corpus\corpus\regression\arxiv-cc-2025-01-08-to-14-batch3\2501.04533v1.pdf PDF Version: 1.4 File is not encrypted File is not linearized No syntax or stream encoding errors found; the file may still contain errors that qpdf cannot detect"
"regression/arxiv-cc-2025-01-08-to-14-batch3/2501.04539v1.pdf","30466ADD5C19752FCE1F30FBE26F318EF4211BDD750B227496ADDDC1945FEE59","735467","0","checking C:\Users\steve\code\KillerPDF-Corpus\corpus\regression\arxiv-cc-2025-01-08-to-14-batch3\2501.04539v1.pdf PDF Version: 1.7 File is not encrypted File is not linearized No syntax or stream encoding errors found; the file may still contain errors that qpdf cannot detect"
"regression/arxiv-cc-2025-01-08-to-14-batch3/2501.04541v1.pdf","318285171CF2EF0569689DCA98814CA4036FB56E12C869D35B49B90F2A9FDDA1","28948368","0","checking C:\Users\steve\code\KillerPDF-Corpus\corpus\regression\arxiv-cc-2025-01-08-to-14-batch3\2501.04541v1.pdf PDF Version: 1.5 File is not encrypted File is not linearized No syntax or stream encoding errors found; the file may still contain errors that qpdf cannot detect"
"regression/arxiv-cc-2025-01-08-to-14-batch3/2501.04544v1.pdf","13FE80FD7C436841D60E247BAD4554A8EBCC415C9BE83F9EBB3548CD4DCFDD64","351883","0","checking C:\Users\steve\code\KillerPDF-Corpus\corpus\regression\arxiv-cc-2025-01-08-to-14-batch3\2501.04544v1.pdf PDF Version: 1.4 File is not encrypted File is not linearized No syntax or stream encoding errors found; the file may still contain errors that qpdf cannot detect"
"regression/arxiv-cc-2025-01-08-to-14-batch3/2501.04546v1.pdf","4664D26697C20ED5E6FF8CA28762FE39FDB4E7029AE9C7ED8E9B74E2CC7499FA","1510141","3","checking C:\Users\steve\code\KillerPDF-Corpus\corpus\regression\arxiv-cc-2025-01-08-to-14-batch3\2501.04546v1.pdf PDF Version: 1.3 File is not encrypted File is not linearized WARNING: C:\Users\steve\code\KillerPDF-Corpus\corpus\regression\arxiv-cc-2025-01-08-to-14-batch3\2501.04546v1.pdf, object 227 0 at offset 756967: this widget annotation is not reachable from /AcroForm in the document catalog WARNING: C:\Users\steve\code\KillerPDF-Corpus\corpus\regression\arxiv-cc-2025-01-08-to-14-batch3\2501.04546v1.pdf (Name/Number tree node (object 122)): name/number tree node has neither non-empty /Names nor /Kids qpdf: operation succeeded with warnings"
"regression/arxiv-cc-2025-01-08-to-14-batch3/2501.04547v1.pdf","AD8C0855347C1A41D957C15C149ADD9992BD3B0906DA97139940554E09A18E67","1864456","0","checking C:\Users\steve\code\KillerPDF-Corpus\corpus\regression\arxiv-cc-2025-01-08-to-14-batch3\2501.04547v1.pdf PDF Version: 1.7 File is not encrypted File is not linearized No syntax or stream encoding errors found; the file may still contain errors that qpdf cannot detect"
"regression/arxiv-cc-2025-01-08-to-14-batch3/2501.04552v1.pdf","533B96E2C7B39C9ACC4F84A17E5AA6BF7369986166E969C4EDB19EDCE2E05D2D","3430246","3","checking C:\Users\steve\code\KillerPDF-Corpus\corpus\regression\arxiv-cc-2025-01-08-to-14-batch3\2501.04552v1.pdf PDF Version: 1.7 File is not encrypted File is linearized WARNING: C:\Users\steve\code\KillerPDF-Corpus\corpus\regression\arxiv-cc-2025-01-08-to-14-batch3\2501.04552v1.pdf: error encountered while checking linearization data: C:\Users\steve\code\KillerPDF-Corpus\corpus\regression\arxiv-cc-2025-01-08-to-14-batch3\2501.04552v1.pdf (offset 3403019): found unknown object while calculating length for linearization data qpdf: operation succeeded with warnings"
"regression/arxiv-cc-2025-01-08-to-14-batch3/2501.04555v1.pdf","3A36872DA26C3F3185B9D19A356A633C81CA3E75BD513E835634436C7EA1D48F","1190580","0","checking C:\Users\steve\code\KillerPDF-Corpus\corpus\regression\arxiv-cc-2025-01-08-to-14-batch3\2501.04555v1.pdf PDF Version: 1.5 File is not encrypted File is not linearized No syntax or stream encoding errors found; the file may still contain errors that qpdf cannot detect"
"regression/arxiv-cc-2025-01-08-to-14-batch3/2501.04557v1.pdf","4541EDFA8D346FE48F31D4426BB8BB0C69B4D9E526A06A4758D6565BA5533145","2415593","0","checking C:\Users\steve\code\KillerPDF-Corpus\corpus\regression\arxiv-cc-2025-01-08-to-14-batch3\2501.04557v1.pdf PDF Version: 1.5 File is not encrypted File is not linearized No syntax or stream encoding errors found; the file may still contain errors that qpdf cannot detect"
"regression/arxiv-cc-2025-01-08-to-14-batch3/2501.04558v1.pdf","86526DA428FC4FE871DDFB5F219069EAE7968E1D547614EB768AB822E992081F","11053375","0","checking C:\Users\steve\code\KillerPDF-Corpus\corpus\regression\arxiv-cc-2025-01-08-to-14-batch3\2501.04558v1.pdf PDF Version: 1.5 File is not encrypted File is not linearized No syntax or stream encoding errors found; the file may still contain errors that qpdf cannot detect"
"regression/arxiv-cc-2025-01-08-to-14-batch3/2501.04564v1.pdf","C8B6AE0B327856116967AA9C8C00F6B164790E2971CC9BB04FCB22C2747E0B2E","1639121","0","checking C:\Users\steve\code\KillerPDF-Corpus\corpus\regression\arxiv-cc-2025-01-08-to-14-batch3\2501.04564v1.pdf PDF Version: 1.4 File is not encrypted File is not linearized No syntax or stream encoding errors found; the file may still contain errors that qpdf cannot detect"
"regression/arxiv-cc-2025-01-08-to-14-batch3/2501.04566v1.pdf","1A4E33EBF385C681C51912B39941E1D6CFBDEFA95B59A682B0892C02490BF415","335369","0","checking C:\Users\steve\code\KillerPDF-Corpus\corpus\regression\arxiv-cc-2025-01-08-to-14-batch3\2501.04566v1.pdf PDF Version: 1.4 File is not encrypted File is not linearized No syntax or stream encoding errors found; the file may still contain errors that qpdf cannot detect"
"regression/arxiv-cc-2025-01-08-to-14-batch3/2501.04567v1.pdf","406E210553E53C5D98EDF332445F445D467A933D48F2CFDDD20DDA5111763B3B","178238","0","checking C:\Users\steve\code\KillerPDF-Corpus\corpus\regression\arxiv-cc-2025-01-08-to-14-batch3\2501.04567v1.pdf PDF Version: 1.4 File is not encrypted File is not linearized No syntax or stream encoding errors found; the file may still contain errors that qpdf cannot detect"
"regression/arxiv-cc-2025-01-08-to-14-batch3/2501.04569v1.pdf","DF55281A61E6D790BF5B82A591C34E918B042ADDF44BBFD94C80D678E704C262","23888150","0","checking C:\Users\steve\code\KillerPDF-Corpus\corpus\regression\arxiv-cc-2025-01-08-to-14-batch3\2501.04569v1.pdf PDF Version: 1.5 File is not encrypted File is not linearized No syntax or stream encoding errors found; the file may still contain errors that qpdf cannot detect"
"regression/arxiv-cc-2025-01-08-to-14-batch3/2501.04571v1.pdf","7ED7C8012F0AF124DF278C26FB503C7D01C31D99878770F7BD96CD8E96D26A9A","520264","0","checking C:\Users\steve\code\KillerPDF-Corpus\corpus\regression\arxiv-cc-2025-01-08-to-14-batch3\2501.04571v1.pdf PDF Version: 1.5 File is not encrypted File is not linearized No syntax or stream encoding errors found; the file may still contain errors that qpdf cannot detect"
"regression/arxiv-cc-2025-01-08-to-14-batch3/2501.04575v1.pdf","E4C34D713836630E180656B095A7DFBE7ED7F3B899B09FDB0A72FBA2A2237616","1495172","0","checking C:\Users\steve\code\KillerPDF-Corpus\corpus\regression\arxiv-cc-2025-01-08-to-14-batch3\2501.04575v1.pdf PDF Version: 1.5 File is not encrypted File is not linearized No syntax or stream encoding errors found; the file may still contain errors that qpdf cannot detect"
"regression/arxiv-cc-2025-01-08-to-14-batch3/2501.04593v1.pdf","19A51B479A7C8732FBF166E4823A3F3BD1B9A30B2FCFA669128E416162FE4666","712711","0","checking C:\Users\steve\code\KillerPDF-Corpus\corpus\regression\arxiv-cc-2025-01-08-to-14-batch3\2501.04593v1.pdf PDF Version: 1.4 File is not encrypted File is not linearized No syntax or stream encoding errors found; the file may still contain errors that qpdf cannot detect"
"regression/arxiv-cc-2025-01-08-to-14-batch3/2501.04608v2.pdf","376BB409F7DACB77221F8A6C524CC59CCF555B782F298F557EE196B1E8C1D0DD","5759436","0","checking C:\Users\steve\code\KillerPDF-Corpus\corpus\regression\arxiv-cc-2025-01-08-to-14-batch3\2501.04608v2.pdf PDF Version: 1.5 File is not encrypted File is not linearized No syntax or stream encoding errors found; the file may still contain errors that qpdf cannot detect"
"regression/arxiv-cc-2025-01-08-to-14-batch3/2501.04609v1.pdf","8E848D8BA103D248E38F4FC69DD54ADE32BDE9BB3EFC53E511FB048840F98B7B","1009180","0","checking C:\Users\steve\code\KillerPDF-Corpus\corpus\regression\arxiv-cc-2025-01-08-to-14-batch3\2501.04609v1.pdf PDF Version: 1.5 File is not encrypted File is not linearized No syntax or stream encoding errors found; the file may still contain errors that qpdf cannot detect"
"regression/arxiv-cc-2025-01-08-to-14-batch3/2501.04613v1.pdf","AE6CAA87E8A249AA98D4A5B960B6C3496C9427C8184C8CE029175021C75BECBA","773599","0","checking C:\Users\steve\code\KillerPDF-Corpus\corpus\regression\arxiv-cc-2025-01-08-to-14-batch3\2501.04613v1.pdf PDF Version: 1.5 File is not encrypted File is not linearized No syntax or stream encoding errors found; the file may still contain errors that qpdf cannot detect"
"regression/arxiv-cc-2025-01-08-to-14-batch3/2501.04623v1.pdf","54053062863D6F40853ABBAEFE79523D2F53644138AE2C45C53BFDC539F9B293","694798","0","checking C:\Users\steve\code\KillerPDF-Corpus\corpus\regression\arxiv-cc-2025-01-08-to-14-batch3\2501.04623v1.pdf PDF Version: 1.5 File is not encrypted File is not linearized No syntax or stream encoding errors found; the file may still contain errors that qpdf cannot detect"
"regression/arxiv-cc-2025-01-08-to-14-batch3/2501.04625v1.pdf","ED2FB92B7E18C79AA9FA6E41D6885BA09B83C12681D53F281E7EDDA9A2E302B9","1742260","0","checking C:\Users\steve\code\KillerPDF-Corpus\corpus\regression\arxiv-cc-2025-01-08-to-14-batch3\2501.04625v1.pdf PDF Version: 1.4 File is not encrypted File is not linearized No syntax or stream encoding errors found; the file may still contain errors that qpdf cannot detect"
"regression/arxiv-cc-2025-01-08-to-14-batch3/2501.04629v1.pdf","992D888182E3B4E9CC1A7E85B13AE12779E474D46FFB669FBE2CD7355B51C130","253170","0","checking C:\Users\steve\code\KillerPDF-Corpus\corpus\regression\arxiv-cc-2025-01-08-to-14-batch3\2501.04629v1.pdf PDF Version: 1.4 File is not encrypted File is not linearized No syntax or stream encoding errors found; the file may still contain errors that qpdf cannot detect"
"regression/arxiv-cc-2025-01-08-to-14-batch3/2501.04630v1.pdf","7E85A94C845EA26DB9A02CFC4FDAE561646D30F360A78E35C0DA0324C231B3BD","359709","0","checking C:\Users\steve\code\KillerPDF-Corpus\corpus\regression\arxiv-cc-2025-01-08-to-14-batch3\2501.04630v1.pdf PDF Version: 1.5 File is not encrypted File is not linearized No syntax or stream encoding errors found; the file may still contain errors that qpdf cannot detect"
"regression/arxiv-cc-2025-01-08-to-14-batch3/2501.04639v1.pdf","E5DB4A83F0042AD2BDAAC119731D915C2B7FAA4D6D1BE89239503972B5AE8C1B","3521405","0","checking C:\Users\steve\code\KillerPDF-Corpus\corpus\regression\arxiv-cc-2025-01-08-to-14-batch3\2501.04639v1.pdf PDF Version: 1.5 File is not encrypted File is not linearized No syntax or stream encoding errors found; the file may still contain errors that qpdf cannot detect"
"regression/arxiv-cc-2025-01-08-to-14-batch3/2501.04643v1.pdf","A9135ABB5B3D6F05CD96BB8FD4432041AC9CA633F998A87187E487664676244A","3678307","0","checking C:\Users\steve\code\KillerPDF-Corpus\corpus\regression\arxiv-cc-2025-01-08-to-14-batch3\2501.04643v1.pdf PDF Version: 1.5 File is not encrypted File is not linearized No syntax or stream encoding errors found; the file may still contain errors that qpdf cannot detect"
"regression/arxiv-cc-2025-01-08-to-14-batch3/2501.04662v1.pdf","6595BB420B304D75A9AC6C497768A451A3619EC07D49F941CFE0BB7C4071ADE9","1886418","0","checking C:\Users\steve\code\KillerPDF-Corpus\corpus\regression\arxiv-cc-2025-01-08-to-14-batch3\2501.04662v1.pdf PDF Version: 1.5 File is not encrypted File is not linearized No syntax or stream encoding errors found; the file may still contain errors that qpdf cannot detect"
"regression/arxiv-cc-2025-01-08-to-14-batch3/2501.04676v1.pdf","DFC8BA3C507A0216BFC7765CB4C71D45A4E76C6B6607555AD369C17F54F6F480","621946","0","checking C:\Users\steve\code\KillerPDF-Corpus\corpus\regression\arxiv-cc-2025-01-08-to-14-batch3\2501.04676v1.pdf PDF Version: 1.5 File is not encrypted File is not linearized No syntax or stream encoding errors found; the file may still contain errors that qpdf cannot detect"
"regression/arxiv-cc-2025-01-08-to-14-batch3/2501.04677v1.pdf","FDF0E9657ED17E141E002EE9D3F21FA7833462B5B740795C73F5A70FD11C4417","359394","0","checking C:\Users\steve\code\KillerPDF-Corpus\corpus\regression\arxiv-cc-2025-01-08-to-14-batch3\2501.04677v1.pdf PDF Version: 1.4 File is not encrypted File is not linearized No syntax or stream encoding errors found; the file may still contain errors that qpdf cannot detect"
"regression/arxiv-cc-2025-01-08-to-14-batch3/2501.04682v1.pdf","8954EBED4216691B83EA0C45ED6053788BF5F250FD12509F03FCD086E45CBCD4","7471908","0","checking C:\Users\steve\code\KillerPDF-Corpus\corpus\regression\arxiv-cc-2025-01-08-to-14-batch3\2501.04682v1.pdf PDF Version: 1.5 File is not encrypted File is not linearized No syntax or stream encoding errors found; the file may still contain errors that qpdf cannot detect"
"regression/arxiv-cc-2025-01-08-to-14-batch3/2501.04685v1.pdf","B1C996D643E22923D725294481BC4665741F4AC0D2E7095074A63703F379357B","709269","0","checking C:\Users\steve\code\KillerPDF-Corpus\corpus\regression\arxiv-cc-2025-01-08-to-14-batch3\2501.04685v1.pdf PDF Version: 1.5 File is not encrypted File is not linearized No syntax or stream encoding errors found; the file may still contain errors that qpdf cannot detect"
"regression/arxiv-cc-2025-01-08-to-14-batch3/2501.04711v1.pdf","B585A60DDB5EFFB27FAB0E6747E04E21CCBFAE51C32BA465266229DA42849C99","1658915","0","checking C:\Users\steve\code\KillerPDF-Corpus\corpus\regression\arxiv-cc-2025-01-08-to-14-batch3\2501.04711v1.pdf PDF Version: 1.5 File is not encrypted File is not linearized No syntax or stream encoding errors found; the file may still contain errors that qpdf cannot detect"
"regression/arxiv-cc-2025-01-08-to-14-batch3/2501.04713v1.pdf","B7E899315002988E155B7375D58C48D2DF4843954475884173D5AEE1260DD057","1102490","0","checking C:\Users\steve\code\KillerPDF-Corpus\corpus\regression\arxiv-cc-2025-01-08-to-14-batch3\2501.04713v1.pdf PDF Version: 1.7 File is not encrypted File is not linearized No syntax or stream encoding errors found; the file may still contain errors that qpdf cannot detect"
"regression/arxiv-cc-2025-01-08-to-14-batch3/2501.04717v1.pdf","582DDCF44CCC5D2F9FA43E14C9109AC4284B1B6D06DC2F984E278026FFEA47A6","830135","0","checking C:\Users\steve\code\KillerPDF-Corpus\corpus\regression\arxiv-cc-2025-01-08-to-14-batch3\2501.04717v1.pdf PDF Version: 1.5 File is not encrypted File is not linearized No syntax or stream encoding errors found; the file may still contain errors that qpdf cannot detect"
"regression/arxiv-cc-2025-01-08-to-14-batch3/2501.04719v1.pdf","FFEA5F4CDF70CA7D550287353B66BA912CA3382B0586520614A2D3C2092AFE23","622026","0","checking C:\Users\steve\code\KillerPDF-Corpus\corpus\regression\arxiv-cc-2025-01-08-to-14-batch3\2501.04719v1.pdf PDF Version: 1.5 File is not encrypted File is not linearized No syntax or stream encoding errors found; the file may still contain errors that qpdf cannot detect"
"regression/arxiv-cc-2025-01-08-to-14-batch3/2501.04720v1.pdf","7F7E19909F10BCA556FD3BFDEFA3F68BF7253BCF863ED651589F7F2630BA25EE","245915","0","checking C:\Users\steve\code\KillerPDF-Corpus\corpus\regression\arxiv-cc-2025-01-08-to-14-batch3\2501.04720v1.pdf PDF Version: 1.4 File is not encrypted File is not linearized No syntax or stream encoding errors found; the file may still contain errors that qpdf cannot detect"
"regression/arxiv-cc-2025-01-08-to-14-batch3/2501.04724v1.pdf","E8EA249548E76C48BA70B85134C3326764298F0E184D0195C5DADEC1F5C729E8","1252200","0","checking C:\Users\steve\code\KillerPDF-Corpus\corpus\regression\arxiv-cc-2025-01-08-to-14-batch3\2501.04724v1.pdf PDF Version: 1.5 File is not encrypted File is not linearized No syntax or stream encoding errors found; the file may still contain errors that qpdf cannot detect"
"regression/arxiv-cc-2025-01-08-to-14-batch3/2501.04725v1.pdf","C0720D92ED075DF1685E5D2B473421342BE8E33B5030C42161B8185827330A5C","89982","0","checking C:\Users\steve\code\KillerPDF-Corpus\corpus\regression\arxiv-cc-2025-01-08-to-14-batch3\2501.04725v1.pdf PDF Version: 1.4 File is not encrypted File is not linearized No syntax or stream encoding errors found; the file may still contain errors that qpdf cannot detect"
"regression/arxiv-cc-2025-01-08-to-14-batch3/2501.04727v1.pdf","E7F435A1298AB4389E68677CC8345C04123345FA8080FFB1801EAB3C65EDB9B8","299045","0","checking C:\Users\steve\code\KillerPDF-Corpus\corpus\regression\arxiv-cc-2025-01-08-to-14-batch3\2501.04727v1.pdf PDF Version: 1.7 File is not encrypted File is not linearized No syntax or stream encoding errors found; the file may still contain errors that qpdf cannot detect"
"regression/arxiv-cc-2025-01-08-to-14-batch3/2501.04728v1.pdf","FBCC9D936AD82598031B3BDEA2D84DE247AC6542E803615E2CC33029039F19E9","61405","0","checking C:\Users\steve\code\KillerPDF-Corpus\corpus\regression\arxiv-cc-2025-01-08-to-14-batch3\2501.04728v1.pdf PDF Version: 1.4 File is not encrypted File is not linearized No syntax or stream encoding errors found; the file may still contain errors that qpdf cannot detect"
"regression/arxiv-cc-2025-01-08-to-14-batch3/2501.04734v1.pdf","0FE9778E868E7E30EFB8EE199272934D294158207B74B6DBB10DE5E2BD01966B","1177722","0","checking C:\Users\steve\code\KillerPDF-Corpus\corpus\regression\arxiv-cc-2025-01-08-to-14-batch3\2501.04734v1.pdf PDF Version: 1.5 File is not encrypted File is not linearized No syntax or stream encoding errors found; the file may still contain errors that qpdf cannot detect"
"regression/arxiv-cc-2025-01-08-to-14-batch3/2501.04740v1.pdf","E53E836B2F3AC061EACD62EED0681BAD378DFD10048B25DDB863E379608DAD26","6472046","0","checking C:\Users\steve\code\KillerPDF-Corpus\corpus\regression\arxiv-cc-2025-01-08-to-14-batch3\2501.04740v1.pdf PDF Version: 1.5 File is not encrypted File is not linearized No syntax or stream encoding errors found; the file may still contain errors that qpdf cannot detect"
"regression/arxiv-cc-2025-01-08-to-14-batch3/2501.04752v1.pdf","C95CDDEF20ACEE180C3C0911E3EC1458603DFAFF96E54CBB1626D95D097E55C0","916087","0","checking C:\Users\steve\code\KillerPDF-Corpus\corpus\regression\arxiv-cc-2025-01-08-to-14-batch3\2501.04752v1.pdf PDF Version: 1.4 File is not encrypted File is not linearized No syntax or stream encoding errors found; the file may still contain errors that qpdf cannot detect"
"regression/arxiv-cc-2025-01-08-to-14-batch3/2501.04754v1.pdf","8FE98819338EF8EFF1FA4B330858310D0157D763C91E57885EB6DAC80F72EBFD","1181507","0","checking C:\Users\steve\code\KillerPDF-Corpus\corpus\regression\arxiv-cc-2025-01-08-to-14-batch3\2501.04754v1.pdf PDF Version: 1.5 File is not encrypted File is not linearized No syntax or stream encoding errors found; the file may still contain errors that qpdf cannot detect"
"regression/arxiv-cc-2025-01-08-to-14-batch3/2501.04755v1.pdf","F1FE08D1C7BC562CDFBA0DC43729CE737382B286E3FF1CE599A14229155B0978","746745","0","checking C:\Users\steve\code\KillerPDF-Corpus\corpus\regression\arxiv-cc-2025-01-08-to-14-batch3\2501.04755v1.pdf PDF Version: 1.5 File is not encrypted File is not linearized No syntax or stream encoding errors found; the file may still contain errors that qpdf cannot detect"
"regression/arxiv-cc-2025-01-08-to-14-batch3/2501.04756v1.pdf","4E8FB5D443FB5748BACB37C4E3EF11EDC54BF547FF9CDAF2F6DA7A0435E928DD","59369920","0","checking C:\Users\steve\code\KillerPDF-Corpus\corpus\regression\arxiv-cc-2025-01-08-to-14-batch3\2501.04756v1.pdf PDF Version: 1.5 File is not encrypted File is not linearized No syntax or stream encoding errors found; the file may still contain errors that qpdf cannot detect"
"regression/arxiv-cc-2025-01-08-to-14-batch3/2501.04759v1.pdf","1AA28DF2FDF5B494C22B5A4FDBED4BD62DC86AE8E8ABC0F632F842AE02FE2AF8","487782","0","checking C:\Users\steve\code\KillerPDF-Corpus\corpus\regression\arxiv-cc-2025-01-08-to-14-batch3\2501.04759v1.pdf PDF Version: 1.7 File is not encrypted File is not linearized No syntax or stream encoding errors found; the file may still contain errors that qpdf cannot detect"
"regression/arxiv-cc-2025-01-08-to-14-batch3/2501.04761v1.pdf","6F5E146B0C16154E33BD3DBAD20412B0D969BAA43A7B75A7EEF6BD0CFBE2D701","877547","0","checking C:\Users\steve\code\KillerPDF-Corpus\corpus\regression\arxiv-cc-2025-01-08-to-14-batch3\2501.04761v1.pdf PDF Version: 1.7 File is not encrypted File is not linearized No syntax or stream encoding errors found; the file may still contain errors that qpdf cannot detect"
"regression/arxiv-cc-2025-01-08-to-14-batch3/2501.04763v1.pdf","3B091BD7E61F9A7868CF5B7C668FCD701751DE2585AC4F2663FA8ECB03ECDF5C","1489082","3","checking C:\Users\steve\code\KillerPDF-Corpus\corpus\regression\arxiv-cc-2025-01-08-to-14-batch3\2501.04763v1.pdf PDF Version: 1.4 File is not encrypted File is not linearized WARNING: C:\Users\steve\code\KillerPDF-Corpus\corpus\regression\arxiv-cc-2025-01-08-to-14-batch3\2501.04763v1.pdf (object 109 0, offset 1346345): dictionary has duplicated key /h.ln573u1o8x4q; last occurrence overrides earlier ones WARNING: C:\Users\steve\code\KillerPDF-Corpus\corpus\regression\arxiv-cc-2025-01-08-to-14-batch3\2501.04763v1.pdf (object 109 0, offset 1346345): dictionary has duplicated key /h.ln573u1o8x4q; last occurrence overrides earlier ones WARNING: C:\Users\steve\code\KillerPDF-Corpus\corpus\regression\arxiv-cc-2025-01-08-to-14-batch3\2501.04763v1.pdf (object 109 0, offset 1346345): dictionary has duplicated key /h.rlxmpy3vih81; last occurrence overrides earlier ones WARNING: C:\Users\steve\code\KillerPDF-Corpus\corpus\regression\arxiv-cc-2025-01-08-to-14-batch3\2501.04763v1.pdf (object 109 0, offset 1346345): dictionary has duplicated key /h.rlxmpy3vih81; last occurrence overrides earlier ones WARNING: C:\Users\steve\code\KillerPDF-Corpus\corpus\regression\arxiv-cc-2025-01-08-to-14-batch3\2501.04763v1.pdf (object 109 0, offset 1346345): dictionary has duplicated key /h.f52p1ugmtk6n; last occurrence overrides earlier ones WARNING: C:\Users\steve\code\KillerPDF-Corpus\corpus\regression\arxiv-cc-2025-01-08-to-14-batch3\2501.04763v1.pdf (object 109 0, offset 1346345): dictionary has duplicated key /h.kr53j0uis9gx; last occurrence overrides earlier ones WARNING: C:\Users\steve\code\KillerPDF-Corpus\corpus\regression\arxiv-cc-2025-01-08-to-14-batch3\2501.04763v1.pdf (object 109 0, offset 1346345): dictionary has duplicated key /h.kutbb6feierf; last occurrence overrides earlier ones qpdf: operation succeeded with warnings"
"regression/arxiv-cc-2025-01-08-to-14-batch3/2501.04764v1.pdf","E911737F28B56394FEA21EC9287EE4BC0D7F951AFDC8209E2BA1E071BCE44E0C","2339400","0","checking C:\Users\steve\code\KillerPDF-Corpus\corpus\regression\arxiv-cc-2025-01-08-to-14-batch3\2501.04764v1.pdf PDF Version: 1.5 File is not encrypted File is not linearized No syntax or stream encoding errors found; the file may still contain errors that qpdf cannot detect"
"regression/arxiv-cc-2025-01-08-to-14-batch3/2501.04781v1.pdf","D04FF57C254103BBC292C3B3B3A331599972C2A3244B77659CB5D53B7A8E2C29","576248","0","checking C:\Users\steve\code\KillerPDF-Corpus\corpus\regression\arxiv-cc-2025-01-08-to-14-batch3\2501.04781v1.pdf PDF Version: 1.5 File is not encrypted File is not linearized No syntax or stream encoding errors found; the file may still contain errors that qpdf cannot detect"
"regression/arxiv-cc-2025-01-08-to-14-batch3/2501.04783v1.pdf","5B86F744F9476A4C9CD813A7025A76AAAD63002338A3FD80F5CF36EFE9710467","462217","0","checking C:\Users\steve\code\KillerPDF-Corpus\corpus\regression\arxiv-cc-2025-01-08-to-14-batch3\2501.04783v1.pdf PDF Version: 1.5 File is not encrypted File is not linearized No syntax or stream encoding errors found; the file may still contain errors that qpdf cannot detect"
"regression/arxiv-cc-2025-01-08-to-14-batch3/2501.04784v1.pdf","AA4838B8DA091CB1CDFE59509B6CC91DB22B1948C2FE4333A09845911FF83030","713367","0","checking C:\Users\steve\code\KillerPDF-Corpus\corpus\regression\arxiv-cc-2025-01-08-to-14-batch3\2501.04784v1.pdf PDF Version: 1.5 File is not encrypted File is not linearized No syntax or stream encoding errors found; the file may still contain errors that qpdf cannot detect"
"regression/arxiv-cc-2025-01-08-to-14-batch3/2501.04787v1.pdf","CCCF930AB3D8358180AF7F232776926850BE36DAE421BCBAE3C4286AAC466B54","712636","0","checking C:\Users\steve\code\KillerPDF-Corpus\corpus\regression\arxiv-cc-2025-01-08-to-14-batch3\2501.04787v1.pdf PDF Version: 1.5 File is not encrypted File is not linearized No syntax or stream encoding errors found; the file may still contain errors that qpdf cannot detect"
"regression/arxiv-cc-2025-01-08-to-14-batch3/2501.04788v1.pdf","50DD4F46C463E04D32545B2BD49610F2C47C52C6196A766A29903C22BDAE4587","2305429","0","checking C:\Users\steve\code\KillerPDF-Corpus\corpus\regression\arxiv-cc-2025-01-08-to-14-batch3\2501.04788v1.pdf PDF Version: 1.5 File is not encrypted File is not linearized No syntax or stream encoding errors found; the file may still contain errors that qpdf cannot detect"
"regression/arxiv-cc-2025-01-08-to-14-batch3/2501.04792v1.pdf","41AF465EDDDD5A9089D40DD3A5E47EF9BE68DBA0749EB6F1CF272AA017897467","503615","0","checking C:\Users\steve\code\KillerPDF-Corpus\corpus\regression\arxiv-cc-2025-01-08-to-14-batch3\2501.04792v1.pdf PDF Version: 1.5 File is not encrypted File is not linearized No syntax or stream encoding errors found; the file may still contain errors that qpdf cannot detect"
"regression/arxiv-cc-2025-01-08-to-14-batch3/2501.04794v2.pdf","6DA2C6724C2CA6C00F5583F500CBE883B239F58CAF4CC3454088F0F3D7FD38EC","1374600","0","checking C:\Users\steve\code\KillerPDF-Corpus\corpus\regression\arxiv-cc-2025-01-08-to-14-batch3\2501.04794v2.pdf PDF Version: 1.4 File is not encrypted File is not linearized No syntax or stream encoding errors found; the file may still contain errors that qpdf cannot detect"
"regression/arxiv-cc-2025-01-08-to-14-batch3/2501.04797v1.pdf","B2A039ABF49C46AF644055C3B4DF99480398DDFD722F3D92AA2DBA890AF6F8EE","345624","0","checking C:\Users\steve\code\KillerPDF-Corpus\corpus\regression\arxiv-cc-2025-01-08-to-14-batch3\2501.04797v1.pdf PDF Version: 1.5 File is not encrypted File is not linearized No syntax or stream encoding errors found; the file may still contain errors that qpdf cannot detect"
"regression/arxiv-cc-2025-01-08-to-14-batch3/2501.04799v1.pdf","ADB5A67774CCA2A693A072348C087B58D0087A1222AC1EB345209E7F3265B0D0","1232878","0","checking C:\Users\steve\code\KillerPDF-Corpus\corpus\regression\arxiv-cc-2025-01-08-to-14-batch3\2501.04799v1.pdf PDF Version: 1.5 File is not encrypted File is not linearized No syntax or stream encoding errors found; the file may still contain errors that qpdf cannot detect"
"regression/arxiv-cc-2025-01-08-to-14-batch3/2501.04807v1.pdf","4B032A97EA75B004D5188540B7957EEEDFBB6CC4504585D4B00A38E4735365F0","554104","0","checking C:\Users\steve\code\KillerPDF-Corpus\corpus\regression\arxiv-cc-2025-01-08-to-14-batch3\2501.04807v1.pdf PDF Version: 1.4 File is not encrypted File is not linearized No syntax or stream encoding errors found; the file may still contain errors that qpdf cannot detect"
"regression/arxiv-cc-2025-01-08-to-14-batch3/2501.04808v1.pdf","ED26BAA00B531A8500A780229111FD08A6237E888BDA5D7FDF88DED7F056D5AC","4375100","0","checking C:\Users\steve\code\KillerPDF-Corpus\corpus\regression\arxiv-cc-2025-01-08-to-14-batch3\2501.04808v1.pdf PDF Version: 1.5 File is not encrypted File is not linearized No syntax or stream encoding errors found; the file may still contain errors that qpdf cannot detect"
"regression/arxiv-cc-2025-01-08-to-14-batch3/2501.04812v1.pdf","68F802E907682B936934337D181D3F2971DBA60645E69C4CD94ED651C4712346","254848","0","checking C:\Users\steve\code\KillerPDF-Corpus\corpus\regression\arxiv-cc-2025-01-08-to-14-batch3\2501.04812v1.pdf PDF Version: 1.4 File is not encrypted File is not linearized No syntax or stream encoding errors found; the file may still contain errors that qpdf cannot detect"
"regression/arxiv-cc-2025-01-08-to-14-batch3/2501.04816v1.pdf","1EB057F49C7198A9EFDBB620C9BA5BEF8E2CA173109931AF57A945A23BE8B6D2","3246864","0","checking C:\Users\steve\code\KillerPDF-Corpus\corpus\regression\arxiv-cc-2025-01-08-to-14-batch3\2501.04816v1.pdf PDF Version: 1.5 File is not encrypted File is not linearized No syntax or stream encoding errors found; the file may still contain errors that qpdf cannot detect"
"regression/arxiv-cc-2025-01-08-to-14-batch3/2501.04818v1.pdf","21D026733E240E01AF7A48317F556643FEF13D789D1472E1046A92496892EAD1","6225385","0","checking C:\Users\steve\code\KillerPDF-Corpus\corpus\regression\arxiv-cc-2025-01-08-to-14-batch3\2501.04818v1.pdf PDF Version: 1.4 File is not encrypted File is not linearized No syntax or stream encoding errors found; the file may still contain errors that qpdf cannot detect"
"regression/arxiv-cc-2025-01-08-to-14-batch3/2501.04819v1.pdf","5E6DB8352854B23CA93D00440A0082554E8853FF69C82172C2997F98BF7BA8D1","481282","0","checking C:\Users\steve\code\KillerPDF-Corpus\corpus\regression\arxiv-cc-2025-01-08-to-14-batch3\2501.04819v1.pdf PDF Version: 1.5 File is not encrypted File is not linearized No syntax or stream encoding errors found; the file may still contain errors that qpdf cannot detect"
"regression/arxiv-cc-2025-01-08-to-14-batch3/2501.04826v1.pdf","AF2A997EB93605DFF886BA9BED011AEF201B021A3BADCEC55FDC06B712C64296","1550857","0","checking C:\Users\steve\code\KillerPDF-Corpus\corpus\regression\arxiv-cc-2025-01-08-to-14-batch3\2501.04826v1.pdf PDF Version: 1.7 File is not encrypted File is not linearized No syntax or stream encoding errors found; the file may still contain errors that qpdf cannot detect"
"regression/arxiv-cc-2025-01-08-to-14-batch3/2501.04829v1.pdf","2E41467DC08BF4547278CA92BD76A2296622CDDC3F8118A1C0770EC242DF7354","2544797","0","checking C:\Users\steve\code\KillerPDF-Corpus\corpus\regression\arxiv-cc-2025-01-08-to-14-batch3\2501.04829v1.pdf PDF Version: 1.4 File is not encrypted File is not linearized No syntax or stream encoding errors found; the file may still contain errors that qpdf cannot detect"
"regression/arxiv-cc-2025-01-08-to-14-batch3/2501.04838v1.pdf","3FDAAB5CC35D35A0DF2D43D6DDB22C6BB477EDC9B6D1E6C11A94D6C6EAF5C0B9","1867451","0","checking C:\Users\steve\code\KillerPDF-Corpus\corpus\regression\arxiv-cc-2025-01-08-to-14-batch3\2501.04838v1.pdf PDF Version: 1.5 File is not encrypted File is not linearized No syntax or stream encoding errors found; the file may still contain errors that qpdf cannot detect"
"regression/arxiv-cc-2025-01-08-to-14-batch3/2501.04839v1.pdf","C3B4A706ECC09F783D26C9A7EB454DA0DBCD921E9D462C3D18E80976B9B29785","2418472","0","checking C:\Users\steve\code\KillerPDF-Corpus\corpus\regression\arxiv-cc-2025-01-08-to-14-batch3\2501.04839v1.pdf PDF Version: 1.5 File is not encrypted File is not linearized No syntax or stream encoding errors found; the file may still contain errors that qpdf cannot detect"
"regression/arxiv-cc-2025-01-08-to-14-batch3/2501.04840v2.pdf","511B4CDD3688FB4A4B4CF3C6141EE254D08CEC71C00ED56DAF4E95862354F18B","5098011","0","checking C:\Users\steve\code\KillerPDF-Corpus\corpus\regression\arxiv-cc-2025-01-08-to-14-batch3\2501.04840v2.pdf PDF Version: 1.5 File is not encrypted File is not linearized No syntax or stream encoding errors found; the file may still contain errors that qpdf cannot detect"
"regression/arxiv-cc-2025-01-08-to-14-batch3/2501.04842v1.pdf","BDBDC3057E1C12134ED0DE5BAC8DE92BA45D742446BC8A03F5DF74AE413CE1CB","955772","0","checking C:\Users\steve\code\KillerPDF-Corpus\corpus\regression\arxiv-cc-2025-01-08-to-14-batch3\2501.04842v1.pdf PDF Version: 1.5 File is not encrypted File is not linearized No syntax or stream encoding errors found; the file may still contain errors that qpdf cannot detect"
"regression/arxiv-cc-2025-01-08-to-14-batch3/2501.04844v1.pdf","4DD01B0D4F2C2BEAE201851F32127312D0DCF59D2ABFE00F43DD47FD88C406C5","540329","0","checking C:\Users\steve\code\KillerPDF-Corpus\corpus\regression\arxiv-cc-2025-01-08-to-14-batch3\2501.04844v1.pdf PDF Version: 1.5 File is not encrypted File is not linearized No syntax or stream encoding errors found; the file may still contain errors that qpdf cannot detect"
"regression/arxiv-cc-2025-01-08-to-14-batch3/2501.04845v1.pdf","BD884F5A4D00FDA76BAE310BF5D0AC8ADF676FFE4610E5E412A3D63D959E68DE","109928","0","checking C:\Users\steve\code\KillerPDF-Corpus\corpus\regression\arxiv-cc-2025-01-08-to-14-batch3\2501.04845v1.pdf PDF Version: 1.4 File is not encrypted File is not linearized No syntax or stream encoding errors found; the file may still contain errors that qpdf cannot detect"
"regression/arxiv-cc-2025-01-08-to-14-batch3/2501.04851v1.pdf","42DDBEA529067BD8859B36210BF64A39B66C49EF39CD78C2DCD69E4EBE5B496C","170728","0","checking C:\Users\steve\code\KillerPDF-Corpus\corpus\regression\arxiv-cc-2025-01-08-to-14-batch3\2501.04851v1.pdf PDF Version: 1.4 File is not encrypted File is not linearized No syntax or stream encoding errors found; the file may still contain errors that qpdf cannot detect"
"regression/arxiv-cc-2025-01-08-to-14-batch3/2501.04859v1.pdf","575E066497BAA7542C3042E95B3EB2C213653E1AF18CD1378CCD8FD3BF91EDF4","201517","0","checking C:\Users\steve\code\KillerPDF-Corpus\corpus\regression\arxiv-cc-2025-01-08-to-14-batch3\2501.04859v1.pdf PDF Version: 1.4 File is not encrypted File is not linearized No syntax or stream encoding errors found; the file may still contain errors that qpdf cannot detect"
"regression/arxiv-cc-2025-01-08-to-14-batch3/2501.04867v1.pdf","62A762EC5CE1BF45AAA9754AE54313FEA09195624DF254BB79F28F52BE1A4446","2060022","0","checking C:\Users\steve\code\KillerPDF-Corpus\corpus\regression\arxiv-cc-2025-01-08-to-14-batch3\2501.04867v1.pdf PDF Version: 1.5 File is not encrypted File is not linearized No syntax or stream encoding errors found; the file may still contain errors that qpdf cannot detect"
"regression/arxiv-cc-2025-01-08-to-14-batch3/2501.04868v1.pdf","9C31BF547518A1D7265B21215EA7A79704B03FB17B140C9A161B7D28955A9F9A","36910113","0","checking C:\Users\steve\code\KillerPDF-Corpus\corpus\regression\arxiv-cc-2025-01-08-to-14-batch3\2501.04868v1.pdf PDF Version: 1.5 File is not encrypted File is not linearized No syntax or stream encoding errors found; the file may still contain errors that qpdf cannot detect"
"regression/arxiv-cc-2025-01-08-to-14-batch3/2501.04869v1.pdf","7AB90F986459E4319B7431F3628AD573B409D96815A997C7BCF7135D42BBED83","5872997","3","checking C:\Users\steve\code\KillerPDF-Corpus\corpus\regression\arxiv-cc-2025-01-08-to-14-batch3\2501.04869v1.pdf PDF Version: 1.4 File is not encrypted File is not linearized WARNING: C:\Users\steve\code\KillerPDF-Corpus\corpus\regression\arxiv-cc-2025-01-08-to-14-batch3\2501.04869v1.pdf (object 488 0, offset 5421746): dictionary has duplicated key /h.cqbcb6boz2an; last occurrence overrides earlier ones WARNING: C:\Users\steve\code\KillerPDF-Corpus\corpus\regression\arxiv-cc-2025-01-08-to-14-batch3\2501.04869v1.pdf (object 488 0, offset 5421746): dictionary has duplicated key /h.krtpiobq116j; last occurrence overrides earlier ones WARNING: C:\Users\steve\code\KillerPDF-Corpus\corpus\regression\arxiv-cc-2025-01-08-to-14-batch3\2501.04869v1.pdf (object 488 0, offset 5421746): dictionary has duplicated key /h.bo3u32fene54; last occurrence overrides earlier ones WARNING: C:\Users\steve\code\KillerPDF-Corpus\corpus\regression\arxiv-cc-2025-01-08-to-14-batch3\2501.04869v1.pdf (object 488 0, offset 5421746): dictionary has duplicated key /h.krtpiobq116j; last occurrence overrides earlier ones WARNING: C:\Users\steve\code\KillerPDF-Corpus\corpus\regression\arxiv-cc-2025-01-08-to-14-batch3\2501.04869v1.pdf (object 488 0, offset 5421746): dictionary has duplicated key /h.krtpiobq116j; last occurrence overrides earlier ones WARNING: C:\Users\steve\code\KillerPDF-Corpus\corpus\regression\arxiv-cc-2025-01-08-to-14-batch3\2501.04869v1.pdf (object 488 0, offset 5421746): dictionary has duplicated key /h.krtpiobq116j; last occurrence overrides earlier ones WARNING: C:\Users\steve\code\KillerPDF-Corpus\corpus\regression\arxiv-cc-2025-01-08-to-14-batch3\2501.04869v1.pdf (object 488 0, offset 5421746): dictionary has duplicated key /h.krtpiobq116j; last occurrence overrides earlier ones qpdf: operation succeeded with warnings"
"regression/arxiv-cc-2025-01-08-to-14-batch3/2501.04872v1.pdf","92304A9C0CF06B8F943731C8D0EE85F699E2DFEAA4394FE40651E9CE9AD526A8","677999","0","checking C:\Users\steve\code\KillerPDF-Corpus\corpus\regression\arxiv-cc-2025-01-08-to-14-batch3\2501.04872v1.pdf PDF Version: 1.5 File is not encrypted File is not linearized No syntax or stream encoding errors found; the file may still contain errors that qpdf cannot detect"
"regression/arxiv-cc-2025-01-08-to-14-batch3/2501.04877v1.pdf","04ABCA2E54FCCF45CDA9E15B763D33B3D49306D04FBEC4088A9C11AC2FED8CB1","861487","0","checking C:\Users\steve\code\KillerPDF-Corpus\corpus\regression\arxiv-cc-2025-01-08-to-14-batch3\2501.04877v1.pdf PDF Version: 1.5 File is not encrypted File is not linearized No syntax or stream encoding errors found; the file may still contain errors that qpdf cannot detect"
"regression/arxiv-cc-2025-01-08-to-14-batch3/2501.04881v1.pdf","DCF41D63D69B7391BD2B0E74FC0434DC108D1ADD95FC79FB5949C3A3D81C06E3","42153856","0","checking C:\Users\steve\code\KillerPDF-Corpus\corpus\regression\arxiv-cc-2025-01-08-to-14-batch3\2501.04881v1.pdf PDF Version: 1.5 File is not encrypted File is not linearized No syntax or stream encoding errors found; the file may still contain errors that qpdf cannot detect"
"regression/arxiv-cc-2025-01-08-to-14-batch3/2501.04882v1.pdf","D01BEFAC2D31D573D656914DC1176C6047964276B40AF1E3A0EE0C5477CCA2A8","826867","0","checking C:\Users\steve\code\KillerPDF-Corpus\corpus\regression\arxiv-cc-2025-01-08-to-14-batch3\2501.04882v1.pdf PDF Version: 1.5 File is not encrypted File is not linearized No syntax or stream encoding errors found; the file may still contain errors that qpdf cannot detect"
"regression/arxiv-cc-2025-01-08-to-14-batch3/2501.04887v1.pdf","C01EFDF1DE6BBD0CFC6202F5E9CD5853940483CB260B5D9AFF3D11A53500B0DD","316909","0","checking C:\Users\steve\code\KillerPDF-Corpus\corpus\regression\arxiv-cc-2025-01-08-to-14-batch3\2501.04887v1.pdf PDF Version: 1.4 File is not encrypted File is not linearized No syntax or stream encoding errors found; the file may still contain errors that qpdf cannot detect"
"regression/arxiv-cc-2025-01-08-to-14-batch3/2501.04888v1.pdf","B825E6FB61E9D48385DFFA88B26E4107773AC8B146CFA565710CC68EA99F0CDD","139461","0","checking C:\Users\steve\code\KillerPDF-Corpus\corpus\regression\arxiv-cc-2025-01-08-to-14-batch3\2501.04888v1.pdf PDF Version: 1.4 File is not encrypted File is not linearized No syntax or stream encoding errors found; the file may still contain errors that qpdf cannot detect"
"regression/arxiv-cc-2025-01-08-to-14-batch3/2501.04897v1.pdf","CA2AAC71E629EFA135CF30C98CE0A9939A93D6E75B6DB76357430B87FBFD3987","3448977","0","checking C:\Users\steve\code\KillerPDF-Corpus\corpus\regression\arxiv-cc-2025-01-08-to-14-batch3\2501.04897v1.pdf PDF Version: 1.5 File is not encrypted File is not linearized No syntax or stream encoding errors found; the file may still contain errors that qpdf cannot detect"
"regression/arxiv-cc-2025-01-08-to-14-batch3/2501.04898v1.pdf","73AB39CF1361BC23A93522C10E8485D38E6FE6469770806404E95FE50501E637","694838","0","checking C:\Users\steve\code\KillerPDF-Corpus\corpus\regression\arxiv-cc-2025-01-08-to-14-batch3\2501.04898v1.pdf PDF Version: 1.4 File is not encrypted File is not linearized No syntax or stream encoding errors found; the file may still contain errors that qpdf cannot detect"
"regression/arxiv-cc-2025-01-08-to-14-batch3/2501.04902v1.pdf","EC6B9C8B3EF1CC2DADFBC90BF7659CFD97D3BFCBA51DA699A1610F247E4D3D02","3483485","0","checking C:\Users\steve\code\KillerPDF-Corpus\corpus\regression\arxiv-cc-2025-01-08-to-14-batch3\2501.04902v1.pdf PDF Version: 1.5 File is not encrypted File is not linearized No syntax or stream encoding errors found; the file may still contain errors that qpdf cannot detect"
"regression/arxiv-cc-2025-01-08-to-14-batch3/2501.04911v1.pdf","3E5464427DF5764B2571E55F759105F1F74CCABBF899AAA1513056718E5EED5A","869904","0","checking C:\Users\steve\code\KillerPDF-Corpus\corpus\regression\arxiv-cc-2025-01-08-to-14-batch3\2501.04911v1.pdf PDF Version: 1.5 File is not encrypted File is not linearized No syntax or stream encoding errors found; the file may still contain errors that qpdf cannot detect"
"regression/arxiv-cc-2025-01-08-to-14-batch3/2501.04915v1.pdf","C57B94B62689562AAC3FD99F65446FB056A4C8FDC63FDDC9D9BD8373CE42CFF9","850078","0","checking C:\Users\steve\code\KillerPDF-Corpus\corpus\regression\arxiv-cc-2025-01-08-to-14-batch3\2501.04915v1.pdf PDF Version: 1.5 File is not encrypted File is not linearized No syntax or stream encoding errors found; the file may still contain errors that qpdf cannot detect"
"regression/arxiv-cc-2025-01-08-to-14-batch3/2501.04921v1.pdf","1D1C58BFE31B7CFF4B03D20B9C1A8E2A7DA627AC666E88E1E629FBD2B6DA4CA0","501769","0","checking C:\Users\steve\code\KillerPDF-Corpus\corpus\regression\arxiv-cc-2025-01-08-to-14-batch3\2501.04921v1.pdf PDF Version: 1.5 File is not encrypted File is not linearized No syntax or stream encoding errors found; the file may still contain errors that qpdf cannot detect"
"regression/arxiv-cc-2025-01-08-to-14-batch3/2501.04941v1.pdf","C765C13C6E8169CF3F888C8FC10C1C6A648AF3B9B78079D610CC71E3DC1A58CA","394231","0","checking C:\Users\steve\code\KillerPDF-Corpus\corpus\regression\arxiv-cc-2025-01-08-to-14-batch3\2501.04941v1.pdf PDF Version: 1.5 File is not encrypted File is not linearized No syntax or stream encoding errors found; the file may still contain errors that qpdf cannot detect"
"regression/arxiv-cc-2025-01-08-to-14-batch3/2501.04948v1.pdf","D91DF821C9FE7B06D6E0E5F0007A839FD286932F170554B83B11AFA7CB9AC3B4","44162791","0","checking C:\Users\steve\code\KillerPDF-Corpus\corpus\regression\arxiv-cc-2025-01-08-to-14-batch3\2501.04948v1.pdf PDF Version: 1.5 File is not encrypted File is not linearized No syntax or stream encoding errors found; the file may still contain errors that qpdf cannot detect"
"regression/arxiv-cc-2025-01-08-to-14-batch3/2501.04952v1.pdf","81415F9202578E2FC9FCBF7E82157E82FA90B034B841FF347A13C3F82046DDD3","592250","0","checking C:\Users\steve\code\KillerPDF-Corpus\corpus\regression\arxiv-cc-2025-01-08-to-14-batch3\2501.04952v1.pdf PDF Version: 1.5 File is not encrypted File is not linearized No syntax or stream encoding errors found; the file may still contain errors that qpdf cannot detect"
"regression/arxiv-cc-2025-01-08-to-14-batch3/2501.04954v2.pdf","0CC9858D49D17674F80BBBC0C50416D013F26847C5148B41D1B079E2A39E7E80","581778","0","checking C:\Users\steve\code\KillerPDF-Corpus\corpus\regression\arxiv-cc-2025-01-08-to-14-batch3\2501.04954v2.pdf PDF Version: 1.4 File is not encrypted File is not linearized No syntax or stream encoding errors found; the file may still contain errors that qpdf cannot detect"
"regression/arxiv-cc-2025-01-08-to-14-batch3/2501.04955v2.pdf","0423E66614A76B4542E5D68F30634442B9A74173FD96AB1F70EFD27FDABABA68","3151205","0","checking C:\Users\steve\code\KillerPDF-Corpus\corpus\regression\arxiv-cc-2025-01-08-to-14-batch3\2501.04955v2.pdf PDF Version: 1.5 File is not encrypted File is not linearized No syntax or stream encoding errors found; the file may still contain errors that qpdf cannot detect"
"regression/arxiv-cc-2025-01-08-to-14-batch3/2501.04979v1.pdf","F16201F97E142D82060AB7BCE52170CF158C3C3237CD662E07D3B640EA7A92C6","896882","0","checking C:\Users\steve\code\KillerPDF-Corpus\corpus\regression\arxiv-cc-2025-01-08-to-14-batch3\2501.04979v1.pdf PDF Version: 1.4 File is not encrypted File is not linearized No syntax or stream encoding errors found; the file may still contain errors that qpdf cannot detect"
"regression/arxiv-cc-2025-01-08-to-14-batch3/2501.04980v1.pdf","649A993F57457BBA13F5A710981BC027AB19FA8AFFAE1C904B7F0D3C34C1C768","1023374","0","checking C:\Users\steve\code\KillerPDF-Corpus\corpus\regression\arxiv-cc-2025-01-08-to-14-batch3\2501.04980v1.pdf PDF Version: 1.5 File is not encrypted File is not linearized No syntax or stream encoding errors found; the file may still contain errors that qpdf cannot detect"
"regression/arxiv-cc-2025-01-08-to-14-batch3/2501.04985v1.pdf","92CFC30EA1705BEF1E20476CC981B7ACA84513E6EF769F6A16D6299BF779A5B7","1083628","0","checking C:\Users\steve\code\KillerPDF-Corpus\corpus\regression\arxiv-cc-2025-01-08-to-14-batch3\2501.04985v1.pdf PDF Version: 1.5 File is not encrypted File is not linearized No syntax or stream encoding errors found; the file may still contain errors that qpdf cannot detect"
"regression/arxiv-cc-2025-01-08-to-14-batch3/2501.04986v1.pdf","7F1C3BD1B32F049D57F309AD32F8460CE6662A94D1D12C116D494623753C5EFD","3920096","0","checking C:\Users\steve\code\KillerPDF-Corpus\corpus\regression\arxiv-cc-2025-01-08-to-14-batch3\2501.04986v1.pdf PDF Version: 1.5 File is not encrypted File is not linearized No syntax or stream encoding errors found; the file may still contain errors that qpdf cannot detect"
"regression/arxiv-cc-2025-01-08-to-14-batch3/2501.04996v1.pdf","B60F636455B7E595503BB51CD863FD710863F71E9DB8F4A8232D02741E77BFE9","324498","0","checking C:\Users\steve\code\KillerPDF-Corpus\corpus\regression\arxiv-cc-2025-01-08-to-14-batch3\2501.04996v1.pdf PDF Version: 1.7 File is not encrypted File is not linearized No syntax or stream encoding errors found; the file may still contain errors that qpdf cannot detect"
"regression/arxiv-cc-2025-01-08-to-14-batch3/2501.04997v1.pdf","FA89F5B129A84D7075D65C56856679048F0ACB6E944EC5F8E55C6F7DF94E4466","491114","0","checking C:\Users\steve\code\KillerPDF-Corpus\corpus\regression\arxiv-cc-2025-01-08-to-14-batch3\2501.04997v1.pdf PDF Version: 1.5 File is not encrypted File is not linearized No syntax or stream encoding errors found; the file may still contain errors that qpdf cannot detect"
"regression/arxiv-cc-2025-01-08-to-14-batch3/2501.05006v1.pdf","D9ACD02689C8C58DDE4B3371B7BE422913A8271811AB064D76BC2E28E164B46D","1396807","0","checking C:\Users\steve\code\KillerPDF-Corpus\corpus\regression\arxiv-cc-2025-01-08-to-14-batch3\2501.05006v1.pdf PDF Version: 1.5 File is not encrypted File is not linearized No syntax or stream encoding errors found; the file may still contain errors that qpdf cannot detect"
"regression/arxiv-cc-2025-01-08-to-14-batch3/2501.05010v1.pdf","162A49AE559DC2203FBCBAAC8DC89098886677829F62799088E656F807E9CCE4","1416981","0","checking C:\Users\steve\code\KillerPDF-Corpus\corpus\regression\arxiv-cc-2025-01-08-to-14-batch3\2501.05010v1.pdf PDF Version: 1.5 File is not encrypted File is not linearized No syntax or stream encoding errors found; the file may still contain errors that qpdf cannot detect"
"regression/arxiv-cc-2025-01-08-to-14-batch3/2501.05015v1.pdf","149A9D62DDC66DD37A9A2A75B83DA546AD05877F2CFE8E6274181F57C25BCD6D","1684062","0","checking C:\Users\steve\code\KillerPDF-Corpus\corpus\regression\arxiv-cc-2025-01-08-to-14-batch3\2501.05015v1.pdf PDF Version: 1.5 File is not encrypted File is not linearized No syntax or stream encoding errors found; the file may still contain errors that qpdf cannot detect"
"regression/arxiv-cc-2025-01-08-to-14-batch3/2501.05018v1.pdf","84E7DE926D0B1E0815A0C619C8D004A5E61E7509B649DD137A868A72EBF6D614","6846107","0","checking C:\Users\steve\code\KillerPDF-Corpus\corpus\regression\arxiv-cc-2025-01-08-to-14-batch3\2501.05018v1.pdf PDF Version: 1.7 File is not encrypted File is not linearized No syntax or stream encoding errors found; the file may still contain errors that qpdf cannot detect"
"regression/arxiv-cc-2025-01-08-to-14-batch3/2501.05026v1.pdf","E10983167ACF540F955EFF27979949DAED8467AD3479DDFEBFFF95A6B8BB0BBA","926140","0","checking C:\Users\steve\code\KillerPDF-Corpus\corpus\regression\arxiv-cc-2025-01-08-to-14-batch3\2501.05026v1.pdf PDF Version: 1.5 File is not encrypted File is not linearized No syntax or stream encoding errors found; the file may still contain errors that qpdf cannot detect"
"regression/arxiv-cc-2025-01-08-to-14-batch3/2501.05030v1.pdf","F57EFBFE715AA229DC8FC14D3FC81A61F5B68950851390381D4F97C004A73E76","585390","0","checking C:\Users\steve\code\KillerPDF-Corpus\corpus\regression\arxiv-cc-2025-01-08-to-14-batch3\2501.05030v1.pdf PDF Version: 1.5 File is not encrypted File is not linearized No syntax or stream encoding errors found; the file may still contain errors that qpdf cannot detect"
"regression/arxiv-cc-2025-01-08-to-14-batch3/2501.05038v1.pdf","0B55B9CC6E7105A1F0296935F5F10F6172C14ECE19D75B30198C29BC0487E1D0","12587777","3","checking C:\Users\steve\code\KillerPDF-Corpus\corpus\regression\arxiv-cc-2025-01-08-to-14-batch3\2501.05038v1.pdf PDF Version: 1.3 File is not encrypted File is not linearized WARNING: C:\Users\steve\code\KillerPDF-Corpus\corpus\regression\arxiv-cc-2025-01-08-to-14-batch3\2501.05038v1.pdf (object 6 0): object has offset 0 - a common error handled correctly by qpdf and most other applications WARNING: C:\Users\steve\code\KillerPDF-Corpus\corpus\regression\arxiv-cc-2025-01-08-to-14-batch3\2501.05038v1.pdf (object 8 0): object has offset 0 - a common error handled correctly by qpdf and most other applications WARNING: C:\Users\steve\code\KillerPDF-Corpus\corpus\regression\arxiv-cc-2025-01-08-to-14-batch3\2501.05038v1.pdf (object 10 0): object has offset 0 - a common error handled correctly by qpdf and most other applications WARNING: C:\Users\steve\code\KillerPDF-Corpus\corpus\regression\arxiv-cc-2025-01-08-to-14-batch3\2501.05038v1.pdf (object 12 0): object has offset 0 - a common error handled correctly by qpdf and most other applications WARNING: C:\Users\steve\code\KillerPDF-Corpus\corpus\regression\arxiv-cc-2025-01-08-to-14-batch3\2501.05038v1.pdf (object 14 0): object has offset 0 - a common error handled correctly by qpdf and most other applications WARNING: C:\Users\steve\code\KillerPDF-Corpus\corpus\regression\arxiv-cc-2025-01-08-to-14-batch3\2501.05038v1.pdf (object 16 0): object has offset 0 - a common error handled correctly by qpdf and most other applications WARNING: C:\Users\steve\code\KillerPDF-Corpus\corpus\regression\arxiv-cc-2025-01-08-to-14-batch3\2501.05038v1.pdf (object 18 0): object has offset 0 - a common error handled correctly by qpdf and most other applications WARNING: C:\Users\steve\code\KillerPDF-Corpus\corpus\regression\arxiv-cc-2025-01-08-to-14-batch3\2501.05038v1.pdf (object 20 0): object has offset 0 - a common error handled correctly by qpdf and most other applications WARNING: C:\Users\steve\code\KillerPDF-Corpus\corpus\regression\arxiv-cc-2025-01-08-to-14-batch3\2501.05038v1.pdf (object 22 0): object has offset 0 - a common error handled correctly by qpdf and most other applications WARNING: C:\Users\steve\code\KillerPDF-Corpus\corpus\regression\arxiv-cc-2025-01-08-to-14-batch3\2501.05038v1.pdf (object 24 0): object has offset 0 - a common error handled correctly by qpdf and most other applications WARNING: C:\Users\steve\code\KillerPDF-Corpus\corpus\regression\arxiv-cc-2025-01-08-to-14-batch3\2501.05038v1.pdf (object 26 0): object has offset 0 - a common error handled correctly by qpdf and most other applications WARNING: C:\Users\steve\code\KillerPDF-Corpus\corpus\regression\arxiv-cc-2025-01-08-to-14-batch3\2501.05038v1.pdf (object 35 0): object has offset 0 - a common error handled correctly by qpdf and most other applications WARNING: C:\Users\steve\code\KillerPDF-Corpus\corpus\regression\arxiv-cc-2025-01-08-to-14-batch3\2501.05038v1.pdf (object 40 0): object has offset 0 - a common error handled correctly by qpdf and most other applications WARNING: C:\Users\steve\code\KillerPDF-Corpus\corpus\regression\arxiv-cc-2025-01-08-to-14-batch3\2501.05038v1.pdf (object 42 0): object has offset 0 - a common error handled correctly by qpdf and most other applications WARNING: C:\Users\steve\code\KillerPDF-Corpus\corpus\regression\arxiv-cc-2025-01-08-to-14-batch3\2501.05038v1.pdf (object 50 0): object has offset 0 - a common error handled correctly by qpdf and most other applications WARNING: C:\Users\steve\code\KillerPDF-Corpus\corpus\regression\arxiv-cc-2025-01-08-to-14-batch3\2501.05038v1.pdf (object 52 0): object has offset 0 - a common error handled correctly by qpdf and most other applications WARNING: C:\Users\steve\code\KillerPDF-Corpus\corpus\regression\arxiv-cc-2025-01-08-to-14-batch3\2501.05038v1.pdf (object 70 0): object has offset 0 - a common error handled correctly by qpdf and most other applications WARNING: C:\Users\steve\code\KillerPDF-Corpus\corpus\regression\arxiv-cc-2025-01-08-to-14-batch3\2501.05038v1.pdf (object 72 0): object has offset 0 - a common error handled correctly by qpdf and most other applications WARNING: C:\Users\steve\code\KillerPDF-Corpus\corpus\regression\arxiv-cc-2025-01-08-to-14-batch3\2501.05038v1.pdf (object 77 0): object has offset 0 - a common error handled correctly by qpdf and most other applications WARNING: C:\Users\steve\code\KillerPDF-Corpus\corpus\regression\arxiv-cc-2025-01-08-to-14-batch3\2501.05038v1.pdf (object 85 0): object has offset 0 - a common error handled correctly by qpdf and most other applications WARNING: C:\Users\steve\code\KillerPDF-Corpus\corpus\regression\arxiv-cc-2025-01-08-to-14-batch3\2501.05038v1.pdf (object 100 0): object has offset 0 - a common error handled correctly by qpdf and most other applications WARNING: C:\Users\steve\code\KillerPDF-Corpus\corpus\regression\arxiv-cc-2025-01-08-to-14-batch3\2501.05038v1.pdf (object 102 0): object has offset 0 - a common error handled correctly by qpdf and most other applications WARNING: C:\Users\steve\code\KillerPDF-Corpus\corpus\regression\arxiv-cc-2025-01-08-to-14-batch3\2501.05038v1.pdf (object 132 0): object has offset 0 - a common error handled correctly by qpdf and most other applications qpdf: operation succeeded with warnings"
"regression/arxiv-cc-2025-01-08-to-14-batch3/2501.05043v1.pdf","DB18970E6188BFDAA1D27A1AA54FC24A8BB659C56AD884A457846D4369A28E4C","2981623","3","checking C:\Users\steve\code\KillerPDF-Corpus\corpus\regression\arxiv-cc-2025-01-08-to-14-batch3\2501.05043v1.pdf PDF Version: 1.7 File is not encrypted File is linearized WARNING: C:\Users\steve\code\KillerPDF-Corpus\corpus\regression\arxiv-cc-2025-01-08-to-14-batch3\2501.05043v1.pdf: shared object 3577 length mismatch: hint table = 7214; computed = 7215 WARNING: C:\Users\steve\code\KillerPDF-Corpus\corpus\regression\arxiv-cc-2025-01-08-to-14-batch3\2501.05043v1.pdf: object count mismatch for page 0: hint table = 3524; computed = 3503 WARNING: C:\Users\steve\code\KillerPDF-Corpus\corpus\regression\arxiv-cc-2025-01-08-to-14-batch3\2501.05043v1.pdf: page 1: shared object 824: in hint table but not computed list WARNING: C:\Users\steve\code\KillerPDF-Corpus\corpus\regression\arxiv-cc-2025-01-08-to-14-batch3\2501.05043v1.pdf: page 1: shared object 825: in hint table but not computed list WARNING: C:\Users\steve\code\KillerPDF-Corpus\corpus\regression\arxiv-cc-2025-01-08-to-14-batch3\2501.05043v1.pdf: page 1: shared object 826: in hint table but not computed list WARNING: C:\Users\steve\code\KillerPDF-Corpus\corpus\regression\arxiv-cc-2025-01-08-to-14-batch3\2501.05043v1.pdf: page 1: shared object 827: in hint table but not computed list WARNING: C:\Users\steve\code\KillerPDF-Corpus\corpus\regression\arxiv-cc-2025-01-08-to-14-batch3\2501.05043v1.pdf: page 1: shared object 828: in hint table but not computed list WARNING: C:\Users\steve\code\KillerPDF-Corpus\corpus\regression\arxiv-cc-2025-01-08-to-14-batch3\2501.05043v1.pdf: page 1: shared object 829: in hint table but not computed list WARNING: C:\Users\steve\code\KillerPDF-Corpus\corpus\regression\arxiv-cc-2025-01-08-to-14-batch3\2501.05043v1.pdf: page 1: shared object 830: in hint table but not computed list WARNING: C:\Users\steve\code\KillerPDF-Corpus\corpus\regression\arxiv-cc-2025-01-08-to-14-batch3\2501.05043v1.pdf: page 1: shared object 831: in hint table but not computed list WARNING: C:\Users\steve\code\KillerPDF-Corpus\corpus\regression\arxiv-cc-2025-01-08-to-14-batch3\2501.05043v1.pdf: page 1: shared object 832: in hint table but not computed list WARNING: C:\Users\steve\code\KillerPDF-Corpus\corpus\regression\arxiv-cc-2025-01-08-to-14-batch3\2501.05043v1.pdf: page 1: shared object 833: in hint table but not computed list WARNING: C:\Users\steve\code\KillerPDF-Corpus\corpus\regression\arxiv-cc-2025-01-08-to-14-batch3\2501.05043v1.pdf: page 1: shared object 834: in hint table but not computed list WARNING: C:\Users\steve\code\KillerPDF-Corpus\corpus\regression\arxiv-cc-2025-01-08-to-14-batch3\2501.05043v1.pdf: page 1: shared object 835: in hint table but not computed list WARNING: C:\Users\steve\code\KillerPDF-Corpus\corpus\regression\arxiv-cc-2025-01-08-to-14-batch3\2501.05043v1.pdf: page 1: shared object 836: in hint table but not computed list WARNING: C:\Users\steve\code\KillerPDF-Corpus\corpus\regression\arxiv-cc-2025-01-08-to-14-batch3\2501.05043v1.pdf: page 1: shared object 837: in hint table but not computed list WARNING: C:\Users\steve\code\KillerPDF-Corpus\corpus\regression\arxiv-cc-2025-01-08-to-14-batch3\2501.05043v1.pdf: page 1: shared object 838: in hint table but not computed list WARNING: C:\Users\steve\code\KillerPDF-Corpus\corpus\regression\arxiv-cc-2025-01-08-to-14-batch3\2501.05043v1.pdf: page 1: shared object 839: in hint table but not computed list WARNING: C:\Users\steve\code\KillerPDF-Corpus\corpus\regression\arxiv-cc-2025-01-08-to-14-batch3\2501.05043v1.pdf: page 1: shared object 840: in hint table but not computed list WARNING: C:\Users\steve\code\KillerPDF-Corpus\corpus\regression\arxiv-cc-2025-01-08-to-14-batch3\2501.05043v1.pdf: page 1: shared object 841: in hint table but not computed list WARNING: C:\Users\steve\code\KillerPDF-Corpus\corpus\regression\arxiv-cc-2025-01-08-to-14-batch3\2501.05043v1.pdf: page 1: shared object 842: in hint table but not computed list WARNING: C:\Users\steve\code\KillerPDF-Corpus\corpus\regression\arxiv-cc-2025-01-08-to-14-batch3\2501.05043v1.pdf: page 1: shared object 843: in hint table but not computed list WARNING: C:\Users\steve\code\KillerPDF-Corpus\corpus\regression\arxiv-cc-2025-01-08-to-14-batch3\2501.05043v1.pdf: page 1: shared object 844: in hint table but not computed list WARNING: C:\Users\steve\code\KillerPDF-Corpus\corpus\regression\arxiv-cc-2025-01-08-to-14-batch3\2501.05043v1.pdf: page 2: shared object 824: in hint table but not computed list WARNING: C:\Users\steve\code\KillerPDF-Corpus\corpus\regression\arxiv-cc-2025-01-08-to-14-batch3\2501.05043v1.pdf: page 2: shared object 825: in hint table but not computed list WARNING: C:\Users\steve\code\KillerPDF-Corpus\corpus\regression\arxiv-cc-2025-01-08-to-14-batch3\2501.05043v1.pdf: page 2: shared object 826: in hint table but not computed list WARNING: C:\Users\steve\code\KillerPDF-Corpus\corpus\regression\arxiv-cc-2025-01-08-to-14-batch3\2501.05043v1.pdf: page 2: shared object 827: in hint table but not computed list WARNING: C:\Users\steve\code\KillerPDF-Corpus\corpus\regression\arxiv-cc-2025-01-08-to-14-batch3\2501.05043v1.pdf: page 2: shared object 828: in hint table but not computed list WARNING: C:\Users\steve\code\KillerPDF-Corpus\corpus\regression\arxiv-cc-2025-01-08-to-14-batch3\2501.05043v1.pdf: page 2: shared object 829: in hint table but not computed list WARNING: C:\Users\steve\code\KillerPDF-Corpus\corpus\regression\arxiv-cc-2025-01-08-to-14-batch3\2501.05043v1.pdf: page 2: shared object 830: in hint table but not computed list WARNING: C:\Users\steve\code\KillerPDF-Corpus\corpus\regression\arxiv-cc-2025-01-08-to-14-batch3\2501.05043v1.pdf: page 2: shared object 831: in hint table but not computed list WARNING: C:\Users\steve\code\KillerPDF-Corpus\corpus\regression\arxiv-cc-2025-01-08-to-14-batch3\2501.05043v1.pdf: page 2: shared object 832: in hint table but not computed list WARNING: C:\Users\steve\code\KillerPDF-Corpus\corpus\regression\arxiv-cc-2025-01-08-to-14-batch3\2501.05043v1.pdf: page 2: shared object 833: in hint table but not computed list WARNING: C:\Users\steve\code\KillerPDF-Corpus\corpus\regression\arxiv-cc-2025-01-08-to-14-batch3\2501.05043v1.pdf: page 2: shared object 834: in hint table but not computed list WARNING: C:\Users\steve\code\KillerPDF-Corpus\corpus\regression\arxiv-cc-2025-01-08-to-14-batch3\2501.05043v1.pdf: page 2: shared object 835: in hint table but not computed list WARNING: C:\Users\steve\code\KillerPDF-Corpus\corpus\regression\arxiv-cc-2025-01-08-to-14-batch3\2501.05043v1.pdf: page 2: shared object 836: in hint table but not computed list WARNING: C:\Users\steve\code\KillerPDF-Corpus\corpus\regression\arxiv-cc-2025-01-08-to-14-batch3\2501.05043v1.pdf: page 2: shared object 837: in hint table but not computed list WARNING: C:\Users\steve\code\KillerPDF-Corpus\corpus\regression\arxiv-cc-2025-01-08-to-14-batch3\2501.05043v1.pdf: page 2: shared object 838: in hint table but not computed list WARNING: C:\Users\steve\code\KillerPDF-Corpus\corpus\regression\arxiv-cc-2025-01-08-to-14-batch3\2501.05043v1.pdf: page 2: shared object 839: in hint table but not computed list WARNING: C:\Users\steve\code\KillerPDF-Corpus\corpus\regression\arxiv-cc-2025-01-08-to-14-batch3\2501.05043v1.pdf: page 2: shared object 840: in hint table but not computed list WARNING: C:\Users\steve\code\KillerPDF-Corpus\corpus\regression\arxiv-cc-2025-01-08-to-14-batch3\2501.05043v1.pdf: page 2: shared object 841: in hint table but not computed list WARNING: C:\Users\steve\code\KillerPDF-Corpus\corpus\regression\arxiv-cc-2025-01-08-to-14-batch3\2501.05043v1.pdf: page 2: shared object 842: in hint table but not computed list WARNING: C:\Users\steve\code\KillerPDF-Corpus\corpus\regression\arxiv-cc-2025-01-08-to-14-batch3\2501.05043v1.pdf: page 2: shared object 843: in hint table but not computed list WARNING: C:\Users\steve\code\KillerPDF-Corpus\corpus\regression\arxiv-cc-2025-01-08-to-14-batch3\2501.05043v1.pdf: page 2: shared object 844: in hint table but not computed list WARNING: C:\Users\steve\code\KillerPDF-Corpus\corpus\regression\arxiv-cc-2025-01-08-to-14-batch3\2501.05043v1.pdf: page 3: shared object 824: in hint table but not computed list WARNING: C:\Users\steve\code\KillerPDF-Corpus\corpus\regression\arxiv-cc-2025-01-08-to-14-batch3\2501.05043v1.pdf: page 3: shared object 825: in hint table but not computed list WARNING: C:\Users\steve\code\KillerPDF-Corpus\corpus\regression\arxiv-cc-2025-01-08-to-14-batch3\2501.05043v1.pdf: page 3: shared object 826: in hint table but not computed list WARNING: C:\Users\steve\code\KillerPDF-Corpus\corpus\regression\arxiv-cc-2025-01-08-to-14-batch3\2501.05043v1.pdf: page 3: shared object 827: in hint table but not computed list WARNING: C:\Users\steve\code\KillerPDF-Corpus\corpus\regression\arxiv-cc-2025-01-08-to-14-batch3\2501.05043v1.pdf: page 3: shared object 828: in hint table but not computed list WARNING: C:\Users\steve\code\KillerPDF-Corpus\corpus\regression\arxiv-cc-2025-01-08-to-14-batch3\2501.05043v1.pdf: page 3: shared object 829: in hint table but not computed list WARNING: C:\Users\steve\code\KillerPDF-Corpus\corpus\regression\arxiv-cc-2025-01-08-to-14-batch3\2501.05043v1.pdf: page 3: shared object 830: in hint table but not computed list WARNING: C:\Users\steve\code\KillerPDF-Corpus\corpus\regression\arxiv-cc-2025-01-08-to-14-batch3\2501.05043v1.pdf: page 3: shared object 831: in hint table but not computed list WARNING: C:\Users\steve\code\KillerPDF-Corpus\corpus\regression\arxiv-cc-2025-01-08-to-14-batch3\2501.05043v1.pdf: page 3: shared object 832: in hint table but not computed list WARNING: C:\Users\steve\code\KillerPDF-Corpus\corpus\regression\arxiv-cc-2025-01-08-to-14-batch3\2501.05043v1.pdf: page 3: shared object 833: in hint table but not computed list WARNING: C:\Users\steve\code\KillerPDF-Corpus\corpus\regression\arxiv-cc-2025-01-08-to-14-batch3\2501.05043v1.pdf: page 3: shared object 834: in hint table but not computed list WARNING: C:\Users\steve\code\KillerPDF-Corpus\corpus\regression\arxiv-cc-2025-01-08-to-14-batch3\2501.05043v1.pdf: page 3: shared object 835: in hint table but not computed list WARNING: C:\Users\steve\code\KillerPDF-Corpus\corpus\regression\arxiv-cc-2025-01-08-to-14-batch3\2501.05043v1.pdf: page 3: shared object 836: in hint table but not computed list WARNING: C:\Users\steve\code\KillerPDF-Corpus\corpus\regression\arxiv-cc-2025-01-08-to-14-batch3\2501.05043v1.pdf: page 3: shared object 837: in hint table but not computed list WARNING: C:\Users\steve\code\KillerPDF-Corpus\corpus\regression\arxiv-cc-2025-01-08-to-14-batch3\2501.05043v1.pdf: page 3: shared object 838: in hint table but not computed list WARNING: C:\Users\steve\code\KillerPDF-Corpus\corpus\regression\arxiv-cc-2025-01-08-to-14-batch3\2501.05043v1.pdf: page 3: shared object 839: in hint table but not computed list WARNING: C:\Users\steve\code\KillerPDF-Corpus\corpus\regression\arxiv-cc-2025-01-08-to-14-batch3\2501.05043v1.pdf: page 3: shared object 840: in hint table but not computed list WARNING: C:\Users\steve\code\KillerPDF-Corpus\corpus\regression\arxiv-cc-2025-01-08-to-14-batch3\2501.05043v1.pdf: page 3: shared object 841: in hint table but not computed list WARNING: C:\Users\steve\code\KillerPDF-Corpus\corpus\regression\arxiv-cc-2025-01-08-to-14-batch3\2501.05043v1.pdf: page 3: shared object 842: in hint table but not computed list WARNING: C:\Users\steve\code\KillerPDF-Corpus\corpus\regression\arxiv-cc-2025-01-08-to-14-batch3\2501.05043v1.pdf: page 3: shared object 843: in hint table but not computed list WARNING: C:\Users\steve\code\KillerPDF-Corpus\corpus\regression\arxiv-cc-2025-01-08-to-14-batch3\2501.05043v1.pdf: page 3: shared object 844: in hint table but not computed list WARNING: C:\Users\steve\code\KillerPDF-Corpus\corpus\regression\arxiv-cc-2025-01-08-to-14-batch3\2501.05043v1.pdf: page 4: shared object 824: in hint table but not computed list WARNING: C:\Users\steve\code\KillerPDF-Corpus\corpus\regression\arxiv-cc-2025-01-08-to-14-batch3\2501.05043v1.pdf: page 4: shared object 825: in hint table but not computed list WARNING: C:\Users\steve\code\KillerPDF-Corpus\corpus\regression\arxiv-cc-2025-01-08-to-14-batch3\2501.05043v1.pdf: page 4: shared object 826: in hint table but not computed list WARNING: C:\Users\steve\code\KillerPDF-Corpus\corpus\regression\arxiv-cc-2025-01-08-to-14-batch3\2501.05043v1.pdf: page 4: shared object 827: in hint table but not computed list WARNING: C:\Users\steve\code\KillerPDF-Corpus\corpus\regression\arxiv-cc-2025-01-08-to-14-batch3\2501.05043v1.pdf: page 4: shared object 828: in hint table but not computed list WARNING: C:\Users\steve\code\KillerPDF-Corpus\corpus\regression\arxiv-cc-2025-01-08-to-14-batch3\2501.05043v1.pdf: page 4: shared object 829: in hint table but not computed list WARNING: C:\Users\steve\code\KillerPDF-Corpus\corpus\regression\arxiv-cc-2025-01-08-to-14-batch3\2501.05043v1.pdf: page 4: shared object 830: in hint table but not computed list WARNING: C:\Users\steve\code\KillerPDF-Corpus\corpus\regression\arxiv-cc-2025-01-08-to-14-batch3\2501.05043v1.pdf: page 4: shared object 831: in hint table but not computed list WARNING: C:\Users\steve\code\KillerPDF-Corpus\corpus\regression\arxiv-cc-2025-01-08-to-14-batch3\2501.05043v1.pdf: page 4: shared object 832: in hint table but not computed list WARNING: C:\Users\steve\code\KillerPDF-Corpus\corpus\regression\arxiv-cc-2025-01-08-to-14-batch3\2501.05043v1.pdf: page 4: shared object 833: in hint table but not computed list WARNING: C:\Users\steve\code\KillerPDF-Corpus\corpus\regression\arxiv-cc-2025-01-08-to-14-batch3\2501.05043v1.pdf: page 4: shared object 834: in hint table but not computed list WARNING: C:\Users\steve\code\KillerPDF-Corpus\corpus\regression\arxiv-cc-2025-01-08-to-14-batch3\2501.05043v1.pdf: page 4: shared object 835: in hint table but not computed list WARNING: C:\Users\steve\code\KillerPDF-Corpus\corpus\regression\arxiv-cc-2025-01-08-to-14-batch3\2501.05043v1.pdf: page 4: shared object 836: in hint table but not computed list WARNING: C:\Users\steve\code\KillerPDF-Corpus\corpus\regression\arxiv-cc-2025-01-08-to-14-batch3\2501.05043v1.pdf: page 4: shared object 837: in hint table but not computed list WARNING: C:\Users\steve\code\KillerPDF-Corpus\corpus\regression\arxiv-cc-2025-01-08-to-14-batch3\2501.05043v1.pdf: page 4: shared object 838: in hint table but not computed list WARNING: C:\Users\steve\code\KillerPDF-Corpus\corpus\regression\arxiv-cc-2025-01-08-to-14-batch3\2501.05043v1.pdf: page 4: shared object 839: in hint table but not computed list WARNING: C:\Users\steve\code\KillerPDF-Corpus\corpus\regression\arxiv-cc-2025-01-08-to-14-batch3\2501.05043v1.pdf: page 4: shared object 840: in hint table but not computed list WARNING: C:\Users\steve\code\KillerPDF-Corpus\corpus\regression\arxiv-cc-2025-01-08-to-14-batch3\2501.05043v1.pdf: page 4: shared object 841: in hint table but not computed list WARNING: C:\Users\steve\code\KillerPDF-Corpus\corpus\regression\arxiv-cc-2025-01-08-to-14-batch3\2501.05043v1.pdf: page 4: shared object 842: in hint table but not computed list WARNING: C:\Users\steve\code\KillerPDF-Corpus\corpus\regression\arxiv-cc-2025-01-08-to-14-batch3\2501.05043v1.pdf: page 4: shared object 843: in hint table but not computed list WARNING: C:\Users\steve\code\KillerPDF-Corpus\corpus\regression\arxiv-cc-2025-01-08-to-14-batch3\2501.05043v1.pdf: page 4: shared object 844: in hint table but not computed list WARNING: C:\Users\steve\code\KillerPDF-Corpus\corpus\regression\arxiv-cc-2025-01-08-to-14-batch3\2501.05043v1.pdf: page 5: shared object 824: in hint table but not computed list WARNING: C:\Users\steve\code\KillerPDF-Corpus\corpus\regression\arxiv-cc-2025-01-08-to-14-batch3\2501.05043v1.pdf: page 5: shared object 825: in hint table but not computed list WARNING: C:\Users\steve\code\KillerPDF-Corpus\corpus\regression\arxiv-cc-2025-01-08-to-14-batch3\2501.05043v1.pdf: page 5: shared object 826: in hint table but not computed list WARNING: C:\Users\steve\code\KillerPDF-Corpus\corpus\regression\arxiv-cc-2025-01-08-to-14-batch3\2501.05043v1.pdf: page 5: shared object 827: in hint table but not computed list WARNING: C:\Users\steve\code\KillerPDF-Corpus\corpus\regression\arxiv-cc-2025-01-08-to-14-batch3\2501.05043v1.pdf: page 5: shared object 828: in hint table but not computed list WARNING: C:\Users\steve\code\KillerPDF-Corpus\corpus\regression\arxiv-cc-2025-01-08-to-14-batch3\2501.05043v1.pdf: page 5: shared object 829: in hint table but not computed list WARNING: C:\Users\steve\code\KillerPDF-Corpus\corpus\regression\arxiv-cc-2025-01-08-to-14-batch3\2501.05043v1.pdf: page 5: shared object 830: in hint table but not computed list WARNING: C:\Users\steve\code\KillerPDF-Corpus\corpus\regression\arxiv-cc-2025-01-08-to-14-batch3\2501.05043v1.pdf: page 5: shared object 831: in hint table but not computed list WARNING: C:\Users\steve\code\KillerPDF-Corpus\corpus\regression\arxiv-cc-2025-01-08-to-14-batch3\2501.05043v1.pdf: page 5: shared object 832: in hint table but not computed list WARNING: C:\Users\steve\code\KillerPDF-Corpus\corpus\regression\arxiv-cc-2025-01-08-to-14-batch3\2501.05043v1.pdf: page 5: shared object 833: in hint table but not computed list WARNING: C:\Users\steve\code\KillerPDF-Corpus\corpus\regression\arxiv-cc-2025-01-08-to-14-batch3\2501.05043v1.pdf: page 5: shared object 834: in hint table but not computed list WARNING: C:\Users\steve\code\KillerPDF-Corpus\corpus\regression\arxiv-cc-2025-01-08-to-14-batch3\2501.05043v1.pdf: page 5: shared object 835: in hint table but not computed list WARNING: C:\Users\steve\code\KillerPDF-Corpus\corpus\regression\arxiv-cc-2025-01-08-to-14-batch3\2501.05043v1.pdf: page 5: shared object 836: in hint table but not computed list WARNING: C:\Users\steve\code\KillerPDF-Corpus\corpus\regression\arxiv-cc-2025-01-08-to-14-batch3\2501.05043v1.pdf: page 5: shared object 837: in hint table but not computed list WARNING: C:\Users\steve\code\KillerPDF-Corpus\corpus\regression\arxiv-cc-2025-01-08-to-14-batch3\2501.05043v1.pdf: page 5: shared object 838: in hint table but not computed list WARNING: C:\Users\steve\code\KillerPDF-Corpus\corpus\regression\arxiv-cc-2025-01-08-to-14-batch3\2501.05043v1.pdf: page 5: shared object 839: in hint table but not computed list WARNING: C:\Users\steve\code\KillerPDF-Corpus\corpus\regression\arxiv-cc-2025-01-08-to-14-batch3\2501.05043v1.pdf: page 5: shared object 840: in hint table but not computed list WARNING: C:\Users\steve\code\KillerPDF-Corpus\corpus\regression\arxiv-cc-2025-01-08-to-14-batch3\2501.05043v1.pdf: page 5: shared object 841: in hint table but not computed list WARNING: C:\Users\steve\code\KillerPDF-Corpus\corpus\regression\arxiv-cc-2025-01-08-to-14-batch3\2501.05043v1.pdf: page 5: shared object 842: in hint table but not computed list WARNING: C:\Users\steve\code\KillerPDF-Corpus\corpus\regression\arxiv-cc-2025-01-08-to-14-batch3\2501.05043v1.pdf: page 5: shared object 843: in hint table but not computed list WARNING: C:\Users\steve\code\KillerPDF-Corpus\corpus\regression\arxiv-cc-2025-01-08-to-14-batch3\2501.05043v1.pdf: page 5: shared object 844: in hint table but not computed list WARNING: C:\Users\steve\code\KillerPDF-Corpus\corpus\regression\arxiv-cc-2025-01-08-to-14-batch3\2501.05043v1.pdf: page 6: shared object 824: in hint table but not computed list WARNING: C:\Users\steve\code\KillerPDF-Corpus\corpus\regression\arxiv-cc-2025-01-08-to-14-batch3\2501.05043v1.pdf: page 6: shared object 825: in hint table but not computed list WARNING: C:\Users\steve\code\KillerPDF-Corpus\corpus\regression\arxiv-cc-2025-01-08-to-14-batch3\2501.05043v1.pdf: page 6: shared object 826: in hint table but not computed list WARNING: C:\Users\steve\code\KillerPDF-Corpus\corpus\regression\arxiv-cc-2025-01-08-to-14-batch3\2501.05043v1.pdf: page 6: shared object 827: in hint table but not computed list WARNING: C:\Users\steve\code\KillerPDF-Corpus\corpus\regression\arxiv-cc-2025-01-08-to-14-batch3\2501.05043v1.pdf: page 6: shared object 828: in hint table but not computed list WARNING: C:\Users\steve\code\KillerPDF-Corpus\corpus\regression\arxiv-cc-2025-01-08-to-14-batch3\2501.05043v1.pdf: page 6: shared object 829: in hint table but not computed list WARNING: C:\Users\steve\code\KillerPDF-Corpus\corpus\regression\arxiv-cc-2025-01-08-to-14-batch3\2501.05043v1.pdf: page 6: shared object 830: in hint table but not computed list WARNING: C:\Users\steve\code\KillerPDF-Corpus\corpus\regression\arxiv-cc-2025-01-08-to-14-batch3\2501.05043v1.pdf: page 6: shared object 831: in hint table but not computed list WARNING: C:\Users\steve\code\KillerPDF-Corpus\corpus\regression\arxiv-cc-2025-01-08-to-14-batch3\2501.05043v1.pdf: page 6: shared object 832: in hint table but not computed list WARNING: C:\Users\steve\code\KillerPDF-Corpus\corpus\regression\arxiv-cc-2025-01-08-to-14-batch3\2501.05043v1.pdf: page 6: shared object 833: in hint table but not computed list WARNING: C:\Users\steve\code\KillerPDF-Corpus\corpus\regression\arxiv-cc-2025-01-08-to-14-batch3\2501.05043v1.pdf: page 6: shared object 834: in hint table but not computed list WARNING: C:\Users\steve\code\KillerPDF-Corpus\corpus\regression\arxiv-cc-2025-01-08-to-14-batch3\2501.05043v1.pdf: page 6: shared object 835: in hint table but not computed list WARNING: C:\Users\steve\code\KillerPDF-Corpus\corpus\regression\arxiv-cc-2025-01-08-to-14-batch3\2501.05043v1.pdf: page 6: shared object 836: in hint table but not computed list WARNING: C:\Users\steve\code\KillerPDF-Corpus\corpus\regression\arxiv-cc-2025-01-08-to-14-batch3\2501.05043v1.pdf: page 6: shared object 837: in hint table but not computed list WARNING: C:\Users\steve\code\KillerPDF-Corpus\corpus\regression\arxiv-cc-2025-01-08-to-14-batch3\2501.05043v1.pdf: page 6: shared object 838: in hint table but not computed list WARNING: C:\Users\steve\code\KillerPDF-Corpus\corpus\regression\arxiv-cc-2025-01-08-to-14-batch3\2501.05043v1.pdf: page 6: shared object 839: in hint table but not computed list WARNING: C:\Users\steve\code\KillerPDF-Corpus\corpus\regression\arxiv-cc-2025-01-08-to-14-batch3\2501.05043v1.pdf: page 6: shared object 840: in hint table but not computed list WARNING: C:\Users\steve\code\KillerPDF-Corpus\corpus\regression\arxiv-cc-2025-01-08-to-14-batch3\2501.05043v1.pdf: page 6: shared object 841: in hint table but not computed list WARNING: C:\Users\steve\code\KillerPDF-Corpus\corpus\regression\arxiv-cc-2025-01-08-to-14-batch3\2501.05043v1.pdf: page 6: shared object 842: in hint table but not computed list WARNING: C:\Users\steve\code\KillerPDF-Corpus\corpus\regression\arxiv-cc-2025-01-08-to-14-batch3\2501.05043v1.pdf: page 6: shared object 843: in hint table but not computed list WARNING: C:\Users\steve\code\KillerPDF-Corpus\corpus\regression\arxiv-cc-2025-01-08-to-14-batch3\2501.05043v1.pdf: page 6: shared object 844: in hint table but not computed list WARNING: C:\Users\steve\code\KillerPDF-Corpus\corpus\regression\arxiv-cc-2025-01-08-to-14-batch3\2501.05043v1.pdf: page 7: shared object 824: in hint table but not computed list WARNING: C:\Users\steve\code\KillerPDF-Corpus\corpus\regression\arxiv-cc-2025-01-08-to-14-batch3\2501.05043v1.pdf: page 7: shared object 825: in hint table but not computed list WARNING: C:\Users\steve\code\KillerPDF-Corpus\corpus\regression\arxiv-cc-2025-01-08-to-14-batch3\2501.05043v1.pdf: page 7: shared object 826: in hint table but not computed list WARNING: C:\Users\steve\code\KillerPDF-Corpus\corpus\regression\arxiv-cc-2025-01-08-to-14-batch3\2501.05043v1.pdf: page 7: shared object 827: in hint table but not computed list WARNING: C:\Users\steve\code\KillerPDF-Corpus\corpus\regression\arxiv-cc-2025-01-08-to-14-batch3\2501.05043v1.pdf: page 7: shared object 828: in hint table but not computed list WARNING: C:\Users\steve\code\KillerPDF-Corpus\corpus\regression\arxiv-cc-2025-01-08-to-14-batch3\2501.05043v1.pdf: page 7: shared object 829: in hint table but not computed list WARNING: C:\Users\steve\code\KillerPDF-Corpus\corpus\regression\arxiv-cc-2025-01-08-to-14-batch3\2501.05043v1.pdf: page 7: shared object 830: in hint table but not computed list WARNING: C:\Users\steve\code\KillerPDF-Corpus\corpus\regression\arxiv-cc-2025-01-08-to-14-batch3\2501.05043v1.pdf: page 7: shared object 831: in hint table but not computed list WARNING: C:\Users\steve\code\KillerPDF-Corpus\corpus\regression\arxiv-cc-2025-01-08-to-14-batch3\2501.05043v1.pdf: page 7: shared object 832: in hint table but not computed list WARNING: C:\Users\steve\code\KillerPDF-Corpus\corpus\regression\arxiv-cc-2025-01-08-to-14-batch3\2501.05043v1.pdf: page 7: shared object 833: in hint table but not computed list WARNING: C:\Users\steve\code\KillerPDF-Corpus\corpus\regression\arxiv-cc-2025-01-08-to-14-batch3\2501.05043v1.pdf: page 7: shared object 834: in hint table but not computed list WARNING: C:\Users\steve\code\KillerPDF-Corpus\corpus\regression\arxiv-cc-2025-01-08-to-14-batch3\2501.05043v1.pdf: page 7: shared object 835: in hint table but not computed list WARNING: C:\Users\steve\code\KillerPDF-Corpus\corpus\regression\arxiv-cc-2025-01-08-to-14-batch3\2501.05043v1.pdf: page 7: shared object 836: in hint table but not computed list WARNING: C:\Users\steve\code\KillerPDF-Corpus\corpus\regression\arxiv-cc-2025-01-08-to-14-batch3\2501.05043v1.pdf: page 7: shared object 837: in hint table but not computed list WARNING: C:\Users\steve\code\KillerPDF-Corpus\corpus\regression\arxiv-cc-2025-01-08-to-14-batch3\2501.05043v1.pdf: page 7: shared object 838: in hint table but not computed list WARNING: C:\Users\steve\code\KillerPDF-Corpus\corpus\regression\arxiv-cc-2025-01-08-to-14-batch3\2501.05043v1.pdf: page 7: shared object 839: in hint table but not computed list WARNING: C:\Users\steve\code\KillerPDF-Corpus\corpus\regression\arxiv-cc-2025-01-08-to-14-batch3\2501.05043v1.pdf: page 7: shared object 840: in hint table but not computed list WARNING: C:\Users\steve\code\KillerPDF-Corpus\corpus\regression\arxiv-cc-2025-01-08-to-14-batch3\2501.05043v1.pdf: page 7: shared object 841: in hint table but not computed list WARNING: C:\Users\steve\code\KillerPDF-Corpus\corpus\regression\arxiv-cc-2025-01-08-to-14-batch3\2501.05043v1.pdf: page 7: shared object 842: in hint table but not computed list WARNING: C:\Users\steve\code\KillerPDF-Corpus\corpus\regression\arxiv-cc-2025-01-08-to-14-batch3\2501.05043v1.pdf: page 7: shared object 843: in hint table but not computed list WARNING: C:\Users\steve\code\KillerPDF-Corpus\corpus\regression\arxiv-cc-2025-01-08-to-14-batch3\2501.05043v1.pdf: page 7: shared object 844: in hint table but not computed list WARNING: C:\Users\steve\code\KillerPDF-Corpus\corpus\regression\arxiv-cc-2025-01-08-to-14-batch3\2501.05043v1.pdf: page 8: shared object 824: in hint table but not computed list WARNING: C:\Users\steve\code\KillerPDF-Corpus\corpus\regression\arxiv-cc-2025-01-08-to-14-batch3\2501.05043v1.pdf: page 8: shared object 825: in hint table but not computed list WARNING: C:\Users\steve\code\KillerPDF-Corpus\corpus\regression\arxiv-cc-2025-01-08-to-14-batch3\2501.05043v1.pdf: page 8: shared object 826: in hint table but not computed list WARNING: C:\Users\steve\code\KillerPDF-Corpus\corpus\regression\arxiv-cc-2025-01-08-to-14-batch3\2501.05043v1.pdf: page 8: shared object 827: in hint table but not computed list WARNING: C:\Users\steve\code\KillerPDF-Corpus\corpus\regression\arxiv-cc-2025-01-08-to-14-batch3\2501.05043v1.pdf: page 8: shared object 828: in hint table but not computed list WARNING: C:\Users\steve\code\KillerPDF-Corpus\corpus\regression\arxiv-cc-2025-01-08-to-14-batch3\2501.05043v1.pdf: page 8: shared object 829: in hint table but not computed list WARNING: C:\Users\steve\code\KillerPDF-Corpus\corpus\regression\arxiv-cc-2025-01-08-to-14-batch3\2501.05043v1.pdf: page 8: shared object 830: in hint table but not computed list WARNING: C:\Users\steve\code\KillerPDF-Corpus\corpus\regression\arxiv-cc-2025-01-08-to-14-batch3\2501.05043v1.pdf: page 8: shared object 831: in hint table but not computed list WARNING: C:\Users\steve\code\KillerPDF-Corpus\corpus\regression\arxiv-cc-2025-01-08-to-14-batch3\2501.05043v1.pdf: page 8: shared object 832: in hint table but not computed list WARNING: C:\Users\steve\code\KillerPDF-Corpus\corpus\regression\arxiv-cc-2025-01-08-to-14-batch3\2501.05043v1.pdf: page 8: shared object 833: in hint table but not computed list WARNING: C:\Users\steve\code\KillerPDF-Corpus\corpus\regression\arxiv-cc-2025-01-08-to-14-batch3\2501.05043v1.pdf: page 8: shared object 834: in hint table but not computed list WARNING: C:\Users\steve\code\KillerPDF-Corpus\corpus\regression\arxiv-cc-2025-01-08-to-14-batch3\2501.05043v1.pdf: page 8: shared object 835: in hint table but not computed list WARNING: C:\Users\steve\code\KillerPDF-Corpus\corpus\regression\arxiv-cc-2025-01-08-to-14-batch3\2501.05043v1.pdf: page 8: shared object 836: in hint table but not computed list WARNING: C:\Users\steve\code\KillerPDF-Corpus\corpus\regression\arxiv-cc-2025-01-08-to-14-batch3\2501.05043v1.pdf: page 8: shared object 837: in hint table but not computed list WARNING: C:\Users\steve\code\KillerPDF-Corpus\corpus\regression\arxiv-cc-2025-01-08-to-14-batch3\2501.05043v1.pdf: page 8: shared object 838: in hint table but not computed list WARNING: C:\Users\steve\code\KillerPDF-Corpus\corpus\regression\arxiv-cc-2025-01-08-to-14-batch3\2501.05043v1.pdf: page 8: shared object 839: in hint table but not computed list WARNING: C:\Users\steve\code\KillerPDF-Corpus\corpus\regression\arxiv-cc-2025-01-08-to-14-batch3\2501.05043v1.pdf: page 8: shared object 840: in hint table but not computed list WARNING: C:\Users\steve\code\KillerPDF-Corpus\corpus\regression\arxiv-cc-2025-01-08-to-14-batch3\2501.05043v1.pdf: page 8: shared object 841: in hint table but not computed list WARNING: C:\Users\steve\code\KillerPDF-Corpus\corpus\regression\arxiv-cc-2025-01-08-to-14-batch3\2501.05043v1.pdf: page 8: shared object 842: in hint table but not computed list WARNING: C:\Users\steve\code\KillerPDF-Corpus\corpus\regression\arxiv-cc-2025-01-08-to-14-batch3\2501.05043v1.pdf: page 8: shared object 843: in hint table but not computed list WARNING: C:\Users\steve\code\KillerPDF-Corpus\corpus\regression\arxiv-cc-2025-01-08-to-14-batch3\2501.05043v1.pdf: page 8: shared object 844: in hint table but not computed list WARNING: C:\Users\steve\code\KillerPDF-Corpus\corpus\regression\arxiv-cc-2025-01-08-to-14-batch3\2501.05043v1.pdf: page 9: shared object 824: in hint table but not computed list WARNING: C:\Users\steve\code\KillerPDF-Corpus\corpus\regression\arxiv-cc-2025-01-08-to-14-batch3\2501.05043v1.pdf: page 9: shared object 825: in hint table but not computed list WARNING: C:\Users\steve\code\KillerPDF-Corpus\corpus\regression\arxiv-cc-2025-01-08-to-14-batch3\2501.05043v1.pdf: page 9: shared object 826: in hint table but not computed list WARNING: C:\Users\steve\code\KillerPDF-Corpus\corpus\regression\arxiv-cc-2025-01-08-to-14-batch3\2501.05043v1.pdf: page 9: shared object 827: in hint table but not computed list WARNING: C:\Users\steve\code\KillerPDF-Corpus\corpus\regression\arxiv-cc-2025-01-08-to-14-batch3\2501.05043v1.pdf: page 9: shared object 828: in hint table but not computed list WARNING: C:\Users\steve\code\KillerPDF-Corpus\corpus\regression\arxiv-cc-2025-01-08-to-14-batch3\2501.05043v1.pdf: page 9: shared object 829: in hint table but not computed list WARNING: C:\Users\steve\code\KillerPDF-Corpus\corpus\regression\arxiv-cc-2025-01-08-to-14-batch3\2501.05043v1.pdf: page 9: shared object 830: in hint table but not computed list WARNING: C:\Users\steve\code\KillerPDF-Corpus\corpus\regression\arxiv-cc-2025-01-08-to-14-batch3\2501.05043v1.pdf: page 9: shared object 831: in hint table but not computed list WARNING: C:\Users\steve\code\KillerPDF-Corpus\corpus\regression\arxiv-cc-2025-01-08-to-14-batch3\2501.05043v1.pdf: page 9: shared object 832: in hint table but not computed list WARNING: C:\Users\steve\code\KillerPDF-Corpus\corpus\regression\arxiv-cc-2025-01-08-to-14-batch3\2501.05043v1.pdf: page 9: shared object 833: in hint table but not computed list WARNING: C:\Users\steve\code\KillerPDF-Corpus\corpus\regression\arxiv-cc-2025-01-08-to-14-batch3\2501.05043v1.pdf: page 9: shared object 834: in hint table but not computed list WARNING: C:\Users\steve\code\KillerPDF-Corpus\corpus\regression\arxiv-cc-2025-01-08-to-14-batch3\2501.05043v1.pdf: page 9: shared object 835: in hint table but not computed list WARNING: C:\Users\steve\code\KillerPDF-Corpus\corpus\regression\arxiv-cc-2025-01-08-to-14-batch3\2501.05043v1.pdf: page 9: shared object 836: in hint table but not computed list WARNING: C:\Users\steve\code\KillerPDF-Corpus\corpus\regression\arxiv-cc-2025-01-08-to-14-batch3\2501.05043v1.pdf: page 9: shared object 837: in hint table but not computed list WARNING: C:\Users\steve\code\KillerPDF-Corpus\corpus\regression\arxiv-cc-2025-01-08-to-14-batch3\2501.05043v1.pdf: page 9: shared object 838: in hint table but not computed list WARNING: C:\Users\steve\code\KillerPDF-Corpus\corpus\regression\arxiv-cc-2025-01-08-to-14-batch3\2501.05043v1.pdf: page 9: shared object 839: in hint table but not computed list WARNING: C:\Users\steve\code\KillerPDF-Corpus\corpus\regression\arxiv-cc-2025-01-08-to-14-batch3\2501.05043v1.pdf: page 9: shared object 840: in hint table but not computed list WARNING: C:\Users\steve\code\KillerPDF-Corpus\corpus\regression\arxiv-cc-2025-01-08-to-14-batch3\2501.05043v1.pdf: page 9: shared object 841: in hint table but not computed list WARNING: C:\Users\steve\code\KillerPDF-Corpus\corpus\regression\arxiv-cc-2025-01-08-to-14-batch3\2501.05043v1.pdf: page 9: shared object 842: in hint table but not computed list WARNING: C:\Users\steve\code\KillerPDF-Corpus\corpus\regression\arxiv-cc-2025-01-08-to-14-batch3\2501.05043v1.pdf: page 9: shared object 843: in hint table but not computed list WARNING: C:\Users\steve\code\KillerPDF-Corpus\corpus\regression\arxiv-cc-2025-01-08-to-14-batch3\2501.05043v1.pdf: page 9: shared object 844: in hint table but not computed list WARNING: C:\Users\steve\code\KillerPDF-Corpus\corpus\regression\arxiv-cc-2025-01-08-to-14-batch3\2501.05043v1.pdf: page 10: shared object 824: in hint table but not computed list WARNING: C:\Users\steve\code\KillerPDF-Corpus\corpus\regression\arxiv-cc-2025-01-08-to-14-batch3\2501.05043v1.pdf: page 10: shared object 825: in hint table but not computed list WARNING: C:\Users\steve\code\KillerPDF-Corpus\corpus\regression\arxiv-cc-2025-01-08-to-14-batch3\2501.05043v1.pdf: page 10: shared object 826: in hint table but not computed list WARNING: C:\Users\steve\code\KillerPDF-Corpus\corpus\regression\arxiv-cc-2025-01-08-to-14-batch3\2501.05043v1.pdf: page 10: shared object 827: in hint table but not computed list WARNING: C:\Users\steve\code\KillerPDF-Corpus\corpus\regression\arxiv-cc-2025-01-08-to-14-batch3\2501.05043v1.pdf: page 10: shared object 828: in hint table but not computed list WARNING: C:\Users\steve\code\KillerPDF-Corpus\corpus\regression\arxiv-cc-2025-01-08-to-14-batch3\2501.05043v1.pdf: page 10: shared object 829: in hint table but not computed list WARNING: C:\Users\steve\code\KillerPDF-Corpus\corpus\regression\arxiv-cc-2025-01-08-to-14-batch3\2501.05043v1.pdf: page 10: shared object 830: in hint table but not computed list WARNING: C:\Users\steve\code\KillerPDF-Corpus\corpus\regression\arxiv-cc-2025-01-08-to-14-batch3\2501.05043v1.pdf: page 10: shared object 831: in hint table but not computed list WARNING: C:\Users\steve\code\KillerPDF-Corpus\corpus\regression\arxiv-cc-2025-01-08-to-14-batch3\2501.05043v1.pdf: page 10: shared object 832: in hint table but not computed list WARNING: C:\Users\steve\code\KillerPDF-Corpus\corpus\regression\arxiv-cc-2025-01-08-to-14-batch3\2501.05043v1.pdf: page 10: shared object 833: in hint table but not computed list WARNING: C:\Users\steve\code\KillerPDF-Corpus\corpus\regression\arxiv-cc-2025-01-08-to-14-batch3\2501.05043v1.pdf: page 10: shared object 834: in hint table but not computed list WARNING: C:\Users\steve\code\KillerPDF-Corpus\corpus\regression\arxiv-cc-2025-01-08-to-14-batch3\2501.05043v1.pdf: page 10: shared object 835: in hint table but not computed list WARNING: C:\Users\steve\code\KillerPDF-Corpus\corpus\regression\arxiv-cc-2025-01-08-to-14-batch3\2501.05043v1.pdf: page 10: shared object 836: in hint table but not computed list WARNING: C:\Users\steve\code\KillerPDF-Corpus\corpus\regression\arxiv-cc-2025-01-08-to-14-batch3\2501.05043v1.pdf: page 10: shared object 837: in hint table but not computed list WARNING: C:\Users\steve\code\KillerPDF-Corpus\corpus\regression\arxiv-cc-2025-01-08-to-14-batch3\2501.05043v1.pdf: page 10: shared object 838: in hint table but not computed list WARNING: C:\Users\steve\code\KillerPDF-Corpus\corpus\regression\arxiv-cc-2025-01-08-to-14-batch3\2501.05043v1.pdf: page 10: shared object 839: in hint table but not computed list WARNING: C:\Users\steve\code\KillerPDF-Corpus\corpus\regression\arxiv-cc-2025-01-08-to-14-batch3\2501.05043v1.pdf: page 10: shared object 840: in hint table but not computed list WARNING: C:\Users\steve\code\KillerPDF-Corpus\corpus\regression\arxiv-cc-2025-01-08-to-14-batch3\2501.05043v1.pdf: page 10: shared object 841: in hint table but not computed list WARNING: C:\Users\steve\code\KillerPDF-Corpus\corpus\regression\arxiv-cc-2025-01-08-to-14-batch3\2501.05043v1.pdf: page 10: shared object 842: in hint table but not computed list WARNING: C:\Users\steve\code\KillerPDF-Corpus\corpus\regression\arxiv-cc-2025-01-08-to-14-batch3\2501.05043v1.pdf: page 10: shared object 843: in hint table but not computed list WARNING: C:\Users\steve\code\KillerPDF-Corpus\corpus\regression\arxiv-cc-2025-01-08-to-14-batch3\2501.05043v1.pdf: page 10: shared object 844: in hint table but not computed list WARNING: C:\Users\steve\code\KillerPDF-Corpus\corpus\regression\arxiv-cc-2025-01-08-to-14-batch3\2501.05043v1.pdf: page 11: shared object 824: in hint table but not computed list WARNING: C:\Users\steve\code\KillerPDF-Corpus\corpus\regression\arxiv-cc-2025-01-08-to-14-batch3\2501.05043v1.pdf: page 11: shared object 825: in hint table but not computed list WARNING: C:\Users\steve\code\KillerPDF-Corpus\corpus\regression\arxiv-cc-2025-01-08-to-14-batch3\2501.05043v1.pdf: page 11: shared object 826: in hint table but not computed list WARNING: C:\Users\steve\code\KillerPDF-Corpus\corpus\regression\arxiv-cc-2025-01-08-to-14-batch3\2501.05043v1.pdf: page 11: shared object 827: in hint table but not computed list WARNING: C:\Users\steve\code\KillerPDF-Corpus\corpus\regression\arxiv-cc-2025-01-08-to-14-batch3\2501.05043v1.pdf: page 11: shared object 828: in hint table but not computed list WARNING: C:\Users\steve\code\KillerPDF-Corpus\corpus\regression\arxiv-cc-2025-01-08-to-14-batch3\2501.05043v1.pdf: page 11: shared object 829: in hint table but not computed list WARNING: C:\Users\steve\code\KillerPDF-Corpus\corpus\regression\arxiv-cc-2025-01-08-to-14-batch3\2501.05043v1.pdf: page 11: shared object 830: in hint table but not computed list WARNING: C:\Users\steve\code\KillerPDF-Corpus\corpus\regression\arxiv-cc-2025-01-08-to-14-batch3\2501.05043v1.pdf: page 11: shared object 831: in hint table but not computed list WARNING: C:\Users\steve\code\KillerPDF-Corpus\corpus\regression\arxiv-cc-2025-01-08-to-14-batch3\2501.05043v1.pdf: page 11: shared object 832: in hint table but not computed list WARNING: C:\Users\steve\code\KillerPDF-Corpus\corpus\regression\arxiv-cc-2025-01-08-to-14-batch3\2501.05043v1.pdf: page 11: shared object 833: in hint table but not computed list WARNING: C:\Users\steve\code\KillerPDF-Corpus\corpus\regression\arxiv-cc-2025-01-08-to-14-batch3\2501.05043v1.pdf: page 11: shared object 834: in hint table but not computed list WARNING: C:\Users\steve\code\KillerPDF-Corpus\corpus\regression\arxiv-cc-2025-01-08-to-14-batch3\2501.05043v1.pdf: page 11: shared object 835: in hint table but not computed list WARNING: C:\Users\steve\code\KillerPDF-Corpus\corpus\regression\arxiv-cc-2025-01-08-to-14-batch3\2501.05043v1.pdf: page 11: shared object 836: in hint table but not computed list WARNING: C:\Users\steve\code\KillerPDF-Corpus\corpus\regression\arxiv-cc-2025-01-08-to-14-batch3\2501.05043v1.pdf: page 11: shared object 837: in hint table but not computed list WARNING: C:\Users\steve\code\KillerPDF-Corpus\corpus\regression\arxiv-cc-2025-01-08-to-14-batch3\2501.05043v1.pdf: page 11: shared object 838: in hint table but not computed list WARNING: C:\Users\steve\code\KillerPDF-Corpus\corpus\regression\arxiv-cc-2025-01-08-to-14-batch3\2501.05043v1.pdf: page 11: shared object 839: in hint table but not computed list WARNING: C:\Users\steve\code\KillerPDF-Corpus\corpus\regression\arxiv-cc-2025-01-08-to-14-batch3\2501.05043v1.pdf: page 11: shared object 840: in hint table but not computed list WARNING: C:\Users\steve\code\KillerPDF-Corpus\corpus\regression\arxiv-cc-2025-01-08-to-14-batch3\2501.05043v1.pdf: page 11: shared object 841: in hint table but not computed list WARNING: C:\Users\steve\code\KillerPDF-Corpus\corpus\regression\arxiv-cc-2025-01-08-to-14-batch3\2501.05043v1.pdf: page 11: shared object 842: in hint table but not computed list WARNING: C:\Users\steve\code\KillerPDF-Corpus\corpus\regression\arxiv-cc-2025-01-08-to-14-batch3\2501.05043v1.pdf: page 11: shared object 843: in hint table but not computed list WARNING: C:\Users\steve\code\KillerPDF-Corpus\corpus\regression\arxiv-cc-2025-01-08-to-14-batch3\2501.05043v1.pdf: page 11: shared object 844: in hint table but not computed list WARNING: C:\Users\steve\code\KillerPDF-Corpus\corpus\regression\arxiv-cc-2025-01-08-to-14-batch3\2501.05043v1.pdf: page 12: shared object 824: in hint table but not computed list WARNING: C:\Users\steve\code\KillerPDF-Corpus\corpus\regression\arxiv-cc-2025-01-08-to-14-batch3\2501.05043v1.pdf: page 12: shared object 825: in hint table but not computed list WARNING: C:\Users\steve\code\KillerPDF-Corpus\corpus\regression\arxiv-cc-2025-01-08-to-14-batch3\2501.05043v1.pdf: page 12: shared object 826: in hint table but not computed list WARNING: C:\Users\steve\code\KillerPDF-Corpus\corpus\regression\arxiv-cc-2025-01-08-to-14-batch3\2501.05043v1.pdf: page 12: shared object 827: in hint table but not computed list WARNING: C:\Users\steve\code\KillerPDF-Corpus\corpus\regression\arxiv-cc-2025-01-08-to-14-batch3\2501.05043v1.pdf: page 12: shared object 828: in hint table but not computed list WARNING: C:\Users\steve\code\KillerPDF-Corpus\corpus\regression\arxiv-cc-2025-01-08-to-14-batch3\2501.05043v1.pdf: page 12: shared object 829: in hint table but not computed list WARNING: C:\Users\steve\code\KillerPDF-Corpus\corpus\regression\arxiv-cc-2025-01-08-to-14-batch3\2501.05043v1.pdf: page 12: shared object 830: in hint table but not computed list WARNING: C:\Users\steve\code\KillerPDF-Corpus\corpus\regression\arxiv-cc-2025-01-08-to-14-batch3\2501.05043v1.pdf: page 12: shared object 831: in hint table but not computed list WARNING: C:\Users\steve\code\KillerPDF-Corpus\corpus\regression\arxiv-cc-2025-01-08-to-14-batch3\2501.05043v1.pdf: page 12: shared object 832: in hint table but not computed list WARNING: C:\Users\steve\code\KillerPDF-Corpus\corpus\regression\arxiv-cc-2025-01-08-to-14-batch3\2501.05043v1.pdf: page 12: shared object 833: in hint table but not computed list WARNING: C:\Users\steve\code\KillerPDF-Corpus\corpus\regression\arxiv-cc-2025-01-08-to-14-batch3\2501.05043v1.pdf: page 12: shared object 834: in hint table but not computed list WARNING: C:\Users\steve\code\KillerPDF-Corpus\corpus\regression\arxiv-cc-2025-01-08-to-14-batch3\2501.05043v1.pdf: page 12: shared object 835: in hint table but not computed list WARNING: C:\Users\steve\code\KillerPDF-Corpus\corpus\regression\arxiv-cc-2025-01-08-to-14-batch3\2501.05043v1.pdf: page 12: shared object 836: in hint table but not computed list WARNING: C:\Users\steve\code\KillerPDF-Corpus\corpus\regression\arxiv-cc-2025-01-08-to-14-batch3\2501.05043v1.pdf: page 12: shared object 837: in hint table but not computed list WARNING: C:\Users\steve\code\KillerPDF-Corpus\corpus\regression\arxiv-cc-2025-01-08-to-14-batch3\2501.05043v1.pdf: page 12: shared object 838: in hint table but not computed list WARNING: C:\Users\steve\code\KillerPDF-Corpus\corpus\regression\arxiv-cc-2025-01-08-to-14-batch3\2501.05043v1.pdf: page 12: shared object 839: in hint table but not computed list WARNING: C:\Users\steve\code\KillerPDF-Corpus\corpus\regression\arxiv-cc-2025-01-08-to-14-batch3\2501.05043v1.pdf: page 12: shared object 840: in hint table but not computed list WARNING: C:\Users\steve\code\KillerPDF-Corpus\corpus\regression\arxiv-cc-2025-01-08-to-14-batch3\2501.05043v1.pdf: page 12: shared object 841: in hint table but not computed list WARNING: C:\Users\steve\code\KillerPDF-Corpus\corpus\regression\arxiv-cc-2025-01-08-to-14-batch3\2501.05043v1.pdf: page 12: shared object 842: in hint table but not computed list WARNING: C:\Users\steve\code\KillerPDF-Corpus\corpus\regression\arxiv-cc-2025-01-08-to-14-batch3\2501.05043v1.pdf: page 12: shared object 843: in hint table but not computed list WARNING: C:\Users\steve\code\KillerPDF-Corpus\corpus\regression\arxiv-cc-2025-01-08-to-14-batch3\2501.05043v1.pdf: page 12: shared object 844: in hint table but not computed list WARNING: C:\Users\steve\code\KillerPDF-Corpus\corpus\regression\arxiv-cc-2025-01-08-to-14-batch3\2501.05043v1.pdf: page 13: shared object 824: in hint table but not computed list WARNING: C:\Users\steve\code\KillerPDF-Corpus\corpus\regression\arxiv-cc-2025-01-08-to-14-batch3\2501.05043v1.pdf: page 13: shared object 825: in hint table but not computed list WARNING: C:\Users\steve\code\KillerPDF-Corpus\corpus\regression\arxiv-cc-2025-01-08-to-14-batch3\2501.05043v1.pdf: page 13: shared object 826: in hint table but not computed list WARNING: C:\Users\steve\code\KillerPDF-Corpus\corpus\regression\arxiv-cc-2025-01-08-to-14-batch3\2501.05043v1.pdf: page 13: shared object 827: in hint table but not computed list WARNING: C:\Users\steve\code\KillerPDF-Corpus\corpus\regression\arxiv-cc-2025-01-08-to-14-batch3\2501.05043v1.pdf: page 13: shared object 828: in hint table but not computed list WARNING: C:\Users\steve\code\KillerPDF-Corpus\corpus\regression\arxiv-cc-2025-01-08-to-14-batch3\2501.05043v1.pdf: page 13: shared object 829: in hint table but not computed list WARNING: C:\Users\steve\code\KillerPDF-Corpus\corpus\regression\arxiv-cc-2025-01-08-to-14-batch3\2501.05043v1.pdf: page 13: shared object 830: in hint table but not computed list WARNING: C:\Users\steve\code\KillerPDF-Corpus\corpus\regression\arxiv-cc-2025-01-08-to-14-batch3\2501.05043v1.pdf: page 13: shared object 831: in hint table but not computed list WARNING: C:\Users\steve\code\KillerPDF-Corpus\corpus\regression\arxiv-cc-2025-01-08-to-14-batch3\2501.05043v1.pdf: page 13: shared object 832: in hint table but not computed list WARNING: C:\Users\steve\code\KillerPDF-Corpus\corpus\regression\arxiv-cc-2025-01-08-to-14-batch3\2501.05043v1.pdf: page 13: shared object 833: in hint table but not computed list WARNING: C:\Users\steve\code\KillerPDF-Corpus\corpus\regression\arxiv-cc-2025-01-08-to-14-batch3\2501.05043v1.pdf: page 13: shared object 834: in hint table but not computed list WARNING: C:\Users\steve\code\KillerPDF-Corpus\corpus\regression\arxiv-cc-2025-01-08-to-14-batch3\2501.05043v1.pdf: page 13: shared object 835: in hint table but not computed list WARNING: C:\Users\steve\code\KillerPDF-Corpus\corpus\regression\arxiv-cc-2025-01-08-to-14-batch3\2501.05043v1.pdf: page 13: shared object 836: in hint table but not computed list WARNING: C:\Users\steve\code\KillerPDF-Corpus\corpus\regression\arxiv-cc-2025-01-08-to-14-batch3\2501.05043v1.pdf: page 13: shared object 837: in hint table but not computed list WARNING: C:\Users\steve\code\KillerPDF-Corpus\corpus\regression\arxiv-cc-2025-01-08-to-14-batch3\2501.05043v1.pdf: page 13: shared object 838: in hint table but not computed list WARNING: C:\Users\steve\code\KillerPDF-Corpus\corpus\regression\arxiv-cc-2025-01-08-to-14-batch3\2501.05043v1.pdf: page 13: shared object 839: in hint table but not computed list WARNING: C:\Users\steve\code\KillerPDF-Corpus\corpus\regression\arxiv-cc-2025-01-08-to-14-batch3\2501.05043v1.pdf: page 13: shared object 840: in hint table but not computed list WARNING: C:\Users\steve\code\KillerPDF-Corpus\corpus\regression\arxiv-cc-2025-01-08-to-14-batch3\2501.05043v1.pdf: page 13: shared object 841: in hint table but not computed list WARNING: C:\Users\steve\code\KillerPDF-Corpus\corpus\regression\arxiv-cc-2025-01-08-to-14-batch3\2501.05043v1.pdf: page 13: shared object 842: in hint table but not computed list WARNING: C:\Users\steve\code\KillerPDF-Corpus\corpus\regression\arxiv-cc-2025-01-08-to-14-batch3\2501.05043v1.pdf: page 13: shared object 843: in hint table but not computed list WARNING: C:\Users\steve\code\KillerPDF-Corpus\corpus\regression\arxiv-cc-2025-01-08-to-14-batch3\2501.05043v1.pdf: page 13: shared object 844: in hint table but not computed list WARNING: C:\Users\steve\code\KillerPDF-Corpus\corpus\regression\arxiv-cc-2025-01-08-to-14-batch3\2501.05043v1.pdf: page 14: shared object 824: in hint table but not computed list WARNING: C:\Users\steve\code\KillerPDF-Corpus\corpus\regression\arxiv-cc-2025-01-08-to-14-batch3\2501.05043v1.pdf: page 14: shared object 825: in hint table but not computed list WARNING: C:\Users\steve\code\KillerPDF-Corpus\corpus\regression\arxiv-cc-2025-01-08-to-14-batch3\2501.05043v1.pdf: page 14: shared object 826: in hint table but not computed list WARNING: C:\Users\steve\code\KillerPDF-Corpus\corpus\regression\arxiv-cc-2025-01-08-to-14-batch3\2501.05043v1.pdf: page 14: shared object 827: in hint table but not computed list WARNING: C:\Users\steve\code\KillerPDF-Corpus\corpus\regression\arxiv-cc-2025-01-08-to-14-batch3\2501.05043v1.pdf: page 14: shared object 828: in hint table but not computed list WARNING: C:\Users\steve\code\KillerPDF-Corpus\corpus\regression\arxiv-cc-2025-01-08-to-14-batch3\2501.05043v1.pdf: page 14: shared object 829: in hint table but not computed list WARNING: C:\Users\steve\code\KillerPDF-Corpus\corpus\regression\arxiv-cc-2025-01-08-to-14-batch3\2501.05043v1.pdf: page 14: shared object 830: in hint table but not computed list WARNING: C:\Users\steve\code\KillerPDF-Corpus\corpus\regression\arxiv-cc-2025-01-08-to-14-batch3\2501.05043v1.pdf: page 14: shared object 831: in hint table but not computed list WARNING: C:\Users\steve\code\KillerPDF-Corpus\corpus\regression\arxiv-cc-2025-01-08-to-14-batch3\2501.05043v1.pdf: page 14: shared object 832: in hint table but not computed list WARNING: C:\Users\steve\code\KillerPDF-Corpus\corpus\regression\arxiv-cc-2025-01-08-to-14-batch3\2501.05043v1.pdf: page 14: shared object 833: in hint table but not computed list WARNING: C:\Users\steve\code\KillerPDF-Corpus\corpus\regression\arxiv-cc-2025-01-08-to-14-batch3\2501.05043v1.pdf: page 14: shared object 834: in hint table but not computed list WARNING: C:\Users\steve\code\KillerPDF-Corpus\corpus\regression\arxiv-cc-2025-01-08-to-14-batch3\2501.05043v1.pdf: page 14: shared object 835: in hint table but not computed list WARNING: C:\Users\steve\code\KillerPDF-Corpus\corpus\regression\arxiv-cc-2025-01-08-to-14-batch3\2501.05043v1.pdf: page 14: shared object 836: in hint table but not computed list WARNING: C:\Users\steve\code\KillerPDF-Corpus\corpus\regression\arxiv-cc-2025-01-08-to-14-batch3\2501.05043v1.pdf: page 14: shared object 837: in hint table but not computed list WARNING: C:\Users\steve\code\KillerPDF-Corpus\corpus\regression\arxiv-cc-2025-01-08-to-14-batch3\2501.05043v1.pdf: page 14: shared object 838: in hint table but not computed list WARNING: C:\Users\steve\code\KillerPDF-Corpus\corpus\regression\arxiv-cc-2025-01-08-to-14-batch3\2501.05043v1.pdf: page 14: shared object 839: in hint table but not computed list WARNING: C:\Users\steve\code\KillerPDF-Corpus\corpus\regression\arxiv-cc-2025-01-08-to-14-batch3\2501.05043v1.pdf: page 14: shared object 840: in hint table but not computed list WARNING: C:\Users\steve\code\KillerPDF-Corpus\corpus\regression\arxiv-cc-2025-01-08-to-14-batch3\2501.05043v1.pdf: page 14: shared object 841: in hint table but not computed list WARNING: C:\Users\steve\code\KillerPDF-Corpus\corpus\regression\arxiv-cc-2025-01-08-to-14-batch3\2501.05043v1.pdf: page 14: shared object 842: in hint table but not computed list WARNING: C:\Users\steve\code\KillerPDF-Corpus\corpus\regression\arxiv-cc-2025-01-08-to-14-batch3\2501.05043v1.pdf: page 14: shared object 843: in hint table but not computed list WARNING: C:\Users\steve\code\KillerPDF-Corpus\corpus\regression\arxiv-cc-2025-01-08-to-14-batch3\2501.05043v1.pdf: page 14: shared object 844: in hint table but not computed list WARNING: C:\Users\steve\code\KillerPDF-Corpus\corpus\regression\arxiv-cc-2025-01-08-to-14-batch3\2501.05043v1.pdf: page 15: shared object 824: in hint table but not computed list WARNING: C:\Users\steve\code\KillerPDF-Corpus\corpus\regression\arxiv-cc-2025-01-08-to-14-batch3\2501.05043v1.pdf: page 15: shared object 825: in hint table but not computed list WARNING: C:\Users\steve\code\KillerPDF-Corpus\corpus\regression\arxiv-cc-2025-01-08-to-14-batch3\2501.05043v1.pdf: page 15: shared object 826: in hint table but not computed list WARNING: C:\Users\steve\code\KillerPDF-Corpus\corpus\regression\arxiv-cc-2025-01-08-to-14-batch3\2501.05043v1.pdf: page 15: shared object 827: in hint table but not computed list WARNING: C:\Users\steve\code\KillerPDF-Corpus\corpus\regression\arxiv-cc-2025-01-08-to-14-batch3\2501.05043v1.pdf: page 15: shared object 828: in hint table but not computed list WARNING: C:\Users\steve\code\KillerPDF-Corpus\corpus\regression\arxiv-cc-2025-01-08-to-14-batch3\2501.05043v1.pdf: page 15: shared object 829: in hint table but not computed list WARNING: C:\Users\steve\code\KillerPDF-Corpus\corpus\regression\arxiv-cc-2025-01-08-to-14-batch3\2501.05043v1.pdf: page 15: shared object 830: in hint table but not computed list WARNING: C:\Users\steve\code\KillerPDF-Corpus\corpus\regression\arxiv-cc-2025-01-08-to-14-batch3\2501.05043v1.pdf: page 15: shared object 831: in hint table but not computed list WARNING: C:\Users\steve\code\KillerPDF-Corpus\corpus\regression\arxiv-cc-2025-01-08-to-14-batch3\2501.05043v1.pdf: page 15: shared object 832: in hint table but not computed list WARNING: C:\Users\steve\code\KillerPDF-Corpus\corpus\regression\arxiv-cc-2025-01-08-to-14-batch3\2501.05043v1.pdf: page 15: shared object 833: in hint table but not computed list WARNING: C:\Users\steve\code\KillerPDF-Corpus\corpus\regression\arxiv-cc-2025-01-08-to-14-batch3\2501.05043v1.pdf: page 15: shared object 834: in hint table but not computed list WARNING: C:\Users\steve\code\KillerPDF-Corpus\corpus\regression\arxiv-cc-2025-01-08-to-14-batch3\2501.05043v1.pdf: page 15: shared object 835: in hint table but not computed list WARNING: C:\Users\steve\code\KillerPDF-Corpus\corpus\regression\arxiv-cc-2025-01-08-to-14-batch3\2501.05043v1.pdf: page 15: shared object 836: in hint table but not computed list WARNING: C:\Users\steve\code\KillerPDF-Corpus\corpus\regression\arxiv-cc-2025-01-08-to-14-batch3\2501.05043v1.pdf: page 15: shared object 837: in hint table but not computed list WARNING: C:\Users\steve\code\KillerPDF-Corpus\corpus\regression\arxiv-cc-2025-01-08-to-14-batch3\2501.05043v1.pdf: page 15: shared object 838: in hint table but not computed list WARNING: C:\Users\steve\code\KillerPDF-Corpus\corpus\regression\arxiv-cc-2025-01-08-to-14-batch3\2501.05043v1.pdf: page 15: shared object 839: in hint table but not computed list WARNING: C:\Users\steve\code\KillerPDF-Corpus\corpus\regression\arxiv-cc-2025-01-08-to-14-batch3\2501.05043v1.pdf: page 15: shared object 840: in hint table but not computed list WARNING: C:\Users\steve\code\KillerPDF-Corpus\corpus\regression\arxiv-cc-2025-01-08-to-14-batch3\2501.05043v1.pdf: page 15: shared object 841: in hint table but not computed list WARNING: C:\Users\steve\code\KillerPDF-Corpus\corpus\regression\arxiv-cc-2025-01-08-to-14-batch3\2501.05043v1.pdf: page 15: shared object 842: in hint table but not computed list WARNING: C:\Users\steve\code\KillerPDF-Corpus\corpus\regression\arxiv-cc-2025-01-08-to-14-batch3\2501.05043v1.pdf: page 15: shared object 843: in hint table but not computed list WARNING: C:\Users\steve\code\KillerPDF-Corpus\corpus\regression\arxiv-cc-2025-01-08-to-14-batch3\2501.05043v1.pdf: page 15: shared object 844: in hint table but not computed list WARNING: C:\Users\steve\code\KillerPDF-Corpus\corpus\regression\arxiv-cc-2025-01-08-to-14-batch3\2501.05043v1.pdf: page 16: shared object 824: in hint table but not computed list WARNING: C:\Users\steve\code\KillerPDF-Corpus\corpus\regression\arxiv-cc-2025-01-08-to-14-batch3\2501.05043v1.pdf: page 16: shared object 825: in hint table but not computed list WARNING: C:\Users\steve\code\KillerPDF-Corpus\corpus\regression\arxiv-cc-2025-01-08-to-14-batch3\2501.05043v1.pdf: page 16: shared object 826: in hint table but not computed list WARNING: C:\Users\steve\code\KillerPDF-Corpus\corpus\regression\arxiv-cc-2025-01-08-to-14-batch3\2501.05043v1.pdf: page 16: shared object 827: in hint table but not computed list WARNING: C:\Users\steve\code\KillerPDF-Corpus\corpus\regression\arxiv-cc-2025-01-08-to-14-batch3\2501.05043v1.pdf: page 16: shared object 828: in hint table but not computed list WARNING: C:\Users\steve\code\KillerPDF-Corpus\corpus\regression\arxiv-cc-2025-01-08-to-14-batch3\2501.05043v1.pdf: page 16: shared object 829: in hint table but not computed list WARNING: C:\Users\steve\code\KillerPDF-Corpus\corpus\regression\arxiv-cc-2025-01-08-to-14-batch3\2501.05043v1.pdf: page 16: shared object 830: in hint table but not computed list WARNING: C:\Users\steve\code\KillerPDF-Corpus\corpus\regression\arxiv-cc-2025-01-08-to-14-batch3\2501.05043v1.pdf: page 16: shared object 831: in hint table but not computed list WARNING: C:\Users\steve\code\KillerPDF-Corpus\corpus\regression\arxiv-cc-2025-01-08-to-14-batch3\2501.05043v1.pdf: page 16: shared object 832: in hint table but not computed list WARNING: C:\Users\steve\code\KillerPDF-Corpus\corpus\regression\arxiv-cc-2025-01-08-to-14-batch3\2501.05043v1.pdf: page 16: shared object 833: in hint table but not computed list WARNING: C:\Users\steve\code\KillerPDF-Corpus\corpus\regression\arxiv-cc-2025-01-08-to-14-batch3\2501.05043v1.pdf: page 16: shared object 834: in hint table but not computed list WARNING: C:\Users\steve\code\KillerPDF-Corpus\corpus\regression\arxiv-cc-2025-01-08-to-14-batch3\2501.05043v1.pdf: page 16: shared object 835: in hint table but not computed list WARNING: C:\Users\steve\code\KillerPDF-Corpus\corpus\regression\arxiv-cc-2025-01-08-to-14-batch3\2501.05043v1.pdf: page 16: shared object 836: in hint table but not computed list WARNING: C:\Users\steve\code\KillerPDF-Corpus\corpus\regression\arxiv-cc-2025-01-08-to-14-batch3\2501.05043v1.pdf: page 16: shared object 837: in hint table but not computed list WARNING: C:\Users\steve\code\KillerPDF-Corpus\corpus\regression\arxiv-cc-2025-01-08-to-14-batch3\2501.05043v1.pdf: page 16: shared object 838: in hint table but not computed list WARNING: C:\Users\steve\code\KillerPDF-Corpus\corpus\regression\arxiv-cc-2025-01-08-to-14-batch3\2501.05043v1.pdf: page 16: shared object 839: in hint table but not computed list WARNING: C:\Users\steve\code\KillerPDF-Corpus\corpus\regression\arxiv-cc-2025-01-08-to-14-batch3\2501.05043v1.pdf: page 16: shared object 840: in hint table but not computed list WARNING: C:\Users\steve\code\KillerPDF-Corpus\corpus\regression\arxiv-cc-2025-01-08-to-14-batch3\2501.05043v1.pdf: page 16: shared object 841: in hint table but not computed list WARNING: C:\Users\steve\code\KillerPDF-Corpus\corpus\regression\arxiv-cc-2025-01-08-to-14-batch3\2501.05043v1.pdf: page 16: shared object 842: in hint table but not computed list WARNING: C:\Users\steve\code\KillerPDF-Corpus\corpus\regression\arxiv-cc-2025-01-08-to-14-batch3\2501.05043v1.pdf: page 16: shared object 843: in hint table but not computed list WARNING: C:\Users\steve\code\KillerPDF-Corpus\corpus\regression\arxiv-cc-2025-01-08-to-14-batch3\2501.05043v1.pdf: page 16: shared object 844: in hint table but not computed list WARNING: C:\Users\steve\code\KillerPDF-Corpus\corpus\regression\arxiv-cc-2025-01-08-to-14-batch3\2501.05043v1.pdf: page 17: shared object 824: in hint table but not computed list WARNING: C:\Users\steve\code\KillerPDF-Corpus\corpus\regression\arxiv-cc-2025-01-08-to-14-batch3\2501.05043v1.pdf: page 17: shared object 825: in hint table but not computed list WARNING: C:\Users\steve\code\KillerPDF-Corpus\corpus\regression\arxiv-cc-2025-01-08-to-14-batch3\2501.05043v1.pdf: page 17: shared object 826: in hint table but not computed list WARNING: C:\Users\steve\code\KillerPDF-Corpus\corpus\regression\arxiv-cc-2025-01-08-to-14-batch3\2501.05043v1.pdf: page 17: shared object 827: in hint table but not computed list WARNING: C:\Users\steve\code\KillerPDF-Corpus\corpus\regression\arxiv-cc-2025-01-08-to-14-batch3\2501.05043v1.pdf: page 17: shared object 828: in hint table but not computed list WARNING: C:\Users\steve\code\KillerPDF-Corpus\corpus\regression\arxiv-cc-2025-01-08-to-14-batch3\2501.05043v1.pdf: page 17: shared object 829: in hint table but not computed list WARNING: C:\Users\steve\code\KillerPDF-Corpus\corpus\regression\arxiv-cc-2025-01-08-to-14-batch3\2501.05043v1.pdf: page 17: shared object 830: in hint table but not computed list WARNING: C:\Users\steve\code\KillerPDF-Corpus\corpus\regression\arxiv-cc-2025-01-08-to-14-batch3\2501.05043v1.pdf: page 17: shared object 831: in hint table but not computed list WARNING: C:\Users\steve\code\KillerPDF-Corpus\corpus\regression\arxiv-cc-2025-01-08-to-14-batch3\2501.05043v1.pdf: page 17: shared object 832: in hint table but not computed list WARNING: C:\Users\steve\code\KillerPDF-Corpus\corpus\regression\arxiv-cc-2025-01-08-to-14-batch3\2501.05043v1.pdf: page 17: shared object 833: in hint table but not computed list WARNING: C:\Users\steve\code\KillerPDF-Corpus\corpus\regression\arxiv-cc-2025-01-08-to-14-batch3\2501.05043v1.pdf: page 17: shared object 834: in hint table but not computed list WARNING: C:\Users\steve\code\KillerPDF-Corpus\corpus\regression\arxiv-cc-2025-01-08-to-14-batch3\2501.05043v1.pdf: page 17: shared object 835: in hint table but not computed list WARNING: C:\Users\steve\code\KillerPDF-Corpus\corpus\regression\arxiv-cc-2025-01-08-to-14-batch3\2501.05043v1.pdf: page 17: shared object 836: in hint table but not computed list WARNING: C:\Users\steve\code\KillerPDF-Corpus\corpus\regression\arxiv-cc-2025-01-08-to-14-batch3\2501.05043v1.pdf: page 17: shared object 837: in hint table but not computed list WARNING: C:\Users\steve\code\KillerPDF-Corpus\corpus\regression\arxiv-cc-2025-01-08-to-14-batch3\2501.05043v1.pdf: page 17: shared object 838: in hint table but not computed list WARNING: C:\Users\steve\code\KillerPDF-Corpus\corpus\regression\arxiv-cc-2025-01-08-to-14-batch3\2501.05043v1.pdf: page 17: shared object 839: in hint table but not computed list WARNING: C:\Users\steve\code\KillerPDF-Corpus\corpus\regression\arxiv-cc-2025-01-08-to-14-batch3\2501.05043v1.pdf: page 17: shared object 840: in hint table but not computed list WARNING: C:\Users\steve\code\KillerPDF-Corpus\corpus\regression\arxiv-cc-2025-01-08-to-14-batch3\2501.05043v1.pdf: page 17: shared object 841: in hint table but not computed list WARNING: C:\Users\steve\code\KillerPDF-Corpus\corpus\regression\arxiv-cc-2025-01-08-to-14-batch3\2501.05043v1.pdf: page 17: shared object 842: in hint table but not computed list WARNING: C:\Users\steve\code\KillerPDF-Corpus\corpus\regression\arxiv-cc-2025-01-08-to-14-batch3\2501.05043v1.pdf: page 17: shared object 843: in hint table but not computed list WARNING: C:\Users\steve\code\KillerPDF-Corpus\corpus\regression\arxiv-cc-2025-01-08-to-14-batch3\2501.05043v1.pdf: page 17: shared object 844: in hint table but not computed list WARNING: C:\Users\steve\code\KillerPDF-Corpus\corpus\regression\arxiv-cc-2025-01-08-to-14-batch3\2501.05043v1.pdf: page 18: shared object 824: in hint table but not computed list WARNING: C:\Users\steve\code\KillerPDF-Corpus\corpus\regression\arxiv-cc-2025-01-08-to-14-batch3\2501.05043v1.pdf: page 18: shared object 825: in hint table but not computed list WARNING: C:\Users\steve\code\KillerPDF-Corpus\corpus\regression\arxiv-cc-2025-01-08-to-14-batch3\2501.05043v1.pdf: page 18: shared object 826: in hint table but not computed list WARNING: C:\Users\steve\code\KillerPDF-Corpus\corpus\regression\arxiv-cc-2025-01-08-to-14-batch3\2501.05043v1.pdf: page 18: shared object 827: in hint table but not computed list WARNING: C:\Users\steve\code\KillerPDF-Corpus\corpus\regression\arxiv-cc-2025-01-08-to-14-batch3\2501.05043v1.pdf: page 18: shared object 828: in hint table but not computed list WARNING: C:\Users\steve\code\KillerPDF-Corpus\corpus\regression\arxiv-cc-2025-01-08-to-14-batch3\2501.05043v1.pdf: page 18: shared object 829: in hint table but not computed list WARNING: C:\Users\steve\code\KillerPDF-Corpus\corpus\regression\arxiv-cc-2025-01-08-to-14-batch3\2501.05043v1.pdf: page 18: shared object 830: in hint table but not computed list WARNING: C:\Users\steve\code\KillerPDF-Corpus\corpus\regression\arxiv-cc-2025-01-08-to-14-batch3\2501.05043v1.pdf: page 18: shared object 831: in hint table but not computed list WARNING: C:\Users\steve\code\KillerPDF-Corpus\corpus\regression\arxiv-cc-2025-01-08-to-14-batch3\2501.05043v1.pdf: page 18: shared object 832: in hint table but not computed list WARNING: C:\Users\steve\code\KillerPDF-Corpus\corpus\regression\arxiv-cc-2025-01-08-to-14-batch3\2501.05043v1.pdf: page 18: shared object 833: in hint table but not computed list WARNING: C:\Users\steve\code\KillerPDF-Corpus\corpus\regression\arxiv-cc-2025-01-08-to-14-batch3\2501.05043v1.pdf: page 18: shared object 834: in hint table but not computed list WARNING: C:\Users\steve\code\KillerPDF-Corpus\corpus\regression\arxiv-cc-2025-01-08-to-14-batch3\2501.05043v1.pdf: page 18: shared object 835: in hint table but not computed list WARNING: C:\Users\steve\code\KillerPDF-Corpus\corpus\regression\arxiv-cc-2025-01-08-to-14-batch3\2501.05043v1.pdf: page 18: shared object 836: in hint table but not computed list WARNING: C:\Users\steve\code\KillerPDF-Corpus\corpus\regression\arxiv-cc-2025-01-08-to-14-batch3\2501.05043v1.pdf: page 18: shared object 837: in hint table but not computed list WARNING: C:\Users\steve\code\KillerPDF-Corpus\corpus\regression\arxiv-cc-2025-01-08-to-14-batch3\2501.05043v1.pdf: page 18: shared object 838: in hint table but not computed list WARNING: C:\Users\steve\code\KillerPDF-Corpus\corpus\regression\arxiv-cc-2025-01-08-to-14-batch3\2501.05043v1.pdf: page 18: shared object 839: in hint table but not computed list WARNING: C:\Users\steve\code\KillerPDF-Corpus\corpus\regression\arxiv-cc-2025-01-08-to-14-batch3\2501.05043v1.pdf: page 18: shared object 840: in hint table but not computed list WARNING: C:\Users\steve\code\KillerPDF-Corpus\corpus\regression\arxiv-cc-2025-01-08-to-14-batch3\2501.05043v1.pdf: page 18: shared object 841: in hint table but not computed list WARNING: C:\Users\steve\code\KillerPDF-Corpus\corpus\regression\arxiv-cc-2025-01-08-to-14-batch3\2501.05043v1.pdf: page 18: shared object 842: in hint table but not computed list WARNING: C:\Users\steve\code\KillerPDF-Corpus\corpus\regression\arxiv-cc-2025-01-08-to-14-batch3\2501.05043v1.pdf: page 18: shared object 843: in hint table but not computed list WARNING: C:\Users\steve\code\KillerPDF-Corpus\corpus\regression\arxiv-cc-2025-01-08-to-14-batch3\2501.05043v1.pdf: page 18: shared object 844: in hint table but not computed list WARNING: C:\Users\steve\code\KillerPDF-Corpus\corpus\regression\arxiv-cc-2025-01-08-to-14-batch3\2501.05043v1.pdf: page 19: shared object 824: in hint table but not computed list WARNING: C:\Users\steve\code\KillerPDF-Corpus\corpus\regression\arxiv-cc-2025-01-08-to-14-batch3\2501.05043v1.pdf: page 19: shared object 825: in hint table but not computed list WARNING: C:\Users\steve\code\KillerPDF-Corpus\corpus\regression\arxiv-cc-2025-01-08-to-14-batch3\2501.05043v1.pdf: page 19: shared object 826: in hint table but not computed list WARNING: C:\Users\steve\code\KillerPDF-Corpus\corpus\regression\arxiv-cc-2025-01-08-to-14-batch3\2501.05043v1.pdf: page 19: shared object 827: in hint table but not computed list WARNING: C:\Users\steve\code\KillerPDF-Corpus\corpus\regression\arxiv-cc-2025-01-08-to-14-batch3\2501.05043v1.pdf: page 19: shared object 828: in hint table but not computed list WARNING: C:\Users\steve\code\KillerPDF-Corpus\corpus\regression\arxiv-cc-2025-01-08-to-14-batch3\2501.05043v1.pdf: page 19: shared object 829: in hint table but not computed list WARNING: C:\Users\steve\code\KillerPDF-Corpus\corpus\regression\arxiv-cc-2025-01-08-to-14-batch3\2501.05043v1.pdf: page 19: shared object 830: in hint table but not computed list WARNING: C:\Users\steve\code\KillerPDF-Corpus\corpus\regression\arxiv-cc-2025-01-08-to-14-batch3\2501.05043v1.pdf: page 19: shared object 831: in hint table but not computed list WARNING: C:\Users\steve\code\KillerPDF-Corpus\corpus\regression\arxiv-cc-2025-01-08-to-14-batch3\2501.05043v1.pdf: page 19: shared object 832: in hint table but not computed list WARNING: C:\Users\steve\code\KillerPDF-Corpus\corpus\regression\arxiv-cc-2025-01-08-to-14-batch3\2501.05043v1.pdf: page 19: shared object 833: in hint table but not computed list WARNING: C:\Users\steve\code\KillerPDF-Corpus\corpus\regression\arxiv-cc-2025-01-08-to-14-batch3\2501.05043v1.pdf: page 19: shared object 834: in hint table but not computed list WARNING: C:\Users\steve\code\KillerPDF-Corpus\corpus\regression\arxiv-cc-2025-01-08-to-14-batch3\2501.05043v1.pdf: page 19: shared object 835: in hint table but not computed list WARNING: C:\Users\steve\code\KillerPDF-Corpus\corpus\regression\arxiv-cc-2025-01-08-to-14-batch3\2501.05043v1.pdf: page 19: shared object 836: in hint table but not computed list WARNING: C:\Users\steve\code\KillerPDF-Corpus\corpus\regression\arxiv-cc-2025-01-08-to-14-batch3\2501.05043v1.pdf: page 19: shared object 837: in hint table but not computed list WARNING: C:\Users\steve\code\KillerPDF-Corpus\corpus\regression\arxiv-cc-2025-01-08-to-14-batch3\2501.05043v1.pdf: page 19: shared object 838: in hint table but not computed list WARNING: C:\Users\steve\code\KillerPDF-Corpus\corpus\regression\arxiv-cc-2025-01-08-to-14-batch3\2501.05043v1.pdf: page 19: shared object 839: in hint table but not computed list WARNING: C:\Users\steve\code\KillerPDF-Corpus\corpus\regression\arxiv-cc-2025-01-08-to-14-batch3\2501.05043v1.pdf: page 19: shared object 840: in hint table but not computed list WARNING: C:\Users\steve\code\KillerPDF-Corpus\corpus\regression\arxiv-cc-2025-01-08-to-14-batch3\2501.05043v1.pdf: page 19: shared object 841: in hint table but not computed list WARNING: C:\Users\steve\code\KillerPDF-Corpus\corpus\regression\arxiv-cc-2025-01-08-to-14-batch3\2501.05043v1.pdf: page 19: shared object 842: in hint table but not computed list WARNING: C:\Users\steve\code\KillerPDF-Corpus\corpus\regression\arxiv-cc-2025-01-08-to-14-batch3\2501.05043v1.pdf: page 19: shared object 843: in hint table but not computed list WARNING: C:\Users\steve\code\KillerPDF-Corpus\corpus\regression\arxiv-cc-2025-01-08-to-14-batch3\2501.05043v1.pdf: page 19: shared object 844: in hint table but not computed list WARNING: C:\Users\steve\code\KillerPDF-Corpus\corpus\regression\arxiv-cc-2025-01-08-to-14-batch3\2501.05043v1.pdf: page 20: shared object 824: in hint table but not computed list WARNING: C:\Users\steve\code\KillerPDF-Corpus\corpus\regression\arxiv-cc-2025-01-08-to-14-batch3\2501.05043v1.pdf: page 20: shared object 825: in hint table but not computed list WARNING: C:\Users\steve\code\KillerPDF-Corpus\corpus\regression\arxiv-cc-2025-01-08-to-14-batch3\2501.05043v1.pdf: page 20: shared object 826: in hint table but not computed list WARNING: C:\Users\steve\code\KillerPDF-Corpus\corpus\regression\arxiv-cc-2025-01-08-to-14-batch3\2501.05043v1.pdf: page 20: shared object 827: in hint table but not computed list WARNING: C:\Users\steve\code\KillerPDF-Corpus\corpus\regression\arxiv-cc-2025-01-08-to-14-batch3\2501.05043v1.pdf: page 20: shared object 828: in hint table but not computed list WARNING: C:\Users\steve\code\KillerPDF-Corpus\corpus\regression\arxiv-cc-2025-01-08-to-14-batch3\2501.05043v1.pdf: page 20: shared object 829: in hint table but not computed list WARNING: C:\Users\steve\code\KillerPDF-Corpus\corpus\regression\arxiv-cc-2025-01-08-to-14-batch3\2501.05043v1.pdf: page 20: shared object 830: in hint table but not computed list WARNING: C:\Users\steve\code\KillerPDF-Corpus\corpus\regression\arxiv-cc-2025-01-08-to-14-batch3\2501.05043v1.pdf: page 20: shared object 831: in hint table but not computed list WARNING: C:\Users\steve\code\KillerPDF-Corpus\corpus\regression\arxiv-cc-2025-01-08-to-14-batch3\2501.05043v1.pdf: page 20: shared object 832: in hint table but not computed list WARNING: C:\Users\steve\code\KillerPDF-Corpus\corpus\regression\arxiv-cc-2025-01-08-to-14-batch3\2501.05043v1.pdf: page 20: shared object 833: in hint table but not computed list WARNING: C:\Users\steve\code\KillerPDF-Corpus\corpus\regression\arxiv-cc-2025-01-08-to-14-batch3\2501.05043v1.pdf: page 20: shared object 834: in hint table but not computed list WARNING: C:\Users\steve\code\KillerPDF-Corpus\corpus\regression\arxiv-cc-2025-01-08-to-14-batch3\2501.05043v1.pdf: page 20: shared object 835: in hint table but not computed list WARNING: C:\Users\steve\code\KillerPDF-Corpus\corpus\regression\arxiv-cc-2025-01-08-to-14-batch3\2501.05043v1.pdf: page 20: shared object 836: in hint table but not computed list WARNING: C:\Users\steve\code\KillerPDF-Corpus\corpus\regression\arxiv-cc-2025-01-08-to-14-batch3\2501.05043v1.pdf: page 20: shared object 837: in hint table but not computed list WARNING: C:\Users\steve\code\KillerPDF-Corpus\corpus\regression\arxiv-cc-2025-01-08-to-14-batch3\2501.05043v1.pdf: page 20: shared object 838: in hint table but not computed list WARNING: C:\Users\steve\code\KillerPDF-Corpus\corpus\regression\arxiv-cc-2025-01-08-to-14-batch3\2501.05043v1.pdf: page 20: shared object 839: in hint table but not computed list WARNING: C:\Users\steve\code\KillerPDF-Corpus\corpus\regression\arxiv-cc-2025-01-08-to-14-batch3\2501.05043v1.pdf: page 20: shared object 840: in hint table but not computed list WARNING: C:\Users\steve\code\KillerPDF-Corpus\corpus\regression\arxiv-cc-2025-01-08-to-14-batch3\2501.05043v1.pdf: page 20: shared object 841: in hint table but not computed list WARNING: C:\Users\steve\code\KillerPDF-Corpus\corpus\regression\arxiv-cc-2025-01-08-to-14-batch3\2501.05043v1.pdf: page 20: shared object 842: in hint table but not computed list WARNING: C:\Users\steve\code\KillerPDF-Corpus\corpus\regression\arxiv-cc-2025-01-08-to-14-batch3\2501.05043v1.pdf: page 20: shared object 843: in hint table but not computed list WARNING: C:\Users\steve\code\KillerPDF-Corpus\corpus\regression\arxiv-cc-2025-01-08-to-14-batch3\2501.05043v1.pdf: page 20: shared object 844: in hint table but not computed list WARNING: C:\Users\steve\code\KillerPDF-Corpus\corpus\regression\arxiv-cc-2025-01-08-to-14-batch3\2501.05043v1.pdf: incorrect object count in outline hint table qpdf: operation succeeded with warnings"
"regression/arxiv-cc-2025-01-08-to-14-batch3/2501.05046v1.pdf","A5F0E37A1A5A258490DFBB6FE918384B22CFAC82FC9E07BF2DE61DF3F79EBDCA","328060","0","checking C:\Users\steve\code\KillerPDF-Corpus\corpus\regression\arxiv-cc-2025-01-08-to-14-batch3\2501.05046v1.pdf PDF Version: 1.5 File is not encrypted File is not linearized No syntax or stream encoding errors found; the file may still contain errors that qpdf cannot detect"
"regression/arxiv-cc-2025-01-08-to-14-batch3/2501.05048v1.pdf","2EA0FD24BA73A091EBF83D26C540E3BDEF24A514DFF6EE291E761347FD5E807F","1566531","0","checking C:\Users\steve\code\KillerPDF-Corpus\corpus\regression\arxiv-cc-2025-01-08-to-14-batch3\2501.05048v1.pdf PDF Version: 1.5 File is not encrypted File is not linearized No syntax or stream encoding errors found; the file may still contain errors that qpdf cannot detect"
"regression/arxiv-cc-2025-01-08-to-14-batch3/2501.05058v1.pdf","D6B7DBC3B341A11D8B781E239FBABE2CA99ACC97E06B476882BB320A7133C671","13342040","0","checking C:\Users\steve\code\KillerPDF-Corpus\corpus\regression\arxiv-cc-2025-01-08-to-14-batch3\2501.05058v1.pdf PDF Version: 1.5 File is not encrypted File is not linearized No syntax or stream encoding errors found; the file may still contain errors that qpdf cannot detect"
"regression/arxiv-cc-2025-01-08-to-14-batch3/2501.05061v1.pdf","936941120D5DA11372CA61DD5EFF79C399326B6E69DE6F4B22051CEB36104FD0","1143656","0","checking C:\Users\steve\code\KillerPDF-Corpus\corpus\regression\arxiv-cc-2025-01-08-to-14-batch3\2501.05061v1.pdf PDF Version: 1.5 File is not encrypted File is not linearized No syntax or stream encoding errors found; the file may still contain errors that qpdf cannot detect"
"regression/arxiv-cc-2025-01-08-to-14-batch3/2501.05065v1.pdf","A57CBA5ABE8FAFD7A8F63C7D0496CCAB5624831415BD6E5ECF24D491AACA7388","307492","0","checking C:\Users\steve\code\KillerPDF-Corpus\corpus\regression\arxiv-cc-2025-01-08-to-14-batch3\2501.05065v1.pdf PDF Version: 1.4 File is not encrypted File is not linearized No syntax or stream encoding errors found; the file may still contain errors that qpdf cannot detect"
"regression/arxiv-cc-2025-01-08-to-14-batch3/2501.05066v1.pdf","00FE4FCB3A6AD2F363645D3B14B3F99D05C283395F538E585528094ACC2974B2","3587999","0","checking C:\Users\steve\code\KillerPDF-Corpus\corpus\regression\arxiv-cc-2025-01-08-to-14-batch3\2501.05066v1.pdf PDF Version: 1.5 File is not encrypted File is not linearized No syntax or stream encoding errors found; the file may still contain errors that qpdf cannot detect"
"regression/arxiv-cc-2025-01-08-to-14-batch3/2501.05068v2.pdf","63DF873FF056C0F535293A5641D99F164BE1DBEE2522AE48B2E024E211292E79","723180","0","checking C:\Users\steve\code\KillerPDF-Corpus\corpus\regression\arxiv-cc-2025-01-08-to-14-batch3\2501.05068v2.pdf PDF Version: 1.5 File is not encrypted File is not linearized No syntax or stream encoding errors found; the file may still contain errors that qpdf cannot detect"
"regression/arxiv-cc-2025-01-08-to-14-batch3/2501.05074v1.pdf","47D21989133486F32548553C55EA79C3A7EBF6F3FCD9256090EA72B8B78FFD00","983029","0","checking C:\Users\steve\code\KillerPDF-Corpus\corpus\regression\arxiv-cc-2025-01-08-to-14-batch3\2501.05074v1.pdf PDF Version: 1.5 File is not encrypted File is not linearized No syntax or stream encoding errors found; the file may still contain errors that qpdf cannot detect"
"regression/arxiv-cc-2025-01-08-to-14-batch3/2501.05077v1.pdf","B3FC60F6DC489AEA31DE110099AA922ECC6C07F7A2F9FFFEE9CBC6B01275DF5E","534966","0","checking C:\Users\steve\code\KillerPDF-Corpus\corpus\regression\arxiv-cc-2025-01-08-to-14-batch3\2501.05077v1.pdf PDF Version: 1.4 File is not encrypted File is not linearized No syntax or stream encoding errors found; the file may still contain errors that qpdf cannot detect"
"regression/arxiv-cc-2025-01-08-to-14-batch3/2501.05078v1.pdf","5D02819DFB58ABB4CD05A84C50DE61456A846966337F2543B1AA3D34954AD390","1899566","0","checking C:\Users\steve\code\KillerPDF-Corpus\corpus\regression\arxiv-cc-2025-01-08-to-14-batch3\2501.05078v1.pdf PDF Version: 1.5 File is not encrypted File is not linearized No syntax or stream encoding errors found; the file may still contain errors that qpdf cannot detect"
"regression/arxiv-cc-2025-01-08-to-14-batch3/2501.05081v1.pdf","E6396EE402D3D64DCA4505979DA60D2E74E074E93620B772F094CB755784CC90","437289","3","checking C:\Users\steve\code\KillerPDF-Corpus\corpus\regression\arxiv-cc-2025-01-08-to-14-batch3\2501.05081v1.pdf PDF Version: 1.6 File is not encrypted File is linearized WARNING: C:\Users\steve\code\KillerPDF-Corpus\corpus\regression\arxiv-cc-2025-01-08-to-14-batch3\2501.05081v1.pdf: linearized file contains an uncompressed object after a compressed one in a cross-reference stream WARNING: C:\Users\steve\code\KillerPDF-Corpus\corpus\regression\arxiv-cc-2025-01-08-to-14-batch3\2501.05081v1.pdf: part 8 is empty but nshared_total > nshared_first_page WARNING: C:\Users\steve\code\KillerPDF-Corpus\corpus\regression\arxiv-cc-2025-01-08-to-14-batch3\2501.05081v1.pdf: first shared object offset mismatch: hint table = 428800; computed = 428527 WARNING: C:\Users\steve\code\KillerPDF-Corpus\corpus\regression\arxiv-cc-2025-01-08-to-14-batch3\2501.05081v1.pdf: page 0 has shared identifier entries WARNING: C:\Users\steve\code\KillerPDF-Corpus\corpus\regression\arxiv-cc-2025-01-08-to-14-batch3\2501.05081v1.pdf: page 0: shared object 233: in hint table but not computed list WARNING: C:\Users\steve\code\KillerPDF-Corpus\corpus\regression\arxiv-cc-2025-01-08-to-14-batch3\2501.05081v1.pdf: object count mismatch for page 3: hint table = 8; computed = 9 WARNING: C:\Users\steve\code\KillerPDF-Corpus\corpus\regression\arxiv-cc-2025-01-08-to-14-batch3\2501.05081v1.pdf: page 3: shared object 16: in hint table but not computed list WARNING: C:\Users\steve\code\KillerPDF-Corpus\corpus\regression\arxiv-cc-2025-01-08-to-14-batch3\2501.05081v1.pdf: incorrect offset in outlines table: hint table = 429096; computed = 428823 qpdf: operation succeeded with warnings"
"regression/arxiv-cc-2025-01-08-to-14-batch3/2501.05084v1.pdf","244C65EBDDFFA75F65B0F722CAFDFC1243581C3C2ABDA7D608CC76B7A94AAB5B","18382243","0","checking C:\Users\steve\code\KillerPDF-Corpus\corpus\regression\arxiv-cc-2025-01-08-to-14-batch3\2501.05084v1.pdf PDF Version: 1.5 File is not encrypted File is not linearized No syntax or stream encoding errors found; the file may still contain errors that qpdf cannot detect"
"regression/arxiv-cc-2025-01-08-to-14-batch3/2501.05085v1.pdf","BF406DE548529E1557459D09F7C8B7072795306989AB41F875BDD11BE3C1B86D","15144615","0","checking C:\Users\steve\code\KillerPDF-Corpus\corpus\regression\arxiv-cc-2025-01-08-to-14-batch3\2501.05085v1.pdf PDF Version: 1.5 File is not encrypted File is not linearized No syntax or stream encoding errors found; the file may still contain errors that qpdf cannot detect"
"regression/arxiv-cc-2025-01-08-to-14-batch3/2501.05087v1.pdf","034D78E4A392FE027891C68862F61F4085DEFD17DDD81D8953418B788C87CA74","141306","0","checking C:\Users\steve\code\KillerPDF-Corpus\corpus\regression\arxiv-cc-2025-01-08-to-14-batch3\2501.05087v1.pdf PDF Version: 1.4 File is not encrypted File is not linearized No syntax or stream encoding errors found; the file may still contain errors that qpdf cannot detect"
"regression/arxiv-cc-2025-01-08-to-14-batch3/2501.05089v1.pdf","3717AC6FE57EB41D5CB4F70ACD4105542DA735048C5728167388CA215E88AFAF","1403042","0","checking C:\Users\steve\code\KillerPDF-Corpus\corpus\regression\arxiv-cc-2025-01-08-to-14-batch3\2501.05089v1.pdf PDF Version: 1.5 File is not encrypted File is not linearized No syntax or stream encoding errors found; the file may still contain errors that qpdf cannot detect"
"regression/arxiv-cc-2025-01-08-to-14-batch3/2501.05093v1.pdf","E51960072161311031807053F7B8347EB39B3E4AF4603BD728CF2533A2DF165C","23253008","0","checking C:\Users\steve\code\KillerPDF-Corpus\corpus\regression\arxiv-cc-2025-01-08-to-14-batch3\2501.05093v1.pdf PDF Version: 1.5 File is not encrypted File is not linearized No syntax or stream encoding errors found; the file may still contain errors that qpdf cannot detect"
"regression/arxiv-cc-2025-01-08-to-14-batch3/2501.05095v1.pdf","4BBDCBDBD33A5BB4201C8B132FC8FD476586C97FAA56175581E0021A521D9474","3494736","0","checking C:\Users\steve\code\KillerPDF-Corpus\corpus\regression\arxiv-cc-2025-01-08-to-14-batch3\2501.05095v1.pdf PDF Version: 1.5 File is not encrypted File is not linearized No syntax or stream encoding errors found; the file may still contain errors that qpdf cannot detect"
"regression/arxiv-cc-2025-01-08-to-14-batch3/2501.05097v1.pdf","D69E75F18FA59C94D222CD616202E7538DBD8E64985BCE4F0BA7BD8150FBE145","26276263","0","checking C:\Users\steve\code\KillerPDF-Corpus\corpus\regression\arxiv-cc-2025-01-08-to-14-batch3\2501.05097v1.pdf PDF Version: 1.5 File is not encrypted File is not linearized No syntax or stream encoding errors found; the file may still contain errors that qpdf cannot detect"
"regression/arxiv-cc-2025-01-08-to-14-batch3/2501.05108v1.pdf","4F5C6CA984DF9E6F1F604362EB5301BFBF1A43C34F3314513C969CB6196E8442","7051897","0","checking C:\Users\steve\code\KillerPDF-Corpus\corpus\regression\arxiv-cc-2025-01-08-to-14-batch3\2501.05108v1.pdf PDF Version: 1.5 File is not encrypted File is not linearized No syntax or stream encoding errors found; the file may still contain errors that qpdf cannot detect"
"regression/arxiv-cc-2025-01-08-to-14-batch3/2501.05111v1.pdf","079D0C093CAD97F67149AF1670369FF9D9D78306694345BD2769A61097FECA2C","503418","0","checking C:\Users\steve\code\KillerPDF-Corpus\corpus\regression\arxiv-cc-2025-01-08-to-14-batch3\2501.05111v1.pdf PDF Version: 1.5 File is not encrypted File is not linearized No syntax or stream encoding errors found; the file may still contain errors that qpdf cannot detect"
"regression/arxiv-cc-2025-01-08-to-14-batch3/2501.05114v1.pdf","60ADDFD156D1657100BDED8D8EFB4C4F8AA8E3367D9A9AB8E5220738498AC316","7601119","0","checking C:\Users\steve\code\KillerPDF-Corpus\corpus\regression\arxiv-cc-2025-01-08-to-14-batch3\2501.05114v1.pdf PDF Version: 1.5 File is not encrypted File is not linearized No syntax or stream encoding errors found; the file may still contain errors that qpdf cannot detect"
"regression/arxiv-cc-2025-01-08-to-14-batch3/2501.05115v1.pdf","3FBA7DABC5CDEE97966063E4582B24BF6846FE77EA7DA0297C35F88E341ADF69","1744034","0","checking C:\Users\steve\code\KillerPDF-Corpus\corpus\regression\arxiv-cc-2025-01-08-to-14-batch3\2501.05115v1.pdf PDF Version: 1.5 File is not encrypted File is not linearized No syntax or stream encoding errors found; the file may still contain errors that qpdf cannot detect"
"regression/arxiv-cc-2025-01-08-to-14-batch3/2501.05118v1.pdf","57F03D2F3E9C715A1B16AD0FE02B4259F7E35203D91553E074F7A3A811422B56","2442653","0","checking C:\Users\steve\code\KillerPDF-Corpus\corpus\regression\arxiv-cc-2025-01-08-to-14-batch3\2501.05118v1.pdf PDF Version: 1.5 File is not encrypted File is not linearized No syntax or stream encoding errors found; the file may still contain errors that qpdf cannot detect"
"regression/arxiv-cc-2025-01-08-to-14-batch3/2501.05120v1.pdf","6B8BB8EEBD6ED2B63198F2C62E95160B67652C257DE517DF2E255288ECE39157","2952852","0","checking C:\Users\steve\code\KillerPDF-Corpus\corpus\regression\arxiv-cc-2025-01-08-to-14-batch3\2501.05120v1.pdf PDF Version: 1.5 File is not encrypted File is not linearized No syntax or stream encoding errors found; the file may still contain errors that qpdf cannot detect"
"regression/arxiv-cc-2025-01-08-to-14-batch3/2501.05121v1.pdf","2A97B9120D2C824402BEDFA6BDEB77BEE3E87B662C657FC407E1288589C27279","354514","0","checking C:\Users\steve\code\KillerPDF-Corpus\corpus\regression\arxiv-cc-2025-01-08-to-14-batch3\2501.05121v1.pdf PDF Version: 1.4 File is not encrypted File is not linearized No syntax or stream encoding errors found; the file may still contain errors that qpdf cannot detect"
"regression/arxiv-cc-2025-01-08-to-14-batch3/2501.05122v1.pdf","F7D26F6E96C993E36D0F31989DC658DBC760A9A7F7186CD2019AADC68A50C517","1852461","0","checking C:\Users\steve\code\KillerPDF-Corpus\corpus\regression\arxiv-cc-2025-01-08-to-14-batch3\2501.05122v1.pdf PDF Version: 1.5 File is not encrypted File is not linearized No syntax or stream encoding errors found; the file may still contain errors that qpdf cannot detect"
"regression/arxiv-cc-2025-01-08-to-14-batch3/2501.05125v1.pdf","1348D3796BBE13F50B51AA1007E78B8979D8013D150ED3FA6CC095BAC3544C32","823057","0","checking C:\Users\steve\code\KillerPDF-Corpus\corpus\regression\arxiv-cc-2025-01-08-to-14-batch3\2501.05125v1.pdf PDF Version: 1.5 File is not encrypted File is not linearized No syntax or stream encoding errors found; the file may still contain errors that qpdf cannot detect"
"regression/arxiv-cc-2025-01-08-to-14-batch3/2501.05131v1.pdf","31DB15D0F5A93237A776FA2AB0DF2747DCB12424FF6682F1D2FEC79AAC2A61BE","5603471","0","checking C:\Users\steve\code\KillerPDF-Corpus\corpus\regression\arxiv-cc-2025-01-08-to-14-batch3\2501.05131v1.pdf PDF Version: 1.5 File is not encrypted File is not linearized No syntax or stream encoding errors found; the file may still contain errors that qpdf cannot detect"
"regression/arxiv-cc-2025-01-08-to-14-batch3/2501.05132v1.pdf","B4306F50FB1D6DCCD2683A108ABE1F40C8AAE3DFEF4D3ADE3576B2E4FB042C87","2702621","0","checking C:\Users\steve\code\KillerPDF-Corpus\corpus\regression\arxiv-cc-2025-01-08-to-14-batch3\2501.05132v1.pdf PDF Version: 1.5 File is not encrypted File is not linearized No syntax or stream encoding errors found; the file may still contain errors that qpdf cannot detect"
"regression/arxiv-cc-2025-01-08-to-14-batch3/2501.05135v1.pdf","CD7D327C79C95DCA3ED1C659678A8DC72F1EF52EDA6482A5DB0172C3D269FFDE","2683567","0","checking C:\Users\steve\code\KillerPDF-Corpus\corpus\regression\arxiv-cc-2025-01-08-to-14-batch3\2501.05135v1.pdf PDF Version: 1.4 File is not encrypted File is not linearized No syntax or stream encoding errors found; the file may still contain errors that qpdf cannot detect"
"regression/arxiv-cc-2025-01-08-to-14-batch3/2501.05136v1.pdf","09275B98CD025399176B43CAFE3A499A52D19A7A0095EFCF0847DDE2833113A9","363343","0","checking C:\Users\steve\code\KillerPDF-Corpus\corpus\regression\arxiv-cc-2025-01-08-to-14-batch3\2501.05136v1.pdf PDF Version: 1.5 File is not encrypted File is not linearized No syntax or stream encoding errors found; the file may still contain errors that qpdf cannot detect"
"regression/arxiv-cc-2025-01-08-to-14-batch3/2501.05138v1.pdf","CB97B09D21C519320BDCD2075D24E03F3D77D69938097E51EE90193E343BCFA4","2642861","0","checking C:\Users\steve\code\KillerPDF-Corpus\corpus\regression\arxiv-cc-2025-01-08-to-14-batch3\2501.05138v1.pdf PDF Version: 1.5 File is not encrypted File is not linearized No syntax or stream encoding errors found; the file may still contain errors that qpdf cannot detect"
"regression/arxiv-cc-2025-01-08-to-14-batch3/2501.05141v1.pdf","D363594075A3D870AC87258A355BD8DEE5E3A66C70FC79B58D2688E625715732","3025023","0","checking C:\Users\steve\code\KillerPDF-Corpus\corpus\regression\arxiv-cc-2025-01-08-to-14-batch3\2501.05141v1.pdf PDF Version: 1.5 File is not encrypted File is not linearized No syntax or stream encoding errors found; the file may still contain errors that qpdf cannot detect"
"regression/arxiv-cc-2025-01-08-to-14-batch3/2501.05150v1.pdf","EC42FB7964DEB14BBD98224DA0C7C5A3ADB03CD41D15DB9D9FAD2CF4758B6047","820792","0","checking C:\Users\steve\code\KillerPDF-Corpus\corpus\regression\arxiv-cc-2025-01-08-to-14-batch3\2501.05150v1.pdf PDF Version: 1.5 File is not encrypted File is not linearized No syntax or stream encoding errors found; the file may still contain errors that qpdf cannot detect"
"regression/arxiv-cc-2025-01-08-to-14-batch3/2501.05153v1.pdf","49C0C8E3117961BEBABA8DFC7953EC0DAB4B67866E925D8FADBAE8B02FD5F002","2849471","0","checking C:\Users\steve\code\KillerPDF-Corpus\corpus\regression\arxiv-cc-2025-01-08-to-14-batch3\2501.05153v1.pdf PDF Version: 1.5 File is not encrypted File is not linearized No syntax or stream encoding errors found; the file may still contain errors that qpdf cannot detect"
"regression/arxiv-cc-2025-01-08-to-14-batch3/2501.05154v1.pdf","25B1507FE8F1F06CA43FCDA0AFE92D094CBF4A17A2AD5ABDF1FE3C638BBAF54C","1784572","0","checking C:\Users\steve\code\KillerPDF-Corpus\corpus\regression\arxiv-cc-2025-01-08-to-14-batch3\2501.05154v1.pdf PDF Version: 1.5 File is not encrypted File is not linearized No syntax or stream encoding errors found; the file may still contain errors that qpdf cannot detect"
"regression/arxiv-cc-2025-01-08-to-14-batch3/2501.05157v1.pdf","77EB40406F3F5233F11A66BA711087E19E3E77C640A463869A1C38A750528427","6627678","0","checking C:\Users\steve\code\KillerPDF-Corpus\corpus\regression\arxiv-cc-2025-01-08-to-14-batch3\2501.05157v1.pdf PDF Version: 1.5 File is not encrypted File is not linearized No syntax or stream encoding errors found; the file may still contain errors that qpdf cannot detect"
"regression/arxiv-cc-2025-01-08-to-14-batch3/2501.05161v1.pdf","5C23F8F4A4083CF0A749AB098CE1295737886107E07E1F0AAB97E6BA645FEBFB","5312543","0","checking C:\Users\steve\code\KillerPDF-Corpus\corpus\regression\arxiv-cc-2025-01-08-to-14-batch3\2501.05161v1.pdf PDF Version: 1.5 File is not encrypted File is not linearized No syntax or stream encoding errors found; the file may still contain errors that qpdf cannot detect"
"regression/arxiv-cc-2025-01-08-to-14-batch3/2501.05165v1.pdf","55B0134A0B16DBBBE8D973A17FAF0DB670F243D6A1E3F40206358BB77CB5CE5A","9504964","3","checking C:\Users\steve\code\KillerPDF-Corpus\corpus\regression\arxiv-cc-2025-01-08-to-14-batch3\2501.05165v1.pdf PDF Version: 1.5 File is not encrypted File is linearized WARNING: C:\Users\steve\code\KillerPDF-Corpus\corpus\regression\arxiv-cc-2025-01-08-to-14-batch3\2501.05165v1.pdf (offset 3045512): input stream is complete but output may still be valid WARNING: C:\Users\steve\code\KillerPDF-Corpus\corpus\regression\arxiv-cc-2025-01-08-to-14-batch3\2501.05165v1.pdf (offset 3046126): input stream is complete but output may still be valid WARNING: C:\Users\steve\code\KillerPDF-Corpus\corpus\regression\arxiv-cc-2025-01-08-to-14-batch3\2501.05165v1.pdf (offset 3047127): input stream is complete but output may still be valid WARNING: C:\Users\steve\code\KillerPDF-Corpus\corpus\regression\arxiv-cc-2025-01-08-to-14-batch3\2501.05165v1.pdf (offset 3134181): input stream is complete but output may still be valid WARNING: C:\Users\steve\code\KillerPDF-Corpus\corpus\regression\arxiv-cc-2025-01-08-to-14-batch3\2501.05165v1.pdf (offset 3243242): input stream is complete but output may still be valid WARNING: C:\Users\steve\code\KillerPDF-Corpus\corpus\regression\arxiv-cc-2025-01-08-to-14-batch3\2501.05165v1.pdf (offset 3243856): input stream is complete but output may still be valid WARNING: C:\Users\steve\code\KillerPDF-Corpus\corpus\regression\arxiv-cc-2025-01-08-to-14-batch3\2501.05165v1.pdf (offset 7054907): input stream is complete but output may still be valid WARNING: C:\Users\steve\code\KillerPDF-Corpus\corpus\regression\arxiv-cc-2025-01-08-to-14-batch3\2501.05165v1.pdf (offset 7055469): input stream is complete but output may still be valid WARNING: C:\Users\steve\code\KillerPDF-Corpus\corpus\regression\arxiv-cc-2025-01-08-to-14-batch3\2501.05165v1.pdf (offset 7160417): input stream is complete but output may still be valid WARNING: C:\Users\steve\code\KillerPDF-Corpus\corpus\regression\arxiv-cc-2025-01-08-to-14-batch3\2501.05165v1.pdf (offset 7161010): input stream is complete but output may still be valid WARNING: C:\Users\steve\code\KillerPDF-Corpus\corpus\regression\arxiv-cc-2025-01-08-to-14-batch3\2501.05165v1.pdf (offset 7267252): input stream is complete but output may still be valid WARNING: C:\Users\steve\code\KillerPDF-Corpus\corpus\regression\arxiv-cc-2025-01-08-to-14-batch3\2501.05165v1.pdf (offset 7268189): input stream is complete but output may still be valid WARNING: C:\Users\steve\code\KillerPDF-Corpus\corpus\regression\arxiv-cc-2025-01-08-to-14-batch3\2501.05165v1.pdf (offset 7401764): input stream is complete but output may still be valid WARNING: C:\Users\steve\code\KillerPDF-Corpus\corpus\regression\arxiv-cc-2025-01-08-to-14-batch3\2501.05165v1.pdf (offset 7402414): input stream is complete but output may still be valid WARNING: C:\Users\steve\code\KillerPDF-Corpus\corpus\regression\arxiv-cc-2025-01-08-to-14-batch3\2501.05165v1.pdf (offset 6232308): input stream is complete but output may still be valid WARNING: C:\Users\steve\code\KillerPDF-Corpus\corpus\regression\arxiv-cc-2025-01-08-to-14-batch3\2501.05165v1.pdf (offset 6232732): input stream is complete but output may still be valid WARNING: C:\Users\steve\code\KillerPDF-Corpus\corpus\regression\arxiv-cc-2025-01-08-to-14-batch3\2501.05165v1.pdf (offset 6840409): input stream is complete but output may still be valid WARNING: C:\Users\steve\code\KillerPDF-Corpus\corpus\regression\arxiv-cc-2025-01-08-to-14-batch3\2501.05165v1.pdf (offset 6840867): input stream is complete but output may still be valid WARNING: C:\Users\steve\code\KillerPDF-Corpus\corpus\regression\arxiv-cc-2025-01-08-to-14-batch3\2501.05165v1.pdf (offset 1459363): input stream is complete but output may still be valid WARNING: C:\Users\steve\code\KillerPDF-Corpus\corpus\regression\arxiv-cc-2025-01-08-to-14-batch3\2501.05165v1.pdf (offset 1710220): input stream is complete but output may still be valid WARNING: C:\Users\steve\code\KillerPDF-Corpus\corpus\regression\arxiv-cc-2025-01-08-to-14-batch3\2501.05165v1.pdf (offset 1713345): input stream is complete but output may still be valid WARNING: C:\Users\steve\code\KillerPDF-Corpus\corpus\regression\arxiv-cc-2025-01-08-to-14-batch3\2501.05165v1.pdf (offset 1713944): input stream is complete but output may still be valid WARNING: C:\Users\steve\code\KillerPDF-Corpus\corpus\regression\arxiv-cc-2025-01-08-to-14-batch3\2501.05165v1.pdf (offset 1714612): input stream is complete but output may still be valid WARNING: C:\Users\steve\code\KillerPDF-Corpus\corpus\regression\arxiv-cc-2025-01-08-to-14-batch3\2501.05165v1.pdf (offset 1715202): input stream is complete but output may still be valid WARNING: C:\Users\steve\code\KillerPDF-Corpus\corpus\regression\arxiv-cc-2025-01-08-to-14-batch3\2501.05165v1.pdf (offset 1794633): input stream is complete but output may still be valid WARNING: C:\Users\steve\code\KillerPDF-Corpus\corpus\regression\arxiv-cc-2025-01-08-to-14-batch3\2501.05165v1.pdf (offset 1889365): input stream is complete but output may still be valid WARNING: C:\Users\steve\code\KillerPDF-Corpus\corpus\regression\arxiv-cc-2025-01-08-to-14-batch3\2501.05165v1.pdf (offset 2649110): input stream is complete but output may still be valid WARNING: C:\Users\steve\code\KillerPDF-Corpus\corpus\regression\arxiv-cc-2025-01-08-to-14-batch3\2501.05165v1.pdf (offset 2649692): input stream is complete but output may still be valid WARNING: C:\Users\steve\code\KillerPDF-Corpus\corpus\regression\arxiv-cc-2025-01-08-to-14-batch3\2501.05165v1.pdf (offset 2732805): input stream is complete but output may still be valid WARNING: C:\Users\steve\code\KillerPDF-Corpus\corpus\regression\arxiv-cc-2025-01-08-to-14-batch3\2501.05165v1.pdf (offset 2733367): input stream is complete but output may still be valid WARNING: C:\Users\steve\code\KillerPDF-Corpus\corpus\regression\arxiv-cc-2025-01-08-to-14-batch3\2501.05165v1.pdf (offset 2834259): input stream is complete but output may still be valid WARNING: C:\Users\steve\code\KillerPDF-Corpus\corpus\regression\arxiv-cc-2025-01-08-to-14-batch3\2501.05165v1.pdf (offset 2834820): input stream is complete but output may still be valid WARNING: C:\Users\steve\code\KillerPDF-Corpus\corpus\regression\arxiv-cc-2025-01-08-to-14-batch3\2501.05165v1.pdf (offset 2920453): input stream is complete but output may still be valid WARNING: C:\Users\steve\code\KillerPDF-Corpus\corpus\regression\arxiv-cc-2025-01-08-to-14-batch3\2501.05165v1.pdf (offset 2920998): input stream is complete but output may still be valid WARNING: C:\Users\steve\code\KillerPDF-Corpus\corpus\regression\arxiv-cc-2025-01-08-to-14-batch3\2501.05165v1.pdf (offset 6688746): input stream is complete but output may still be valid WARNING: C:\Users\steve\code\KillerPDF-Corpus\corpus\regression\arxiv-cc-2025-01-08-to-14-batch3\2501.05165v1.pdf (offset 6689654): input stream is complete but output may still be valid WARNING: C:\Users\steve\code\KillerPDF-Corpus\corpus\regression\arxiv-cc-2025-01-08-to-14-batch3\2501.05165v1.pdf (offset 7531697): input stream is complete but output may still be valid WARNING: C:\Users\steve\code\KillerPDF-Corpus\corpus\regression\arxiv-cc-2025-01-08-to-14-batch3\2501.05165v1.pdf (offset 7532285): input stream is complete but output may still be valid WARNING: C:\Users\steve\code\KillerPDF-Corpus\corpus\regression\arxiv-cc-2025-01-08-to-14-batch3\2501.05165v1.pdf (offset 7675730): input stream is complete but output may still be valid WARNING: C:\Users\steve\code\KillerPDF-Corpus\corpus\regression\arxiv-cc-2025-01-08-to-14-batch3\2501.05165v1.pdf (offset 7676385): input stream is complete but output may still be valid WARNING: C:\Users\steve\code\KillerPDF-Corpus\corpus\regression\arxiv-cc-2025-01-08-to-14-batch3\2501.05165v1.pdf (offset 7677201): input stream is complete but output may still be valid WARNING: C:\Users\steve\code\KillerPDF-Corpus\corpus\regression\arxiv-cc-2025-01-08-to-14-batch3\2501.05165v1.pdf (offset 7762378): input stream is complete but output may still be valid WARNING: C:\Users\steve\code\KillerPDF-Corpus\corpus\regression\arxiv-cc-2025-01-08-to-14-batch3\2501.05165v1.pdf (offset 7870159): input stream is complete but output may still be valid WARNING: C:\Users\steve\code\KillerPDF-Corpus\corpus\regression\arxiv-cc-2025-01-08-to-14-batch3\2501.05165v1.pdf (offset 7870670): input stream is complete but output may still be valid WARNING: C:\Users\steve\code\KillerPDF-Corpus\corpus\regression\arxiv-cc-2025-01-08-to-14-batch3\2501.05165v1.pdf (offset 7962311): input stream is complete but output may still be valid WARNING: C:\Users\steve\code\KillerPDF-Corpus\corpus\regression\arxiv-cc-2025-01-08-to-14-batch3\2501.05165v1.pdf (offset 7963008): input stream is complete but output may still be valid WARNING: C:\Users\steve\code\KillerPDF-Corpus\corpus\regression\arxiv-cc-2025-01-08-to-14-batch3\2501.05165v1.pdf (offset 7963536): input stream is complete but output may still be valid WARNING: C:\Users\steve\code\KillerPDF-Corpus\corpus\regression\arxiv-cc-2025-01-08-to-14-batch3\2501.05165v1.pdf (offset 8051403): input stream is complete but output may still be valid WARNING: C:\Users\steve\code\KillerPDF-Corpus\corpus\regression\arxiv-cc-2025-01-08-to-14-batch3\2501.05165v1.pdf (offset 6498966): input stream is complete but output may still be valid WARNING: C:\Users\steve\code\KillerPDF-Corpus\corpus\regression\arxiv-cc-2025-01-08-to-14-batch3\2501.05165v1.pdf (offset 603036): input stream is complete but output may still be valid WARNING: C:\Users\steve\code\KillerPDF-Corpus\corpus\regression\arxiv-cc-2025-01-08-to-14-batch3\2501.05165v1.pdf (offset 637800): input stream is complete but output may still be valid WARNING: C:\Users\steve\code\KillerPDF-Corpus\corpus\regression\arxiv-cc-2025-01-08-to-14-batch3\2501.05165v1.pdf (offset 638442): input stream is complete but output may still be valid WARNING: C:\Users\steve\code\KillerPDF-Corpus\corpus\regression\arxiv-cc-2025-01-08-to-14-batch3\2501.05165v1.pdf (offset 639059): input stream is complete but output may still be valid WARNING: C:\Users\steve\code\KillerPDF-Corpus\corpus\regression\arxiv-cc-2025-01-08-to-14-batch3\2501.05165v1.pdf (offset 639677): input stream is complete but output may still be valid WARNING: C:\Users\steve\code\KillerPDF-Corpus\corpus\regression\arxiv-cc-2025-01-08-to-14-batch3\2501.05165v1.pdf (offset 719878): input stream is complete but output may still be valid WARNING: C:\Users\steve\code\KillerPDF-Corpus\corpus\regression\arxiv-cc-2025-01-08-to-14-batch3\2501.05165v1.pdf (offset 811972): input stream is complete but output may still be valid WARNING: C:\Users\steve\code\KillerPDF-Corpus\corpus\regression\arxiv-cc-2025-01-08-to-14-batch3\2501.05165v1.pdf (offset 901598): input stream is complete but output may still be valid WARNING: C:\Users\steve\code\KillerPDF-Corpus\corpus\regression\arxiv-cc-2025-01-08-to-14-batch3\2501.05165v1.pdf (offset 919356): input stream is complete but output may still be valid WARNING: C:\Users\steve\code\KillerPDF-Corpus\corpus\regression\arxiv-cc-2025-01-08-to-14-batch3\2501.05165v1.pdf (offset 919971): input stream is complete but output may still be valid WARNING: C:\Users\steve\code\KillerPDF-Corpus\corpus\regression\arxiv-cc-2025-01-08-to-14-batch3\2501.05165v1.pdf (offset 920608): input stream is complete but output may still be valid WARNING: C:\Users\steve\code\KillerPDF-Corpus\corpus\regression\arxiv-cc-2025-01-08-to-14-batch3\2501.05165v1.pdf (offset 921217): input stream is complete but output may still be valid WARNING: C:\Users\steve\code\KillerPDF-Corpus\corpus\regression\arxiv-cc-2025-01-08-to-14-batch3\2501.05165v1.pdf (offset 999006): input stream is complete but output may still be valid WARNING: C:\Users\steve\code\KillerPDF-Corpus\corpus\regression\arxiv-cc-2025-01-08-to-14-batch3\2501.05165v1.pdf (offset 1091862): input stream is complete but output may still be valid WARNING: C:\Users\steve\code\KillerPDF-Corpus\corpus\regression\arxiv-cc-2025-01-08-to-14-batch3\2501.05165v1.pdf (offset 1185584): input stream is complete but output may still be valid WARNING: C:\Users\steve\code\KillerPDF-Corpus\corpus\regression\arxiv-cc-2025-01-08-to-14-batch3\2501.05165v1.pdf (offset 1192949): input stream is complete but output may still be valid WARNING: C:\Users\steve\code\KillerPDF-Corpus\corpus\regression\arxiv-cc-2025-01-08-to-14-batch3\2501.05165v1.pdf (offset 1193548): input stream is complete but output may still be valid WARNING: C:\Users\steve\code\KillerPDF-Corpus\corpus\regression\arxiv-cc-2025-01-08-to-14-batch3\2501.05165v1.pdf (offset 1194178): input stream is complete but output may still be valid WARNING: C:\Users\steve\code\KillerPDF-Corpus\corpus\regression\arxiv-cc-2025-01-08-to-14-batch3\2501.05165v1.pdf (offset 1194795): input stream is complete but output may still be valid WARNING: C:\Users\steve\code\KillerPDF-Corpus\corpus\regression\arxiv-cc-2025-01-08-to-14-batch3\2501.05165v1.pdf (offset 1275592): input stream is complete but output may still be valid WARNING: C:\Users\steve\code\KillerPDF-Corpus\corpus\regression\arxiv-cc-2025-01-08-to-14-batch3\2501.05165v1.pdf (offset 1369197): input stream is complete but output may still be valid WARNING: C:\Users\steve\code\KillerPDF-Corpus\corpus\regression\arxiv-cc-2025-01-08-to-14-batch3\2501.05165v1.pdf (offset 1461969): input stream is complete but output may still be valid WARNING: C:\Users\steve\code\KillerPDF-Corpus\corpus\regression\arxiv-cc-2025-01-08-to-14-batch3\2501.05165v1.pdf (offset 1462549): input stream is complete but output may still be valid WARNING: C:\Users\steve\code\KillerPDF-Corpus\corpus\regression\arxiv-cc-2025-01-08-to-14-batch3\2501.05165v1.pdf (offset 1463147): input stream is complete but output may still be valid WARNING: C:\Users\steve\code\KillerPDF-Corpus\corpus\regression\arxiv-cc-2025-01-08-to-14-batch3\2501.05165v1.pdf (offset 1463601): input stream is complete but output may still be valid WARNING: C:\Users\steve\code\KillerPDF-Corpus\corpus\regression\arxiv-cc-2025-01-08-to-14-batch3\2501.05165v1.pdf (offset 1539071): input stream is complete but output may still be valid WARNING: C:\Users\steve\code\KillerPDF-Corpus\corpus\regression\arxiv-cc-2025-01-08-to-14-batch3\2501.05165v1.pdf (offset 1630086): input stream is complete but output may still be valid WARNING: C:\Users\steve\code\KillerPDF-Corpus\corpus\regression\arxiv-cc-2025-01-08-to-14-batch3\2501.05165v1.pdf (offset 6499935): input stream is complete but output may still be valid WARNING: C:\Users\steve\code\KillerPDF-Corpus\corpus\regression\arxiv-cc-2025-01-08-to-14-batch3\2501.05165v1.pdf (offset 7261293): input stream is complete but output may still be valid WARNING: C:\Users\steve\code\KillerPDF-Corpus\corpus\regression\arxiv-cc-2025-01-08-to-14-batch3\2501.05165v1.pdf (offset 7261483): input stream is complete but output may still be valid WARNING: C:\Users\steve\code\KillerPDF-Corpus\corpus\regression\arxiv-cc-2025-01-08-to-14-batch3\2501.05165v1.pdf (offset 7261675): input stream is complete but output may still be valid WARNING: C:\Users\steve\code\KillerPDF-Corpus\corpus\regression\arxiv-cc-2025-01-08-to-14-batch3\2501.05165v1.pdf (offset 7261865): input stream is complete but output may still be valid WARNING: C:\Users\steve\code\KillerPDF-Corpus\corpus\regression\arxiv-cc-2025-01-08-to-14-batch3\2501.05165v1.pdf (offset 7262055): input stream is complete but output may still be valid WARNING: C:\Users\steve\code\KillerPDF-Corpus\corpus\regression\arxiv-cc-2025-01-08-to-14-batch3\2501.05165v1.pdf (offset 7262235): input stream is complete but output may still be valid WARNING: C:\Users\steve\code\KillerPDF-Corpus\corpus\regression\arxiv-cc-2025-01-08-to-14-batch3\2501.05165v1.pdf (offset 7262425): input stream is complete but output may still be valid WARNING: C:\Users\steve\code\KillerPDF-Corpus\corpus\regression\arxiv-cc-2025-01-08-to-14-batch3\2501.05165v1.pdf (offset 7262615): input stream is complete but output may still be valid WARNING: C:\Users\steve\code\KillerPDF-Corpus\corpus\regression\arxiv-cc-2025-01-08-to-14-batch3\2501.05165v1.pdf (offset 7262793): input stream is complete but output may still be valid WARNING: C:\Users\steve\code\KillerPDF-Corpus\corpus\regression\arxiv-cc-2025-01-08-to-14-batch3\2501.05165v1.pdf (offset 7262971): input stream is complete but output may still be valid WARNING: C:\Users\steve\code\KillerPDF-Corpus\corpus\regression\arxiv-cc-2025-01-08-to-14-batch3\2501.05165v1.pdf (offset 7263149): input stream is complete but output may still be valid WARNING: C:\Users\steve\code\KillerPDF-Corpus\corpus\regression\arxiv-cc-2025-01-08-to-14-batch3\2501.05165v1.pdf (offset 7263338): input stream is complete but output may still be valid WARNING: C:\Users\steve\code\KillerPDF-Corpus\corpus\regression\arxiv-cc-2025-01-08-to-14-batch3\2501.05165v1.pdf (offset 7263528): input stream is complete but output may still be valid WARNING: C:\Users\steve\code\KillerPDF-Corpus\corpus\regression\arxiv-cc-2025-01-08-to-14-batch3\2501.05165v1.pdf (offset 7263718): input stream is complete but output may still be valid WARNING: C:\Users\steve\code\KillerPDF-Corpus\corpus\regression\arxiv-cc-2025-01-08-to-14-batch3\2501.05165v1.pdf (offset 7263896): input stream is complete but output may still be valid WARNING: C:\Users\steve\code\KillerPDF-Corpus\corpus\regression\arxiv-cc-2025-01-08-to-14-batch3\2501.05165v1.pdf (offset 7264074): input stream is complete but output may still be valid WARNING: C:\Users\steve\code\KillerPDF-Corpus\corpus\regression\arxiv-cc-2025-01-08-to-14-batch3\2501.05165v1.pdf (offset 7383211): input stream is complete but output may still be valid WARNING: C:\Users\steve\code\KillerPDF-Corpus\corpus\regression\arxiv-cc-2025-01-08-to-14-batch3\2501.05165v1.pdf (offset 7383398): input stream is complete but output may still be valid WARNING: C:\Users\steve\code\KillerPDF-Corpus\corpus\regression\arxiv-cc-2025-01-08-to-14-batch3\2501.05165v1.pdf (offset 7156987): input stream is complete but output may still be valid WARNING: C:\Users\steve\code\KillerPDF-Corpus\corpus\regression\arxiv-cc-2025-01-08-to-14-batch3\2501.05165v1.pdf (offset 7157203): input stream is complete but output may still be valid WARNING: C:\Users\steve\code\KillerPDF-Corpus\corpus\regression\arxiv-cc-2025-01-08-to-14-batch3\2501.05165v1.pdf (offset 7157419): input stream is complete but output may still be valid WARNING: C:\Users\steve\code\KillerPDF-Corpus\corpus\regression\arxiv-cc-2025-01-08-to-14-batch3\2501.05165v1.pdf (offset 7157635): input stream is complete but output may still be valid WARNING: C:\Users\steve\code\KillerPDF-Corpus\corpus\regression\arxiv-cc-2025-01-08-to-14-batch3\2501.05165v1.pdf (offset 7157847): input stream is complete but output may still be valid WARNING: C:\Users\steve\code\KillerPDF-Corpus\corpus\regression\arxiv-cc-2025-01-08-to-14-batch3\2501.05165v1.pdf (offset 7158062): input stream is complete but output may still be valid WARNING: C:\Users\steve\code\KillerPDF-Corpus\corpus\regression\arxiv-cc-2025-01-08-to-14-batch3\2501.05165v1.pdf (offset 7158278): input stream is complete but output may still be valid WARNING: C:\Users\steve\code\KillerPDF-Corpus\corpus\regression\arxiv-cc-2025-01-08-to-14-batch3\2501.05165v1.pdf (offset 7158490): input stream is complete but output may still be valid WARNING: C:\Users\steve\code\KillerPDF-Corpus\corpus\regression\arxiv-cc-2025-01-08-to-14-batch3\2501.05165v1.pdf (offset 7158701): input stream is complete but output may still be valid WARNING: C:\Users\steve\code\KillerPDF-Corpus\corpus\regression\arxiv-cc-2025-01-08-to-14-batch3\2501.05165v1.pdf (offset 7158912): input stream is complete but output may still be valid WARNING: C:\Users\steve\code\KillerPDF-Corpus\corpus\regression\arxiv-cc-2025-01-08-to-14-batch3\2501.05165v1.pdf (offset 7159123): input stream is complete but output may still be valid WARNING: C:\Users\steve\code\KillerPDF-Corpus\corpus\regression\arxiv-cc-2025-01-08-to-14-batch3\2501.05165v1.pdf (offset 7159338): input stream is complete but output may still be valid WARNING: C:\Users\steve\code\KillerPDF-Corpus\corpus\regression\arxiv-cc-2025-01-08-to-14-batch3\2501.05165v1.pdf (offset 7159554): input stream is complete but output may still be valid WARNING: C:\Users\steve\code\KillerPDF-Corpus\corpus\regression\arxiv-cc-2025-01-08-to-14-batch3\2501.05165v1.pdf (offset 7159766): input stream is complete but output may still be valid WARNING: C:\Users\steve\code\KillerPDF-Corpus\corpus\regression\arxiv-cc-2025-01-08-to-14-batch3\2501.05165v1.pdf (offset 7159977): input stream is complete but output may still be valid WARNING: C:\Users\steve\code\KillerPDF-Corpus\corpus\regression\arxiv-cc-2025-01-08-to-14-batch3\2501.05165v1.pdf (offset 7160188): input stream is complete but output may still be valid WARNING: C:\Users\steve\code\KillerPDF-Corpus\corpus\regression\arxiv-cc-2025-01-08-to-14-batch3\2501.05165v1.pdf (offset 7264280): input stream is complete but output may still be valid WARNING: C:\Users\steve\code\KillerPDF-Corpus\corpus\regression\arxiv-cc-2025-01-08-to-14-batch3\2501.05165v1.pdf (offset 7264491): input stream is complete but output may still be valid WARNING: C:\Users\steve\code\KillerPDF-Corpus\corpus\regression\arxiv-cc-2025-01-08-to-14-batch3\2501.05165v1.pdf (offset 7264702): input stream is complete but output may still be valid WARNING: C:\Users\steve\code\KillerPDF-Corpus\corpus\regression\arxiv-cc-2025-01-08-to-14-batch3\2501.05165v1.pdf (offset 7264913): input stream is complete but output may still be valid WARNING: C:\Users\steve\code\KillerPDF-Corpus\corpus\regression\arxiv-cc-2025-01-08-to-14-batch3\2501.05165v1.pdf (offset 7265124): input stream is complete but output may still be valid WARNING: C:\Users\steve\code\KillerPDF-Corpus\corpus\regression\arxiv-cc-2025-01-08-to-14-batch3\2501.05165v1.pdf (offset 7265335): input stream is complete but output may still be valid WARNING: C:\Users\steve\code\KillerPDF-Corpus\corpus\regression\arxiv-cc-2025-01-08-to-14-batch3\2501.05165v1.pdf (offset 7265546): input stream is complete but output may still be valid WARNING: C:\Users\steve\code\KillerPDF-Corpus\corpus\regression\arxiv-cc-2025-01-08-to-14-batch3\2501.05165v1.pdf (offset 7265757): input stream is complete but output may still be valid WARNING: C:\Users\steve\code\KillerPDF-Corpus\corpus\regression\arxiv-cc-2025-01-08-to-14-batch3\2501.05165v1.pdf (offset 7265968): input stream is complete but output may still be valid WARNING: C:\Users\steve\code\KillerPDF-Corpus\corpus\regression\arxiv-cc-2025-01-08-to-14-batch3\2501.05165v1.pdf (offset 7266179): input stream is complete but output may still be valid WARNING: C:\Users\steve\code\KillerPDF-Corpus\corpus\regression\arxiv-cc-2025-01-08-to-14-batch3\2501.05165v1.pdf (offset 7266390): input stream is complete but output may still be valid WARNING: C:\Users\steve\code\KillerPDF-Corpus\corpus\regression\arxiv-cc-2025-01-08-to-14-batch3\2501.05165v1.pdf (offset 7266601): input stream is complete but output may still be valid WARNING: C:\Users\steve\code\KillerPDF-Corpus\corpus\regression\arxiv-cc-2025-01-08-to-14-batch3\2501.05165v1.pdf (offset 7266812): input stream is complete but output may still be valid WARNING: C:\Users\steve\code\KillerPDF-Corpus\corpus\regression\arxiv-cc-2025-01-08-to-14-batch3\2501.05165v1.pdf (offset 7267023): input stream is complete but output may still be valid WARNING: C:\Users\steve\code\KillerPDF-Corpus\corpus\regression\arxiv-cc-2025-01-08-to-14-batch3\2501.05165v1.pdf (offset 7383584): input stream is complete but output may still be valid WARNING: C:\Users\steve\code\KillerPDF-Corpus\corpus\regression\arxiv-cc-2025-01-08-to-14-batch3\2501.05165v1.pdf (offset 7383782): input stream is complete but output may still be valid WARNING: C:\Users\steve\code\KillerPDF-Corpus\corpus\regression\arxiv-cc-2025-01-08-to-14-batch3\2501.05165v1.pdf (offset 7383969): input stream is complete but output may still be valid WARNING: C:\Users\steve\code\KillerPDF-Corpus\corpus\regression\arxiv-cc-2025-01-08-to-14-batch3\2501.05165v1.pdf (offset 7384155): input stream is complete but output may still be valid WARNING: C:\Users\steve\code\KillerPDF-Corpus\corpus\regression\arxiv-cc-2025-01-08-to-14-batch3\2501.05165v1.pdf (offset 7384353): input stream is complete but output may still be valid WARNING: C:\Users\steve\code\KillerPDF-Corpus\corpus\regression\arxiv-cc-2025-01-08-to-14-batch3\2501.05165v1.pdf (offset 7384540): input stream is complete but output may still be valid WARNING: C:\Users\steve\code\KillerPDF-Corpus\corpus\regression\arxiv-cc-2025-01-08-to-14-batch3\2501.05165v1.pdf (offset 7384726): input stream is complete but output may still be valid WARNING: C:\Users\steve\code\KillerPDF-Corpus\corpus\regression\arxiv-cc-2025-01-08-to-14-batch3\2501.05165v1.pdf (offset 7384913): input stream is complete but output may still be valid WARNING: C:\Users\steve\code\KillerPDF-Corpus\corpus\regression\arxiv-cc-2025-01-08-to-14-batch3\2501.05165v1.pdf (offset 7385099): input stream is complete but output may still be valid WARNING: C:\Users\steve\code\KillerPDF-Corpus\corpus\regression\arxiv-cc-2025-01-08-to-14-batch3\2501.05165v1.pdf (offset 7385286): input stream is complete but output may still be valid WARNING: C:\Users\steve\code\KillerPDF-Corpus\corpus\regression\arxiv-cc-2025-01-08-to-14-batch3\2501.05165v1.pdf (offset 7385472): input stream is complete but output may still be valid WARNING: C:\Users\steve\code\KillerPDF-Corpus\corpus\regression\arxiv-cc-2025-01-08-to-14-batch3\2501.05165v1.pdf (offset 7385659): input stream is complete but output may still be valid WARNING: C:\Users\steve\code\KillerPDF-Corpus\corpus\regression\arxiv-cc-2025-01-08-to-14-batch3\2501.05165v1.pdf (offset 7516063): input stream is complete but output may still be valid WARNING: C:\Users\steve\code\KillerPDF-Corpus\corpus\regression\arxiv-cc-2025-01-08-to-14-batch3\2501.05165v1.pdf (offset 7516250): input stream is complete but output may still be valid WARNING: C:\Users\steve\code\KillerPDF-Corpus\corpus\regression\arxiv-cc-2025-01-08-to-14-batch3\2501.05165v1.pdf (offset 7516435): input stream is complete but output may still be valid WARNING: C:\Users\steve\code\KillerPDF-Corpus\corpus\regression\arxiv-cc-2025-01-08-to-14-batch3\2501.05165v1.pdf (offset 7516610): input stream is complete but output may still be valid WARNING: C:\Users\steve\code\KillerPDF-Corpus\corpus\regression\arxiv-cc-2025-01-08-to-14-batch3\2501.05165v1.pdf (offset 7516786): input stream is complete but output may still be valid WARNING: C:\Users\steve\code\KillerPDF-Corpus\corpus\regression\arxiv-cc-2025-01-08-to-14-batch3\2501.05165v1.pdf (offset 7516970): input stream is complete but output may still be valid WARNING: C:\Users\steve\code\KillerPDF-Corpus\corpus\regression\arxiv-cc-2025-01-08-to-14-batch3\2501.05165v1.pdf (offset 7517168): input stream is complete but output may still be valid WARNING: C:\Users\steve\code\KillerPDF-Corpus\corpus\regression\arxiv-cc-2025-01-08-to-14-batch3\2501.05165v1.pdf (offset 7517355): input stream is complete but output may still be valid WARNING: C:\Users\steve\code\KillerPDF-Corpus\corpus\regression\arxiv-cc-2025-01-08-to-14-batch3\2501.05165v1.pdf (offset 7517540): input stream is complete but output may still be valid WARNING: C:\Users\steve\code\KillerPDF-Corpus\corpus\regression\arxiv-cc-2025-01-08-to-14-batch3\2501.05165v1.pdf (offset 7517715): input stream is complete but output may still be valid WARNING: C:\Users\steve\code\KillerPDF-Corpus\corpus\regression\arxiv-cc-2025-01-08-to-14-batch3\2501.05165v1.pdf (offset 7517891): input stream is complete but output may still be valid WARNING: C:\Users\steve\code\KillerPDF-Corpus\corpus\regression\arxiv-cc-2025-01-08-to-14-batch3\2501.05165v1.pdf (offset 7518075): input stream is complete but output may still be valid WARNING: C:\Users\steve\code\KillerPDF-Corpus\corpus\regression\arxiv-cc-2025-01-08-to-14-batch3\2501.05165v1.pdf (offset 7518272): input stream is complete but output may still be valid WARNING: C:\Users\steve\code\KillerPDF-Corpus\corpus\regression\arxiv-cc-2025-01-08-to-14-batch3\2501.05165v1.pdf (offset 7518448): input stream is complete but output may still be valid WARNING: C:\Users\steve\code\KillerPDF-Corpus\corpus\regression\arxiv-cc-2025-01-08-to-14-batch3\2501.05165v1.pdf (offset 7518635): input stream is complete but output may still be valid WARNING: C:\Users\steve\code\KillerPDF-Corpus\corpus\regression\arxiv-cc-2025-01-08-to-14-batch3\2501.05165v1.pdf (offset 7518820): input stream is complete but output may still be valid WARNING: C:\Users\steve\code\KillerPDF-Corpus\corpus\regression\arxiv-cc-2025-01-08-to-14-batch3\2501.05165v1.pdf (offset 6680503): input stream is complete but output may still be valid WARNING: C:\Users\steve\code\KillerPDF-Corpus\corpus\regression\arxiv-cc-2025-01-08-to-14-batch3\2501.05165v1.pdf (offset 6680714): input stream is complete but output may still be valid WARNING: C:\Users\steve\code\KillerPDF-Corpus\corpus\regression\arxiv-cc-2025-01-08-to-14-batch3\2501.05165v1.pdf (offset 6680925): input stream is complete but output may still be valid WARNING: C:\Users\steve\code\KillerPDF-Corpus\corpus\regression\arxiv-cc-2025-01-08-to-14-batch3\2501.05165v1.pdf (offset 6681136): input stream is complete but output may still be valid WARNING: C:\Users\steve\code\KillerPDF-Corpus\corpus\regression\arxiv-cc-2025-01-08-to-14-batch3\2501.05165v1.pdf (offset 6681347): input stream is complete but output may still be valid WARNING: C:\Users\steve\code\KillerPDF-Corpus\corpus\regression\arxiv-cc-2025-01-08-to-14-batch3\2501.05165v1.pdf (offset 6681558): input stream is complete but output may still be valid WARNING: C:\Users\steve\code\KillerPDF-Corpus\corpus\regression\arxiv-cc-2025-01-08-to-14-batch3\2501.05165v1.pdf (offset 6681769): input stream is complete but output may still be valid WARNING: C:\Users\steve\code\KillerPDF-Corpus\corpus\regression\arxiv-cc-2025-01-08-to-14-batch3\2501.05165v1.pdf (offset 6681980): input stream is complete but output may still be valid WARNING: C:\Users\steve\code\KillerPDF-Corpus\corpus\regression\arxiv-cc-2025-01-08-to-14-batch3\2501.05165v1.pdf (offset 6682191): input stream is complete but output may still be valid WARNING: C:\Users\steve\code\KillerPDF-Corpus\corpus\regression\arxiv-cc-2025-01-08-to-14-batch3\2501.05165v1.pdf (offset 6682402): input stream is complete but output may still be valid WARNING: C:\Users\steve\code\KillerPDF-Corpus\corpus\regression\arxiv-cc-2025-01-08-to-14-batch3\2501.05165v1.pdf (offset 6682613): input stream is complete but output may still be valid WARNING: C:\Users\steve\code\KillerPDF-Corpus\corpus\regression\arxiv-cc-2025-01-08-to-14-batch3\2501.05165v1.pdf (offset 6682824): input stream is complete but output may still be valid WARNING: C:\Users\steve\code\KillerPDF-Corpus\corpus\regression\arxiv-cc-2025-01-08-to-14-batch3\2501.05165v1.pdf (offset 6683035): input stream is complete but output may still be valid WARNING: C:\Users\steve\code\KillerPDF-Corpus\corpus\regression\arxiv-cc-2025-01-08-to-14-batch3\2501.05165v1.pdf (offset 6683246): input stream is complete but output may still be valid WARNING: C:\Users\steve\code\KillerPDF-Corpus\corpus\regression\arxiv-cc-2025-01-08-to-14-batch3\2501.05165v1.pdf (offset 6683457): input stream is complete but output may still be valid WARNING: C:\Users\steve\code\KillerPDF-Corpus\corpus\regression\arxiv-cc-2025-01-08-to-14-batch3\2501.05165v1.pdf (offset 6683668): input stream is complete but output may still be valid WARNING: C:\Users\steve\code\KillerPDF-Corpus\corpus\regression\arxiv-cc-2025-01-08-to-14-batch3\2501.05165v1.pdf (offset 6683879): input stream is complete but output may still be valid WARNING: C:\Users\steve\code\KillerPDF-Corpus\corpus\regression\arxiv-cc-2025-01-08-to-14-batch3\2501.05165v1.pdf (offset 6684090): input stream is complete but output may still be valid WARNING: C:\Users\steve\code\KillerPDF-Corpus\corpus\regression\arxiv-cc-2025-01-08-to-14-batch3\2501.05165v1.pdf (offset 6684301): input stream is complete but output may still be valid WARNING: C:\Users\steve\code\KillerPDF-Corpus\corpus\regression\arxiv-cc-2025-01-08-to-14-batch3\2501.05165v1.pdf (offset 6684512): input stream is complete but output may still be valid WARNING: C:\Users\steve\code\KillerPDF-Corpus\corpus\regression\arxiv-cc-2025-01-08-to-14-batch3\2501.05165v1.pdf (offset 6684723): input stream is complete but output may still be valid WARNING: C:\Users\steve\code\KillerPDF-Corpus\corpus\regression\arxiv-cc-2025-01-08-to-14-batch3\2501.05165v1.pdf (offset 6684934): input stream is complete but output may still be valid WARNING: C:\Users\steve\code\KillerPDF-Corpus\corpus\regression\arxiv-cc-2025-01-08-to-14-batch3\2501.05165v1.pdf (offset 6685145): input stream is complete but output may still be valid WARNING: C:\Users\steve\code\KillerPDF-Corpus\corpus\regression\arxiv-cc-2025-01-08-to-14-batch3\2501.05165v1.pdf (offset 6685356): input stream is complete but output may still be valid WARNING: C:\Users\steve\code\KillerPDF-Corpus\corpus\regression\arxiv-cc-2025-01-08-to-14-batch3\2501.05165v1.pdf (offset 6685567): input stream is complete but output may still be valid WARNING: C:\Users\steve\code\KillerPDF-Corpus\corpus\regression\arxiv-cc-2025-01-08-to-14-batch3\2501.05165v1.pdf (offset 6685778): input stream is complete but output may still be valid WARNING: C:\Users\steve\code\KillerPDF-Corpus\corpus\regression\arxiv-cc-2025-01-08-to-14-batch3\2501.05165v1.pdf (offset 6685989): input stream is complete but output may still be valid WARNING: C:\Users\steve\code\KillerPDF-Corpus\corpus\regression\arxiv-cc-2025-01-08-to-14-batch3\2501.05165v1.pdf (offset 6686200): input stream is complete but output may still be valid WARNING: C:\Users\steve\code\KillerPDF-Corpus\corpus\regression\arxiv-cc-2025-01-08-to-14-batch3\2501.05165v1.pdf (offset 6686411): input stream is complete but output may still be valid WARNING: C:\Users\steve\code\KillerPDF-Corpus\corpus\regression\arxiv-cc-2025-01-08-to-14-batch3\2501.05165v1.pdf (offset 6686622): input stream is complete but output may still be valid WARNING: C:\Users\steve\code\KillerPDF-Corpus\corpus\regression\arxiv-cc-2025-01-08-to-14-batch3\2501.05165v1.pdf (offset 6686833): input stream is complete but output may still be valid WARNING: C:\Users\steve\code\KillerPDF-Corpus\corpus\regression\arxiv-cc-2025-01-08-to-14-batch3\2501.05165v1.pdf (offset 6687044): input stream is complete but output may still be valid WARNING: C:\Users\steve\code\KillerPDF-Corpus\corpus\regression\arxiv-cc-2025-01-08-to-14-batch3\2501.05165v1.pdf (offset 6687255): input stream is complete but output may still be valid WARNING: C:\Users\steve\code\KillerPDF-Corpus\corpus\regression\arxiv-cc-2025-01-08-to-14-batch3\2501.05165v1.pdf (offset 6687466): input stream is complete but output may still be valid WARNING: C:\Users\steve\code\KillerPDF-Corpus\corpus\regression\arxiv-cc-2025-01-08-to-14-batch3\2501.05165v1.pdf (offset 6687677): input stream is complete but output may still be valid WARNING: C:\Users\steve\code\KillerPDF-Corpus\corpus\regression\arxiv-cc-2025-01-08-to-14-batch3\2501.05165v1.pdf (offset 6687888): input stream is complete but output may still be valid WARNING: C:\Users\steve\code\KillerPDF-Corpus\corpus\regression\arxiv-cc-2025-01-08-to-14-batch3\2501.05165v1.pdf (offset 6688099): input stream is complete but output may still be valid WARNING: C:\Users\steve\code\KillerPDF-Corpus\corpus\regression\arxiv-cc-2025-01-08-to-14-batch3\2501.05165v1.pdf (offset 6688310): input stream is complete but output may still be valid WARNING: C:\Users\steve\code\KillerPDF-Corpus\corpus\regression\arxiv-cc-2025-01-08-to-14-batch3\2501.05165v1.pdf (offset 6688521): input stream is complete but output may still be valid WARNING: C:\Users\steve\code\KillerPDF-Corpus\corpus\regression\arxiv-cc-2025-01-08-to-14-batch3\2501.05165v1.pdf (offset 6826261): input stream is complete but output may still be valid WARNING: C:\Users\steve\code\KillerPDF-Corpus\corpus\regression\arxiv-cc-2025-01-08-to-14-batch3\2501.05165v1.pdf (offset 6826448): input stream is complete but output may still be valid WARNING: C:\Users\steve\code\KillerPDF-Corpus\corpus\regression\arxiv-cc-2025-01-08-to-14-batch3\2501.05165v1.pdf (offset 6826634): input stream is complete but output may still be valid WARNING: C:\Users\steve\code\KillerPDF-Corpus\corpus\regression\arxiv-cc-2025-01-08-to-14-batch3\2501.05165v1.pdf (offset 6826818): input stream is complete but output may still be valid WARNING: C:\Users\steve\code\KillerPDF-Corpus\corpus\regression\arxiv-cc-2025-01-08-to-14-batch3\2501.05165v1.pdf (offset 6827016): input stream is complete but output may still be valid WARNING: C:\Users\steve\code\KillerPDF-Corpus\corpus\regression\arxiv-cc-2025-01-08-to-14-batch3\2501.05165v1.pdf (offset 6827204): input stream is complete but output may still be valid WARNING: C:\Users\steve\code\KillerPDF-Corpus\corpus\regression\arxiv-cc-2025-01-08-to-14-batch3\2501.05165v1.pdf (offset 6827397): input stream is complete but output may still be valid WARNING: C:\Users\steve\code\KillerPDF-Corpus\corpus\regression\arxiv-cc-2025-01-08-to-14-batch3\2501.05165v1.pdf (offset 6827590): input stream is complete but output may still be valid WARNING: C:\Users\steve\code\KillerPDF-Corpus\corpus\regression\arxiv-cc-2025-01-08-to-14-batch3\2501.05165v1.pdf (offset 6827777): input stream is complete but output may still be valid WARNING: C:\Users\steve\code\KillerPDF-Corpus\corpus\regression\arxiv-cc-2025-01-08-to-14-batch3\2501.05165v1.pdf (offset 6827962): input stream is complete but output may still be valid WARNING: C:\Users\steve\code\KillerPDF-Corpus\corpus\regression\arxiv-cc-2025-01-08-to-14-batch3\2501.05165v1.pdf (offset 6828138): input stream is complete but output may still be valid WARNING: C:\Users\steve\code\KillerPDF-Corpus\corpus\regression\arxiv-cc-2025-01-08-to-14-batch3\2501.05165v1.pdf (offset 6828322): input stream is complete but output may still be valid WARNING: C:\Users\steve\code\KillerPDF-Corpus\corpus\regression\arxiv-cc-2025-01-08-to-14-batch3\2501.05165v1.pdf (offset 6828519): input stream is complete but output may still be valid WARNING: C:\Users\steve\code\KillerPDF-Corpus\corpus\regression\arxiv-cc-2025-01-08-to-14-batch3\2501.05165v1.pdf (offset 6828695): input stream is complete but output may still be valid WARNING: C:\Users\steve\code\KillerPDF-Corpus\corpus\regression\arxiv-cc-2025-01-08-to-14-batch3\2501.05165v1.pdf (offset 6828883): input stream is complete but output may still be valid WARNING: C:\Users\steve\code\KillerPDF-Corpus\corpus\regression\arxiv-cc-2025-01-08-to-14-batch3\2501.05165v1.pdf (offset 6829076): input stream is complete but output may still be valid WARNING: C:\Users\steve\code\KillerPDF-Corpus\corpus\regression\arxiv-cc-2025-01-08-to-14-batch3\2501.05165v1.pdf (offset 6829269): input stream is complete but output may still be valid WARNING: C:\Users\steve\code\KillerPDF-Corpus\corpus\regression\arxiv-cc-2025-01-08-to-14-batch3\2501.05165v1.pdf (offset 6829456): input stream is complete but output may still be valid WARNING: C:\Users\steve\code\KillerPDF-Corpus\corpus\regression\arxiv-cc-2025-01-08-to-14-batch3\2501.05165v1.pdf (offset 6829641): input stream is complete but output may still be valid WARNING: C:\Users\steve\code\KillerPDF-Corpus\corpus\regression\arxiv-cc-2025-01-08-to-14-batch3\2501.05165v1.pdf (offset 6829817): input stream is complete but output may still be valid WARNING: C:\Users\steve\code\KillerPDF-Corpus\corpus\regression\arxiv-cc-2025-01-08-to-14-batch3\2501.05165v1.pdf (offset 6830001): input stream is complete but output may still be valid WARNING: C:\Users\steve\code\KillerPDF-Corpus\corpus\regression\arxiv-cc-2025-01-08-to-14-batch3\2501.05165v1.pdf (offset 6830199): input stream is complete but output may still be valid WARNING: C:\Users\steve\code\KillerPDF-Corpus\corpus\regression\arxiv-cc-2025-01-08-to-14-batch3\2501.05165v1.pdf (offset 6830387): input stream is complete but output may still be valid WARNING: C:\Users\steve\code\KillerPDF-Corpus\corpus\regression\arxiv-cc-2025-01-08-to-14-batch3\2501.05165v1.pdf (offset 6830580): input stream is complete but output may still be valid WARNING: C:\Users\steve\code\KillerPDF-Corpus\corpus\regression\arxiv-cc-2025-01-08-to-14-batch3\2501.05165v1.pdf (offset 6830764): input stream is complete but output may still be valid WARNING: C:\Users\steve\code\KillerPDF-Corpus\corpus\regression\arxiv-cc-2025-01-08-to-14-batch3\2501.05165v1.pdf (offset 6830957): input stream is complete but output may still be valid WARNING: C:\Users\steve\code\KillerPDF-Corpus\corpus\regression\arxiv-cc-2025-01-08-to-14-batch3\2501.05165v1.pdf (offset 6831144): input stream is complete but output may still be valid WARNING: C:\Users\steve\code\KillerPDF-Corpus\corpus\regression\arxiv-cc-2025-01-08-to-14-batch3\2501.05165v1.pdf (offset 6831329): input stream is complete but output may still be valid WARNING: C:\Users\steve\code\KillerPDF-Corpus\corpus\regression\arxiv-cc-2025-01-08-to-14-batch3\2501.05165v1.pdf (offset 6831505): input stream is complete but output may still be valid WARNING: C:\Users\steve\code\KillerPDF-Corpus\corpus\regression\arxiv-cc-2025-01-08-to-14-batch3\2501.05165v1.pdf (offset 6831689): input stream is complete but output may still be valid WARNING: C:\Users\steve\code\KillerPDF-Corpus\corpus\regression\arxiv-cc-2025-01-08-to-14-batch3\2501.05165v1.pdf (offset 6831887): input stream is complete but output may still be valid WARNING: C:\Users\steve\code\KillerPDF-Corpus\corpus\regression\arxiv-cc-2025-01-08-to-14-batch3\2501.05165v1.pdf (offset 6832075): input stream is complete but output may still be valid WARNING: C:\Users\steve\code\KillerPDF-Corpus\corpus\regression\arxiv-cc-2025-01-08-to-14-batch3\2501.05165v1.pdf (offset 6832268): input stream is complete but output may still be valid WARNING: C:\Users\steve\code\KillerPDF-Corpus\corpus\regression\arxiv-cc-2025-01-08-to-14-batch3\2501.05165v1.pdf (offset 6832461): input stream is complete but output may still be valid WARNING: C:\Users\steve\code\KillerPDF-Corpus\corpus\regression\arxiv-cc-2025-01-08-to-14-batch3\2501.05165v1.pdf (offset 6832649): input stream is complete but output may still be valid WARNING: C:\Users\steve\code\KillerPDF-Corpus\corpus\regression\arxiv-cc-2025-01-08-to-14-batch3\2501.05165v1.pdf (offset 6832842): input stream is complete but output may still be valid WARNING: C:\Users\steve\code\KillerPDF-Corpus\corpus\regression\arxiv-cc-2025-01-08-to-14-batch3\2501.05165v1.pdf (offset 6833035): input stream is complete but output may still be valid WARNING: C:\Users\steve\code\KillerPDF-Corpus\corpus\regression\arxiv-cc-2025-01-08-to-14-batch3\2501.05165v1.pdf (offset 6833222): input stream is complete but output may still be valid WARNING: C:\Users\steve\code\KillerPDF-Corpus\corpus\regression\arxiv-cc-2025-01-08-to-14-batch3\2501.05165v1.pdf (offset 6833407): input stream is complete but output may still be valid WARNING: C:\Users\steve\code\KillerPDF-Corpus\corpus\regression\arxiv-cc-2025-01-08-to-14-batch3\2501.05165v1.pdf (offset 7395838): input stream is complete but output may still be valid WARNING: C:\Users\steve\code\KillerPDF-Corpus\corpus\regression\arxiv-cc-2025-01-08-to-14-batch3\2501.05165v1.pdf (offset 7396049): input stream is complete but output may still be valid WARNING: C:\Users\steve\code\KillerPDF-Corpus\corpus\regression\arxiv-cc-2025-01-08-to-14-batch3\2501.05165v1.pdf (offset 7396260): input stream is complete but output may still be valid WARNING: C:\Users\steve\code\KillerPDF-Corpus\corpus\regression\arxiv-cc-2025-01-08-to-14-batch3\2501.05165v1.pdf (offset 7396471): input stream is complete but output may still be valid WARNING: C:\Users\steve\code\KillerPDF-Corpus\corpus\regression\arxiv-cc-2025-01-08-to-14-batch3\2501.05165v1.pdf (offset 7396682): input stream is complete but output may still be valid WARNING: C:\Users\steve\code\KillerPDF-Corpus\corpus\regression\arxiv-cc-2025-01-08-to-14-batch3\2501.05165v1.pdf (offset 7396893): input stream is complete but output may still be valid WARNING: C:\Users\steve\code\KillerPDF-Corpus\corpus\regression\arxiv-cc-2025-01-08-to-14-batch3\2501.05165v1.pdf (offset 7397104): input stream is complete but output may still be valid WARNING: C:\Users\steve\code\KillerPDF-Corpus\corpus\regression\arxiv-cc-2025-01-08-to-14-batch3\2501.05165v1.pdf (offset 7397315): input stream is complete but output may still be valid WARNING: C:\Users\steve\code\KillerPDF-Corpus\corpus\regression\arxiv-cc-2025-01-08-to-14-batch3\2501.05165v1.pdf (offset 7397526): input stream is complete but output may still be valid WARNING: C:\Users\steve\code\KillerPDF-Corpus\corpus\regression\arxiv-cc-2025-01-08-to-14-batch3\2501.05165v1.pdf (offset 7397737): input stream is complete but output may still be valid WARNING: C:\Users\steve\code\KillerPDF-Corpus\corpus\regression\arxiv-cc-2025-01-08-to-14-batch3\2501.05165v1.pdf (offset 7397948): input stream is complete but output may still be valid WARNING: C:\Users\steve\code\KillerPDF-Corpus\corpus\regression\arxiv-cc-2025-01-08-to-14-batch3\2501.05165v1.pdf (offset 7398159): input stream is complete but output may still be valid WARNING: C:\Users\steve\code\KillerPDF-Corpus\corpus\regression\arxiv-cc-2025-01-08-to-14-batch3\2501.05165v1.pdf (offset 7398370): input stream is complete but output may still be valid WARNING: C:\Users\steve\code\KillerPDF-Corpus\corpus\regression\arxiv-cc-2025-01-08-to-14-batch3\2501.05165v1.pdf (offset 7398581): input stream is complete but output may still be valid WARNING: C:\Users\steve\code\KillerPDF-Corpus\corpus\regression\arxiv-cc-2025-01-08-to-14-batch3\2501.05165v1.pdf (offset 7398792): input stream is complete but output may still be valid WARNING: C:\Users\steve\code\KillerPDF-Corpus\corpus\regression\arxiv-cc-2025-01-08-to-14-batch3\2501.05165v1.pdf (offset 7399003): input stream is complete but output may still be valid WARNING: C:\Users\steve\code\KillerPDF-Corpus\corpus\regression\arxiv-cc-2025-01-08-to-14-batch3\2501.05165v1.pdf (offset 7399214): input stream is complete but output may still be valid WARNING: C:\Users\steve\code\KillerPDF-Corpus\corpus\regression\arxiv-cc-2025-01-08-to-14-batch3\2501.05165v1.pdf (offset 7399425): input stream is complete but output may still be valid WARNING: C:\Users\steve\code\KillerPDF-Corpus\corpus\regression\arxiv-cc-2025-01-08-to-14-batch3\2501.05165v1.pdf (offset 7399636): input stream is complete but output may still be valid WARNING: C:\Users\steve\code\KillerPDF-Corpus\corpus\regression\arxiv-cc-2025-01-08-to-14-batch3\2501.05165v1.pdf (offset 7399847): input stream is complete but output may still be valid WARNING: C:\Users\steve\code\KillerPDF-Corpus\corpus\regression\arxiv-cc-2025-01-08-to-14-batch3\2501.05165v1.pdf (offset 7400058): input stream is complete but output may still be valid WARNING: C:\Users\steve\code\KillerPDF-Corpus\corpus\regression\arxiv-cc-2025-01-08-to-14-batch3\2501.05165v1.pdf (offset 7400269): input stream is complete but output may still be valid WARNING: C:\Users\steve\code\KillerPDF-Corpus\corpus\regression\arxiv-cc-2025-01-08-to-14-batch3\2501.05165v1.pdf (offset 7400480): input stream is complete but output may still be valid WARNING: C:\Users\steve\code\KillerPDF-Corpus\corpus\regression\arxiv-cc-2025-01-08-to-14-batch3\2501.05165v1.pdf (offset 7400691): input stream is complete but output may still be valid WARNING: C:\Users\steve\code\KillerPDF-Corpus\corpus\regression\arxiv-cc-2025-01-08-to-14-batch3\2501.05165v1.pdf (offset 7400902): input stream is complete but output may still be valid WARNING: C:\Users\steve\code\KillerPDF-Corpus\corpus\regression\arxiv-cc-2025-01-08-to-14-batch3\2501.05165v1.pdf (offset 7401113): input stream is complete but output may still be valid WARNING: C:\Users\steve\code\KillerPDF-Corpus\corpus\regression\arxiv-cc-2025-01-08-to-14-batch3\2501.05165v1.pdf (offset 7401324): input stream is complete but output may still be valid WARNING: C:\Users\steve\code\KillerPDF-Corpus\corpus\regression\arxiv-cc-2025-01-08-to-14-batch3\2501.05165v1.pdf (offset 7401535): input stream is complete but output may still be valid WARNING: C:\Users\steve\code\KillerPDF-Corpus\corpus\regression\arxiv-cc-2025-01-08-to-14-batch3\2501.05165v1.pdf (offset 7518995): input stream is complete but output may still be valid WARNING: C:\Users\steve\code\KillerPDF-Corpus\corpus\regression\arxiv-cc-2025-01-08-to-14-batch3\2501.05165v1.pdf (offset 7519171): input stream is complete but output may still be valid WARNING: C:\Users\steve\code\KillerPDF-Corpus\corpus\regression\arxiv-cc-2025-01-08-to-14-batch3\2501.05165v1.pdf (offset 7519358): input stream is complete but output may still be valid WARNING: C:\Users\steve\code\KillerPDF-Corpus\corpus\regression\arxiv-cc-2025-01-08-to-14-batch3\2501.05165v1.pdf (offset 7519543): input stream is complete but output may still be valid WARNING: C:\Users\steve\code\KillerPDF-Corpus\corpus\regression\arxiv-cc-2025-01-08-to-14-batch3\2501.05165v1.pdf (offset 7519718): input stream is complete but output may still be valid WARNING: C:\Users\steve\code\KillerPDF-Corpus\corpus\regression\arxiv-cc-2025-01-08-to-14-batch3\2501.05165v1.pdf (offset 7519893): input stream is complete but output may still be valid WARNING: C:\Users\steve\code\KillerPDF-Corpus\corpus\regression\arxiv-cc-2025-01-08-to-14-batch3\2501.05165v1.pdf (offset 7520069): input stream is complete but output may still be valid WARNING: C:\Users\steve\code\KillerPDF-Corpus\corpus\regression\arxiv-cc-2025-01-08-to-14-batch3\2501.05165v1.pdf (offset 7520256): input stream is complete but output may still be valid WARNING: C:\Users\steve\code\KillerPDF-Corpus\corpus\regression\arxiv-cc-2025-01-08-to-14-batch3\2501.05165v1.pdf (offset 7520441): input stream is complete but output may still be valid WARNING: C:\Users\steve\code\KillerPDF-Corpus\corpus\regression\arxiv-cc-2025-01-08-to-14-batch3\2501.05165v1.pdf (offset 7520616): input stream is complete but output may still be valid WARNING: C:\Users\steve\code\KillerPDF-Corpus\corpus\regression\arxiv-cc-2025-01-08-to-14-batch3\2501.05165v1.pdf (offset 7520792): input stream is complete but output may still be valid WARNING: C:\Users\steve\code\KillerPDF-Corpus\corpus\regression\arxiv-cc-2025-01-08-to-14-batch3\2501.05165v1.pdf (offset 7520979): input stream is complete but output may still be valid WARNING: C:\Users\steve\code\KillerPDF-Corpus\corpus\regression\arxiv-cc-2025-01-08-to-14-batch3\2501.05165v1.pdf (offset 6485932): input stream is complete but output may still be valid WARNING: C:\Users\steve\code\KillerPDF-Corpus\corpus\regression\arxiv-cc-2025-01-08-to-14-batch3\2501.05165v1.pdf (offset 6486142): input stream is complete but output may still be valid WARNING: C:\Users\steve\code\KillerPDF-Corpus\corpus\regression\arxiv-cc-2025-01-08-to-14-batch3\2501.05165v1.pdf (offset 6486352): input stream is complete but output may still be valid WARNING: C:\Users\steve\code\KillerPDF-Corpus\corpus\regression\arxiv-cc-2025-01-08-to-14-batch3\2501.05165v1.pdf (offset 6486562): input stream is complete but output may still be valid WARNING: C:\Users\steve\code\KillerPDF-Corpus\corpus\regression\arxiv-cc-2025-01-08-to-14-batch3\2501.05165v1.pdf (offset 6486772): input stream is complete but output may still be valid WARNING: C:\Users\steve\code\KillerPDF-Corpus\corpus\regression\arxiv-cc-2025-01-08-to-14-batch3\2501.05165v1.pdf (offset 6486982): input stream is complete but output may still be valid WARNING: C:\Users\steve\code\KillerPDF-Corpus\corpus\regression\arxiv-cc-2025-01-08-to-14-batch3\2501.05165v1.pdf (offset 6487192): input stream is complete but output may still be valid WARNING: C:\Users\steve\code\KillerPDF-Corpus\corpus\regression\arxiv-cc-2025-01-08-to-14-batch3\2501.05165v1.pdf (offset 6487402): input stream is complete but output may still be valid WARNING: C:\Users\steve\code\KillerPDF-Corpus\corpus\regression\arxiv-cc-2025-01-08-to-14-batch3\2501.05165v1.pdf (offset 6487612): input stream is complete but output may still be valid WARNING: C:\Users\steve\code\KillerPDF-Corpus\corpus\regression\arxiv-cc-2025-01-08-to-14-batch3\2501.05165v1.pdf (offset 6487822): input stream is complete but output may still be valid WARNING: C:\Users\steve\code\KillerPDF-Corpus\corpus\regression\arxiv-cc-2025-01-08-to-14-batch3\2501.05165v1.pdf (offset 6488032): input stream is complete but output may still be valid WARNING: C:\Users\steve\code\KillerPDF-Corpus\corpus\regression\arxiv-cc-2025-01-08-to-14-batch3\2501.05165v1.pdf (offset 6488242): input stream is complete but output may still be valid WARNING: C:\Users\steve\code\KillerPDF-Corpus\corpus\regression\arxiv-cc-2025-01-08-to-14-batch3\2501.05165v1.pdf (offset 6488452): input stream is complete but output may still be valid WARNING: C:\Users\steve\code\KillerPDF-Corpus\corpus\regression\arxiv-cc-2025-01-08-to-14-batch3\2501.05165v1.pdf (offset 6488662): input stream is complete but output may still be valid WARNING: C:\Users\steve\code\KillerPDF-Corpus\corpus\regression\arxiv-cc-2025-01-08-to-14-batch3\2501.05165v1.pdf (offset 6488872): input stream is complete but output may still be valid WARNING: C:\Users\steve\code\KillerPDF-Corpus\corpus\regression\arxiv-cc-2025-01-08-to-14-batch3\2501.05165v1.pdf (offset 6489082): input stream is complete but output may still be valid WARNING: C:\Users\steve\code\KillerPDF-Corpus\corpus\regression\arxiv-cc-2025-01-08-to-14-batch3\2501.05165v1.pdf (offset 6489292): input stream is complete but output may still be valid WARNING: C:\Users\steve\code\KillerPDF-Corpus\corpus\regression\arxiv-cc-2025-01-08-to-14-batch3\2501.05165v1.pdf (offset 6489502): input stream is complete but output may still be valid WARNING: C:\Users\steve\code\KillerPDF-Corpus\corpus\regression\arxiv-cc-2025-01-08-to-14-batch3\2501.05165v1.pdf (offset 6489712): input stream is complete but output may still be valid WARNING: C:\Users\steve\code\KillerPDF-Corpus\corpus\regression\arxiv-cc-2025-01-08-to-14-batch3\2501.05165v1.pdf (offset 6489922): input stream is complete but output may still be valid WARNING: C:\Users\steve\code\KillerPDF-Corpus\corpus\regression\arxiv-cc-2025-01-08-to-14-batch3\2501.05165v1.pdf (offset 6490132): input stream is complete but output may still be valid WARNING: C:\Users\steve\code\KillerPDF-Corpus\corpus\regression\arxiv-cc-2025-01-08-to-14-batch3\2501.05165v1.pdf (offset 6490342): input stream is complete but output may still be valid WARNING: C:\Users\steve\code\KillerPDF-Corpus\corpus\regression\arxiv-cc-2025-01-08-to-14-batch3\2501.05165v1.pdf (offset 6490552): input stream is complete but output may still be valid WARNING: C:\Users\steve\code\KillerPDF-Corpus\corpus\regression\arxiv-cc-2025-01-08-to-14-batch3\2501.05165v1.pdf (offset 6490762): input stream is complete but output may still be valid WARNING: C:\Users\steve\code\KillerPDF-Corpus\corpus\regression\arxiv-cc-2025-01-08-to-14-batch3\2501.05165v1.pdf (offset 6490972): input stream is complete but output may still be valid WARNING: C:\Users\steve\code\KillerPDF-Corpus\corpus\regression\arxiv-cc-2025-01-08-to-14-batch3\2501.05165v1.pdf (offset 6491182): input stream is complete but output may still be valid WARNING: C:\Users\steve\code\KillerPDF-Corpus\corpus\regression\arxiv-cc-2025-01-08-to-14-batch3\2501.05165v1.pdf (offset 6491392): input stream is complete but output may still be valid WARNING: C:\Users\steve\code\KillerPDF-Corpus\corpus\regression\arxiv-cc-2025-01-08-to-14-batch3\2501.05165v1.pdf (offset 6491602): input stream is complete but output may still be valid WARNING: C:\Users\steve\code\KillerPDF-Corpus\corpus\regression\arxiv-cc-2025-01-08-to-14-batch3\2501.05165v1.pdf (offset 6491812): input stream is complete but output may still be valid WARNING: C:\Users\steve\code\KillerPDF-Corpus\corpus\regression\arxiv-cc-2025-01-08-to-14-batch3\2501.05165v1.pdf (offset 6492022): input stream is complete but output may still be valid WARNING: C:\Users\steve\code\KillerPDF-Corpus\corpus\regression\arxiv-cc-2025-01-08-to-14-batch3\2501.05165v1.pdf (offset 6492232): input stream is complete but output may still be valid WARNING: C:\Users\steve\code\KillerPDF-Corpus\corpus\regression\arxiv-cc-2025-01-08-to-14-batch3\2501.05165v1.pdf (offset 6492442): input stream is complete but output may still be valid WARNING: C:\Users\steve\code\KillerPDF-Corpus\corpus\regression\arxiv-cc-2025-01-08-to-14-batch3\2501.05165v1.pdf (offset 6492652): input stream is complete but output may still be valid WARNING: C:\Users\steve\code\KillerPDF-Corpus\corpus\regression\arxiv-cc-2025-01-08-to-14-batch3\2501.05165v1.pdf (offset 6492862): input stream is complete but output may still be valid WARNING: C:\Users\steve\code\KillerPDF-Corpus\corpus\regression\arxiv-cc-2025-01-08-to-14-batch3\2501.05165v1.pdf (offset 6493072): input stream is complete but output may still be valid WARNING: C:\Users\steve\code\KillerPDF-Corpus\corpus\regression\arxiv-cc-2025-01-08-to-14-batch3\2501.05165v1.pdf (offset 6493282): input stream is complete but output may still be valid WARNING: C:\Users\steve\code\KillerPDF-Corpus\corpus\regression\arxiv-cc-2025-01-08-to-14-batch3\2501.05165v1.pdf (offset 6493492): input stream is complete but output may still be valid WARNING: C:\Users\steve\code\KillerPDF-Corpus\corpus\regression\arxiv-cc-2025-01-08-to-14-batch3\2501.05165v1.pdf (offset 6493702): input stream is complete but output may still be valid WARNING: C:\Users\steve\code\KillerPDF-Corpus\corpus\regression\arxiv-cc-2025-01-08-to-14-batch3\2501.05165v1.pdf (offset 6493912): input stream is complete but output may still be valid WARNING: C:\Users\steve\code\KillerPDF-Corpus\corpus\regression\arxiv-cc-2025-01-08-to-14-batch3\2501.05165v1.pdf (offset 6494122): input stream is complete but output may still be valid WARNING: C:\Users\steve\code\KillerPDF-Corpus\corpus\regression\arxiv-cc-2025-01-08-to-14-batch3\2501.05165v1.pdf (offset 6494332): input stream is complete but output may still be valid WARNING: C:\Users\steve\code\KillerPDF-Corpus\corpus\regression\arxiv-cc-2025-01-08-to-14-batch3\2501.05165v1.pdf (offset 6494542): input stream is complete but output may still be valid WARNING: C:\Users\steve\code\KillerPDF-Corpus\corpus\regression\arxiv-cc-2025-01-08-to-14-batch3\2501.05165v1.pdf (offset 6494752): input stream is complete but output may still be valid WARNING: C:\Users\steve\code\KillerPDF-Corpus\corpus\regression\arxiv-cc-2025-01-08-to-14-batch3\2501.05165v1.pdf (offset 6494962): input stream is complete but output may still be valid WARNING: C:\Users\steve\code\KillerPDF-Corpus\corpus\regression\arxiv-cc-2025-01-08-to-14-batch3\2501.05165v1.pdf (offset 6495172): input stream is complete but output may still be valid WARNING: C:\Users\steve\code\KillerPDF-Corpus\corpus\regression\arxiv-cc-2025-01-08-to-14-batch3\2501.05165v1.pdf (offset 6495382): input stream is complete but output may still be valid WARNING: C:\Users\steve\code\KillerPDF-Corpus\corpus\regression\arxiv-cc-2025-01-08-to-14-batch3\2501.05165v1.pdf (offset 6495592): input stream is complete but output may still be valid WARNING: C:\Users\steve\code\KillerPDF-Corpus\corpus\regression\arxiv-cc-2025-01-08-to-14-batch3\2501.05165v1.pdf (offset 6495802): input stream is complete but output may still be valid WARNING: C:\Users\steve\code\KillerPDF-Corpus\corpus\regression\arxiv-cc-2025-01-08-to-14-batch3\2501.05165v1.pdf (offset 6496012): input stream is complete but output may still be valid WARNING: C:\Users\steve\code\KillerPDF-Corpus\corpus\regression\arxiv-cc-2025-01-08-to-14-batch3\2501.05165v1.pdf (offset 6496222): input stream is complete but output may still be valid WARNING: C:\Users\steve\code\KillerPDF-Corpus\corpus\regression\arxiv-cc-2025-01-08-to-14-batch3\2501.05165v1.pdf (offset 6496432): input stream is complete but output may still be valid WARNING: C:\Users\steve\code\KillerPDF-Corpus\corpus\regression\arxiv-cc-2025-01-08-to-14-batch3\2501.05165v1.pdf (offset 6496642): input stream is complete but output may still be valid WARNING: C:\Users\steve\code\KillerPDF-Corpus\corpus\regression\arxiv-cc-2025-01-08-to-14-batch3\2501.05165v1.pdf (offset 6496852): input stream is complete but output may still be valid WARNING: C:\Users\steve\code\KillerPDF-Corpus\corpus\regression\arxiv-cc-2025-01-08-to-14-batch3\2501.05165v1.pdf (offset 6497062): input stream is complete but output may still be valid WARNING: C:\Users\steve\code\KillerPDF-Corpus\corpus\regression\arxiv-cc-2025-01-08-to-14-batch3\2501.05165v1.pdf (offset 6497272): input stream is complete but output may still be valid WARNING: C:\Users\steve\code\KillerPDF-Corpus\corpus\regression\arxiv-cc-2025-01-08-to-14-batch3\2501.05165v1.pdf (offset 6497482): input stream is complete but output may still be valid WARNING: C:\Users\steve\code\KillerPDF-Corpus\corpus\regression\arxiv-cc-2025-01-08-to-14-batch3\2501.05165v1.pdf (offset 6497692): input stream is complete but output may still be valid WARNING: C:\Users\steve\code\KillerPDF-Corpus\corpus\regression\arxiv-cc-2025-01-08-to-14-batch3\2501.05165v1.pdf (offset 6497902): input stream is complete but output may still be valid WARNING: C:\Users\steve\code\KillerPDF-Corpus\corpus\regression\arxiv-cc-2025-01-08-to-14-batch3\2501.05165v1.pdf (offset 6498112): input stream is complete but output may still be valid WARNING: C:\Users\steve\code\KillerPDF-Corpus\corpus\regression\arxiv-cc-2025-01-08-to-14-batch3\2501.05165v1.pdf (offset 6498322): input stream is complete but output may still be valid WARNING: C:\Users\steve\code\KillerPDF-Corpus\corpus\regression\arxiv-cc-2025-01-08-to-14-batch3\2501.05165v1.pdf (offset 6498532): input stream is complete but output may still be valid WARNING: C:\Users\steve\code\KillerPDF-Corpus\corpus\regression\arxiv-cc-2025-01-08-to-14-batch3\2501.05165v1.pdf (offset 6498742): input stream is complete but output may still be valid WARNING: C:\Users\steve\code\KillerPDF-Corpus\corpus\regression\arxiv-cc-2025-01-08-to-14-batch3\2501.05165v1.pdf (offset 6660179): input stream is complete but output may still be valid WARNING: C:\Users\steve\code\KillerPDF-Corpus\corpus\regression\arxiv-cc-2025-01-08-to-14-batch3\2501.05165v1.pdf (offset 6660365): input stream is complete but output may still be valid WARNING: C:\Users\steve\code\KillerPDF-Corpus\corpus\regression\arxiv-cc-2025-01-08-to-14-batch3\2501.05165v1.pdf (offset 6660551): input stream is complete but output may still be valid WARNING: C:\Users\steve\code\KillerPDF-Corpus\corpus\regression\arxiv-cc-2025-01-08-to-14-batch3\2501.05165v1.pdf (offset 6660736): input stream is complete but output may still be valid WARNING: C:\Users\steve\code\KillerPDF-Corpus\corpus\regression\arxiv-cc-2025-01-08-to-14-batch3\2501.05165v1.pdf (offset 6660921): input stream is complete but output may still be valid WARNING: C:\Users\steve\code\KillerPDF-Corpus\corpus\regression\arxiv-cc-2025-01-08-to-14-batch3\2501.05165v1.pdf (offset 6661106): input stream is complete but output may still be valid WARNING: C:\Users\steve\code\KillerPDF-Corpus\corpus\regression\arxiv-cc-2025-01-08-to-14-batch3\2501.05165v1.pdf (offset 6661291): input stream is complete but output may still be valid WARNING: C:\Users\steve\code\KillerPDF-Corpus\corpus\regression\arxiv-cc-2025-01-08-to-14-batch3\2501.05165v1.pdf (offset 6661477): input stream is complete but output may still be valid WARNING: C:\Users\steve\code\KillerPDF-Corpus\corpus\regression\arxiv-cc-2025-01-08-to-14-batch3\2501.05165v1.pdf (offset 6661663): input stream is complete but output may still be valid WARNING: C:\Users\steve\code\KillerPDF-Corpus\corpus\regression\arxiv-cc-2025-01-08-to-14-batch3\2501.05165v1.pdf (offset 6661849): input stream is complete but output may still be valid WARNING: C:\Users\steve\code\KillerPDF-Corpus\corpus\regression\arxiv-cc-2025-01-08-to-14-batch3\2501.05165v1.pdf (offset 6662035): input stream is complete but output may still be valid WARNING: C:\Users\steve\code\KillerPDF-Corpus\corpus\regression\arxiv-cc-2025-01-08-to-14-batch3\2501.05165v1.pdf (offset 6662221): input stream is complete but output may still be valid WARNING: C:\Users\steve\code\KillerPDF-Corpus\corpus\regression\arxiv-cc-2025-01-08-to-14-batch3\2501.05165v1.pdf (offset 6662407): input stream is complete but output may still be valid WARNING: C:\Users\steve\code\KillerPDF-Corpus\corpus\regression\arxiv-cc-2025-01-08-to-14-batch3\2501.05165v1.pdf (offset 6662593): input stream is complete but output may still be valid WARNING: C:\Users\steve\code\KillerPDF-Corpus\corpus\regression\arxiv-cc-2025-01-08-to-14-batch3\2501.05165v1.pdf (offset 6662779): input stream is complete but output may still be valid WARNING: C:\Users\steve\code\KillerPDF-Corpus\corpus\regression\arxiv-cc-2025-01-08-to-14-batch3\2501.05165v1.pdf (offset 6662964): input stream is complete but output may still be valid WARNING: C:\Users\steve\code\KillerPDF-Corpus\corpus\regression\arxiv-cc-2025-01-08-to-14-batch3\2501.05165v1.pdf (offset 6663149): input stream is complete but output may still be valid WARNING: C:\Users\steve\code\KillerPDF-Corpus\corpus\regression\arxiv-cc-2025-01-08-to-14-batch3\2501.05165v1.pdf (offset 6663334): input stream is complete but output may still be valid WARNING: C:\Users\steve\code\KillerPDF-Corpus\corpus\regression\arxiv-cc-2025-01-08-to-14-batch3\2501.05165v1.pdf (offset 6663519): input stream is complete but output may still be valid WARNING: C:\Users\steve\code\KillerPDF-Corpus\corpus\regression\arxiv-cc-2025-01-08-to-14-batch3\2501.05165v1.pdf (offset 6663704): input stream is complete but output may still be valid WARNING: C:\Users\steve\code\KillerPDF-Corpus\corpus\regression\arxiv-cc-2025-01-08-to-14-batch3\2501.05165v1.pdf (offset 6663889): input stream is complete but output may still be valid WARNING: C:\Users\steve\code\KillerPDF-Corpus\corpus\regression\arxiv-cc-2025-01-08-to-14-batch3\2501.05165v1.pdf (offset 6664074): input stream is complete but output may still be valid WARNING: C:\Users\steve\code\KillerPDF-Corpus\corpus\regression\arxiv-cc-2025-01-08-to-14-batch3\2501.05165v1.pdf (offset 6664259): input stream is complete but output may still be valid WARNING: C:\Users\steve\code\KillerPDF-Corpus\corpus\regression\arxiv-cc-2025-01-08-to-14-batch3\2501.05165v1.pdf (offset 6664445): input stream is complete but output may still be valid WARNING: C:\Users\steve\code\KillerPDF-Corpus\corpus\regression\arxiv-cc-2025-01-08-to-14-batch3\2501.05165v1.pdf (offset 6664631): input stream is complete but output may still be valid WARNING: C:\Users\steve\code\KillerPDF-Corpus\corpus\regression\arxiv-cc-2025-01-08-to-14-batch3\2501.05165v1.pdf (offset 6664817): input stream is complete but output may still be valid WARNING: C:\Users\steve\code\KillerPDF-Corpus\corpus\regression\arxiv-cc-2025-01-08-to-14-batch3\2501.05165v1.pdf (offset 6665003): input stream is complete but output may still be valid WARNING: C:\Users\steve\code\KillerPDF-Corpus\corpus\regression\arxiv-cc-2025-01-08-to-14-batch3\2501.05165v1.pdf (offset 6665189): input stream is complete but output may still be valid WARNING: C:\Users\steve\code\KillerPDF-Corpus\corpus\regression\arxiv-cc-2025-01-08-to-14-batch3\2501.05165v1.pdf (offset 6665375): input stream is complete but output may still be valid WARNING: C:\Users\steve\code\KillerPDF-Corpus\corpus\regression\arxiv-cc-2025-01-08-to-14-batch3\2501.05165v1.pdf (offset 6665561): input stream is complete but output may still be valid WARNING: C:\Users\steve\code\KillerPDF-Corpus\corpus\regression\arxiv-cc-2025-01-08-to-14-batch3\2501.05165v1.pdf (offset 6665747): input stream is complete but output may still be valid WARNING: C:\Users\steve\code\KillerPDF-Corpus\corpus\regression\arxiv-cc-2025-01-08-to-14-batch3\2501.05165v1.pdf (offset 6665932): input stream is complete but output may still be valid WARNING: C:\Users\steve\code\KillerPDF-Corpus\corpus\regression\arxiv-cc-2025-01-08-to-14-batch3\2501.05165v1.pdf (offset 6666117): input stream is complete but output may still be valid WARNING: C:\Users\steve\code\KillerPDF-Corpus\corpus\regression\arxiv-cc-2025-01-08-to-14-batch3\2501.05165v1.pdf (offset 6666302): input stream is complete but output may still be valid WARNING: C:\Users\steve\code\KillerPDF-Corpus\corpus\regression\arxiv-cc-2025-01-08-to-14-batch3\2501.05165v1.pdf (offset 6666487): input stream is complete but output may still be valid WARNING: C:\Users\steve\code\KillerPDF-Corpus\corpus\regression\arxiv-cc-2025-01-08-to-14-batch3\2501.05165v1.pdf (offset 6666674): input stream is complete but output may still be valid WARNING: C:\Users\steve\code\KillerPDF-Corpus\corpus\regression\arxiv-cc-2025-01-08-to-14-batch3\2501.05165v1.pdf (offset 6666860): input stream is complete but output may still be valid WARNING: C:\Users\steve\code\KillerPDF-Corpus\corpus\regression\arxiv-cc-2025-01-08-to-14-batch3\2501.05165v1.pdf (offset 6667046): input stream is complete but output may still be valid WARNING: C:\Users\steve\code\KillerPDF-Corpus\corpus\regression\arxiv-cc-2025-01-08-to-14-batch3\2501.05165v1.pdf (offset 6667232): input stream is complete but output may still be valid WARNING: C:\Users\steve\code\KillerPDF-Corpus\corpus\regression\arxiv-cc-2025-01-08-to-14-batch3\2501.05165v1.pdf (offset 6667418): input stream is complete but output may still be valid WARNING: C:\Users\steve\code\KillerPDF-Corpus\corpus\regression\arxiv-cc-2025-01-08-to-14-batch3\2501.05165v1.pdf (offset 6667605): input stream is complete but output may still be valid WARNING: C:\Users\steve\code\KillerPDF-Corpus\corpus\regression\arxiv-cc-2025-01-08-to-14-batch3\2501.05165v1.pdf (offset 6667792): input stream is complete but output may still be valid WARNING: C:\Users\steve\code\KillerPDF-Corpus\corpus\regression\arxiv-cc-2025-01-08-to-14-batch3\2501.05165v1.pdf (offset 6667979): input stream is complete but output may still be valid WARNING: C:\Users\steve\code\KillerPDF-Corpus\corpus\regression\arxiv-cc-2025-01-08-to-14-batch3\2501.05165v1.pdf (offset 6668166): input stream is complete but output may still be valid WARNING: C:\Users\steve\code\KillerPDF-Corpus\corpus\regression\arxiv-cc-2025-01-08-to-14-batch3\2501.05165v1.pdf (offset 6668353): input stream is complete but output may still be valid WARNING: C:\Users\steve\code\KillerPDF-Corpus\corpus\regression\arxiv-cc-2025-01-08-to-14-batch3\2501.05165v1.pdf (offset 6668540): input stream is complete but output may still be valid WARNING: C:\Users\steve\code\KillerPDF-Corpus\corpus\regression\arxiv-cc-2025-01-08-to-14-batch3\2501.05165v1.pdf (offset 6668727): input stream is complete but output may still be valid WARNING: C:\Users\steve\code\KillerPDF-Corpus\corpus\regression\arxiv-cc-2025-01-08-to-14-batch3\2501.05165v1.pdf (offset 6668914): input stream is complete but output may still be valid WARNING: C:\Users\steve\code\KillerPDF-Corpus\corpus\regression\arxiv-cc-2025-01-08-to-14-batch3\2501.05165v1.pdf (offset 6669101): input stream is complete but output may still be valid WARNING: C:\Users\steve\code\KillerPDF-Corpus\corpus\regression\arxiv-cc-2025-01-08-to-14-batch3\2501.05165v1.pdf (offset 6669287): input stream is complete but output may still be valid WARNING: C:\Users\steve\code\KillerPDF-Corpus\corpus\regression\arxiv-cc-2025-01-08-to-14-batch3\2501.05165v1.pdf (offset 6669473): input stream is complete but output may still be valid WARNING: C:\Users\steve\code\KillerPDF-Corpus\corpus\regression\arxiv-cc-2025-01-08-to-14-batch3\2501.05165v1.pdf (offset 6669659): input stream is complete but output may still be valid WARNING: C:\Users\steve\code\KillerPDF-Corpus\corpus\regression\arxiv-cc-2025-01-08-to-14-batch3\2501.05165v1.pdf (offset 6669845): input stream is complete but output may still be valid WARNING: C:\Users\steve\code\KillerPDF-Corpus\corpus\regression\arxiv-cc-2025-01-08-to-14-batch3\2501.05165v1.pdf (offset 6670031): input stream is complete but output may still be valid WARNING: C:\Users\steve\code\KillerPDF-Corpus\corpus\regression\arxiv-cc-2025-01-08-to-14-batch3\2501.05165v1.pdf (offset 6670217): input stream is complete but output may still be valid WARNING: C:\Users\steve\code\KillerPDF-Corpus\corpus\regression\arxiv-cc-2025-01-08-to-14-batch3\2501.05165v1.pdf (offset 6670403): input stream is complete but output may still be valid WARNING: C:\Users\steve\code\KillerPDF-Corpus\corpus\regression\arxiv-cc-2025-01-08-to-14-batch3\2501.05165v1.pdf (offset 6670589): input stream is complete but output may still be valid WARNING: C:\Users\steve\code\KillerPDF-Corpus\corpus\regression\arxiv-cc-2025-01-08-to-14-batch3\2501.05165v1.pdf (offset 6670776): input stream is complete but output may still be valid WARNING: C:\Users\steve\code\KillerPDF-Corpus\corpus\regression\arxiv-cc-2025-01-08-to-14-batch3\2501.05165v1.pdf (offset 6670963): input stream is complete but output may still be valid WARNING: C:\Users\steve\code\KillerPDF-Corpus\corpus\regression\arxiv-cc-2025-01-08-to-14-batch3\2501.05165v1.pdf (offset 6671149): input stream is complete but output may still be valid WARNING: C:\Users\steve\code\KillerPDF-Corpus\corpus\regression\arxiv-cc-2025-01-08-to-14-batch3\2501.05165v1.pdf (offset 6671335): input stream is complete but output may still be valid WARNING: C:\Users\steve\code\KillerPDF-Corpus\corpus\regression\arxiv-cc-2025-01-08-to-14-batch3\2501.05165v1.pdf (offset 6671521): input stream is complete but output may still be valid qpdf: operation succeeded with warnings"
"regression/arxiv-cc-2025-01-08-to-14-batch3/2501.05167v1.pdf","B9CBF7838E323E42C4793DAB59D76A8D8B3DF72D43110E5CB985E8FFF2583FF4","4906567","0","checking C:\Users\steve\code\KillerPDF-Corpus\corpus\regression\arxiv-cc-2025-01-08-to-14-batch3\2501.05167v1.pdf PDF Version: 1.5 File is not encrypted File is not linearized No syntax or stream encoding errors found; the file may still contain errors that qpdf cannot detect"
"regression/arxiv-cc-2025-01-08-to-14-batch3/2501.05168v1.pdf","F2692F7F305D6E5D1624FADC1497F059CD2BF5B206E0BE053FBC6560E99F7EF8","7459840","0","checking C:\Users\steve\code\KillerPDF-Corpus\corpus\regression\arxiv-cc-2025-01-08-to-14-batch3\2501.05168v1.pdf PDF Version: 1.5 File is not encrypted File is not linearized No syntax or stream encoding errors found; the file may still contain errors that qpdf cannot detect"
"regression/arxiv-cc-2025-01-08-to-14-batch3/2501.05169v1.pdf","0190A5BBE12A7CF2E1325DC95107CDF7C310D14C0DEEC05BB76113671FB326BC","697002","0","checking C:\Users\steve\code\KillerPDF-Corpus\corpus\regression\arxiv-cc-2025-01-08-to-14-batch3\2501.05169v1.pdf PDF Version: 1.5 File is not encrypted File is not linearized No syntax or stream encoding errors found; the file may still contain errors that qpdf cannot detect"
"regression/arxiv-cc-2025-01-08-to-14-batch3/2501.05172v1.pdf","66CEAEEE7775F66386FF8D7B6C6C10C9DA21C82ACF91CCF38A7DF0035000BDE2","10052113","0","checking C:\Users\steve\code\KillerPDF-Corpus\corpus\regression\arxiv-cc-2025-01-08-to-14-batch3\2501.05172v1.pdf PDF Version: 1.5 File is not encrypted File is not linearized No syntax or stream encoding errors found; the file may still contain errors that qpdf cannot detect"
"regression/arxiv-cc-2025-01-08-to-14-batch3/2501.05176v1.pdf","47843AF2221A8D68712EDCFC5FBACE93E0702641AFAEA7619FE2A999C2999AF0","538541","0","checking C:\Users\steve\code\KillerPDF-Corpus\corpus\regression\arxiv-cc-2025-01-08-to-14-batch3\2501.05176v1.pdf PDF Version: 1.7 File is not encrypted File is not linearized No syntax or stream encoding errors found; the file may still contain errors that qpdf cannot detect"
"regression/arxiv-cc-2025-01-08-to-14-batch3/2501.05177v2.pdf","E72FB7600980AA9B04AB383E47BDEE6D9038860B584D5CA0B697AAD989A4B4EE","19214413","0","checking C:\Users\steve\code\KillerPDF-Corpus\corpus\regression\arxiv-cc-2025-01-08-to-14-batch3\2501.05177v2.pdf PDF Version: 1.5 File is not encrypted File is not linearized No syntax or stream encoding errors found; the file may still contain errors that qpdf cannot detect"
"regression/arxiv-cc-2025-01-08-to-14-batch3/2501.05181v1.pdf","125B79366C83FA0F2A777500EA9B2848FD9785B10315D346DEDE05B00EABB1DB","4060888","0","checking C:\Users\steve\code\KillerPDF-Corpus\corpus\regression\arxiv-cc-2025-01-08-to-14-batch3\2501.05181v1.pdf PDF Version: 1.5 File is not encrypted File is not linearized No syntax or stream encoding errors found; the file may still contain errors that qpdf cannot detect"
"regression/arxiv-cc-2025-01-08-to-14-batch3/2501.05186v1.pdf","4CB4327B83C376FC9E6355FB478F18740CE5693B3BEDF3ED70058DD21B679C69","3590501","0","checking C:\Users\steve\code\KillerPDF-Corpus\corpus\regression\arxiv-cc-2025-01-08-to-14-batch3\2501.05186v1.pdf PDF Version: 1.5 File is not encrypted File is not linearized No syntax or stream encoding errors found; the file may still contain errors that qpdf cannot detect"
"regression/arxiv-cc-2025-01-08-to-14-batch3/2501.05190v2.pdf","98807671DA6F51FD5A85C630A47F2D5B1327A9F38C7947B6C83884BD17C6D9AA","915743","0","checking C:\Users\steve\code\KillerPDF-Corpus\corpus\regression\arxiv-cc-2025-01-08-to-14-batch3\2501.05190v2.pdf PDF Version: 1.5 File is not encrypted File is not linearized No syntax or stream encoding errors found; the file may still contain errors that qpdf cannot detect"
"regression/arxiv-cc-2025-01-08-to-14-batch3/2501.05193v1.pdf","9C3D70DDB0D826E12D77E1FDF764966B73802DDF4410E83FD1E5A3E5720981FE","1578579","0","checking C:\Users\steve\code\KillerPDF-Corpus\corpus\regression\arxiv-cc-2025-01-08-to-14-batch3\2501.05193v1.pdf PDF Version: 1.5 File is not encrypted File is not linearized No syntax or stream encoding errors found; the file may still contain errors that qpdf cannot detect"
"regression/arxiv-cc-2025-01-08-to-14-batch3/2501.05195v1.pdf","E69A9033346921D4A72F18930826A68868BF5BADD9E9F327FC63882AAE209D0C","8932154","0","checking C:\Users\steve\code\KillerPDF-Corpus\corpus\regression\arxiv-cc-2025-01-08-to-14-batch3\2501.05195v1.pdf PDF Version: 1.5 File is not encrypted File is not linearized No syntax or stream encoding errors found; the file may still contain errors that qpdf cannot detect"
"regression/arxiv-cc-2025-01-08-to-14-batch3/2501.05196v1.pdf","B5ACAA1DF52CA6A6F99DA1A55FCEA077A62EE279BAF9D263E894E09ADE63CCD7","10128221","0","checking C:\Users\steve\code\KillerPDF-Corpus\corpus\regression\arxiv-cc-2025-01-08-to-14-batch3\2501.05196v1.pdf PDF Version: 1.5 File is not encrypted File is not linearized No syntax or stream encoding errors found; the file may still contain errors that qpdf cannot detect"
"regression/arxiv-cc-2025-01-08-to-14-batch3/2501.05197v1.pdf","FD214DE024DE06F2F008336314476C5F8E4C9B5CC0D207605AB8C2CFD5839E8F","2944789","0","checking C:\Users\steve\code\KillerPDF-Corpus\corpus\regression\arxiv-cc-2025-01-08-to-14-batch3\2501.05197v1.pdf PDF Version: 1.5 File is not encrypted File is not linearized No syntax or stream encoding errors found; the file may still contain errors that qpdf cannot detect"
"regression/arxiv-cc-2025-01-08-to-14-batch3/2501.05207v1.pdf","078E5C1150164D875E2AA0A944A3CDC50C1F20E28F26827CF5DEF25AD9AEE4BF","873309","0","checking C:\Users\steve\code\KillerPDF-Corpus\corpus\regression\arxiv-cc-2025-01-08-to-14-batch3\2501.05207v1.pdf PDF Version: 1.5 File is not encrypted File is not linearized No syntax or stream encoding errors found; the file may still contain errors that qpdf cannot detect"
"regression/arxiv-cc-2025-01-08-to-14-batch3/2501.05214v1.pdf","A7B8F3549D0C3F92CDB642C1B077AD13E31C3194733C7205BEBA9603A45AEB53","3753416","0","checking C:\Users\steve\code\KillerPDF-Corpus\corpus\regression\arxiv-cc-2025-01-08-to-14-batch3\2501.05214v1.pdf PDF Version: 1.7 File is not encrypted File is not linearized No syntax or stream encoding errors found; the file may still contain errors that qpdf cannot detect"
"regression/arxiv-cc-2025-01-08-to-14-batch3/2501.05220v1.pdf","64F590FD7CE953F7E9A0568F59DBD8C33D770B4FD1946254EB87F7E72696EC4F","1212649","0","checking C:\Users\steve\code\KillerPDF-Corpus\corpus\regression\arxiv-cc-2025-01-08-to-14-batch3\2501.05220v1.pdf PDF Version: 1.5 File is not encrypted File is not linearized No syntax or stream encoding errors found; the file may still contain errors that qpdf cannot detect"
"regression/arxiv-cc-2025-01-08-to-14-batch3/2501.05224v1.pdf","3480F3F9A996FEB8BCC80F2B53763261F16CE3672FE6F19007958CBE044E859E","409552","0","checking C:\Users\steve\code\KillerPDF-Corpus\corpus\regression\arxiv-cc-2025-01-08-to-14-batch3\2501.05224v1.pdf PDF Version: 1.5 File is not encrypted File is not linearized No syntax or stream encoding errors found; the file may still contain errors that qpdf cannot detect"
"regression/arxiv-cc-2025-01-08-to-14-batch3/2501.05225v1.pdf","60D887D39ACE573F13F8F19C74E7958603CB8220F1BD00F5A863354A68F1BE37","482323","0","checking C:\Users\steve\code\KillerPDF-Corpus\corpus\regression\arxiv-cc-2025-01-08-to-14-batch3\2501.05225v1.pdf PDF Version: 1.5 File is not encrypted File is not linearized No syntax or stream encoding errors found; the file may still contain errors that qpdf cannot detect"
"regression/arxiv-cc-2025-01-08-to-14-batch3/2501.05230v1.pdf","2FBBA7CB0649489566C71EB6AD75643D523AB95531D16A203058DF672421D0AA","323602","0","checking C:\Users\steve\code\KillerPDF-Corpus\corpus\regression\arxiv-cc-2025-01-08-to-14-batch3\2501.05230v1.pdf PDF Version: 1.7 File is not encrypted File is not linearized No syntax or stream encoding errors found; the file may still contain errors that qpdf cannot detect"
"regression/arxiv-cc-2025-01-08-to-14-batch3/2501.05231v1.pdf","61E41E574D295962B1C13DCE8CFADAC84ACE0A97B3C40370BE5D04892CDED1FF","1798742","0","checking C:\Users\steve\code\KillerPDF-Corpus\corpus\regression\arxiv-cc-2025-01-08-to-14-batch3\2501.05231v1.pdf PDF Version: 1.5 File is not encrypted File is not linearized No syntax or stream encoding errors found; the file may still contain errors that qpdf cannot detect"
"regression/arxiv-cc-2025-01-08-to-14-batch3/2501.05235v1.pdf","234D7F81A7A33B9B17F0F45195D73D7416F06DA7219ED7A1222D6E658E765602","558012","0","checking C:\Users\steve\code\KillerPDF-Corpus\corpus\regression\arxiv-cc-2025-01-08-to-14-batch3\2501.05235v1.pdf PDF Version: 1.5 File is not encrypted File is not linearized No syntax or stream encoding errors found; the file may still contain errors that qpdf cannot detect"
"regression/arxiv-cc-2025-01-08-to-14-batch3/2501.05241v1.pdf","9777E908926BA8F5EFF00A7289268BBA684C4B672F2C89FD28788912264F2998","765156","0","checking C:\Users\steve\code\KillerPDF-Corpus\corpus\regression\arxiv-cc-2025-01-08-to-14-batch3\2501.05241v1.pdf PDF Version: 1.5 File is not encrypted File is not linearized No syntax or stream encoding errors found; the file may still contain errors that qpdf cannot detect"
"regression/arxiv-cc-2025-01-08-to-14-batch3/2501.05248v1.pdf","F0509E15E1A56AD0FCDE8B89051764902BD7AD550C41FC22FEA0511E5A7489D6","5923829","0","checking C:\Users\steve\code\KillerPDF-Corpus\corpus\regression\arxiv-cc-2025-01-08-to-14-batch3\2501.05248v1.pdf PDF Version: 1.5 File is not encrypted File is not linearized No syntax or stream encoding errors found; the file may still contain errors that qpdf cannot detect"
"regression/arxiv-cc-2025-01-08-to-14-batch3/2501.05250v2.pdf","6B3E0CBFB8DD2CBEE2395E426AF34FD726AE5978F53CB06A97DCE284FEB5AA0F","4244386","0","checking C:\Users\steve\code\KillerPDF-Corpus\corpus\regression\arxiv-cc-2025-01-08-to-14-batch3\2501.05250v2.pdf PDF Version: 1.5 File is not encrypted File is not linearized No syntax or stream encoding errors found; the file may still contain errors that qpdf cannot detect"
