"File","QpdfExitCode","SHA256","Bytes","Source"
"regression\pdfium\fx\action\123.pdf","0","3EEF3B2771DE6D0E2455A1DAA6B8DE52333B587FA78C4875915B5C8CCE23A678","343753","pdfium"
"regression\pdfium\fx\action\7_dashed.pdf","0","FF99E072C719C9C8C8724CD80B5845546D514542F2BB1CA26226F64D4B7DACFF","1535","pdfium"
"regression\pdfium\fx\action\9_shapes.pdf","0","2067DDDB00569A6E2B4B9490210239905FD07D0ADA4E1CD194BC8AC662C7B747","3134","pdfium"
"regression\pdfium\fx\action\action_execute_a_menu_item.pdf","0","7DB72C89B69981454FADFDF289F8E8CB00FFBA451BB813DDCCC1E07BCFD35078","156279","pdfium"
"regression\pdfium\fx\action\action_go_to_a_page_view_the_original_file_name_go_to_tections_.pdf","3","FB6A30808E7053869F7B9793C3053FE443B51EF2FBD81AD4FAD7427110E72216","837","pdfium"
"regression\pdfium\fx\action\action_hide_show_form.pdf","0","6D57D2712788F0F08B6836306FFE83DF577EB37BF65095C0DD8A00B3706FE53B","75057","pdfium"
"regression\pdfium\fx\action\action_open_a_file.pdf","0","40AA00C2290B321396EBD7E58A95A3A67733CD8528F91CE545414A2D3BED9D27","1715","pdfium"
"regression\pdfium\fx\action\action_pdf_save_close.pdf","0","EAE99C12851E7FF67425ECE0B884FD2D80FB8E2E9AE0446227B12927DFDC207A","1202","pdfium"
"regression\pdfium\fx\action\action_reset.pdf","0","2F41A6E9673647EEB06259FF7552B25DC3E60B29B33306932386DE72D3112D60","48855","pdfium"
"regression\pdfium\fx\action\action_run_javascript.pdf","0","B355993DF29E671C60BA1CD08C9A1DD15D45D223D21DB8647054AC4C502256D8","79035","pdfium"
"regression\pdfium\fx\action\all_trigger_alert.pdf","0","CE9B59A9ED942CF58BC68FE2B69C0DA1A335031C6790BB70EB74045BB32B7927","8814","pdfium"
"regression\pdfium\fx\action\all_trigger_browsefordoc.pdf","3","E180BDF1EDDD104832202EF1BFFDD706471250D9A3FA9A564BD2D6538D745878","121270","pdfium"
"regression\pdfium\fx\action\all_trigger_mailmsg.pdf","0","2B66ED8AA657B8D6B8EB57E9D44F4505ABD984DD16A3C182584D655798E5A888","8889","pdfium"
"regression\pdfium\fx\action\all_trigger_newdoc.pdf","0","DED24E01A0041683855CF1A43CA274C99890E099C1DD31F5523B5BD907624018","8910","pdfium"
"regression\pdfium\fx\action\all_trigger_print.pdf","3","997C7840EB73E1C07AAA86E7776798806696FF653A934A8149D3798DB355C833","121298","pdfium"
"regression\pdfium\fx\action\all_trigger_run_js_lunchurl.pdf","0","AAC5001BCE536696C3088DD9BD368FC0379DB0920F5878AAD7FA492B74F91528","156733","pdfium"
"regression\pdfium\fx\action\all_trigger_run_js_maildoc.pdf","0","2E2C9FD1BFFE4715BD125B799496D3035AF7091148CFDAA2D2245479A9B73432","156621","pdfium"
"regression\pdfium\fx\color\2_color_calrgb.pdf","3","E10F58CE69C936E108F74FB2774978A57503A46FA3BD2126194D032CCD6159CD","3120","pdfium"
"regression\pdfium\fx\color\2_color_indexed.pdf","3","32814E902E197D07C183AB9E7D66EEF816E9D6CB5EDDC170E1E961DCFED28F51","4725","pdfium"
"regression\pdfium\fx\color\2_color_lab.pdf","3","C2FD180F0C59DEB401FDB42FCB10BC42C8628F3873B041DD5791A3269337CD47","1572","pdfium"
"regression\pdfium\fx\color\color_calgray.pdf","3","546358F52195CCA23D599D52BC236D4A375C48A7A22FD206D90565F7F2638516","714","pdfium"
"regression\pdfium\fx\color\color_calrgb.pdf","3","C95DB27845DCB876A3F98968F7E1A66D65969E7C7B96A5840CF8832DD357B944","844","pdfium"
"regression\pdfium\fx\color\color_icc_based.pdf","3","97DAFB46710BDE3EBB331E8184A8501923B0E03FC319F9531D5725033A2F9866","2420","pdfium"
"regression\pdfium\fx\color\color_lab.pdf","3","1F9011301ADA248338850B30A73CD6AF1600FB68EDBAC9E0A2530867D76A6895","728","pdfium"
"regression\pdfium\fx\color\color_separation.pdf","3","3E032A281D875ABC9060E93F6D58CBBA3CDAD844947BB9C8AA4E1E1E91172112","876","pdfium"
"regression\pdfium\fx\color\color.pdf","3","8F2DAD553A7415C44557F7BC78697F8C8AE5F07C2A9419522FE8256AFCE54E71","3067","pdfium"
"regression\pdfium\fx\color\colorspace_test.pdf","0","96B9C99018E3F055803AA28A9C2D652A4F16586E9CB12BD6E4BF85D8BBF37F28","5114","pdfium"
"regression\pdfium\fx\color\colorspace_test1.pdf","0","EF2F6FE2521EBA53828CC05A2646EF72744C6A7D2498894DB96A6FF1AAA93FBF","3998","pdfium"
"regression\pdfium\fx\font\font_1_embedded_font_en_feature.pdf","0","17B5A83A368F85DAF74D55B6A32E7E85D010DCE87547C45E5F514E151ACCF55D","1577403","pdfium"
"regression\pdfium\fx\font\font_2_embedded_font_en_size14.pdf","0","A02E006D0D8C7A12182FAC9215D80671CCFC00DDBE5ECD10EC280BF3C50AF362","1507982","pdfium"
"regression\pdfium\fx\font\type3.pdf","3","DA7A1F814E38E6074026766E71A8D702427B68AB03D1A5F603DFD02197D9CF7F","1201","pdfium"
"regression\pdfium\fx\form\action_submit_a_form.pdf","0","9C17BE0A16FE36B749DFBA3554EA88877C3B2DA68F693168EAB2ACEC1F18DE16","9239","pdfium"
"regression\pdfium\fx\form\action.pdf","0","2FCDF103174238992666FC4D9896C1D4C7BB33C2E686755CA655C08AEA5229BF","22539","pdfium"
"regression\pdfium\fx\form\bookmark.pdf","0","89007F54221AB782282FF8DD67D86FE32A517BDE79D50FD6935F5D21CD0514B8","32467","pdfium"
"regression\pdfium\fx\form\calcorderindex_test.pdf","0","2DC4998FFF8E9742855D9DDC951F6689FE15D096D2D2B6B06DAB4156DEE7346B","57389","pdfium"
"regression\pdfium\fx\form\calculate_order.pdf","0","FD6A62FB7BD3880584BB2CAB3676FD64C11A5F189D603D49795602AC00ACF418","5747","pdfium"
"regression\pdfium\fx\form\calculate_validate.pdf","0","81B8441EFBD5061D1C23B4DDC3443CA475B41B12D62B559ECB5A2CBD0E13611F","23447","pdfium"
"regression\pdfium\fx\form\check_box_no_color.pdf","0","AC0F6BDCDEE2377B834B947E8D03ADA425E5C0B179A0A9768C7B975B6794C9AB","40714","pdfium"
"regression\pdfium\fx\form\check_box.pdf","0","6A5D6735749CA21AF073411915ACEB83297C70D7762DD162E70CDC56115F3159","65619","pdfium"
"regression\pdfium\fx\form\combo_box_format.pdf","3","32D2F030BC63513984FDBE6DFCAA2B91E503DD5A0291CA9F9F9EFC56B6F93A49","9158","pdfium"
"regression\pdfium\fx\form\combo_box.pdf","0","58BA650E5531CFD60A97F871A3DBE605A2C8A159546F9464A07747215CA63EAF","475217","pdfium"
"regression\pdfium\fx\form\date.pdf","0","B9EDA769197F33DA1AEFDA1FA243B659AC2BF59240B89ADF653350E05270F9B3","68650","pdfium"
"regression\pdfium\fx\form\event_fieldfull_1_.pdf","0","74FBAD6FC76E7E23B50C6D606EFD569598B8BC16A86E5687A94CDAA9EB1F1DC7","44495","pdfium"
"regression\pdfium\fx\form\event_fieldfull.pdf","0","E8BB8B2174AFE70FED02E60149B0F590D2F39C910D56AB7FE6B4FE494888E545","31960","pdfium"
"regression\pdfium\fx\form\event.change.pdf","0","B7C5B9E8DB362CEDB537973419123153CD68CA53C01962ACF9F17653383C9252","13125","pdfium"
"regression\pdfium\fx\form\event.changeex.pdf","0","8435570A75EA124B4CA21B17AACBF1791B35AD1C58A4303CAF9FB72AE430009C","18792","pdfium"
"regression\pdfium\fx\form\event.keydown_1_.pdf","0","A91DBDF3CF8635DED6B4A02EC1A31F8F13F1475E4A9DFA5274FDCE62610C899A","8032","pdfium"
"regression\pdfium\fx\form\event.keydown.pdf","0","C111A2918AB87BD58905BA932B29F87E49C1D94564B6BCC6EAE962D0BD1E23B4","9509","pdfium"
"regression\pdfium\fx\form\event.shift.pdf","0","A97739F7C360EE8749B261B903BDEBA2DEB09EA9E9ED9BC096B605AD974378E3","12786","pdfium"
"regression\pdfium\fx\form\event.type_name.pdf","0","DF01A67F14F088A02C56DB9442877F2315BA5C9DCFC49360EFB2D80FCA656145","16132","pdfium"
"regression\pdfium\fx\form\event.value.pdf","0","81A742F093B83EF037999793744F42A9B631091E44ADB917709C2C5480D516B9","14618","pdfium"
"regression\pdfium\fx\form\form_same.pdf","0","EB2327F4EE70A3C9A9031DD2C8F274FA3FDA72B11E20DD8FFBA24A8D10496D19","132295","pdfium"
"regression\pdfium\fx\form\format_alert_box.pdf","0","3892DF86646FB2254026B078C064295D5ACFA20990F301C3E225F523E49F1651","7586","pdfium"
"regression\pdfium\fx\form\format_combo_box.pdf","0","B21AC5185CB9EBFC33AAF39C57A7E6FF7C6727880ACBC962C3A11B67FD70B4A3","10473","pdfium"
"regression\pdfium\fx\form\format_custom_format.pdf","0","85278A9E67E43CB69C89BAC076FB95141B5E1FB1140DE2B3DA12DF242179D3B4","22172","pdfium"
"regression\pdfium\fx\form\format_custom_keystroke.pdf","0","B89BE1136C14483BF332C3AFAF1526CB0C53B9BDB67C401A2FC155440C494B75","26244","pdfium"
"regression\pdfium\fx\form\format_date.pdf","0","F12EB44DCA865ED52A15E886A3AA927AF9735060BD3EC8AF752DD615697D319F","9275","pdfium"
"regression\pdfium\fx\form\format_number.pdf","0","24508821EDE57CF0F6D34867526441FC3C50761D0974DAE682BF8514301AF28E","8783","pdfium"
"regression\pdfium\fx\form\format_percentage.pdf","0","A2CC6077532BAE8C13ADD813186CF931CEBA0F8EE7058494FFB9FA943B11868D","11948","pdfium"
"regression\pdfium\fx\form\format_special.pdf","0","0C8C29AD87840AD7587FAF2E8E2F2383BB4CC6DCCD1FDF2A261246590B109DFC","10544","pdfium"
"regression\pdfium\fx\form\format_text_color.pdf","3","DE1D8ABB803A445852CFFBAE1C6021D1AED8E52057F2E0CEA7BDA2A1365825CD","9438","pdfium"
"regression\pdfium\fx\form\formfield.pdf","0","A019693E7CE23CDCCAB8CB6431A70D720653E748BEA0104F1BA4BFFBEC402846","5167580","pdfium"
"regression\pdfium\fx\form\getarray.pdf","0","FC20E5C1F440DCE2F92D11880D1BC8BEB924903EB35A4A63092B4A1714FF5EBA","38396","pdfium"
"regression\pdfium\fx\form\js_calculate.pdf","0","A5217BD41293EB1C9BA7CB81B2E305ACEE9F8660BE13DA337A467E97BAC4437A","9209","pdfium"
"regression\pdfium\fx\form\js_value_chack_box.pdf","0","1A143B16AED0F86C2A0AA3669ECF110D81ED9FCCD0EBB5C273AEE187006E8F52","10539","pdfium"
"regression\pdfium\fx\form\list_box.pdf","0","2592FCD69075DCD2024C62B0600979CA371680E184EF39F7F173024D2D149C48","647426","pdfium"
"regression\pdfium\fx\form\negative.pdf","0","F0B0095AC5B3CF8082ED441C0F8133A4FC62C32A784F0F03F7BCF2E1A4559455","10185","pdfium"
"regression\pdfium\fx\form\none.pdf","0","08F8C6515ED51B9D3F7AE0698513709C498897D7319416F8658C74A2EB6DF444","4818","pdfium"
"regression\pdfium\fx\form\number.pdf","0","710EF9182D21A99D8381F1D1A754008262F75276AF03B275E818217960761878","95855","pdfium"
"regression\pdfium\fx\form\open_a_weblink.pdf","0","4B03C853EC7EC260031ED3B2C470C133E5B7E65D8B63E02902CD1E9B7861E300","9220","pdfium"
"regression\pdfium\fx\form\percentage.pdf","0","63352BCB0BD22AC2A25F861E3FA2F3C9A423ED025DB7D520503A9C1B13B9B658","9053","pdfium"
"regression\pdfium\fx\form\push_button.pdf","0","382991E3F2B7930F9D6BE21F59BB8AFAD22B236A5162A8DDC03BCFF8D103FF0C","1780055","pdfium"
"regression\pdfium\fx\form\radio_button.pdf","3","984EB4F1E47691BF707C8BEB2712CB08118FB4E7922390A6FDEEA8CEB2792CC0","73659","pdfium"
"regression\pdfium\fx\form\run_custom_validate_script.pdf","0","2529DF69631733E47BFF1934FAE85FC19F2F15CE2A3347CCF0541733FD56DF2B","12257","pdfium"
"regression\pdfium\fx\form\signature_4.pdf","0","9EB50A08A6887CA476B23B16D06A75F6062075CA399AAC82E858E99DD6D9AC33","85496","pdfium"
"regression\pdfium\fx\form\signature.pdf","0","C1B48984BBC1BA223B0CB3AC3A0753797C87C571A2E4118DDB25562D973CA2EA","85818","pdfium"
"regression\pdfium\fx\form\simplified_field_notation.pdf","0","A3F7275F9DB84FB06B5ECC57B8ECA4E37177367AE62F006E49BFC0C561397E7E","13037","pdfium"
"regression\pdfium\fx\form\special.pdf","0","D22188210EEE157E79F5785FE03D5C93E62959901B77D49A3020AA53DCF72636","10281","pdfium"
"regression\pdfium\fx\form\text_field_font_input_decimal_point.pdf","0","5C26795892648677D72EF9D77F8CE2DCB2491F8694970D679F5CB1A8494752BF","1979","pdfium"
"regression\pdfium\fx\form\text_field_multiline_line_spacing.pdf","0","4731AE0B309608F935DC0BAFA7C4EA301699C7EFB707B5993FA5EAAEEEA0C688","3132","pdfium"
"regression\pdfium\fx\form\text_field.pdf","0","6C3FD430CD2F1E4922AA417F23AD12198C437F8EEF25038142A800DF87863B95","456862","pdfium"
"regression\pdfium\fx\form\time.pdf","0","33AB906756CD70AAEEFBA31635D8D85140D0EBFB18DA2CCAFFDE437A543DCB27","9915","pdfium"
"regression\pdfium\fx\form\validate_alert_box.pdf","0","0930E8B733C487DF0FAEE4C17662E7C035F2448A7EC4E00A0728E3898E13B18D","7744","pdfium"
"regression\pdfium\fx\FRC_3.5_part1\FRC_3.5_AuthEvent_EFOpen.pdf","2","C9E46E1EB6FD15B1D695B662898375C51AA2A56E9C7F82B3573A87D1473FF8CD","8138768","pdfium"
"regression\pdfium\fx\FRC_3.5_part1\FRC_3.5_CF_EFF_StdCF_Strf_Stmf_Identity.pdf","2","E36550C27ED769DC69F44FBB7E111800ED3C09A86D0D756F7A272A32A0705692","7896436","pdfium"
"regression\pdfium\fx\FRC_3.5_part1\FRC_3.5_CF_Strf_stmf_DefaultCryptFilter.pdf","2","1E93EC75B8D82534EF30612B7B5F8BB1DA5964E4742981BAEAA263EA404A5D97","7880499","pdfium"
"regression\pdfium\fx\FRC_3.5_part1\FRC_3.5_CF_Strf_stmf_StdCF.pdf","3","00500C3F2D28AEE1D01F31DB8BFCCE55CA18206CEF44140D69F8AB63A5DD98D9","7878847","pdfium"
"regression\pdfium\fx\FRC_3.5_part1\FRC_3.5_CFM_AESV2__EncryptMetadata_F.pdf","3","80180381EED55D63088F15A048D0F5CD1CEB7CE2F037327D9F97F3177082FBA6","8110748","pdfium"
"regression\pdfium\fx\FRC_3.5_part1\FRC_3.5_Encrypt_is_damage.pdf","2","479D6327EF8A3D210EAC1E75CE544066B89A48E1F07E4F8D0A8162A42E0C0270","7426108","pdfium"
"regression\pdfium\fx\FRC_3.5_part1\FRC_3.5_EncryptMetadata_None.pdf","3","1E717928CBABC8F86FC409173B365612EE708064F000EEA46D1BED83A08CECCD","7879716","pdfium"
"regression\pdfium\fx\FRC_3.5_part1\FRC_3.5_EncryptMetadata_T.pdf","2","9DA99E07D521D988F860351AFE70340BDC0CB92D328AE28F4FDCE3D337FA4A2F","7878625","pdfium"
"regression\pdfium\fx\FRC_3.5_part1\FRC_3.5_Filter_PubSec_Sub_SubFilter_s4.pdf","2","11FFF5F8B3142EC4785ACAA6643DABDF90509A71FF0A6891E9E7517F60ABF418","7884378","pdfium"
"regression\pdfium\fx\FRC_3.5_part1\FRC_3.5_Filter_PubSec_SubFilter_s5.pdf","2","1EEE78E417DA12B4AC1C8C05CBBC2990205CA94C8B3276D2D65EC29E2E31C35A","7879050","pdfium"
"regression\pdfium\fx\FRC_3.5_part1\FRC_3.5_v_1_length_40_Filter_standard.pdf","3","176F7A0F22ED31F82B13A544EE10F155E7A279D33B8EE9924647E5DC6F701C6A","8109031","pdfium"
"regression\pdfium\fx\FRC_3.5_part1\FRC_3.5_v_2_length_128_AuthEvent_DocOpen_.pdf","3","0F318920C099008808A1AA599D36C87CDF1AE4F4E4495429800D8E91FAD84606","8114785","pdfium"
"regression\pdfium\fx\FRC_3.5_part1\FRC_3.5_V_4_CFM_V2_.pdf","3","CB2A6BE01D473F36691EB90B47EC6A76C2D56BB277F7A1FDD5BEBB80620AAF26","8118485","pdfium"
"regression\pdfium\fx\FRC_3.5_part1\FRC_3.5_V_5_CFM_AESV3.pdf","3","A99BB62A79AE9D1D9DA2F9D79CA647D2852530F203D81C73FEBD54D468A213A3","8113853","pdfium"
"regression\pdfium\fx\FRC_3.5_part2\FRC_3.5_P__1852_Password_1.pdf","3","4744343182E016EBABD3F540D04BCD67DA1D6A819D717FB4CD5C778962D03D4F","1495","pdfium"
"regression\pdfium\fx\FRC_3.5_part2\FRC_3.5_P__2584_Password_1.pdf","3","B5F1831E21BE9B6AF13A86B18D2EE1A9BAF3B860DA89D89DCBC3E715F81C61F5","1546","pdfium"
"regression\pdfium\fx\FRC_3.5_part2\FRC_3.5_P__2616_Password_1.pdf","3","8426D8E35F2324D3F9EAD0BB3F3BA4B4854D53FF38D7415AC0F59A37DC4C072F","1596","pdfium"
"regression\pdfium\fx\FRC_3.5_part2\FRC_3.5_P__2880_Password_1.pdf","3","97A1ECE7EA5A5A3F9F1163F8401B3295844D1B363567E283B2B71CC38B34952F","1590","pdfium"
"regression\pdfium\fx\FRC_3.5_part2\FRC_3.5_P__3376_Password_1.pdf","3","345F0B3590BB764311834ED7840F29807CFF8DA5B86AED48DAE7D9E5DDCB5892","1526","pdfium"
"regression\pdfium\fx\FRC_3.5_part2\FRC_3.5_P__3392_Password_1.pdf","3","0758C677709BAD10A21973ABDBE2A9C989E754EE4DF794749A214EF7B6CEC902","1528","pdfium"
"regression\pdfium\fx\FRC_3.5_part2\FRC_3.5_P__3608_Password_1.pdf","3","ACF1480522ABA493956B00071BAC0E8C37E0BB4CDF9B1372FA7C2B1C7DFC658C","6704","pdfium"
"regression\pdfium\fx\FRC_3.5_part2\FRC_3.5_P__3616_Password_1.pdf","3","1DD24678A29268DB8A28FDBFC967BFD58BB34287B3F15FD3048086116EC9802C","1841","pdfium"
"regression\pdfium\fx\FRC_3.5_part2\FRC_3.5_P__3648_Password_1.pdf","3","128B65C47741ADCA4C27661DC0D5353BCE930009301498228A24CA9052E817E4","7790","pdfium"
"regression\pdfium\fx\FRC_3.5_part2\FRC_3.5_P__3900_Password_1.pdf","3","55615CAA77FFCD11A5CE812345C652225C97179C9E24AD25079E243E4F1F590F","1493","pdfium"
"regression\pdfium\fx\FRC_3.5_part2\FRC_3.5_P_4_Password_1.pdf","0","9D0F1679106AC06DACF81DC12DAA4B6C6EDC1740264E61BA9A8CE8B618CBAE41","2295","pdfium"
"regression\pdfium\fx\FRC_4.5_part1\FRC_4.5.3_DeviceCMYK_k.pdf","3","19CA205AE8FA08CDA331F4539FE2B63247FD999F24810B9205E2F194D1A73483","729","pdfium"
"regression\pdfium\fx\FRC_4.5_part1\FRC_4.5.3_DeviceCMYK_K1.pdf","3","A5231F8AED876473A4B5EEBD912E6FB9F3D98AB2ECE5A1277D62EC5890738820","739","pdfium"
"regression\pdfium\fx\FRC_4.5_part1\FRC_4.5.3_DeviceGray_g.pdf","3","F434B4DC22CE5B1210EBE9283918FCE10C6B960E910E95C38759588345AC9A8A","657","pdfium"
"regression\pdfium\fx\FRC_4.5_part1\FRC_4.5.3_DeviceGray_G1.pdf","3","E750ADEC0A17351F1A361F3C09D2896FEE2882BD693C9D0D64AAC1878749E1CF","665","pdfium"
"regression\pdfium\fx\FRC_4.5_part1\FRC_4.5.3_DeviceRGB_rg.pdf","3","C49D22DE87F3C072A3BCC3140E3903B1B6E21258FC507D9687079A3A08924F9E","713","pdfium"
"regression\pdfium\fx\FRC_4.5_part1\FRC_4.5.3_DeviceRGB_RG1.pdf","3","E4F28C440C15AB8210DA2E0A095BB0843994C94ECD6E8B7E29DAA91FA9CB4691","715","pdfium"
"regression\pdfium\fx\FRC_4.5_part1\FRC_4.5.4_CalGray_gamma.pdf","3","DC207DC9AA8D63E4B1E771A71109393E8AC1F21DA5E241244021B682118BC913","780","pdfium"
"regression\pdfium\fx\FRC_4.5_part1\FRC_4.5.4_CalGray_whitepoint.pdf","3","29F8BC6A0D9FD5C970E1802B92B0BA35AE8BA9D036D66021D894C3341971C4CF","766","pdfium"
"regression\pdfium\fx\FRC_4.5_part1\FRC_4.5.4_CalRGB_gamma.pdf","3","DC3BF7B6CFBD1434BC74BB5851F924920FB424D2895258C507D6CD05AE18259D","809","pdfium"
"regression\pdfium\fx\FRC_4.5_part1\FRC_4.5.4_CalRGB_matrix.pdf","3","B28E02EDB7D6DA9F71ED2737A37EC2EE1FE8488E92B8B37C0CAFA2EE9CFBDADA","885","pdfium"
"regression\pdfium\fx\FRC_4.5_part1\FRC_4.5.4_CalRGB_whitepoint.pdf","3","C33469E72C5F7651CF832EADC3702F30FBB2B5F9931650226CE268CCF1C70969","771","pdfium"
"regression\pdfium\fx\FRC_4.5_part1\FRC_4.5.4_ICCBased.pdf","3","B1EF2A8174C337B5581F98F1E50472EFD34E0CDE7918E1B7DC8D9E5E0B3C19F4","2479","pdfium"
"regression\pdfium\fx\FRC_4.5_part1\FRC_4.5.4_Lab.pdf","3","676A96A5CC675148519BFA512DEABFC99B5ABD40C771BAB0C47E1731ED8B306D","798","pdfium"
"regression\pdfium\fx\FRC_4.5_part1\FRC_4.5.4_RI_Absolute.pdf","3","32E1A1B2E944621761FD2F34AE1F5AF91D203E5B02DE3209BF9F1C16F98C2F38","2498","pdfium"
"regression\pdfium\fx\FRC_4.5_part1\FRC_4.5.4_RI_Perceptual.pdf","3","F7713BE434D6AAA4B885B86CE61A776BB11F1196D38095482AFACA8B0014A50B","2452","pdfium"
"regression\pdfium\fx\FRC_4.5_part1\FRC_4.5.4_RI_Relative.pdf","3","7CA59053BCDFDAE824A8ECA5EDFC4BB01EE86E869215F27FA670D7E3324B5A38","2499","pdfium"
"regression\pdfium\fx\FRC_4.5_part1\FRC_4.5.4_RI_Saturation.pdf","3","A9AD40393630FA96343D8040F125B163693FDC1706537C5C0D7B4D9DAA5E2015","2452","pdfium"
"regression\pdfium\fx\FRC_4.5_part1\FRC_4.5.4_Separation.pdf","3","E87EE246A8E178A8873E2A00CF91903C385B0AEA8BEFC4B85FA80A67CCF8914C","966","pdfium"
"regression\pdfium\fx\FRC_4.5_part1\FRC_4.5.5_DeviceN.pdf","3","9EA92B9907EAA7FD020434BCE22002ECA1BB51C45F1AEFB9A492BF5B5EC530BE","937","pdfium"
"regression\pdfium\fx\FRC_4.5_part1\FRC_4.5.5_Indexed.pdf","3","3054B83CF97DB8AEF2162443D72B2B33F5AADD867D771D5E87C9F3C287173E45","845","pdfium"
"regression\pdfium\fx\FRC_4.5_part1\FRC_4.5.5_Pattern_shading.pdf","3","9E5F542782814766F6EA1E0E560F85632DC3D416D2B03B16EC3B9616EA5676D7","1138","pdfium"
"regression\pdfium\fx\FRC_4.5_part1\FRC_4.5.5_Pattern_tiling.pdf","3","B6FD0082EA3E823B6ED2E9FE3E7EDBB2282EB43352FA2FB273A169C8380286E2","1021","pdfium"
"regression\pdfium\fx\FRC_8.2.2_part1\FRC_1_8.2.2__T8.3_First_empty.pdf","3","83745A86F1DAACA36679676F9C73907AF82ACF5613DAF85E61DC58B9770FDCDB","2663","pdfium"
"regression\pdfium\fx\FRC_8.2.2_part1\FRC_1_8.2.2__Title_edit.pdf","0","EC83F5058245F0EC1D1C7552387226DE65F1774FF48BC87FF36A2BD76CB99E5B","596078","pdfium"
"regression\pdfium\fx\FRC_8.2.2_part1\FRC_10_8.2.2__T8.3_original_file.pdf","0","271942E9699EDF4CC6AC1F271435A5DB40246E8E0B25AA7C2E1B9877DD316794","2944","pdfium"
"regression\pdfium\fx\FRC_8.2.2_part1\FRC_10_8.2.2_Prev_remove_all.pdf","0","3CD4A9302EF49E857B8722886AD95C58221E6C86A31B69073B46E85FF0D56158","570837","pdfium"
"regression\pdfium\fx\FRC_8.2.2_part1\FRC_11_8.2.2__T8.3_first_last_exchange.pdf","0","6E250F30547F21504E29BA2079A532F25E0A42BCD4B0B96EAC38C5B022C01A90","2942","pdfium"
"regression\pdfium\fx\FRC_8.2.2_part1\FRC_11_8.2.2_Prev_remove_obj.pdf","0","8B99AF62A08E79385AADEEE991B656372D90074AE845E1FD0C1312C3E24CB970","570946","pdfium"
"regression\pdfium\fx\FRC_8.2.2_part1\FRC_12_8.2.2__Next_remove_value.pdf","3","FFCCC0ED1C380F04811DA35A34538548425208A19C786D721B54B0E440F05C96","570899","pdfium"
"regression\pdfium\fx\FRC_8.2.2_part1\FRC_12_8.2.2__T8.3_first_outline_obj_ID.pdf","0","5C1EB8DA667B73418A3366F225285D3E2F40C2E2F5D3FF74CDEACEEFD13AC6CB","2321","pdfium"
"regression\pdfium\fx\FRC_8.2.2_part1\FRC_13_8.2.2__Next_remove_all.pdf","0","C501C25A6C14F937AD61BF6E1972D8F74B41DE632C0FAE58323B3D6CB5CEE1C9","570882","pdfium"
"regression\pdfium\fx\FRC_8.2.2_part1\FRC_13_8.2.2__T8.3_Count_edit300.pdf","0","0C13ECA421B77C9C51B5032E972DCB1A62720B35DBE6B9A33A5E5C939AEB7CD8","2545","pdfium"
"regression\pdfium\fx\FRC_8.2.2_part1\FRC_14_8.2.2__Next_remove_obj.pdf","0","F53D99DEA243368672879F0928C40807791814FE403DD14BE88B93FF8A888D5D","570721","pdfium"
"regression\pdfium\fx\FRC_8.2.2_part1\FRC_14_8.2.2__T8.3_Count_edit0.pdf","0","E4600F24DA73266006F7FA33C17CCC5E52FC55F4029D696626B06B9EB153EF58","2571","pdfium"
"regression\pdfium\fx\FRC_8.2.2_part1\FRC_15_8.2.2__Next_exchange.pdf","0","2450F442D74A875047259A81D62EF1F0660DF4534D77AF6AF4E18F03B66F18D5","570819","pdfium"
"regression\pdfium\fx\FRC_8.2.2_part1\FRC_15_8.2.2__T8.3_Count_edit1.pdf","0","EFD561188F2A97ACB5BC730E0F42B93B7F5AB1519BC33D12F50F779D1674B716","2770","pdfium"
"regression\pdfium\fx\FRC_8.2.2_part1\FRC_16_8.2.2__Next_add.pdf","0","C82A69B35F796A8D2C75C5405A8FF491E080D5165F74A41ECB524F95D7E76258","570712","pdfium"
"regression\pdfium\fx\FRC_8.2.2_part1\FRC_16_8.2.2__T8.3_Count_edit_1.pdf","0","F9152B745004E0003373AE4A427239785555513F220B36D47BCD6FF25E39F784","2573","pdfium"
"regression\pdfium\fx\FRC_8.2.2_part1\FRC_17_8.2.2__T8.4_First_remove_value.pdf","3","47156D6AC41D9536B97B9EF7DC1D96862AE9FDAE5DB6B88A594C3E8DB9B322A0","570833","pdfium"
"regression\pdfium\fx\FRC_8.2.2_part1\FRC_18_8.2.2__T8.4_First_remove_all.pdf","0","1239AAF3C1940FDCD22957B843AEB5F25F3715B42A8667CB84B508EDA0755186","570593","pdfium"
"regression\pdfium\fx\FRC_8.2.2_part1\FRC_19_8.2.2__T8.4_First_remove_obj.pdf","0","702506342CC0AE42B6C39332FEC8C81C884F2DFD8A328BB0E8490DCFD4E50E36","570944","pdfium"
"regression\pdfium\fx\FRC_8.2.2_part1\FRC_2_8.2.2__T8.3_Last_empty.pdf","0","4F5D78980BF58D5CCD945443F706518B09AA37073501EEA89838364F902B3614","2585","pdfium"
"regression\pdfium\fx\FRC_8.2.2_part1\FRC_2_8.2.2__Title_remove_value.pdf","0","EF23ACE30CD37F1F7293785989C6431CF3BE88E58E4B95B29C71E3A1C6ED2EA0","570838","pdfium"
"regression\pdfium\fx\FRC_8.2.2_part1\FRC_20_8.2.2__T8.4_First_remove_value2.pdf","0","48695DD8524AEB56572E7ECC492AC418BB400B06E48B4F1D62CC298A90BEAFC3","570950","pdfium"
"regression\pdfium\fx\FRC_8.2.2_part1\FRC_21_8.2.2__T8.4_First_remove_all2.pdf","3","8AE9E62C0700C8035F5B69A46E24FB3F0BD3DEA880C8748006FCC9CAFB699ACA","570897","pdfium"
"regression\pdfium\fx\FRC_8.2.2_part1\FRC_22_8.2.2__T8.4_First_remove_obj2.pdf","0","E5D3FDA13857F945BA9B6B16A1CE07235BC0F8A698FAE1B62BBBA08B95DEB490","571021","pdfium"
"regression\pdfium\fx\FRC_8.2.2_part1\FRC_23_8.2.2__T8.4_Last_remove_value.pdf","3","31C9370E7C203552A7DB00FE9F42C0FA2DA59F6CF5385035C91CD9B90CB55D97","570824","pdfium"
"regression\pdfium\fx\FRC_8.2.2_part1\FRC_24_8.2.2__T8.4_Last_remove_all.pdf","0","E0AF6775146A7FF75CB7D1471D140BA34C115283D5B457BE6BBB7E813DEE890C","570573","pdfium"
"regression\pdfium\fx\FRC_8.2.2_part1\FRC_25_8.2.2__T8.4_Last_remove_obj.pdf","0","772E4CB9FD252E9DCBEA821A187F91DCD2BA62F6145AF74514FB4F6609E8C6FD","571064","pdfium"
"regression\pdfium\fx\FRC_8.2.2_part1\FRC_26_8.2.2__T8.4_Last_remove_value2.pdf","0","2547F7C2F63B154904386661B4867B0B998BF605C10626C7232E4495B031AF85","570703","pdfium"
"regression\pdfium\fx\FRC_8.2.2_part1\FRC_27_8.2.2__T8.4_Last_remove_all2.pdf","0","E502F2779DC75B9536B479527E44A54284558718619F4D227D60EF5C13471D2A","570573","pdfium"
"regression\pdfium\fx\FRC_8.2.2_part1\FRC_28_8.2.2__T8.4_Last_remove_obj2.pdf","0","63F160CDE67C9776878AAB25583ACCA037AD44D77185CEDE2D7D71256E794878","570854","pdfium"
"regression\pdfium\fx\FRC_8.2.2_part1\FRC_29_8.2.2__T8.4_First_Last_exchange.pdf","0","8BF88F064EC91DBAF19929EEA317366AD62ABE768A13D0C3037E028242F8AC9C","570756","pdfium"
"regression\pdfium\fx\FRC_8.2.2_part1\FRC_3_8.2.2__Title_remove_all.pdf","0","3BB7BFCF6D3CF0DBEAECB100D066F09274D8F0E0FCD12D957EE8D51E950F682D","571298","pdfium"
"regression\pdfium\fx\FRC_8.2.2_part1\FRC_3_8.2.2_Type_empty.pdf","0","F3A939FDE7FFAAA0D931F4506402E51F19547EDB76A24F77FCC88E1FC99538D0","2522","pdfium"
"regression\pdfium\fx\FRC_8.2.2_part1\FRC_31_8.2.2_add_dest_entry.pdf","0","00BF2CD7452476CA5DDEFEBB1E8EDBFCD978C67A8F4998AC6E28136344A3E64A","2535","pdfium"
"regression\pdfium\fx\FRC_8.2.2_part1\FRC_32_8.2.2_A_Support_action.pdf","0","C7D2506041E8FFF739B0EB0457BCCE8D0712E0F876247401D1F1652B30F07E1F","2398","pdfium"
"regression\pdfium\fx\FRC_8.2.2_part1\FRC_33_8.2.2_A_empty.pdf","0","576E3C450171297BAF3EBC1763BF5B58E8AFB96294E6163901F7999975417183","2099","pdfium"
"regression\pdfium\fx\FRC_8.2.2_part1\FRC_34_8.2.2_A_remove.pdf","0","0DA2DC056BCBE90F97A1DC1BDF06C94A981E3BBDA440E9F03CA9B1AE5C353883","2083","pdfium"
"regression\pdfium\fx\FRC_8.2.2_part1\FRC_35_8.2.2_A_remove_A_item.pdf","0","D1814D1B526D13EB73EA9CFCD91510B9E27D1A147F0D7F60C4387B688A2368D3","1915","pdfium"
"regression\pdfium\fx\FRC_8.2.2_part1\FRC_36_8.2.2_Dest.pdf","0","13B13E7BB0E816E316BCC6665EDF8D5DB958387D711456BA08EEC42C7091CAC4","2146","pdfium"
"regression\pdfium\fx\FRC_8.2.2_part1\FRC_37_8.2.2_Dest_empty.pdf","0","47796ED35A8B29C873D467B2721CBDE581626C0F031089098EC1A5377F4B7F17","2079","pdfium"
"regression\pdfium\fx\FRC_8.2.2_part1\FRC_38_8.2.2_Dest_remove.pdf","0","AA68174DAB35AEAF888DFB8C07511391A689F4E302690D7C561C024C9D5F1040","1723","pdfium"
"regression\pdfium\fx\FRC_8.2.2_part1\FRC_39_8.2.2_C_edit.pdf","0","1A6A998FA4159CE0F6712025808D2E7C456AD8390C579CD985F0DCF3B46B1F3D","2273","pdfium"
"regression\pdfium\fx\FRC_8.2.2_part1\FRC_4_8.2.2__T8.3_Count_empty.pdf","0","65738FEF444831310F8E9E1048BEB0685C9CD69A2FF2C165EE9BC95C6FCA67D3","2525","pdfium"
"regression\pdfium\fx\FRC_8.2.2_part1\FRC_4_8.2.2_Parent_edit2.pdf","0","9B3D609D55CC0962848F478FD3A3669A9B09A5FF979A51D44D4AD082F617D56D","570874","pdfium"
"regression\pdfium\fx\FRC_8.2.2_part1\FRC_40_8.2.2_C_empty1.pdf","0","94ADFC4E1F468FBA82B5AB010AA288A200E3B548436CC9B8F48FEEF8F7BF2919","2192","pdfium"
"regression\pdfium\fx\FRC_8.2.2_part1\FRC_41_8.2.2_C_empty2.pdf","0","0E32208F8A8492A669A4CB22139356E2FCFDF7C95AF9A31C190503EA46EC7BA2","2184","pdfium"
"regression\pdfium\fx\FRC_8.2.2_part1\FRC_42_8.2.2_C_empty3.pdf","0","E54F7543DED2C7E1BC1F24C0EBED55A5BA1BD2452824BE9426EDDBCEC700A6C6","2174","pdfium"
"regression\pdfium\fx\FRC_8.2.2_part1\FRC_43_8.2.2_C_empty.pdf","0","0E89E0F329BB0ED4C9485E0235EA0B79001159762574F4D44B08A7D768682B3D","2202","pdfium"
"regression\pdfium\fx\FRC_8.2.2_part1\FRC_44_8.2.2_C_remove.pdf","0","03D3D7B8F79FB58BE6A282F53898A288CA6229B611A2699813E4A93752E45631","2197","pdfium"
"regression\pdfium\fx\FRC_8.2.2_part1\FRC_45_8.2.2_F_edit_F_1_2_3.pdf","0","1CF5E261637982F82EA1667FDC88C7028FB44E4FABF1B1C96D5A042E3FDB641F","2209","pdfium"
"regression\pdfium\fx\FRC_8.2.2_part1\FRC_46_8.2.2_F_edit_F__1__2__3.pdf","0","927ECBA8B59BD9297E77880CE8D6BF6AE5A25FD8E72393AB114B80746F12C482","2184","pdfium"
"regression\pdfium\fx\FRC_8.2.2_part1\FRC_47_8.2.2_F_edit_F_32__32.pdf","0","0BB17185B6D45D02525337A6EDC2CE333AF9C0A48B8CB6E2774F2DDD754B918E","2187","pdfium"
"regression\pdfium\fx\FRC_8.2.2_part1\FRC_48_8.2.2_F_edit_F_100__100.pdf","0","0D49AD59BAA0FCA744D1E3F91C89AF62446DEA92FC54EA7D195C73EF3FBD3D05","2185","pdfium"
"regression\pdfium\fx\FRC_8.2.2_part1\FRC_49_8.2.2_F_empty.pdf","0","BDE95C37E2ECFEA9EB754F5B5ABB9A3AADC66D76D43E3B20B1AE93A20492BCCF","2206","pdfium"
"regression\pdfium\fx\FRC_8.2.2_part1\FRC_5_8.2.2__T8.3_First_remove.pdf","0","971F07A373BAFE7698071B9FD089F762197902132C99461991C58D95AF722B57","2770","pdfium"
"regression\pdfium\fx\FRC_8.2.2_part1\FRC_5_8.2.2_Parent_remove_value.pdf","0","CE01433FF8E83D162DAC5C1785FBAEA8C74ECC61139AAB1512ADEA72A9CB7911","570852","pdfium"
"regression\pdfium\fx\FRC_8.2.2_part1\FRC_50_8.2.2_F_remove.pdf","0","BCF5B55C0B32983B52E2001EEB67E48624404003869187E93E4EAF0F0A26B0DF","2199","pdfium"
"regression\pdfium\fx\FRC_8.2.2_part1\FRC_51_8.2.2_T_8.4__Count_edit_count_100.pdf","0","A358F61C97054A7B5F930753FF4B82BD5413E08F67093B4AD8D0DE5981195D1E","5564","pdfium"
"regression\pdfium\fx\FRC_8.2.2_part1\FRC_52_8.2.2_T_8.4__Count_edit_count_0.pdf","0","D833D14B28041A115E9D19B5D1E7AAE82DEE8A225243D78378B406FA2A1C7773","2147","pdfium"
"regression\pdfium\fx\FRC_8.2.2_part1\FRC_53_8.2.2_T_8.4__Count_empty.pdf","0","F1856E0EA72555B4F85FBB9FFF5E5D1B427E25619A5DF27B3232C3433ED13727","1975","pdfium"
"regression\pdfium\fx\FRC_8.2.2_part1\FRC_54_8.2.2_T_8.4__Count_empty1.pdf","0","D672042C07BB93794A6D76259D77E3227BE69478566DF9D12A2082777EEF0DD6","2039","pdfium"
"regression\pdfium\fx\FRC_8.2.2_part1\FRC_55_8.2.2_T_8.4__Count_remove.pdf","0","D0F752F8DD3C3D1EBF9E058C18809863FD7B1AE6F9D164C647AAC533AC8F3024","2173","pdfium"
"regression\pdfium\fx\FRC_8.2.2_part1\FRC_6_8.2.2__T8.3_Last_remove.pdf","0","3B86B65F484FC5D7356CF87C39D3EDCCA867F1A2C473A231F9297DE421D1E660","2595","pdfium"
"regression\pdfium\fx\FRC_8.2.2_part1\FRC_6_8.2.2_Parent_remove_all.pdf","0","A71BF68D4E9A2BC37D529F1D993D8F695A74E88BE7CE99C06805695C1E9CB90A","570790","pdfium"
"regression\pdfium\fx\FRC_8.2.2_part1\FRC_7_8.2.2_Parent_remove_obj.pdf","0","7FD408F55C538710D354D78A9B0A1B50FF2CB48D46508E838869066BD0554095","570559","pdfium"
"regression\pdfium\fx\FRC_8.2.2_part1\FRC_7_8.2.2_Type_remove.pdf","0","2E8ED3076B0D14A78A882ECA5F60982A4B017B4969E1539A1FF8229D25754A49","2583","pdfium"
"regression\pdfium\fx\FRC_8.2.2_part1\FRC_8_8.2.2__T8.3_Count_remove.pdf","0","D9BC285C2591214674CCBBB24C7826F4EE05F43CD2495A77522A5AF2EB11D340","2569","pdfium"
"regression\pdfium\fx\FRC_8.2.2_part1\FRC_8_8.2.2_Parent_edit.pdf","0","D0F87A8FF2833D8D6599371A165CB6F5BAF79156E3629FAE1FA8672ACC3C9362","570620","pdfium"
"regression\pdfium\fx\FRC_8.2.2_part1\FRC_9_8.2.2__T8.3_remove_first_item.pdf","0","24BA8FA9A31CED007340BFEBDCFA7D5DCD4A7DC8D082CEC5730D30D06AC94ED3","3031","pdfium"
"regression\pdfium\fx\FRC_8.2.2_part1\FRC_9_8.2.2_Prev_remove_value.pdf","0","AC7E98BA0D7F1ABF7BC2D6E00763989379E094679111A175F1C1A83C472DFC51","570928","pdfium"
"regression\pdfium\fx\FRC_8.2.2_part1\outline.pdf","0","7FEC51364E466E783120F56D641359532C0E1F412E03D0F2B619D9DD7A590B3B","91269","pdfium"
"regression\pdfium\fx\FRC_8.2.2_part2\FRC_56_8.2.2_C_edit_C__1.pdf","3","8069EAD787B3CA95499871B63F1C2FB88ADCCD05F8AA712677E06F526B28690E","2134","pdfium"
"regression\pdfium\fx\FRC_8.2.2_part2\FRC_57_8.2.2_C_edit_C_2.pdf","3","92ACD9176269C900511AEAF50C18CD9ECB979721353A6DAAB36E1E1C3C75888F","2121","pdfium"
"regression\pdfium\fx\FRC_8.2.2_part2\FRC_58_8.2.2_Count_edit_count__2.pdf","0","DC86AC8A016CE2B43C637301096844724062A87FDE895F5269B33E1350CCB103","2254","pdfium"
"regression\pdfium\fx\FRC_8.2.4_part1\FRC_1_8.2.4__original.pdf","3","DA0C311AF012B805C80481CE14D788F3175E36A82D810FC0DD21F0A10C93B092","3432262","pdfium"
"regression\pdfium\fx\FRC_8.2.4_part1\FRC_1_8.2.4_Type_8.6_.pdf","0","40D4BD33FBAACFEA8A768EBA8970ED3537BDB86E5868AF57DF910CAC68F787AE","3429068","pdfium"
"regression\pdfium\fx\FRC_8.2.4_part1\FRC_10_8.2.4__remove_ModDate_value.pdf","3","ACFE992FEC4851BAA84FB08C937E8161AECECC22BA2366F5DEE2C731DE8696D6","3432868","pdfium"
"regression\pdfium\fx\FRC_8.2.4_part1\FRC_10_8.2.4_View_C.pdf","0","07E654D91B6F295DD054AEB49F51E712F001EB7F3C2AD97A44A81BAE9A5F377B","1241040","pdfium"
"regression\pdfium\fx\FRC_8.2.4_part1\FRC_11_8.2.4__remove_ModDate_all.pdf","3","5EF9797640E14E260BF96A1989739792977F530BE9DB567C14A102A17A6E54E2","3432845","pdfium"
"regression\pdfium\fx\FRC_8.2.4_part1\FRC_11_8.2.4_View_edit.pdf","0","EC935BB1748C0CF63575C1DAAD9D9AAD8877DE65E8F67FA0BCB3C217651BF046","3429262","pdfium"
"regression\pdfium\fx\FRC_8.2.4_part1\FRC_12_8.2.4__remove_ModDate_obj_.pdf","3","20AC1EA43A687849180035A52D0252C54C4FEA09B4C87765302C7B2397E10E0F","3432649","pdfium"
"regression\pdfium\fx\FRC_8.2.4_part1\FRC_12_8.2.4_View_remove_all.pdf","0","4BC80D9F13E16D0E1D010D5EECDA1DD75D0412D0133316878BB39D09347ECAF8","3429236","pdfium"
"regression\pdfium\fx\FRC_8.2.4_part1\FRC_13_8.2.4_remove_Size_value.pdf","3","94552A6F958A0A122D0D10AF5246783F6D786128867F1711D5D2CE885266D579","3432894","pdfium"
"regression\pdfium\fx\FRC_8.2.4_part1\FRC_13_8.2.4_View_remove_value.pdf","0","CE3D7649C84C110621104801B209ACB4A0033C7868EBFB3FAC6FE5277CA10404","3429256","pdfium"
"regression\pdfium\fx\FRC_8.2.4_part1\FRC_14_8.2.4_remove_Size_all.pdf","3","9837A5489CFE7341D4D1F08C35AF248E79E3ABFAE953E7C719BA068E987A1524","3432897","pdfium"
"regression\pdfium\fx\FRC_8.2.4_part1\FRC_14_8.2.4_Sort_remove_all.pdf","0","2520881570AA69DD23263D435D9FBB8004FFC555036A090FEB12E71288BBD27F","3432537","pdfium"
"regression\pdfium\fx\FRC_8.2.4_part1\FRC_15_8.2.4_remove_Size_obj.pdf","3","3F1C6C5A92FB1EC7B56C5FB3591DA3BC41C893081B9AC6BE2A4CE8143C964CC0","3432642","pdfium"
"regression\pdfium\fx\FRC_8.2.4_part1\FRC_15_8.2.4_Sort_remove_value.pdf","0","E89235F94D1910F6C044E06F0ADD78C4EDC120E925F0513FFE3EFE0B2343210B","3428754","pdfium"
"regression\pdfium\fx\FRC_8.2.4_part1\FRC_16_8.2.4__remove_CompressedSize__value.pdf","3","20D3DCACB4C81251FDFBC42A716A5919F958603025EFA19306A2B971995470FF","3432907","pdfium"
"regression\pdfium\fx\FRC_8.2.4_part1\FRC_17_8.2.4__remove_CompressedSize__all.pdf","3","05A482B7C573583DFCBFE9E280DFC584FD2B74CD9DE60CF9659B1657CF2D98F7","3432838","pdfium"
"regression\pdfium\fx\FRC_8.2.4_part1\FRC_18_8.2.4__remove_CompressedSize__obj.pdf","3","07EB6CA8AEAF8546D619707AE01876AB9879CE75DE8978FE6ADBF2D91EC111FC","3432611","pdfium"
"regression\pdfium\fx\FRC_8.2.4_part1\FRC_19_8.2.4__remove_CreationDate_value.pdf","3","C66BADE3DDAAD0C3612D935E1EBAF87B061DEC1CE791EAEFB6E73364F0989D87","3432878","pdfium"
"regression\pdfium\fx\FRC_8.2.4_part1\FRC_2_8.2.4__add_type_.pdf","3","2BD514C79ED1FBD74CAF718F6E2B32BDF4D6FA85438B32A22C11CCC63F270A8E","3433154","pdfium"
"regression\pdfium\fx\FRC_8.2.4_part1\FRC_2_8.2.4_Type_8.6__remove_value.pdf","0","B41AA7B7854E63BB304652C2486EB099D690CAC44B175DED7A7131F9BBFFCECA","3428963","pdfium"
"regression\pdfium\fx\FRC_8.2.4_part1\FRC_20_8.2.4__remove_CreationDate_all.pdf","3","D7C356D9ABB924BD0F75C481AEAAD9BB8208E704059764A897F6C322A59B6847","3432865","pdfium"
"regression\pdfium\fx\FRC_8.2.4_part1\FRC_21_8.2.4__remove_CreationDate_obj.pdf","3","4944AE15A322EC016E88F350F329801622FA3B4B7CD6F7CC10013DA9D3C5B11E","3432766","pdfium"
"regression\pdfium\fx\FRC_8.2.4_part1\FRC_22_8.2.4__remove_Order_value.pdf","3","3751E1CD50B42A55BB249DF3B2E93B7AD36B07FF56CC1A3DBF58E2B0E60A1D14","3432894","pdfium"
"regression\pdfium\fx\FRC_8.2.4_part1\FRC_23_8.2.4__remove_Order_all.pdf","3","BC676E88DCD5655FA74A20E8A8DB16FF26119FD8A83EE3E95DF30F46153F45C5","3432970","pdfium"
"regression\pdfium\fx\FRC_8.2.4_part1\FRC_24_8.2.4__remove_Order_obj.pdf","3","2C26AB7022EAD8250888F860AF228AC3A29FFC75A1955C3BB91372C7CC8EB2F4","3440656","pdfium"
"regression\pdfium\fx\FRC_8.2.4_part1\FRC_3_8.2.4__add_type_value.pdf","3","73EC35BD868DE9B06CBDC2225FF5101071C3C8C2D7EF2EE055DC76D9C7FE7043","3433132","pdfium"
"regression\pdfium\fx\FRC_8.2.4_part1\FRC_3_8.2.4_Type_8.6__edit_.pdf","0","7B5891A1277B966DA26EE516338A1216F7C761449909C6997CDCC7885B4793FC","3428982","pdfium"
"regression\pdfium\fx\FRC_8.2.4_part1\FRC_4_8.2.4__remove_FileName_value.pdf","3","259E9F6B8FEF34C7EB3D2503CBDE50022EFB56AB98D647369F6F29735E9C2AC4","3432887","pdfium"
"regression\pdfium\fx\FRC_8.2.4_part1\FRC_4_8.2.4_Schema_8.6__remove_all.pdf","0","67A52DD547F1B44DDF9A595C4F021CD1B1EC5D25D6819F8F75BEA818BDCAD85A","3428779","pdfium"
"regression\pdfium\fx\FRC_8.2.4_part1\FRC_5_8.2.4__remove_FileName_all.pdf","3","3B3D0DF060E44E42D781CD7CF738B60B10B0084E160B68EF06E4D303B96F3BF0","3432851","pdfium"
"regression\pdfium\fx\FRC_8.2.4_part1\FRC_5_8.2.4_Schema_8.6__remove_value.pdf","0","E06B3D5681F25BA04BFA5B5A2B99C26F5CABEC286E5BB2DF056E5292684D0319","3428797","pdfium"
"regression\pdfium\fx\FRC_8.2.4_part1\FRC_6_8.2.4__remove_FileName_obj.pdf","3","556AD6D2A9A05ECAE6D34AF834C22CC44646CC802BC5483FB4099DBBF6D59221","3432611","pdfium"
"regression\pdfium\fx\FRC_8.2.4_part1\FRC_6_8.2.4_Schema_8.6__remove_obj.pdf","0","57ECA82762261A62278D13EED3F4D1E7A93AB013E01EA92FE446D5F1DC9743B0","3428804","pdfium"
"regression\pdfium\fx\FRC_8.2.4_part1\FRC_7_8.2.4__remove_Description_value.pdf","3","C74D6048FD0A560D11264ADE41EDD9050DE9542BDF482DBB19FFBBF562363356","3432900","pdfium"
"regression\pdfium\fx\FRC_8.2.4_part1\FRC_7_8.2.4_View_H.pdf","0","8E80B74DDD45BA9BAE41F74C95E9443924174789C55B75F91744EF3BEE679C67","3429077","pdfium"
"regression\pdfium\fx\FRC_8.2.4_part1\FRC_8_8.2.4__remove__Description_all.pdf","3","1E412D60672D58C12D031247F893C417ACF4B63BBD97B424F5F0F398056AC5EB","3432843","pdfium"
"regression\pdfium\fx\FRC_8.2.4_part1\FRC_8_8.2.4_View_D.pdf","0","BAAFA2575682297A10637D0ADD9D1C1D0DD4E5CBFEAE974224B9AD7302C5C126","3429260","pdfium"
"regression\pdfium\fx\FRC_8.2.4_part1\FRC_9_8.2.4__remove__Description_obj.pdf","3","D4F1A18F08AC6241FE0798524FFC0F09A824612221C1DC26D4F25F3CD95F4EF5","3432889","pdfium"
"regression\pdfium\fx\FRC_8.2.4_part1\FRC_9_8.2.4_View_T.pdf","0","FCFB6AF593FF76A9F7E89462628696D6452A9DA6F757925B6ED106762CCD893D","163931","pdfium"
"regression\pdfium\fx\FRC_8.4_part1\FRC_8.4.1_Annotations_AP_N_.pdf","0","0999F40838D4CD186A7E60F9F527C7AC130CE8D8BF7B55EFC6C3334272907EEE","1627","pdfium"
"regression\pdfium\fx\FRC_8.4_part1\FRC_8.4.1_Annotations_AP_N_R_.pdf","0","A1CAEF4A137552DA46D0D2B359A4BF60B74CB6370C38062BA6CE0F53A9EE3AB0","2580","pdfium"
"regression\pdfium\fx\FRC_8.4_part1\FRC_8.4.1_Annotations_AP_N_R.D_.pdf","3","D816326E4914DD58E7EF67DBDEB902C879298C550CD23A1155522DE7047CE131","2199","pdfium"
"regression\pdfium\fx\FRC_8.4_part1\FRC_8.4.1_Annotations_AS_Off_.pdf","3","158E6C4897DD5F4E0A7B16FC3F8BB198C069E9C2CEDD12F8B49FF91E512DCD28","3135","pdfium"
"regression\pdfium\fx\FRC_8.4_part1\FRC_8.4.1_Annotations_AS_Yes_.pdf","3","0C8F0AEDD53431DBF0C06956158AC89472C92BC918A54CD86B01691D1507F337","3168","pdfium"
"regression\pdfium\fx\FRC_8.4_part1\FRC_8.4.1_Annotations_Border.pdf","3","3E029B6F4835189C0194466584C00F3BDC964E7823F3C85312954F2C7A01CF61","2517","pdfium"
"regression\pdfium\fx\FRC_8.4_part1\FRC_8.4.1_Annotations_C.pdf","0","4E7877DB61091570F8CDE9E861CA77B7608BBB243E6CD39EA2E04CFBFFDF7536","2589","pdfium"
"regression\pdfium\fx\FRC_8.4_part1\FRC_8.4.1_Annotations_M.pdf","3","F388D54498B345ECC20CEFFEBFFA149519328CC746243357B5BC8DEEAF44BA0F","6760","pdfium"
"regression\pdfium\fx\FRC_8.4_part1\FRC_8.4.1_Annotations_NM.pdf","0","1BE6CF553BA4369E4B772BE5B99C1FEF493C871176BD442BAF38D948E9CC3D4E","2989","pdfium"
"regression\pdfium\fx\FRC_8.4_part1\FRC_8.4.1_Annotations_P.pdf","3","6A2C59663D63568A9CD0C3AB9B38C0AB7ECC28D3B2EEBA1A4C5125DA55CE108E","2787","pdfium"
"regression\pdfium\fx\FRC_8.4_part1\FRC_8.4.1_Annotations_Rect.pdf","0","E9ABF7A0B4481A9F06ECC2B7E8E57234BB3A1FA0029482C5F2B32E585854C9A0","3187","pdfium"
"regression\pdfium\fx\FRC_8.4_part1\FRC_8.4.1_Annotations_Type.pdf","3","7DC9409040BE5C643382AFDDE12A5DD35AEDE1DBCBD4F63F055B03CE10C4B54B","11949","pdfium"
"regression\pdfium\fx\FRC_8.4_part2\FRC_8.4.1_Annotations_M_text_string_.pdf","3","2098212744B76BB736C379089C6646A99C1FC9B55447DDCA25633F4BEDB0FA11","1657","pdfium"
"regression\pdfium\fx\FRC_8.4_part2\FRC_8.4.2_Annotation_Flags_F_Hidden.pdf","3","EEC49769D44F171085BF1D75493F27E1977F95CCAED03C10615405EBA72D18E9","2457","pdfium"
"regression\pdfium\fx\FRC_8.4_part2\FRC_8.4.2_Annotation_Flags_F_Invisible.pdf","3","7644FE6166C5325CD5BA07C57765C47BB63F4158659AD1144F859776B7732B8D","2417","pdfium"
"regression\pdfium\fx\FRC_8.4_part2\FRC_8.4.2_Annotation_Flags_F_Locked.pdf","3","124DEB7925B4201136CA6CAE38086F039318B3DF7BE1D7A8A3116A907F94D78A","2343","pdfium"
"regression\pdfium\fx\FRC_8.4_part2\FRC_8.4.2_Annotation_Flags_F_LockedContents.pdf","3","F641FD5C13265D2C524F048E6EFAF093D6D8CAB97D99CBF1CCF55926544FA3BB","2377","pdfium"
"regression\pdfium\fx\FRC_8.4_part2\FRC_8.4.2_Annotation_Flags_F_NoRotate.pdf","3","9B625060D4B9D133AA8DFB5B136364998003D5EEE2D65E0439979706ED364052","5186","pdfium"
"regression\pdfium\fx\FRC_8.4_part2\FRC_8.4.2_Annotation_Flags_F_NoView.pdf","3","2C64A0A3858B022FAA927A5F364BE9CDE28F805EDA08018646622D55F145B7C6","2443","pdfium"
"regression\pdfium\fx\FRC_8.4_part2\FRC_8.4.2_Annotation_Flags_F_NoZoom.pdf","3","E478891C55DADED1628D79443ADF5141A915B00A80BE4BEDE5DAF8CE053B416F","5152","pdfium"
"regression\pdfium\fx\FRC_8.4_part2\FRC_8.4.2_Annotation_Flags_F_Print.pdf","3","D86386FC9E44D2FCF20B9705B5D3E00773499B92AD33DEE542C7E207AFD4B9EE","2464","pdfium"
"regression\pdfium\fx\FRC_8.4_part2\FRC_8.4.2_Annotation_Flags_F_ReadOnly.pdf","3","9F41F75FCE4C7CD5809BF33AC720773E72C913A6EBFCE00645DEF0F644B1EF25","2274","pdfium"
"regression\pdfium\fx\FRC_8.4_part2\FRC_8.4.2_Annotation_Flags_F_ToggleNoView.pdf","3","50CA3747C406BB1437426AE599B750D943EE263E8B116F3B109B1AD34FD1A5A1","2345","pdfium"
"regression\pdfium\fx\FRC_8.4_part2\FRC_8.4.3_Border_Stypes_D_different_values.pdf","3","99A3E96B4B0A887502A591ECF515BA15E579FB5EF6E6A78E8FB43DA8EA1150FB","2530","pdfium"
"regression\pdfium\fx\FRC_8.4_part2\FRC_8.4.3_Border_Stypes_D_remove.pdf","3","02EF83BA3ED41BBD9CB6B773DFE6CAB503774F61557230FB98D50C04D40C7C41","1819","pdfium"
"regression\pdfium\fx\FRC_8.4_part2\FRC_8.4.3_Border_Stypes_I_different_values.pdf","3","E25BC7AD68A76A3943F40985DBE529D86E81C320DBDAE731D4C152102352C896","12716","pdfium"
"regression\pdfium\fx\FRC_8.4_part2\FRC_8.4.3_Border_Stypes_I_remove.pdf","3","F708079E1D106738F173CC131BD457569F5D5862C1BED3853B1C9801FE964D54","3357","pdfium"
"regression\pdfium\fx\FRC_8.4_part2\FRC_8.4.3_Border_Stypes_S_different_values_BE_.pdf","3","4173C648E2F30C04594B958BB6B3823924CB974CF74D9FD6584BF65F330E3688","4619","pdfium"
"regression\pdfium\fx\FRC_8.4_part2\FRC_8.4.3_Border_Stypes_S_different_values_BS_.pdf","3","F2B576136346D9EF0A316FF1048A91D62E8A85E37145BC538F5DE3C3D2C5E81C","2341","pdfium"
"regression\pdfium\fx\FRC_8.4_part2\FRC_8.4.3_Border_Stypes_S_not_exist_BS_.pdf","3","850888D13E69701E29F38D3778DFFEE3EB185DA7FB5440BEB12AA091DC2DF488","3355","pdfium"
"regression\pdfium\fx\FRC_8.4_part2\FRC_8.4.3_Border_Stypes_S_remove_BE_.pdf","3","C5C0FB0898357BC820E80677AAA0B92D62754F740DFACEEF6C299DD9216057E2","1597","pdfium"
"regression\pdfium\fx\FRC_8.4_part2\FRC_8.4.3_Border_Stypes_S_remove_BS_.pdf","3","B0DD38DC9C407AE0ECD533C901BA292FC69BD1FE51F8DE2DF899EB702E962DDE","1837","pdfium"
"regression\pdfium\fx\FRC_8.4_part2\FRC_8.4.3_Border_Stypes_Type_add.pdf","3","D1360DB73C8B1C80114E7B5FEF4A802A0D4237D9FA0C5F03BD35DF703CFB136E","1633","pdfium"
"regression\pdfium\fx\FRC_8.4_part2\FRC_8.4.3_Border_Stypes_Type_not_exist_default_.pdf","3","764D68A23C83A4D0A92FB6F8D3A00E5F9A104DC73EB24059150C7BDD1E785A4B","1761","pdfium"
"regression\pdfium\fx\FRC_8.4_part2\FRC_8.4.3_Border_Stypes_W_different_values.pdf","3","F918FAA56D392B6E1FEFFC1CC8C1CFE8E4189179D687EAF169BB4DAC2D8D1A1B","12769","pdfium"
"regression\pdfium\fx\FRC_8.4_part2\FRC_8.4.3_Border_Stypes_W_remove.pdf","3","227C81A4F04A4F67284AB20BEE28AD9D4BD6CC00EA8868B81ADC8DE0B3F8E057","1616","pdfium"
"regression\pdfium\fx\FRC_8.5_part1\FRC_8.5_Catalog_OpenAction.pdf","0","8B9E781A62FB7425C8242E39F799E5D95B65C86A120D93A63938EA2C5CCB93BE","3495","pdfium"
"regression\pdfium\fx\FRC_8.5_part1\FRC_8.5_Catalog_WC.pdf","0","13D77778FD8EFB5C7518D2AC630B5974060D8A121E8FE4CFE84DD80FDDFFFD11","1398","pdfium"
"regression\pdfium\fx\FRC_8.5_part1\FRC_8.5_Link_URL.pdf","0","4B78D8337831567661ADAB4A31412C2987CB1C5ED6D2BC4E8F29E02432974561","1737","pdfium"
"regression\pdfium\fx\FRC_8.5_part1\FRC_8.5_Outline_A.pdf","0","3D938F792C502EE92AAC517DEE4135CE0FAA46D570929ADE2C5F044B7AB5696A","1210","pdfium"
"regression\pdfium\fx\FRC_8.5_part1\FRC_8.5_Page_C_SubmitForm.pdf","0","9A105F64A239336CB636D885FCFF14F64013A6A4AD005E07B6A76075EA528D8C","8829","pdfium"
"regression\pdfium\fx\FRC_8.5_part1\FRC_8.5_Page_O_URI.pdf","0","7EC81F5413502D27B26F6EB9F55D7E63CA3840787ECEF7F9140BF5A815EA8B5D","37890","pdfium"
"regression\pdfium\fx\FRC_8.5_part1\FRC_8.5_Page_PI_ResetForm_Phantom.pdf","0","250FB7A87E3152A152314AB08FDF182F73426967E58865F3782408C507992C49","9143","pdfium"
"regression\pdfium\fx\FRC_8.5_part1\FRC_8.5_Page_PV_Named_Phantom.pdf","0","69CC093DD47C26F88D9F00C0C1E71483026BB3715E28F196BA6AC8020CEDD6E2","2612","pdfium"
"regression\pdfium\fx\FRC_8.5_part1\FRC_8.5_Screen_Fo_JavaScript.pdf","0","599AE4E18DF444A4B49314305E626C765DF0278E20DD2F7D92BADFBEA89A5962","26143189","pdfium"
"regression\pdfium\fx\FRC_8.5_part1\FRC_8.5_Screen_Img_D_Launch.pdf","0","9CC5D51283E0A814AFE958EE69F0BCAB63063AED411A313A611D26864066AC5F","16507","pdfium"
"regression\pdfium\fx\FRC_8.5_part1\FRC_8.5_Screen_Rendition.pdf","0","280BB3471ECA2BA778C9420CFCF615CC7698D6965C84EB857039BEC7A01B56D6","26143061","pdfium"
"regression\pdfium\fx\FRC_8.5_part1\FRC_8.5_Widget_C.pdf","0","C901A6C9B942E93387C6EFA976DE62E4B7930B2921540A04A9082E78C7621E7C","2828","pdfium"
"regression\pdfium\fx\FRC_8.5_part1\FRC_8.5_Widget_F.pdf","0","431BD352EC99C97D28591125659FBE285B7C22513C60D1951E888C43572DFCB2","2112","pdfium"
"regression\pdfium\fx\FRC_8.5_part1\FRC_8.5_Widget_K.pdf","0","4C85601D262224C0910C7D50B52AE5FFFACD6EE38E5F08933500D0988EA23B9F","2180","pdfium"
"regression\pdfium\fx\FRC_8.5_part1\FRC_8.5_Widget_V.pdf","0","BB4B65BEC775B37FF922491C1E7F3880E4D1ADE0EEEB7BBCBE3045C3208A6997","2176","pdfium"
"regression\pdfium\fx\FRC_8.5_part2\FRC_8.5_Bl_Hide.pdf","0","A93783B0F1D0AA2D63F670E150CD85FE8BB23F9C223B761902E78AF13B59915D","3008","pdfium"
"regression\pdfium\fx\FRC_8.5_part2\FRC_8.5_DP.pdf","0","168E4DCE1A8208BCD003E7B041E4A2491F7B8E45A28FACDEA334D54C5F9E4666","1441","pdfium"
"regression\pdfium\fx\FRC_8.5_part2\FRC_8.5_DS.pdf","0","2EDD50B913FC74032C2D138F244250FAA9E7A6C697DD1B5E2C7A41A7FBB16FDB","1428","pdfium"
"regression\pdfium\fx\FRC_8.5_part2\FRC_8.5_E_GoTo_D.pdf","0","2355428A98CC07335F280D49DB710886169E9743F575D9273B65208423BDDAA3","46922","pdfium"
"regression\pdfium\fx\FRC_8.5_part2\FRC_8.5_E&X.pdf","0","3713B62656F9611405127B2C7B806AB1C527D37C2844EC4DDD6818D2C306E28B","3030","pdfium"
"regression\pdfium\fx\FRC_8.5_part2\FRC_8.5_Fo_URI_Base.pdf","3","BF8D69F9C32E4D38512819BBF3248545A9472D80799EB960D29D3748AD3D530E","2821","pdfium"
"regression\pdfium\fx\FRC_8.5_part2\FRC_8.5_O&PO_GoToE.pdf","0","7481F9DCD6734759B0B65516DCEB05E73FF55A6EB48601B090162F79A494624A","70448","pdfium"
"regression\pdfium\fx\FRC_8.5_part2\FRC_8.5_OpenAction&O_URI.pdf","0","873AC85AF623CFEF2D6F821FAE55610F5C9CA9B9CC2F72BF23703A3D53B63992","3821","pdfium"
"regression\pdfium\fx\FRC_8.5_part2\FRC_8.5_PC_GoToE_T_R&P&A.pdf","0","8EABD690BA9FF924C54C467307A1CC3E3E6D57DAD2A5541EA0C8E01815665409","71942","pdfium"
"regression\pdfium\fx\FRC_8.5_part2\FRC_8.5_PC&C_GoToE_T_T.pdf","0","64B1470BD5F032371EA93C752BCFD199EAAC03B294E9816AFA8F7FAEC3A3EF40","72138","pdfium"
"regression\pdfium\fx\FRC_8.5_part2\FRC_8.5_PO_GoToE_T_R&N.pdf","0","A1372EA2BE3325430026870F210FC69656B7B50D6015983A5581078FC22068B7","56599","pdfium"
"regression\pdfium\fx\FRC_8.5_part2\FRC_8.5_U_GoToR_NewWindow_2.pdf","3","6B8CB9297903E938126846D1C2FD8C89922055E4665ACF582F49937FE5FC935B","3400","pdfium"
"regression\pdfium\fx\FRC_8.5_part2\FRC_8.5_U_GoToR_NewWindow.pdf","3","9A882ECA052CAC2BBBFCCFEFA0D99B6B71AB100B4DC061D23F405051F09D173A","3403","pdfium"
"regression\pdfium\fx\FRC_8.5_part2\FRC_8.5_URI_IsMap.pdf","3","6605C570FC9DE8F60933CD6161FF1570E4D28450CCAC9B4A47C975696783D38D","56767","pdfium"
"regression\pdfium\fx\FRC_8.5_part2\FRC_8.5_WP.pdf","0","9166B6510B730A7CA8A47B1FB5FC699B083C079937E3FF5CB520754BA994B155","1636","pdfium"
"regression\pdfium\fx\FRC_8.5_part2\FRC_8.5_WS.pdf","0","4D6AD789891BEA1518A96B0D66A3B97AB14E107A9525DEC2A409724CC9BABB59","1444","pdfium"
"regression\pdfium\fx\FRC_8.5_part2\FRC_8.5_X_GoToR_D.pdf","0","097FE45ABB4784A5310D416C194DCB552657FAF64D6F50FF9A5C14743CBDF2F2","53795","pdfium"
"regression\pdfium\fx\image\1_image.pdf","3","ECEFE3E40767E633E3E77D8C0405FD989533CFE51BF82EC422201212C0138F65","357575","pdfium"
"regression\pdfium\fx\image\3_alternate.pdf","3","4A1986F3E3DF496582F2B7A0B2F3981704ECF8146E1FD73DB2C18BDDB610F75B","2608","pdfium"
"regression\pdfium\fx\image\3_image_imagemask.pdf","3","8989EC1FF1ABAD86E0B8CAF626CF00DF27F6D67193E900BDD45A07B37171541B","1276","pdfium"
"regression\pdfium\fx\image\3_interpolate_image.pdf","3","4A163C30BB18A8E319422655CCDD2BBDAF735B71A94F376C491AC5095C7A90B2","3042","pdfium"
"regression\pdfium\fx\image\bi.pdf","3","2A3663CFB8E1FC2D75D82568FB3920130A55C771778FEFC58B987FFDFD2D6C4F","358676","pdfium"
"regression\pdfium\fx\image\image_8bit_devicergb_dctdecode.pdf","0","718C13BAB9EDAEA8781C3F1D3DD6AEAB0C356DC3BE0BCB5CC118E62658DA11FB","7337","pdfium"
"regression\pdfium\fx\image\image_foxit.pdf","0","BBBB243629B97CCC3A1A1836416ACF0DC9D9B6D0E8A3C173C91F1BF4C67BA17C","11051","pdfium"
"regression\pdfium\fx\image\mask_array.pdf","3","E081486CD622660F430F6915D7FAAADB969A9FB6DFE8E2F447F1B5E5306D1FB3","1649","pdfium"
"regression\pdfium\fx\js\action_on_focus.pdf","0","B8E7496B168A835350BFD89A18F7AD67B8D19456C982112430FDD8C2B5E6F989","6453","pdfium"
"regression\pdfium\fx\js\app_launchurl.pdf","0","EFFD79567035FFA5F51C2C4C1FD3FD8D49366414DCDB9F449F90D79F04CE8533","7426","pdfium"
"regression\pdfium\fx\js\calculate_average.pdf","0","445D7FFB1D4B23D381BD7162881B41061FFD8F39227EB893E6E49EB89A650FC6","7858","pdfium"
"regression\pdfium\fx\js\calculate_sum_a_b_c.pdf","0","170C522ACDA817D4A47A66AB6F23FB5A189386F2DBF28E5EFC02A4F8E71988F6","8288","pdfium"
"regression\pdfium\fx\js\event_change.pdf","0","BA5CF8D50180A808566B66C1B154AC7601DEEC65EA3AB5FAC973AF3DC6C87A77","3369","pdfium"
"regression\pdfium\fx\js\javascriptaction.pdf","3","7CA21A2682AFCB3E7F5F48ED7CFB1EC572D8F6FC8B3DDD22B32DCD7EABB4BA13","4017","pdfium"
"regression\pdfium\fx\js\new_date.pdf","3","FFBBFF0D21B870A1B6D66548D4C947BB8D85B849665074D633643E50FF8AEB2E","1057","pdfium"
"regression\pdfium\fx\js\submit_form.pdf","3","C7E8A356C323E2764A758F9BC92365F06E75244E7FDBA72A25A31C1EA4372E71","10012","pdfium"
"regression\pdfium\fx\js\test_app_beep.pdf","0","694616E02F701A4F963E870302BF3D8ED9E910028350E49A8A2403BF6DC74BC4","7030","pdfium"
"regression\pdfium\fx\js\test_control.pdf","0","98C9570B2FBCA7E58356FE03A5166D1A653DB1CBBA7586011E913EA3A2C40E2F","19850","pdfium"
"regression\pdfium\fx\js\widget_javascript.pdf","3","AB2A2D8EE65E15CF2B32CD15D366B6850ABBBA8DB1DB61BBC99D291094F2AFF2","3304830","pdfium"
"regression\pdfium\fx\layer\4_35.pdf","3","B8B1F0224148BF1AA52BC7C90021F467445957E33218ADF77006F24127CEE2BA","688","pdfium"
"regression\pdfium\fx\layer\4_36.pdf","3","556EF7E4E363668433EC34BE407540A7062FDA274AF842866A45B9E27D3B74F8","1132543","pdfium"
"regression\pdfium\fx\layer\4_38.pdf","3","AD643B0C917C26E8E3F66F9E9B7F23AD09912C4C0152E2BE12FE11203E7761C3","838","pdfium"
"regression\pdfium\fx\layer\4_39.pdf","3","3C3B9B46D90C6FE365C4B1438307E7256C8A119E04E615724365DE445FB33D63","1760","pdfium"
"regression\pdfium\fx\layer\ocg.pdf","3","3E1DD6B073D689F59DB56064F766CA4D2A22BF0BA81FDF4DA2D3E7C48745C838","812","pdfium"
"regression\pdfium\fx\layer\show_1.pdf","3","49B9B991F1A0FBB1C4C6A6F05BA311ACD0987449668DA61DA60D088934F4652B","4914","pdfium"
"regression\pdfium\fx\matrix\1_matrix.pdf","3","1AB4F61CD4F1B510E40C8974984EAF40605AF250CD6DCC404C5DFE87292D0B9D","1719","pdfium"
"regression\pdfium\fx\matrix\bug_cm_rotate.pdf","3","EC45C894EC96DB20B69FDB0F1198487850644DEFDFF16757990F7BEB0FCBEDE1","819","pdfium"
"regression\pdfium\fx\matrix\transformation.pdf","3","BB89075B7BCD9C0A7C91565DAD4DD4D8568EC82F32277C32F09DE75E55E2A7DF","1557","pdfium"
"regression\pdfium\fx\mulobj\1\1_1_textbox.pdf","0","939F17F921263FC0CB7C8E961CDA752F5DF533FA8A32260F621C442DFD22A0C9","55802","pdfium"
"regression\pdfium\fx\mulobj\1\1_10_watermark.pdf","0","DF81BFD142C30CA3136750A577B643A71F665CBB40980CE31143BD46C26D98F4","4878","pdfium"
"regression\pdfium\fx\mulobj\1\1_2_typewriter.pdf","0","E33EEA6D8F0BE1298235864201ED578E577692BD1C0E989E387217F58EF6F290","73423","pdfium"
"regression\pdfium\fx\mulobj\1\1_3_callout.pdf","0","41EBB992F2B89BCE4BF94ACA94B3CF7B71873A4A995EAB4D2FC540DEE10EE0CB","4644","pdfium"
"regression\pdfium\fx\mulobj\1\1_5_link1.pdf","0","E15CE781D85D351A28295875F8BC81A6990960013D495EAB73701C3D76F48A27","1224","pdfium"
"regression\pdfium\fx\mulobj\1\1_6_link2.pdf","0","30244AD2119A9467E15B6ED2CF3CF50E9805FF81B6974F20C29749027DB0C552","1262","pdfium"
"regression\pdfium\fx\mulobj\1\1_7_link3.pdf","0","054F5A9A57B23749F1A35579D7AF777F85A126E9D4653251074F060DC5C125C9","1218","pdfium"
"regression\pdfium\fx\mulobj\1\1_8_link4.pdf","0","3501F0A1717A3D43F29EA1DD71E35B9CB2050A238DDC88CB027D4EC232742DC0","1171","pdfium"
"regression\pdfium\fx\mulobj\1\1_9_link5.pdf","0","AEDD82424AAA8E94E22B678EF1491E93940DF77B8F6FF1357A50044A87708AFE","1296","pdfium"
"regression\pdfium\fx\mulobj\2\2_0_distance.pdf","0","3CDF3AAA59CE41E9102135D78F30A9667FEC8F9169278722E6E004B665E88EEA","1736","pdfium"
"regression\pdfium\fx\mulobj\2\2_1_link.pdf","0","CA0F07960143502CB65B55DA93D4950A3E9BA0F71540A5522705EC647E993A5C","1280","pdfium"
"regression\pdfium\fx\mulobj\2\2_10_signature.pdf","0","E0201DE1C4EC37FE2C481DB5C2C9F4307438373315C631DB39A6D7799DAF1732","1377","pdfium"
"regression\pdfium\fx\mulobj\2\2_11_stamp3.pdf","0","44766EFDBD191D267422169EE8859963A5801FB5F4FE19944549AF0CCA227989","3751","pdfium"
"regression\pdfium\fx\mulobj\2\2_12_blank.pdf","0","E79ABACBB3B5E478EC19B0369199C64B5AEDE17AD2F980702DE127FA1CBF41A0","790","pdfium"
"regression\pdfium\fx\mulobj\2\2_2_area.pdf","0","975FDC86DA97C45914E1675BB061855561E1111BB9EEE0F9CD4DC2E60FDBA566","1722","pdfium"
"regression\pdfium\fx\mulobj\2\2_3_pencil.pdf","0","4D994CEB33F9FB68123E34498E5165D416C592A8A949CBB4A59911BA2F0E0143","2062","pdfium"
"regression\pdfium\fx\mulobj\2\2_6_textbox.pdf","0","70DCBECFA999E28C94D87D143394EA7221294FD2D827E13D5A99386C78766151","2091","pdfium"
"regression\pdfium\fx\mulobj\2\2_7_note.pdf","0","920111623C49CB69A24FAA8E3A42FC913CAEFEEB6215C1903DE1E6E98B42F61F","2193","pdfium"
"regression\pdfium\fx\mulobj\2\2_8_stamp1.pdf","0","0BC1C4D743C966F1137B9801F5A977EB4E058DE02FC6B50EA2DADC56C4A59449","23802","pdfium"
"regression\pdfium\fx\mulobj\2\2_9_stamp2.pdf","0","998E7EB92C5851349C17873EAF04F922D6F537995EACE3D3261F7E2B89E23957","23643","pdfium"
"regression\pdfium\fx\mulobj\3\3_0_cloud.pdf","0","51118B0172CD285064068C8957253C3FF90853ED4D6751F54555D96BB3FE833F","3229","pdfium"
"regression\pdfium\fx\mulobj\3\3_4_textbox.pdf","0","AAB2AAA30541E4505F74BD057FE8DDD6E6184BA7D6B0C839380E801D58B105A3","3097","pdfium"
"regression\pdfium\fx\mulobj\3\3_5_note.pdf","0","1898B98339CA3B564BB2FB7D0F10C39379DD33E4CE738D644CEE545B74506E24","2798","pdfium"
"regression\pdfium\fx\mulobj\4\4_1.pdf","0","A6DF24BE55864A01D37713D67280A31350C3A786D7203614896F4987BEE3E2EC","1270","pdfium"
"regression\pdfium\fx\mulobj\4\4_2.pdf","0","42AAB8B87A86385E17B2045B1672CF7061AEAA49E8A819FE128D275101526197","1236","pdfium"
"regression\pdfium\fx\mulobj\4\4_3.pdf","0","76A4E1DFB69F84A537A6E1FBEE46FC2DDFA964DBE949071AA45AB8CB2CC56B31","4128","pdfium"
"regression\pdfium\fx\mulobj\4\4_4.pdf","0","846D38516AB800F8FB4E4DB14797667C29CE150D3C3C21885482EEBBA81917AF","1205","pdfium"
"regression\pdfium\fx\mulobj\4\4_5_link.pdf","0","63B8A0574762D1C2DA6612037164BF5E5941869B08BE69407C5119D847022283","1501","pdfium"
"regression\pdfium\fx\mulobj\4\4_6_link.pdf","0","131BD063CE5ECC20F9AAC162A34FC8EEC1652ECD49060BF93A1C64E1FCCB2817","1400","pdfium"
"regression\pdfium\fx\mulobj\new\comments\new_arrow.pdf","0","43E63AE68CDE751849124F8FE37C12312C9DFBB3D6C80DE156ADADE248D83720","1368","pdfium"
"regression\pdfium\fx\mulobj\new\comments\new_attachment.pdf","0","837EE7E5FE201B7CDD57AB0E3A85D08A73B351DBC0D42846AE397BE069CE10F8","6742","pdfium"
"regression\pdfium\fx\mulobj\new\comments\new_distance.pdf","0","20AF6E6072E458DF8C447D22B796BDF04A0823357D052F9F31381DEBC50DE52A","1520","pdfium"
"regression\pdfium\fx\mulobj\new\comments\new_line.pdf","0","0908636A1F6B74D1DF251E7D9A8E90D027D7FB38D44DF18A82B6FA30BACED19E","1325","pdfium"
"regression\pdfium\fx\mulobj\new\comments\new_oval.pdf","0","15077F3023EB46CF9374CA8262207EB44561DA6B1B55C543D79DBE70177DD067","1361","pdfium"
"regression\pdfium\fx\mulobj\new\comments\new_perimeter.pdf","0","06ECCE66DE6286A3D4AE07C77C1E8F3239B8913D4A1AAAC775519BB1FD6CB045","2424","pdfium"
"regression\pdfium\fx\mulobj\new\comments\new_polygon.pdf","0","DD8EE3CA7461389B4A9780FAF290362E258A7B5D639AACE47C79B95EFFA12244","1368","pdfium"
"regression\pdfium\fx\mulobj\new\comments\new_polyline.pdf","0","799ECF4EC1604EB3D1ECF25F43B1E4942A4EF88AF72F5CD94F7B27C551CC97B2","1399","pdfium"
"regression\pdfium\fx\mulobj\new\comments\new_rectangle.pdf","0","95F616560EF64824575D5485B6E6287DA0414610FB21A02BABE639C9ADF2DCC0","1524","pdfium"
"regression\pdfium\fx\mulobj\new\image_video\image_bmp.pdf","0","F86027A864E6A4CEEE1E84AD894980915BE43424415154C70F6F90A5E8B5395E","409180","pdfium"
"regression\pdfium\fx\mulobj\new\image_video\image_gif.pdf","0","6E1D477FF1DF87D8CAAF138F6B776C4A2A21918C9A6683AEDA371A739A459BD0","16933","pdfium"
"regression\pdfium\fx\mulobj\new\image_video\image_ico.pdf","0","AF32B5108C3CA51FED12BB272568C2E9DF1B27B1FF9BF8D7D11C4CDC1A1EC961","7153","pdfium"
"regression\pdfium\fx\mulobj\new\image_video\image_jpg.pdf","0","4035444CF0EDB274BB46E8C8059871184A0D239AF94590B156AB19A5DAC75E4E","706796","pdfium"
"regression\pdfium\fx\mulobj\new\image_video\image_png.pdf","0","29D93DC1677B625583502AFB917CAB60F1CB49A364CF40C5F93DC52C60023E03","158516","pdfium"
"regression\pdfium\fx\mulobj\new\image_video\image_tif.pdf","0","1D92F6C75D7DD43E602F8180BEA946F1E707A7BA8DF6AF445EF113311BF8F9A7","15527","pdfium"
"regression\pdfium\fx\mulobj\new\image_video\video_mpg.pdf","0","682913BDCE63A1BB0E8E121A3CC3BECE5A062CEF9A5E0EF9BA55CDB6308A40F7","1049610","pdfium"
"regression\pdfium\fx\mulobj\new\image_video\video_swf.pdf","0","05BB8E907BF4E42E4B5BA6E5AB3F21DEA4BF06C84FC5A0E30ACCDB1B197493C3","134088","pdfium"
"regression\pdfium\fx\mulobj\new\image_video\video_wmv.pdf","0","F619BE3EA3636A067B203064F3601C074E37A94629D01066AF8C7E7A692B3292","1678920","pdfium"
"regression\pdfium\fx\mulobj\new\pdf_sign\new_pdfsign1.pdf","0","5714A8929EDF98FD1781E2E8A60C04C7D9CFFC000D14C79DC982485B2B7EAB9D","7258","pdfium"
"regression\pdfium\fx\mulobj\new\pdf_sign\new_pdfsign2.pdf","0","78BE2AE7303C62D4E4FC352C7F05DB49C33FE233893D45AC0A5851BC2C57C853","4504","pdfium"
"regression\pdfium\fx\mulobj\new\pdf_sign\new_pdfsign3.pdf","0","7B25F4FB47FE9978841726E6008422FC46AFB553D664B1C97DE93483D7E0D13C","14561","pdfium"
"regression\pdfium\fx\mulobj\new\pdf_sign\new_pdfsign4.pdf","0","06724F60607936ACDFD23B407C6D488F1510E5E06510C3121D9A76220D34F505","11652","pdfium"
"regression\pdfium\fx\mulobj\new\signature\new_certify1.pdf","0","80475EDB92FEF8775F2AB3283839385CF5162E232E23FB13DE7F8F0FA7AC2EC8","8669","pdfium"
"regression\pdfium\fx\mulobj\new\signature\new_certify2.pdf","3","20378A57245C6D7DBD9EEE1F2E27DE4E058609C7395729D716CBF4BE1B46B4B0","6903","pdfium"
"regression\pdfium\fx\mulobj\new\signature\new_signature1.pdf","0","B0C7513EE6886BE86B81EAF51889AB5C29E1F56B0B5DD8A7BE69EC4632B09447","6840","pdfium"
"regression\pdfium\fx\mulobj\new\signature\new_signature2.pdf","0","EA733C8DA09EB0EA4C0901DD761435A67E7A5C1200B7D35BBA3A3E67ABCEA0AB","8421","pdfium"
"regression\pdfium\fx\mulobj\new\stamp\new_stamp1.pdf","0","4830A58F23D80D948AA8304A815ABA79FF6B7A4D57DF1B54C2E6B8B3EE4F2E48","4095","pdfium"
"regression\pdfium\fx\mulobj\new\stamp\new_stamp2.pdf","0","4BA1BCA728369AC2687FD2CA09DE22FC7BE5F2C7988625BC5A4B1F43CF532895","3563","pdfium"
"regression\pdfium\fx\mulobj\new\stamp\new_stamp3.pdf","0","94BB59F252D427764696A1CB145537ADF3DBB185DF840F0F842DA6AEF1B19F71","14034","pdfium"
"regression\pdfium\fx\mulobj\new\stamp\new_stamp4.pdf","0","9151C03781431BF0CA082FE4A5A45D68D07745D8752BCC6B0EBC562D52EEF311","4617","pdfium"
"regression\pdfium\fx\mulobj\new\stamp\new_stamp5.pdf","0","61C2739EE8D8CD9048B3B25592268C233A6C74996C0B4F7BAB29C44DDA263BAF","3359","pdfium"
"regression\pdfium\fx\mulobj\new\stamp\new_stamp6.pdf","0","57DD9AE48DEE11762FB753A64894C5400663C20720742B41E5134E3319CBCCE7","3638","pdfium"
"regression\pdfium\fx\mulobj\new\text_markup\new_textmarkup1_hidden.pdf","0","9025F08054DC3CE30F8229DEF2C45083C305F444E2B9516AE9076B36DCFC16A3","2353","pdfium"
"regression\pdfium\fx\mulobj\new\text_markup\new_textmarkup1.pdf","0","465B283F9873EDFDA4C04AFCAD1EFCE440F137480FC58FE7CEDE3A3AF367EF62","2337","pdfium"
"regression\pdfium\fx\mulobj\new\text_markup\new_textmarkup2_hidden.pdf","0","E6F5E824205B88F8FCE27A678A3A8D8DBC58D03B4EA95C8CF594AB3802ACDF9A","2271","pdfium"
"regression\pdfium\fx\mulobj\new\text_markup\new_textmarkup2.pdf","0","49B27D60DCE4024B31855DEF224C452186877CC83A3E4AE134DAE625AA301BC6","2240","pdfium"
"regression\pdfium\fx\mulobj\new\text_markup\new_textmarkup4_hidden.pdf","0","2E997F0BCEBA6EAEB69D4B298996D86E7001272F1BD6D07225A1B33284A4B21E","2207","pdfium"
"regression\pdfium\fx\mulobj\new\text_markup\new_textmarkup4.pdf","0","9E43DAC989EB4BD0FB2AE1F2F87370CB74B5C7FA2CA9008EEF5FFFED5A9016E9","2185","pdfium"
"regression\pdfium\fx\mulobj\new\text_markup\new_textmarkup5_hidden.pdf","0","8B9D14457AC6512938EBE7AEAFAD8E9CE3001C8A30BC489E39730A97D1410CE1","2782","pdfium"
"regression\pdfium\fx\mulobj\new\text_markup\new_textmarkup5.pdf","0","CD2B9835FF0754F513C9ED60A0F1552D19DC9E966CA30B7BF654D385F675ACC6","2729","pdfium"
"regression\pdfium\fx\mulobj\new\text_markup\new_textmarkup6.pdf","0","3FAB17E5E99FCA0F0EDADD60DA50F7267235BE2CC7983AAAAEDF888DE22648C0","2786","pdfium"
"regression\pdfium\fx\mulobj\new\text_markup\new_textmarkup7_hidden.pdf","0","67BACFAF5086AD7B697E2E631BCE8082E5FF4D3C289CA6638B75E33F59A36287","2225","pdfium"
"regression\pdfium\fx\mulobj\new\text_markup\new_textmarkup7.pdf","0","976D9A51CDF54D55C4C1C78DD783FF13794294274F536E7B4ADF59A2C4F07FA2","2202","pdfium"
"regression\pdfium\fx\mulobj\new\text_markup\new_textmarkup8_hidden.pdf","0","D957F5B8C1CE85EAF67837F9F42DFBB03628A0315DEA87331DCD31E45ECB5C2F","3717","pdfium"
"regression\pdfium\fx\mulobj\new\text_markup\new_textmarkup8.pdf","0","4D8A38DF782638C57FB67C92839A727038B6183304BA74EB83B2300F99D66878","3627","pdfium"
"regression\pdfium\fx\new\ch_7\ch_7_0.pdf","0","DE25047F5E88177DEB2B063ED6AA0A379085453BA5151D9114A824DFE1863FDB","20727","pdfium"
"regression\pdfium\fx\new\ch_7\ch_7_1.pdf","0","082E92F297A5875B7ADF3F9C56289B7BB5D7ED1F55F726CF925890815A8E9E7D","22059","pdfium"
"regression\pdfium\fx\new\ch_7\ch_7_10.pdf","0","2C06E7730356B45FEBDB3988E844BFEA84B991367AAF443054692ABC89495527","91437","pdfium"
"regression\pdfium\fx\new\ch_7\ch_7_11.pdf","0","259A9591C62219B058F846E97EB897754D7631132A84CE1F8C46232336796602","94346","pdfium"
"regression\pdfium\fx\new\ch_7\ch_7_12.pdf","0","80F72E399ED553D6A30044E6C282FEC500C51F37C8A8E96574A7F567F8FDFC0D","97047","pdfium"
"regression\pdfium\fx\new\ch_7\ch_7_13.pdf","0","FF0EB2214A9402575A5B884B45E2D885A90409695AE4AF0CCC72E7807510A185","28756","pdfium"
"regression\pdfium\fx\new\ch_7\ch_7_14.pdf","0","03F21BF28E84C3F8EC2D64C9701CAFB83230D5D1108D17A91B7E2227FAC9B018","99714","pdfium"
"regression\pdfium\fx\new\ch_7\ch_7_15.pdf","0","A39486B67780C7B9BED14ED647036C0B197A2B10D93B40BB02C599C1C32CE868","102460","pdfium"
"regression\pdfium\fx\new\ch_7\ch_7_2.pdf","0","9DB6C73C70C73F4F8A8F0E602CB4576F8E940DFAA4600677C625E82490BD361D","9444","pdfium"
"regression\pdfium\fx\new\ch_7\ch_7_3.pdf","0","2D39D39B700FB3AE107C113215373334C2303C927201B79A6D14F68A71464835","12590","pdfium"
"regression\pdfium\fx\new\ch_7\ch_7_4.pdf","0","78729B1D4246FAA0DF8FCB19BB7060D757988ABBB67A7B480B007C41F2732840","18950","pdfium"
"regression\pdfium\fx\new\ch_7\ch_7_5.pdf","0","5846FE0F8E4F7A262F7D04585E0B5028519EB451B0870B29B1E8DD1BAE546252","40570","pdfium"
"regression\pdfium\fx\new\ch_7\ch_7_6.pdf","0","8584061169FC191762BE40551329F98DAEA4EE705AB03F4CCC13E3DB2C5C8552","57825","pdfium"
"regression\pdfium\fx\new\ch_7\ch_7_7.pdf","0","EDC1FF4377FC7DEB6CA41D9B9A0A307F8FECFCB22A5D72AB0D31D7ACAE01B384","40617","pdfium"
"regression\pdfium\fx\new\ch_7\ch_7_8.pdf","0","4CDCCBDB387F09E1DD3DE84F011F6C44FB6DBFE6150A84141B50E350D6A246B7","30254","pdfium"
"regression\pdfium\fx\new\ch_7\ch_7_9.pdf","0","59DFD5AFBD98F61BFEF9821DEF486B83F38431CC2FD560730FC17BE580AE9047","20691","pdfium"
"regression\pdfium\fx\new\form\fillform.pdf","0","D579FD2735B1858D4BE2731FC4F348C1D4A80DCCFDA996C51B758E6F2FDCA65D","67862","pdfium"
"regression\pdfium\fx\new\form\form_action_trigger.pdf","0","0ADA9754013CC6682D3CE063E3DA0BFFE347817B89B558845CFFE1ED06B7089D","17016","pdfium"
"regression\pdfium\fx\new\form\form_button_sign_url.pdf","0","88DBA2AE9FFCB570F54F1489C252A15716AE9D509261EC3D1BE5CB75C4F6998F","2637","pdfium"
"regression\pdfium\fx\new\form\form_button0.pdf","0","5E5F46ECD264BFC3AA3FF8EFF6005688BECB28221DD9C058FFBBF53BC91BCA0B","1667013","pdfium"
"regression\pdfium\fx\new\form\form_button1.pdf","0","62773FF37D5CCEB278BD2C7F8222BB38DA0D96D16363A638054EACB6E1B8A184","1667192","pdfium"
"regression\pdfium\fx\new\form\form_button10.pdf","0","C2155DCA7925293EA6F45D3E04B4124484774A567724F8F945B5ED65FAA0FD3E","1667073","pdfium"
"regression\pdfium\fx\new\form\form_button2.pdf","0","3B815562758036BDAF77FE6A2B2B5B1C251E07A0C180B6AC82FC3245ECDFBB8C","1667091","pdfium"
"regression\pdfium\fx\new\form\form_button3.pdf","0","596ED69B8BCB55746C68FF10E3D6AB6090B2489332207CFF18A97E9FDFF996B4","1667060","pdfium"
"regression\pdfium\fx\new\form\form_button4.pdf","0","7E970218E4AC169C1EB488B06B4EC1A591FFCB857DB9548AF28CD9E89B94ACC1","1667782","pdfium"
"regression\pdfium\fx\new\form\form_button5.pdf","0","F99E66A37FBD3C202F29CA2EE01C4DB62F29ACE8820D20DAC8EE43993FB7BDA1","1668494","pdfium"
"regression\pdfium\fx\new\form\form_button7.pdf","0","2C5ADD922C77C31F5973B0162B4431F8DFC58A027F7354B71E10A7ED3F253D4D","1667108","pdfium"
"regression\pdfium\fx\new\form\form_button8.pdf","0","4BFA8249FBD2EAECB93DFD3064976B3F0BB11886E9DED387768CD19E1AF119F2","1667087","pdfium"
"regression\pdfium\fx\new\form\form_button9.pdf","0","182D55D7E4877E9E5C857E1CACFD7ADB0DA1D00373345408257C781EDC931609","1668709","pdfium"
"regression\pdfium\fx\new\form\form_checkbox.pdf","0","572061EBF245EA0E4E22C89287873CE510F4FF95FFFDFBCDA91369740BFFC5EB","2611","pdfium"
"regression\pdfium\fx\new\form\form_checkbox1.pdf","0","5F696BB0E8668DD445780F00FA3DCD5E372CCE867664E2883A8B5CB7351C0AE9","2609","pdfium"
"regression\pdfium\fx\new\form\form_checkbox2.pdf","0","A6754779E9B4FE059D72E48AAD489781CF8702F09EFF6627CBB3C16BBE73580D","2639","pdfium"
"regression\pdfium\fx\new\form\form_checkbox3.pdf","0","6C03DA6F5D7D45DFE97DA8494792D781CE21BDB0051E368C414312D4A845947C","2618","pdfium"
"regression\pdfium\fx\new\form\form_combo_sign_url.pdf","0","FABB1F56A6636FFFC9D9C6EA5C2DDB819EB9FC8D9546C23BB902DE4242146DDD","1856","pdfium"
"regression\pdfium\fx\new\form\form_combobox_actioin_goto.pdf","0","3C22C288CC7FFC9ACD0AA1B0412D1FA113519CB90A9994B92CD005CE3D54314B","1869","pdfium"
"regression\pdfium\fx\new\form\form_combobox_date.pdf","0","9E21EA8E4E1F8989DDDBB378D283112D3BC41AD84963FF162DF6CB5AFB97A9FA","1651","pdfium"
"regression\pdfium\fx\new\form\form_combobox_date1.pdf","0","00ED482BBDC72F6BAE5504E74B08980CCD265D10B47220BB12150430C9D33D23","1659","pdfium"
"regression\pdfium\fx\new\form\form_combobox_date2.pdf","0","892A50C28981E217990E86903F9EEC1565CE96C0C2CAD90683F3CAA64B73A8BC","1700","pdfium"
"regression\pdfium\fx\new\form\form_combobox_importform.pdf","0","D288B6F66516A3D1BCD463A67990679E23AB4F50EA6541CA34A7AD8EFDDF2A93","1778","pdfium"
"regression\pdfium\fx\new\form\form_combobox_num.pdf","0","B5D9289D72034DB37439791E089D66C54A5DD47D3D307F7FEFDE9DCD9DA233C7","1699","pdfium"
"regression\pdfium\fx\new\form\form_combobox_per.pdf","0","121F22572693372BD58369FCD9C2B7B1B27B2A642262620705EF3EA0C14A10EF","1688","pdfium"
"regression\pdfium\fx\new\form\form_combobox_plus.pdf","0","3854DB0B70A98D2409A1832E2CEF53AC0AD5D0C14C4B94B282CA33E83FA41E9D","4379","pdfium"
"regression\pdfium\fx\new\form\form_combobox_product.pdf","0","4CA60356214A577EE26F1E5BA6C50224B70CB94E0F54DC7F96C3060A0AA6E3F3","4389","pdfium"
"regression\pdfium\fx\new\form\form_combobox_resetform.pdf","0","425FFA45A6A89F902CD98734A0CE2C12BDF047C963FB62EE6FACE6CE5DE7583F","2028","pdfium"
"regression\pdfium\fx\new\form\form_combobox_time.pdf","0","1144BD727650D463AFABC3E912E2E3957AC410C8C62B2FC0626257EF0B710885","1660","pdfium"
"regression\pdfium\fx\new\form\form_combobox0.pdf","0","ACFBD1784B9A3FA2B70CF242D6C7DD7D923AF7428DE20446FD08E7693610666C","1658","pdfium"
"regression\pdfium\fx\new\form\form_list.pdf","0","BB09F2E29D56362676FB0E4DDD8E2BBF4CB3ECB3D0C70094DCB1A1B818B8CA6D","1908","pdfium"
"regression\pdfium\fx\new\form\form_list1.pdf","0","720F0A0D0716174591D1C37EEA0163CDBB7995CC927D69A8670429CCF400C744","1740","pdfium"
"regression\pdfium\fx\new\form\form_radio.pdf","0","E0B9C8994EE7289F904117D724C073698155A420B526D66225EC0AA2E12397F2","2794","pdfium"
"regression\pdfium\fx\new\form\form_sign_url.pdf","0","4C07E93A542607286A0B443A2DF30558B6FF9F789AC2CB5CD00B38A446B9B289","1474","pdfium"
"regression\pdfium\fx\new\form\form_signature.pdf","0","F51C07EABEFE6D15018FE9262A3A33346E9EEF35E6B73F39128A8A015187A8E0","1603","pdfium"
"regression\pdfium\fx\new\form\form_text_sign_url.pdf","0","9D8D4B87BB17F226F25122C9E2A7B34AB1F3F882A3776C445D088168FF0932BE","1819","pdfium"
"regression\pdfium\fx\new\shading_2\shading_2_15.pdf","0","7DC1AA36DE21B71B130E34A82BF9F46A40392323A7779135D37775274F65FADD","1208","pdfium"
"regression\pdfium\fx\new\shading_2\shading_2_17.pdf","0","DEF44BB8AE8A5C7EB66BF9F74948B87F2C6B0FD2927901C4C2A854344D06AC6C","1330","pdfium"
"regression\pdfium\fx\new\shading_2\shading_2_4.pdf","0","7894C9D8AC3F4C0CC11A123345585711A1FCF8671F4485FA3E77F2842911E0AC","1359","pdfium"
"regression\pdfium\fx\new\shading_2\shading_2_5.pdf","0","51F4F2E1A126AB15AB238CEE4E8977962BCED131DED2E082B1BCFDAAD77D60B5","1204","pdfium"
"regression\pdfium\fx\new\shading_2\shading_2_6.pdf","0","DB5C4BA24FB4CD0189175885D10BE518FCAC2F54BA8CE5282F2A0D25B4645F7D","1198","pdfium"
"regression\pdfium\fx\new\shading_2\shading_2_7.pdf","0","8DF822B4E334BA87330461778CC0061F1D6817355488A2CAF77E7119DE386C1D","1440","pdfium"
"regression\pdfium\fx\new\shading_2\shading_2_8.pdf","0","8291D3E0C4793DAFE7ADA50CCA6E87F127B544AADF5ED4121CE7D880D0B8D222","1328","pdfium"
"regression\pdfium\fx\new\shading_2\shading_2_9.pdf","0","4BC9AED57C313A48CBAB78CF48DEC517A1AD6EE7CAC22A1C38D88F1E1E4EB1A6","1418","pdfium"
"regression\pdfium\fx\new\shading_2\shading.pdf","0","0DEA93168A67DFA009A77A3BE0931FA708414C23E755019AB6448555EAB5CD9D","1960","pdfium"
"regression\pdfium\fx\new\shading_2\shading1.pdf","0","CCD2D01C22DE0A736B7A3F83467FEA67B0FF434F46615D5FC38D2B5374CE27A2","1331","pdfium"
"regression\pdfium\fx\new\shading_2\shading2.pdf","0","82384DC24DF8862B2912B0622E2BA44779FF3EAD2F401485F9ECE2C1B9A2E33C","1344","pdfium"
"regression\pdfium\fx\other\1.pdf","0","B6785CEE097B3C4D6295239671E49EBA0B13890E4F1D52E87E509454AEB1B0AC","550012","pdfium"
"regression\pdfium\fx\other\12.pdf","0","7EADD86FE97B36B47CA046132886C17F1C4A1D0EA8E206544F3F0BBB690DC209","74180","pdfium"
"regression\pdfium\fx\other\1m_diff_lsjdf.pdf","3","30B1AACE8209063F01AC4A3D1F5D792CAC2D980F794C95568088E90DC412462C","1239","pdfium"
"regression\pdfium\fx\other\1m_same_xxxx.pdf","3","72503B21194F633F066D47639E94F673602E8D3A19DDC3BDD11AA8D562414AE0","1237","pdfium"
"regression\pdfium\fx\other\8.1_viewer_preferences.pdf","3","B1DD473C3BC593F469E5C5051056E2B1A6BE1C4C0962D38A0E2C218531BFB3C4","664","pdfium"
"regression\pdfium\fx\other\8.2_name_dest_f_dest.pdf","3","F55BA22AA8CEF7DF84C57AAE1204244260AAFC1CE5B7A50FC4361C657E158E0F","1537","pdfium"
"regression\pdfium\fx\other\8.2_outline.pdf","3","99B941E580AA53BDAB6DFFC883673D72EA48889EDB89F68BAB783DB08D6CC3A9","5488","pdfium"
"regression\pdfium\fx\other\8.3_presentation.pdf","3","BE2495304A92D33BA069DEC0F6A79586C2BCAF1773B0CC826D4ACD2FDB5DDBE1","1242","pdfium"
"regression\pdfium\fx\other\bookmarkgetcolor.pdf","3","5A75389ED5C5E83775AE994420DA6552E57A67E80DEFC925129BC4E26D94B056","4259","pdfium"
"regression\pdfium\fx\other\form_xobject.pdf","3","8B663F559A86B8D3ACB25D3A93CFCABFC8583480F03F47AC0287937F9C07714E","735","pdfium"
"regression\pdfium\fx\other\foxittext.pdf","0","9BF0F925BF3B26385115C5C813ABD081C8719292A1E766FA62D8DFD409C18A36","62961","pdfium"
"regression\pdfium\fx\other\group_xobject.pdf","3","2D5EE5F1DE98045E02CF54DB22E987936FE484C7CD146870B50BD8E1F9AAACB3","1306","pdfium"
"regression\pdfium\fx\other\jetman_std_fixed.pdf","2","DD8FF5777D0BD29244D242518DF872E050ADEC84F4860DA2B6ACB85F5A2576FC","501","pdfium"
"regression\pdfium\fx\other\jetman_std.pdf","2","9BE37A9584C5389BCCDCA19B04D8FB2C42AAD7A35EC90D38FC418C8BF0ED8E55","470","pdfium"
"regression\pdfium\fx\other\reference_xobject.pdf","3","E6E54D2B44663952C3449FECB4656AEEF9C0F8B381989201CE8EAF4BFC6BA391","858","pdfium"
"regression\pdfium\fx\other\thread_action.pdf","0","D17CB83BA62A5077C38392126B8D0DC77CDAA30A99AC5E5F3240F132F062C0C0","27414","pdfium"
"regression\pdfium\fx\path\11.pdf","0","E495E66EECDDFBC52973D33BCEE81F909E2E1C2DB5019AD400672DC6B07619B9","20911","pdfium"
"regression\pdfium\fx\path\1751_1.pdf","0","51615B5456F98036BB71B38D13CF6B686EE4A4A1E2BD9B169525849F6BE0AC96","94658","pdfium"
"regression\pdfium\fx\path\bug_0_length_line.pdf","3","2BEEADFB8AF502163E47EB89C0AC252AD895488063F8F8B5E4781A1D73FAFA02","2392","pdfium"
"regression\pdfium\fx\path\bug_0_width_line.pdf","3","AF30F5EF4B89F3633224FD624CE6945BCD894C2FFB27A06E9D33A65FF821480D","783","pdfium"
"regression\pdfium\fx\path\bug_white_space.pdf","3","CE6B95A864FBD7C31866AFB2FBAB5B3823B648F8C084EC904B881DB059A0539F","614","pdfium"
"regression\pdfium\fx\path\catering_1.pdf","0","D25608097A8692DD532F979D5A6EB3953FC05CF1497D4021A85F4CB86441377D","27266","pdfium"
"regression\pdfium\fx\path\clipping_text.pdf","3","E3890F57526AAB584F8DE76B087B43DD704C8D5EA66520BECD206E7B6937FFB0","848","pdfium"
"regression\pdfium\fx\path\edit_getdash.pdf","0","D8F9339F43819F40AA071D7DDD5E106E753EF3334D2311B703196AE32486C72F","1091","pdfium"
"regression\pdfium\fx\path\edit_getlinecapstyle.pdf","0","658BD1866100A78C9D5AF3BE58A81683271FB18C5CEB9D4E58E9D2F96C93CD4B","1373","pdfium"
"regression\pdfium\fx\path\edit_getlinejoinstyle.pdf","0","D68E7D1FB22C8F6F5F47F6746F4E05FC166BEA3F1BA7DE8F12A89590D2A5F91C","1374","pdfium"
"regression\pdfium\fx\path\edit_getlinewidth.pdf","0","1F6EB3ED0C1C8C9BC722881B6E40CBC5FD4BE453D0CEBB08965D16B938FB25DA","1381","pdfium"
"regression\pdfium\fx\path\edit_getmeterlimiter.pdf","3","C2E233C172171800F83CA997FC7F5AC787BFD09C6C6500EB84AF664694BEC437","1495","pdfium"
"regression\pdfium\fx\path\edit_transform.pdf","0","DB3C52351D769E8E3B88226962BAF61B98899A1960AD20318CB331BF97D51A6C","1380","pdfium"
"regression\pdfium\fx\path\lines.pdf","0","B47E4B321E8547A517875B3E1675A319D98B89FA30C1614397EAEED9B8E7F00D","23400","pdfium"
"regression\pdfium\fx\path\path_1.pdf","0","8FA755AA9769D9AA3F33CBCDC4B74B2E6565E1E8ACB4D51386E1B02F4F80579A","10717","pdfium"
"regression\pdfium\fx\path\path_10_jd.pdf","3","0712AAFFC7C5CC3AC6C6677AE553942ED11D8221E7FA8E85FCB6033BF42BB18A","1424","pdfium"
"regression\pdfium\fx\path\path_3.pdf","0","9F18405BDBF991B48D22586B909ADACFE6C95082D66E9A7E1C3FBDBA69A9443A","6498","pdfium"
"regression\pdfium\fx\path\path_4.pdf","0","4224A48C31BB8C0676402B33A79B904E9F8F2CB7749300473438992E05169BFD","7300","pdfium"
"regression\pdfium\fx\path\path_5_pattern.pdf","3","36521181B322F91C97A7128971F0090E81F9DD039656684C226CB07B5B1A47B9","4415","pdfium"
"regression\pdfium\fx\path\path_6_graphics4.5.5.pdf","3","C267E9ED5359DD8A04BA357805A432983948EF58927ED0B877609091E509CDC6","4985","pdfium"
"regression\pdfium\fx\path\path_7.pdf","3","4D6D6853A8C744168CD3884FD0AB37BD5506FB40813F76FB7438B7B7683E115A","8733","pdfium"
"regression\pdfium\fx\path\path_9.pdf","3","223C12577D9EDB0F425D27AD0B8D44631FCDBA64522D4BFFE0F478143D4F7CB1","2579","pdfium"
"regression\pdfium\fx\path\pentagon.pdf","3","9EA7DCBD430F0F06FA28C0FCDCA49A4F384EF5D114008C94C4D89586E58B6267","2440","pdfium"
"regression\pdfium\fx\path\transparent.pdf","0","5FF0E3D4C00BE4D243BB4196060FB2A991579B152BFA7F71BFDEFA7DE328D715","11175","pdfium"
"regression\pdfium\fx\path\transparent1.pdf","0","F5457FE7EA530487F9182A994755CC338D3AD03EE3716CA5BD11E367C9A1024B","1159","pdfium"
"regression\pdfium\fx\pattern\2_color_tiling.pdf","3","989284CB878CF47B3E480BD986B214CABAC116F20A112600E35B5B029ECCE444","14808","pdfium"
"regression\pdfium\fx\pattern\2_color_type3_pattern_bbox.pdf","3","69AFF922D023C936F050E5315280B4916E01ED84AB70AF7EAEF6CF8DB9D27E00","1318","pdfium"
"regression\pdfium\fx\pattern\2_uncolor_tiling.pdf","3","375DA9262D8064123CAC51D4E1AFAE99A4466C0CBF28B1A5BC82C0C0608B46DA","2996","pdfium"
"regression\pdfium\fx\shading\2_shading_type_6_00.pdf","3","562CF5CCBF732325ACCCD2EEC7B2733A5060A2A0DE16F4155DE8A59C4EABEF8C","1118","pdfium"
"regression\pdfium\fx\shading\2_shading_type_6_001.pdf","3","FA081FC1F495402B97B8E826916E1D7D8274CA9FCD408A222F4394888A084741","1118","pdfium"
"regression\pdfium\fx\shading\2_shading_type1_sc_.pdf","3","B69C9B104A09F68B7FD7BC72B256118A55CA23975F4B2669497DDAED05805F69","1259","pdfium"
"regression\pdfium\fx\shading\2_shading_type1.pdf","3","65FA6AB955185355A214EF25A6318B8A55BE18A7466185B7A3C925727F61D1C6","1234","pdfium"
"regression\pdfium\fx\shading\2_shading_type3.pdf","3","2BB3AA6C4E4798FF1C8DF4BCCF0650976B70DB4E0F0898367A169E39ED429141","1383","pdfium"
"regression\pdfium\fx\shading\2_shading_type4_h.pdf","3","A1C82C8E048940F43C64FFB3500AEF1941904A91DB91E752BBE1E361C58AB5AF","1183","pdfium"
"regression\pdfium\fx\shading\2_shading_type5_h.pdf","3","1E0606D6B1CC9ED3FD173CCA3FEF693BA53373A7EA131C555F0E4804E42C6E36","1023","pdfium"
"regression\pdfium\fx\text\050_extra_m.pdf","3","88B9D0E700D2C3CFE7563652989FDC46296C7BA8F3510CC0D621D3CA37B7A791","2221","pdfium"
"regression\pdfium\fx\text\5.1.pdf","3","DF84D5B448248057653D5D7039EBE3BE4D3441994C3BEA13835A9EAF43257FB2","1643","pdfium"
"regression\pdfium\fx\text\5.2.pdf","3","2FBD8CA600BA51161E2B4FEAECC2ADC1714C0DE8AA125A8823A8386C8262771F","4261","pdfium"
"regression\pdfium\fx\text\5.5_simple_font.pdf","3","1E6FEA39F5DA27DEAF46D9AF1A4BF44676E35F19C517575CFDA8C1EE4800767A","6626","pdfium"
"regression\pdfium\fx\text\appstoredescription3.1_en_updated.pdf","0","A8471C56FE621476C9C246A9E1AE8616B9CAFA3C08DD85C17C541A7727CD09AD","208338","pdfium"
"regression\pdfium\fx\text\ch_1.pdf","0","EDEBD0DDDD39421281CEFB57ECA8D1C6D2F6681FCC67ABA8596418D773E3C440","3724","pdfium"
"regression\pdfium\fx\text\ch_9_android.pdf","0","FF02A5DA2363831A339B2ACDC09D895EC8B3B3E57A76B6C7A3A5B502A5B014DE","71837","pdfium"
"regression\pdfium\fx\text\en_14_foxit_products.pdf","0","2EA4CF0276950E8B7022E7496DE8FADD17350139722E24C2F8EDE8E7E4DF3587","79967","pdfium"
"regression\pdfium\fx\text\en_contact.pdf","0","3C18BF615A89B0E2FE5C3A187DD6C8E8FACACD6AA6CA52A7B1A7D0259C69AD0F","30733","pdfium"
"regression\pdfium\fx\text\en_diy.pdf","0","0795AF947A133295B2BD07F313922FFC2CF36AA3EB0F31C6581DDCF1A4F2C7B4","5259","pdfium"
"regression\pdfium\fx\text\en_foxit.pdf","0","F7012FB234738C79F11AB62916A0803E6DAB024FEDA3B60AD120A79BE323B951","321295","pdfium"
"regression\pdfium\fx\text\en_fqa.pdf","0","BC96843F227BD3430BC30E2475E2220FD0653BD1D30DBFD3AE9E6C2B75E7B676","987075","pdfium"
"regression\pdfium\fx\text\en_fqa2.pdf","0","8DCBD83A5FFA08C94ABB00F42097B0FF01BFAF8CC823133DE1024C758F1B8F72","35346","pdfium"
"regression\pdfium\fx\text\en_introduce.pdf","0","5481A80D6C55618B05D29C12552C02BF06972B651CFA683893A6B8806FDF9677","160444","pdfium"
"regression\pdfium\fx\text\en_system.pdf","0","8F7B7E0EBE0798AFCB740F08F17597A44FEB7252BF9173B938857A72DAB96393","639406","pdfium"
"regression\pdfium\fx\text\en_tem.pdf","0","ED19902DC59877A578AC5B8D053A1C4ADF62C94B8A1664CDFA0F0D959F3408FC","644593","pdfium"
"regression\pdfium\fx\text\en_uicase_.pdf","0","33A9513D94B6EE378499F2F00927ED82EB069F0C9CF65AC8D8B473E74FD9303E","256141","pdfium"
"regression\pdfium\fx\text\en_uicase_2_.pdf","0","1E0F244C73228C0164D7FA12650CD4CAFCEBABA5741F867022422D1B73D27A5F","52370","pdfium"
"regression\pdfium\fx\text\quick_start_guide.pdf","0","3EB65E5489F549DBEFDC149D8EFD9C3871C8F24576973A36766A7131B9F3B37F","1833639","pdfium"
"regression\pdfium\fx\text\test_m.pdf","3","4CF8DE6B4B80954B17774F92B8733ECA9D989F98442E5F24E26676E6C85BB376","2224","pdfium"
"regression\pdfium\fx\text\whats_new_in_v3.0.pdf","0","4DC9E40E717727898DAC07007ECCE5D20F22602A57FC785AD0376CEDC4065845","107901","pdfium"
"regression\pdfium\fx\text\zh_file_structure.pdf","3","61A1BC7AE9EED175C2B95D06C5B466A57FEAE7737942409F73EB7B4FF731586F","128738","pdfium"
"regression\pdfium\fx\text\zh_file1.pdf","0","5810354AA6BD0019C6991492A43FCD310EF55D99E559AD01012A908F21A7997E","141621","pdfium"
"regression\pdfium\fx\text\zh_function_list.pdf","0","C32AF7076131F153EA61BDA5C9E6D0121B825DBE8712233D750E04EC80E588D4","338626","pdfium"
"regression\pdfium\fx\text\zh_page.pdf","3","0CDAE82BBFDF7D0A953037F87873A2952AAD7CC902602DEC1756E4104414A54A","188878","pdfium"
"regression\pdfium\fx\text\zh_shared_document.pdf","0","B8F815CA55DCE60560591398CDA15FC17CBCE3BEB380FE99A1E68773DF28B4F0","302006","pdfium"
"regression\pdfium\fx\text\zh_webdav.pdf","3","09DD250475F39A388D41A213D828516D59FF4D4F52313BCFF3E9AA88D3FA50CA","66457","pdfium"
"regression\pdfium\pdfium\annots\annotation_circle_dash.pdf","3","3778F0808B9B9977ADFD6A29868D2A3AA58BEAC6B655D80D6688B7A9026F9FCF","36063","pdfium"
"regression\pdfium\pdfium\annots\annotation_circle_fill_opacity.pdf","0","431638C81903E988D120EA96D163EB477486ACDDA155FDDF722FDEEFA76092B6","18612","pdfium"
"regression\pdfium\pdfium\annots\annotation_circle_hidden.pdf","0","096A7BB580BB31A3300CD4F7EFA0A130F1F77011BEFA81BDCBC3B3BA55CD9470","18082","pdfium"
"regression\pdfium\pdfium\annots\annotation_circle.pdf","0","006A87E2F58EB8B454ABF01CA0394A21CA57F4324A421EB87E7443D2CB31BC0B","18082","pdfium"
"regression\pdfium\pdfium\annots\annotation_ellipse_fill_dash.pdf","3","1D54EB6BE6555871C9992723CD31981BA11902316DCFFBA209DADB281F4695E7","36078","pdfium"
"regression\pdfium\pdfium\annots\annotation_ellipse_fill.pdf","0","856A90024E8CCF37B13BA1EA082DD58E815BA0DDBD8A0FD87C280C0E91CE2034","19161","pdfium"
"regression\pdfium\pdfium\annots\annotation_ellipse_hidden.pdf","0","6AF1822E5BF6451D0818A33802CA39530260A77D74F966ABD9F33DB83CDDAFBD","18632","pdfium"
"regression\pdfium\pdfium\annots\annotation_ellipse.pdf","0","2D3CA580AC93CAA28878B4FFD786F4A591B0202811041AE7BEA6EB1B88D79656","18632","pdfium"
"regression\pdfium\pdfium\annots\annotation_freetext.pdf","0","699C622E1DDC12E3C2461588225ED07D585DF243E2A48CFF9E1BD7FC1F97EA1F","18459","pdfium"
"regression\pdfium\pdfium\annots\annotation_highlight_author_content.pdf","0","F8D35974188B7C9FA4297DBCDC5F8BBE74354D6DF8D3519DE41F1A14E72F14D2","35856","pdfium"
"regression\pdfium\pdfium\annots\annotation_highlight_hidden.pdf","0","339A3580F44069D76AA8A5958DD1039C7A29ADEE281E56351D64020DB41F90ED","17852","pdfium"
"regression\pdfium\pdfium\annots\annotation_highlight_long_content.pdf","0","715D8A4FCB7DE3FEC3CBB34999EC431B0EA02AB1C1E2D2DCA562E8AAB21637C2","38455","pdfium"
"regression\pdfium\pdfium\annots\annotation_highlight_no_author_no_content.pdf","3","852FFE27721EC85A60AC0CF7915C0A072B5C7207583F8381159A14F803183008","35717","pdfium"
"regression\pdfium\pdfium\annots\annotation_highlight_no_author.pdf","3","8CF8699D660FDF749A6587B38EEE3980C5860206903123353E94FEB19739FF0A","35822","pdfium"
"regression\pdfium\pdfium\annots\annotation_highlight_no_content.pdf","3","9E2BD73B30E190DD26FBCE7477454BB8D3017C593622D302B63B2CC7518F21EF","35751","pdfium"
"regression\pdfium\pdfium\annots\annotation_highlight_opacity.pdf","0","6413E951A18556AC79BBE11EEDCBB51DFF0D5BB1D503E2C83324C0224CE5AB1D","18476","pdfium"
"regression\pdfium\pdfium\annots\annotation_highlight.pdf","0","183166287A6AC099A9184F310521A2385942559352CCAB560F0D9C88127CE149","17852","pdfium"
"regression\pdfium\pdfium\annots\annotation_ink_dash.pdf","3","3F8E846CEE075341D5BB330F0EF099A9DC15C26318F186D1DB2CBD243A5596D0","40768","pdfium"
"regression\pdfium\pdfium\annots\annotation_ink_dot.pdf","3","22561EEDBB8FCF77824A2A4C4A6CD99C4FF21BD9E1521A8C7A32B68F062ECE0C","35492","pdfium"
"regression\pdfium\pdfium\annots\annotation_ink_hidden.pdf","0","68C697F4370D7C3AB3F9C829CD5F0284DE1B302176527028C9A11F8CD21EAAEE","22981","pdfium"
"regression\pdfium\pdfium\annots\annotation_ink_multiple.pdf","0","F163A27EB8718A96A4C3C4E0F5C4E75664F29D373A5BAC8EB401DD1BC2FF461C","52263","pdfium"
"regression\pdfium\pdfium\annots\annotation_ink.pdf","0","18BD55D9E86137244D058DE2D15870A8E255B0F4CC05CD442D5D15A3BB957413","22981","pdfium"
"regression\pdfium\pdfium\annots\annotation_polygon.pdf","0","0A3CE2C4528FF5B2CA1826EDF2320BC2A0243E4C5D3FCD4A7F2779E57FE1587F","18638","pdfium"
"regression\pdfium\pdfium\annots\annotation_square_dash.pdf","0","991C1B0785CD28A5522AC165F8127EE2CDB16A2DB8F205B4DB8043A25B7535F5","17419","pdfium"
"regression\pdfium\pdfium\annots\annotation_square_fill_negative_border.pdf","0","1397A39972B1FF0A5AAEFB777E0ABBDC21FC8AF3475B6DD5EE734F0925F884CC","17427","pdfium"
"regression\pdfium\pdfium\annots\annotation_square_fill_opacity_dash.pdf","0","35D3360F96D92CFA67EDF6F11D97AA710BEECCF7B9472AD96B94A08BF5D11FD7","17434","pdfium"
"regression\pdfium\pdfium\annots\annotation_square_fill_opacity.pdf","0","2F21EE2A7C56EA41C0AC6371C2119B012F3748F62598024A76A92C580AAB5C53","18707","pdfium"
"regression\pdfium\pdfium\annots\annotation_square_hidden.pdf","0","9213D5ECD0233F4EA642FCA9EDE50E6505DC4F31D6E4ED730265CF42803E4BD4","18177","pdfium"
"regression\pdfium\pdfium\annots\annotation_square.pdf","0","0A4D33143D2394B811B4DDC6CA956BAE6B4B2ED0DEFFF94FF13018D98DD826FE","18177","pdfium"
"regression\pdfium\pdfium\annots\annotation_squiggly_hidden.pdf","0","488C1919BD8F3822B8EAFB8D9D580E37F0E1ABA6BDB501026F817B4E5178E4F9","18772","pdfium"
"regression\pdfium\pdfium\annots\annotation_squiggly_opacity.pdf","0","AF7241BCA64C0BFAB61981E320591E1BADABDD0C6E42DB8B03A142F2628E3957","19430","pdfium"
"regression\pdfium\pdfium\annots\annotation_squiggly.pdf","0","61351DA9A28FFCBBA78468E23F015712F3410B815A7B233F4C7FD0473E5F1386","18772","pdfium"
"regression\pdfium\pdfium\annots\annotation_stamp.pdf","0","EE5EBC1138B9FDD30864050F7E17CB5DC010CF42AC0AFFC7758CC03E20B7FEC1","17787","pdfium"
"regression\pdfium\pdfium\annots\annotation_strikeout_hidden.pdf","0","A81EDBE8281091B93BFB4FD983406BF5FE28DEEB7379E8ABDFF2AF39897E6007","18464","pdfium"
"regression\pdfium\pdfium\annots\annotation_strikeout_opacity.pdf","0","8CEA2F988DB4077AEB8D24DB361F3925B3717925C10910FD8F8B5F33713156C4","19088","pdfium"
"regression\pdfium\pdfium\annots\annotation_strikeout.pdf","0","30D3B0905D1DD71384651B90AC431A18CC061A64FAF8F51730298C3BFA219EC9","18464","pdfium"
"regression\pdfium\pdfium\annots\annotation_text.pdf","0","48F232DAB99A161ACA1A90DF69397116172264736E1B2A72E29110A1B3D2ED95","18024","pdfium"
"regression\pdfium\pdfium\annots\annotation_underline_hidden.pdf","0","B6CB83AC366C16DDEBCF635E96CBB598C1C6AC84252EE0E2C05E01619E7554E8","18438","pdfium"
"regression\pdfium\pdfium\annots\annotation_underline_opacity.pdf","0","8431E9D9B9D6B8B353E4E051AC169E86F78C28A927E2B33EA5BC055AAD05C2F5","19065","pdfium"
"regression\pdfium\pdfium\annots\annotation_underline.pdf","0","49C40096793B1A889D3EE658FA49CF225711D159762EA6E00414D750A8829C09","18438","pdfium"
"regression\pdfium\pdfium\bug_440132.pdf","3","890A467CC3F2F67F526498FFF787A09DF62BF948586CC6CFC5C065E788C5FFD0","8838","pdfium"
"regression\pdfium\pdfium\bug_481_coons_patch.pdf","3","62C535F0EED63766249AFF4C8911BBDD35DDD4911B8A7EEB43E8FEFEF8852DF8","690","pdfium"
"regression\pdfium\pdfium\bug_481_free_form_gouraud.pdf","3","A1AEAA07D41C027DA445CE215DCD9C6F7387951CDD6D0E6EFC685B48FCE8DF7E","690","pdfium"
"regression\pdfium\pdfium\bug_481_tensor_product.pdf","3","3159102ADCD285D8DD9A99A2B600A63761695D7C116C6841796BEF4C75BD9CD6","690","pdfium"
"regression\pdfium\pdfium\bug_493126_endobj_bug_weirdWS.pdf","2","46D388B39A2F9ED920C3518EAFEC3023BE4F52A0A0E8176FBE51524FC9104894","315081","pdfium"
"regression\pdfium\pdfium\bug_493126_endobj_bug.pdf","3","588CCFF84CDCFDF1C90E8E7257F03690632C2F3E5E4FC0735717C183CE24346F","315081","pdfium"
"regression\pdfium\pdfium\bug_511_jbig_null_crash.pdf","2","6AC33629B2EB9E0B1D1DA40D92D2659E9874867D27258898EE1815A6DFA85783","285","pdfium"
"regression\pdfium\pdfium\bug_583804.pdf","0","373039BCC17F2F8D21A978BD75313B6C4C4691A914B4927F431A4513865D1733","125935","pdfium"
"regression\pdfium\pdfium\bug_651304.pdf","3","D23EDF33B390F6745A94108149369090119BCCAE268CFD7E6A49B4E907025170","4186","pdfium"
"regression\pdfium\pdfium\bug_668762.pdf","0","509F95A19FD3202F7CC50890D48E6BCF4B461FD11CA6585EDB605304DD2DF7C4","1436","pdfium"
"regression\pdfium\pdfium\bug_691967.pdf","0","6552BBA1A2BA9959AE9F7B9C8D65FD698F6737F2249D2A0228A28BF3866B2D3F","160923","pdfium"
"regression\pdfium\pdfium\bug_86459.pdf","3","E587C4ECFFBA3F93F15645D9A088760D02DF8735D53A211B6E74ED34D93C8E9C","15449","pdfium"
"regression\pdfium\pdfium\bug_880920.pdf","0","577DA10930607FBD9D52A6839B78B7825F9D8ADC25D49D22B176E472AD6B6129","9745","pdfium"
"regression\pdfium\pdfium\bug_883026.pdf","0","1C12E0D5882C21368169EA4B332DE7E4550FDE4FAD3A8DB1D427802C805E67D4","21022","pdfium"
"regression\pdfium\pdfium\bug_898443.pdf","0","A3C8F263721669EF18284B3B377C585B806B8159672E412837A65DF7E25E76BC","2212359","pdfium"
"regression\pdfium\third_party\jbig2\bitmap-halftone-global.pdf","0","E7AC0E5E502EB8970434F5C5EAF67C0D344949DF3D1B0F474BD6292EA489AD9F","1396","pdfium"
"regression\pdfium\third_party\jbig2\bitmap-symbol-32bit-arithint.pdf","0","58F80225756669E8106E42CAB2D7D0F4582330DB2CD04EBCAE81CE52DBF803D6","1069","pdfium"
"regression\pdfium\third_party\jbig2\bitmap-symbol-global.pdf","0","A9F565D57271834C427194D855315A91D56397BDE7B433AB2811B73518D9F37C","1218","pdfium"
"regression\pdfium\third_party\jbig2\bitmap-symbol-symbolrefine-textrefine-export.pdf","0","1CAAE6B1F44D8EF343718CF7B94CD14D533C258C540C5676C2CAA32F737F0A13","1302","pdfium"
"regression\pdfium\third_party\jbig2\bitmap-symbol-symhuff-texthuff-runcodes32-34.pdf","0","A04ED689FADEE2C68462BBD908B4E8E4B6C4561EA422D9FD070C7857ABDC621E","8218","pdfium"
"regression\pdfium\third_party\jbig2\bitmap-symbol-symhuffrefine-textrefine-export.pdf","0","0BE94CA1678EF6449963AAB5029FB3467184B002F5CF8BFDBC531B068DA3D97B","1418","pdfium"
"regression\pdfium\third_party\jbig2\bitmap-symbol-texthuff-trailingsymbols.pdf","0","23394BD4BB379A971B67A04C93ABEB3F0778C4A790FDBB3C31F1E0F309FA0E25","1314","pdfium"
"regression\pdfium\third_party\jbig2\bitmap-symbol-texthuffrefinecustompos-global.pdf","0","E0AFE48F329461AD237AD3F6C345E34314812A21364A68C9BF441A7FAC4D8490","1426","pdfium"
"regression\pdfium\third_party\skia\20180916_098c1355\gradient_many_stops.pdf","0","EDA8C4D4F807AAD9CEB50A8E99196D4AAEFBB55D6D6CCED2C15D5962B8F68B51","16437","pdfium"
"regression\pdfium\third_party\skia\20180916_098c1355\shallow_gradient_conical_nodither.pdf","0","9A0C1083E9330096779CC3E1C7308000D6050DE51DB99DA4FA1DB45236CF7EE5","1144","pdfium"
"regression\pdfium\third_party\skia\20180916_098c1355\shallow_gradient_conical.pdf","0","0A99A140122EC2C3E4912065E991EA6EA781C904B0D4259E593CA1A4A1AED42F","1135","pdfium"
"regression\pdfium\third_party\skia\20180916_098c1355\shallow_gradient_linear_nodither.pdf","0","62900B6371C509392BE29A22241723C4B78A5F7D5B39781E5E85EC9CBCA6CC31","1130","pdfium"
"regression\pdfium\third_party\skia\20180916_098c1355\shallow_gradient_linear.pdf","0","BC6129B58ECA658613AEDE7F2AF40896DB94F11ABAA0B611C6017E852D13EE84","1121","pdfium"
"regression\pdfium\third_party\skia\20180916_098c1355\shallow_gradient_radial_nodither.pdf","0","A98AB6688E6AC33947CFD906A499E467A4F0BEF9D8E91005A51B758158A45722","1140","pdfium"
"regression\pdfium\third_party\skia\20180916_098c1355\shallow_gradient_radial.pdf","0","F7C389F77D733BE99A25432C7A03F6D337A89B4F9EE82C7912552A8B6E03AA49","1131","pdfium"
"regression\pdfium\third_party\skia\20180916_098c1355\shallow_gradient_sweep_nodither.pdf","0","212E265DBD44F3BB051F0FE2519AA11B0B28C7D910CC0D1F444258138074764D","1296","pdfium"
"regression\pdfium\third_party\skia\20180916_098c1355\shallow_gradient_sweep.pdf","0","1D6A6D16413051C2A732C9C106CF8C788B1985FCDEECBD4B124E4533B08181F2","1287","pdfium"
"regression\pdfium\third_party\skia\20180916_098c1355\xfermodeimagefilter.pdf","0","7FAACBE56EAD672EDD048E664F2437B617F6B69F659021326A0337C063A760CA","44978","pdfium"
"regression\pdfium\third_party\skia\20180916_098c1355\xfermodes.pdf","0","FF66560D0788F68DAD31296E4F92B02A7AEFC357ED7316B16ABD69A24D20195F","167015","pdfium"
"regression\pdfium\third_party\skia\20180916_098c1355\xfermodes2.pdf","0","52938975F0A478F056101C3EFFB43C7E8BBFA18CB225E528DA503235040BE0CA","61520","pdfium"
"regression\pdfium\third_party\skia\20180916_098c1355\xfermodes3.pdf","0","EA80492ADB53385EB35BB599046E8F6FA15C2FEC9CF4A5F37AFF24B72C5B1DB5","231025","pdfium"
"regression\pdfium\third_party\tcpdf\example_001.pdf","0","5FD14DE767B37666A04EE2D09346059EB5E6AA66149D36EF9782BD2DBAF20561","176291","pdfium"
"regression\pdfium\third_party\tcpdf\example_002.pdf","0","71A656A8833596690DEFF80E8089C7E47A0E2B5D9741410DBEC897B2FA2E8703","6938","pdfium"
"regression\pdfium\third_party\tcpdf\example_003.pdf","0","311CD35D417AF7E4FD40F3245C1FD70990A9F19916DA82281E941AB7A4067CE9","40282","pdfium"
"regression\pdfium\third_party\tcpdf\example_004.pdf","0","4552A63F00136BB181B80513F509F57D3A687C23C7E46B6EAA5D3AF27BD1E58F","28104","pdfium"
"regression\pdfium\third_party\tcpdf\example_005.pdf","0","D49508FEED938FAD2A5EF8182D902E018160631AEC71821391178C7E7CE7FD2E","28395","pdfium"
"regression\pdfium\third_party\tcpdf\example_006.pdf","0","2F18B4E0CB78B18B7CD695830C6776A48D5D57EB88178AEB707C20522A84BE51","299429","pdfium"
"regression\pdfium\third_party\tcpdf\example_007.pdf","0","6ED95D115B2CC4A823AEE976804D2C80B9AE09A7FB9CC42896A664F6001F830E","28096","pdfium"
"regression\pdfium\third_party\tcpdf\example_008.pdf","0","3F68C776B5ADB75C7F457C6EA52A8266F54C6F0C88EB646F3B6B056A19764F01","118616","pdfium"
"regression\pdfium\third_party\tcpdf\example_009.pdf","0","B3490DF35B828FE8F6781250C1384B564D7D0441F6E83B432A478BFD3ED54135","600707","pdfium"
"regression\pdfium\third_party\tcpdf\example_010.pdf","0","40A61AD991E5BF6EAAD4ADD66010980131DF84E267B8ED91D24291129DCA4A02","612128","pdfium"
"regression\pdfium\third_party\tcpdf\example_011.pdf","0","1BC0D252ED2A48E00EC0DAA2B0A3F069DA5C73F5A36755AE890BB24463D22263","27430","pdfium"
"regression\pdfium\third_party\tcpdf\example_012.pdf","0","9DFC34188E953BE6B513F75507433FA76DF747FD875578D04AD15D2BF945D5A5","13187","pdfium"
"regression\pdfium\third_party\tcpdf\example_013.pdf","0","847E44C090D2EBD6BD210990A9E546046E5D61FE9720026740F4428C49C28401","25973","pdfium"
"regression\pdfium\third_party\tcpdf\example_014.pdf","3","9C4DAD6BC425C867F0A4E366D12DFD0C89F46788AAA07190329477B5AA9A2859","41006","pdfium"
"regression\pdfium\third_party\tcpdf\example_015.pdf","3","BDBF829B77B28BE6C3BDC0B3956DD35081A952B410B3ACC5E7D10FE97EA7832A","48022","pdfium"
"regression\pdfium\third_party\tcpdf\example_016.pdf","0","130134C62521D1A29813FA8C2090441C31C7107DEE59F96AEFC0FC75A2E5D6B2","25836","pdfium"
"regression\pdfium\third_party\tcpdf\example_017.pdf","0","DF8E3016316588652E6D8D65459222679ECA762999CBCA4FAF281FF58431E2AF","27899","pdfium"
"regression\pdfium\third_party\tcpdf\example_018.pdf","0","73A83F641BD1EE7B1E4004493B415C4344AFE29BDDBC589F3C8794AF032D5D74","135095","pdfium"
"regression\pdfium\third_party\tcpdf\example_019.pdf","0","DAB66DD4B6CE05EF806A4245531C4A5A2DA49D59C9667C340BD9B00779FA381C","25517","pdfium"
"regression\pdfium\third_party\tcpdf\example_020.pdf","0","2105BDC2A34DDCB949FAD52151E37BF23BB028A614E7C5B14A1D8A01A54C179E","31532","pdfium"
"regression\pdfium\third_party\tcpdf\example_021.pdf","0","F281DDD11BE1F6CF171AFD565EDCB22B27683D468D41641D3A8432BFF58D354F","27997","pdfium"
"regression\pdfium\third_party\tcpdf\example_022.pdf","0","86EE61153C2FCBDCC2371F2AAE6F0408E62FB9C693D05AF07DC78EFC3CF8145C","25804","pdfium"
"regression\pdfium\third_party\tcpdf\example_023.pdf","0","73250FF85F343BB76093C06C2685F1213B325902A809A260D35FDC54E293C3DC","29821","pdfium"
"regression\pdfium\third_party\tcpdf\example_024.pdf","0","D0D8F4D1B2FC76450673A661E26F63F1FD0837D4E4A80D91BA20821AA79B5D36","26726","pdfium"
"regression\pdfium\third_party\tcpdf\example_025.pdf","0","0E3EDBDE51D102A7ECA3DD1F09C68DA59E9258CBE8C4A915741D4126F8C638EF","35477","pdfium"
"regression\pdfium\third_party\tcpdf\example_026.pdf","0","176C63D89C8106AA7FD4BC62FBBD1EC4524C27B8DB4D9BB3353FECA0C86BF158","30611","pdfium"
"regression\pdfium\third_party\tcpdf\example_027.pdf","0","22E5C80D1577179645F30DD1FAAA5B6217F187F9DB94E6F2C0ADAD4947D06CB3","42630","pdfium"
"regression\pdfium\third_party\tcpdf\example_028.pdf","0","71B93AB7C36C66DFE3FB16344CED82F082CE29D247B3A64E39AB97F44165F346","12864","pdfium"
"regression\pdfium\third_party\tcpdf\example_029.pdf","0","E056422D3BBED71C1794B8B6763F2C1810DF7484EB8D17E125170E049F330E49","27688","pdfium"
"regression\pdfium\third_party\tcpdf\example_030.pdf","0","97AF20FBB193A85F85B42B02FDB16CBC2541AA48A24F005470941865A4F36158","28800","pdfium"
"regression\pdfium\third_party\tcpdf\example_031.pdf","0","91AB4DEEB40AF36BE21A1EC7698A6B1B60B1A19B1BD05D8BD9D6EEEF1A700D0B","25992","pdfium"
"regression\pdfium\third_party\tcpdf\example_032.pdf","0","C359C895965B8E719F467D3D70B020676FD44FB3CFA484B33CF45EF67EFDE1BD","28236","pdfium"
"regression\pdfium\third_party\tcpdf\example_033.pdf","0","528CF9FEE26C5340A6A42012D4171E8A1F45276E81D6F2FF1B5650AAF9E84C10","440181","pdfium"
"regression\pdfium\third_party\tcpdf\example_034.pdf","0","7B74B789CEB3ABDB99BB59902333884D3F8DCFDA9493DE1DBB7834A4029F2FC9","35470","pdfium"
"regression\pdfium\third_party\tcpdf\example_035.pdf","0","7B0CFCBD1C7C4EA4A077D27F9D675F5D5F5B7F4E589CF7CB4F51A680419D1C7F","25863","pdfium"
"regression\pdfium\third_party\tcpdf\example_036.pdf","0","63CE7B4576AD487BDCA9FFF65EABEF1A89C0E7E50D027935B407CBB820435B9D","26151","pdfium"
"regression\pdfium\third_party\tcpdf\example_037.pdf","0","EF06F741D2A097FB91283207DBA0FDFACD995070F24074553F1B56BC711248F9","28072","pdfium"
"regression\pdfium\third_party\tcpdf\example_038.pdf","0","1339CEBC398EE92A5F0A3AABEE7911CE47673E4E78DB908C64BE53336EAA0027","27060","pdfium"
"regression\pdfium\third_party\tcpdf\example_039.pdf","0","181F43BCA76C88EA640D031F9D089FC4BBAD4C1D687B8B406B71D6A8D8859F0B","148946","pdfium"
"regression\pdfium\third_party\tcpdf\example_040.pdf","0","CFAAEA4006D8214611E1C9A3DCC99BDB88E4FB7E34A3935AAE589A03139F964C","28028","pdfium"
"regression\pdfium\third_party\tcpdf\example_041.pdf","0","3849F7B5CEB91BFB1854AF890816DB10BB6C5275BBE725A2978128A7E881179A","28851","pdfium"
"regression\pdfium\third_party\tcpdf\example_042.pdf","0","DEB4B7F1825D0B9F42FB22DD0D9C79BDB89564E19F8EDBD312D274A0D392BCCB","463759","pdfium"
"regression\pdfium\third_party\tcpdf\example_043.pdf","0","D1C6D95715B4B45EFFCB2EF66FA21D9493BD27235345408F13DF1D2704CCE0DE","25478","pdfium"
"regression\pdfium\third_party\tcpdf\example_044.pdf","0","4F03C4F42196A9B6A5831445F7598BF00AE1A50DF1F2575D53203EC3812A62D9","32168","pdfium"
"regression\pdfium\third_party\tcpdf\example_045.pdf","3","57D704012D53D8F9C10F5246180A2E3EA1FA99C54596FC676FA7FAD7F683F93A","196963","pdfium"
"regression\pdfium\third_party\tcpdf\example_046.pdf","0","0602DBAF8C389508D9BBF74F7082065575E25333179FA081D7996F55C320625F","26643","pdfium"
"regression\pdfium\third_party\tcpdf\example_047.pdf","0","C37874A68BA84186685E2063022A095D060D96BEAE22638C41CF6866AE3299BC","25708","pdfium"
"regression\pdfium\third_party\tcpdf\example_048.pdf","0","3E83ED9002E8970536A55AE940FC7202DB7B0C65A08A5D6952107D643D08E696","31079","pdfium"
"regression\pdfium\third_party\tcpdf\example_049.pdf","0","6F7EC12F6593C7BCA0B36FFE90D9D55ECF58F8B153F5AB15B89F2358C58EAA2C","27437","pdfium"
"regression\pdfium\third_party\tcpdf\example_050.pdf","0","1720891259D6FE713D53D5EDB0192F711A44DAFE209139A6CA340E908C480E83","43166","pdfium"
"regression\pdfium\third_party\tcpdf\example_051.pdf","0","545ED6BEE7147F12A1CEE878AEB5B6F8F6DB047D9CE694BBD7855F8352D9BB6D","582946","pdfium"
"regression\pdfium\third_party\tcpdf\example_052.pdf","0","84387E565FD56DA01868C5354F94B7B836916CAE1A81D37592ACB7E706A1DF89","102897","pdfium"
"regression\pdfium\third_party\tcpdf\example_053.pdf","0","DEE7FF06C0F6845AF052224E2D1A0408EAE190886333F711EDDCE83BAAA0FE24","27356","pdfium"
"regression\pdfium\third_party\tcpdf\example_054.pdf","3","CD687707454F234ACE8DE7A37A8EE2370204E104F6428763895C9079E00E547F","40194","pdfium"
"regression\pdfium\third_party\tcpdf\example_055.pdf","0","F3C825DC8DF180D0E6F9E8508FFFF718FC6A9FFE03017E73D49CD1FEAC45B756","94797","pdfium"
"regression\pdfium\third_party\tcpdf\example_056.pdf","0","2A6C1D3F394D482237B555E1345AA4A57A3128BCE06CF7F03C1A2B6B272A2A53","44433","pdfium"
"regression\pdfium\third_party\tcpdf\example_057.pdf","0","B9C02DC4DC83984B26760AE9E955987BA0C9AF18529D463D078A2D6CBF78F5BD","68052","pdfium"
"regression\pdfium\third_party\tcpdf\example_058.pdf","0","996442A42C4A689974382B53A48F3A1EA2805DBF837BD432CB535B24C9C005F7","80434","pdfium"
"regression\pdfium\third_party\tcpdf\example_059.pdf","3","B5527BCD992295D34F934567988F07D987DE910A252B281C3FC6DABB5835E5D6","51952","pdfium"
"regression\pdfium\third_party\tcpdf\example_060.pdf","0","61E46E0E217E32B15DDCC8E5CD609BD2F740F8C0D4476189E3F0891EA17460B0","26414","pdfium"
"regression\pdfium\third_party\tcpdf\example_061.pdf","0","F5CAAACBCC93E09B81FEE9FEA95A9083D36FDF48F91DA1813AAE3E1A619A7725","31539","pdfium"
"regression\pdfium\third_party\tcpdf\example_062.pdf","0","E4A1E2167610B4F8381DA07D11BC5EBD48DBF1692F05D60285AB61EC33DC32F9","36324","pdfium"
"regression\pdfium\third_party\tcpdf\example_063.pdf","0","C244838C1ADCA1AFA2FBA7D6D7F1E9DEAA7FA02CFDEFE2C419169BA9294C756E","92888","pdfium"
"regression\pdfium\third_party\tcpdf\example_064.pdf","0","03BDDA7B31CE9BE00DBFEBAFB579E73523CAFD7949DDA15829A5A2875F98B8A0","605665","pdfium"
"regression\pdfium\third_party\tcpdf\example_065.pdf","0","C72C5BEEC9F48C7E931F9CCF69CFB407E50E97B57E9043013F9CEAAD9FA315B7","149940","pdfium"
"regression\pdfium\xfa_specific\fx\test_case_0001\Choose.pdf","3","1AAE74966077A6A0FED5E07F71CE659EDB4EA6AB58D050902E4C50D173BB27F2","80422","pdfium"
"regression\pdfium\xfa_specific\fx\test_case_0002\data_binding.pdf","3","4E9F88AD5F77BCF5AC9D265D2C241FB5E886A9979930A7FC2F899356B48D062F","80354","pdfium"
"regression\pdfium\xfa_specific\fx\test_case_0003\Date_FormCale.pdf","3","A4649D3E484454E7CDBD7AB07BF4E09BB1B34A876729856668FEE54ADD8811CF","80423","pdfium"
"regression\pdfium\xfa_specific\fx\test_case_0004\Line_Stroke.pdf","3","783AC50D3A9497F38AF8BABA0F64FC3234A73037721C6B6896E4CC0BB1E17A1B","80236","pdfium"
"regression\pdfium\xfa_specific\fx\test_case_0005\MouseEvents_enter.pdf","3","C5DA0B4F9B61E72AE61B5470585BB451EB636AFF09070CFE4B0D5D290B4D0664","80020","pdfium"
"regression\pdfium\xfa_specific\fx\test_case_0006\Oneof1.pdf","3","80BDD530CD6CD8BCCEFBC04CAF13791E03EFC8FC83693F44D1219FC4F126338B","79987","pdfium"
"regression\pdfium\xfa_specific\fx\test_case_0007\PagePosition_any_rest.pdf","3","1B5F6B0BB4FD515BB302E81C8B92F11154D982047DCC464B09F3F94B0976A9D0","80850","pdfium"
"regression\pdfium\xfa_specific\fx\test_case_0008\PagePosition_first.pdf","3","B32286F3F01A3628BE6DEBEFEDA4E274E492B14AB1E775D32DD225A7857AEB0C","80818","pdfium"
"regression\pdfium\xfa_specific\fx\test_case_0009\PagePosition_last.pdf","3","EA575F76807A377FAC3A5BB5614EE917B1513A1D91714A671F885F62E70E763C","80804","pdfium"
"regression\pdfium\xfa_specific\fx\test_case_0010\PagePosition_no_any.pdf","3","DBDC8051EA9C3ACAABD455811AEA3FFDFB36D0E3052BCF4471E97FB68006157C","80799","pdfium"
"regression\pdfium\xfa_specific\fx\test_case_0011\PagePosition_rest.pdf","3","0F527B10F2ED2EAFC489A65B3E9458E397C5189EABD83C477BF36C9036B159AF","80799","pdfium"
"regression\pdfium\xfa_specific\fx\test_case_0012\PagePosition_rest_any.pdf","3","8AC4C139CCE1115DC06659C1E610288B4F44AA4D87C7F4265B3786E6CA14FDF9","80850","pdfium"
"regression\pdfium\xfa_specific\fx\test_case_0013\rotate.pdf","3","C394F50AC738C1A1B6A5661B4B454285634C89277359C036D78358B86D4FBFF6","11784","pdfium"
"regression\pdfium\xfa_specific\fx\test_case_0014\Sum.pdf","3","276C0A066352232D37753FFFFC254DB090996A56FEC7CB82219A1AACF8BA0979","80057","pdfium"
"regression\pdfium\xfa_specific\fx\test_case_0015\TimeField.pdf","3","7293DC635493D9C3EBC5B1F6E05A7DA4F04C7C87E65253D73CDF155D84AC7024","80136","pdfium"
"regression\pdfium\xfa_specific\fx\test_case_0016\Test_CheckBox.pdf","3","DBE5D4B66372952E2C6EA8D1455891399B930B7C893889D41107F7A4BB40860C","1091513","pdfium"
"regression\pdfium\xfa_specific\fx\test_case_0017\Test_DateField_locale_en_CA.pdf","3","B5919005E757F915EE9BC8A6C9BE539371E75C1FACE51E32CFF1B39100FDFCDA","537216","pdfium"
"regression\pdfium\xfa_specific\fx\test_case_0018\Test_DateField_locale_en_GB.pdf","3","97D08A3CBFBA17B9924B67D1F8E572D1E852723C195DB605CC12EF36616461B9","537695","pdfium"
"regression\pdfium\xfa_specific\fx\test_case_0019\Test_DateField_locale_en_US.pdf","3","12B34FEE1EC77AA3B852B44BA4BF57BF802DA8CFB1298B2A91C177721CC38F46","537458","pdfium"
"regression\pdfium\xfa_specific\fx\test_case_0020\Test_DateField_locale_fr_CA.pdf","3","6DDB357EBC1BF274E0AB0C8EACC10D998BADA09ACFA16C808FF32144878AC29A","537477","pdfium"
"regression\pdfium\xfa_specific\fx\test_case_0021\Test_DateField_locale_fr_FR.pdf","3","C4E68C9A3F9CA9BDBAAA1A0F70D49A576DE0DEA75AB9FFBC31AA4DDEE880A608","537469","pdfium"
"regression\pdfium\xfa_specific\fx\test_case_0022\Test_DateField_locale_nl_NL.pdf","3","13CEAAA36E99F85B81B6ABCC1CD52B3DCC0FF768B87B5EE78E72B3543AE0A61E","537696","pdfium"
"regression\pdfium\xfa_specific\fx\test_case_0023\Test_DateField_locale_zh_CN.pdf","3","895B776A9B98B60AAAA0B4A6E4FC72789EDD75FA96FBCE5B1D7C189B7AA56939","538128","pdfium"
"regression\pdfium\xfa_specific\fx\test_case_0024\Test_DateField_locale_zh_HK.pdf","3","D0A9B0A76DD4B35BCBCD10D8658B09EFC4F7DA6D2E099C6A2EB27425E2861766","538505","pdfium"
"regression\pdfium\xfa_specific\fx\test_case_0025\Test_Drop_downList.pdf","3","7B10F34CCF4A254BA44E88F1C3C5CF7BDED0D20AE66F67A64B0D4A387C9DDFED","514074","pdfium"
"regression\pdfium\xfa_specific\fx\test_case_0026\Test_NumericField.pdf","3","9401A10714FBDB4AA1DA6AB457BF58DDD22EB9698B4CFBB4A4C44A700F86DE4C","515812","pdfium"
"regression\pdfium\xfa_specific\fx\test_case_0027\Test_PasswordField.pdf","3","6DA216FEE3CBC79BF8A1EBA8950BC8A4B2CFF9910CD2916DF152FE6776F60DF8","582526","pdfium"
"regression\pdfium\xfa_specific\fx\test_case_0028\Test_RadioButton.pdf","3","0412BDD1F9863CF7FB7A4445EF91032D44EAC987202A8D16E14BC063E2E3D824","582384","pdfium"
"regression\pdfium\xfa_specific\fx\test_case_0029\Test_ResetButton.pdf","3","60347ED5E7C1F3029493CF38992B758F913319290D7C59BB5B2FA3C775426A57","582138","pdfium"
"regression\pdfium\xfa_specific\fx\test_case_0030\Test_TextField.pdf","3","C281FD00977B43880BC8ABBCB635FA337F34A55023F5BFE41D337E2727173FFF","80109","pdfium"
"regression\pdfium\xfa_specific\pdfium\barcode_test.pdf","3","13B21F219D02834BADA96DB8F40F450F152AB9DEF7ED583F1A3CD4838885CF16","80879","pdfium"
